step,read_time_sec,compute_time_sec,write_time_sec,data_read_mb,data_written_mb,read_throughput_mb_s,write_throughput_mb_s,cumulative_read_time,cumulative_write_time
1,2.223560,0.143691,0.582922,64.000000,0.099186,28.782670,0.170153,2.223560,0.582922
2,2.196298,0.148000,0.236630,64.000000,0.099186,29.139941,0.419160,4.419858,0.819553
3,2.290274,0.150078,0.236318,64.000000,0.099186,27.944249,0.419713,6.710133,1.055871
4,2.193078,0.148562,0.299345,64.000000,0.099186,29.182734,0.331343,8.903210,1.355216
5,2.289324,0.155788,0.148425,64.000000,0.099186,27.955846,0.668257,11.192535,1.503641
6,2.191774,0.158077,0.262332,64.000000,0.099186,29.200086,0.378093,13.384309,1.765973
7,2.394036,0.153143,0.009929,64.000000,0.099186,26.733096,9.989993,15.778345,1.775902
8,2.254614,0.148609,0.242128,64.000000,0.099186,28.386238,0.409643,18.032959,2.018030
9,2.125168,0.150352,0.270030,64.000000,0.099186,30.115261,0.367315,20.158127,2.288059
10,2.163054,0.154630,0.332797,64.000000,0.099186,29.587797,0.298038,22.321181,2.620856
11,2.673243,0.151715,0.001417,64.000000,0.099186,23.940959,69.982815,24.994424,2.622273
12,1.866636,0.149470,0.783797,64.000000,0.099186,34.286284,0.126545,26.861060,3.406071
13,2.330021,0.149523,0.145708,64.000000,0.099186,27.467560,0.680718,29.191081,3.551779
14,2.121676,0.152926,0.418687,64.000000,0.099186,30.164837,0.236898,31.312757,3.970466
15,2.305409,0.151000,0.151154,64.000000,0.099186,27.760796,0.656191,33.618166,4.121620
16,2.292797,0.149333,0.147497,64.000000,0.099186,27.913501,0.672462,35.910964,4.269116
17,2.331889,0.148648,0.147276,64.000000,0.099186,27.445562,0.673472,38.242852,4.416392
18,2.272612,0.149967,0.228202,64.000000,0.099186,28.161426,0.434642,40.515465,4.644594
19,1.970124,0.159767,0.484647,64.000000,0.099186,32.485261,0.204656,42.485589,5.129240
20,2.362994,0.150031,0.159414,64.000000,0.099186,27.084283,0.622190,44.848583,5.288655
21,2.281995,0.149300,0.231733,64.000000,0.099186,28.045640,0.428018,47.130577,5.520388
22,2.009670,0.161391,0.428332,64.000000,0.099186,31.846023,0.231563,49.140248,5.948719
23,2.370403,0.148342,0.207608,64.000000,0.099186,26.999634,0.477757,51.510650,6.156327
24,2.319937,0.150491,0.118722,64.000000,0.099186,27.586961,0.835444,53.830587,6.275049
25,2.241090,0.148420,0.307482,64.000000,0.099186,28.557526,0.322574,56.071677,6.582532
26,2.225590,0.151152,0.327629,64.000000,0.099186,28.756421,0.302739,58.297267,6.910161
27,2.271161,0.149543,0.353169,64.000000,0.099186,28.179424,0.280845,60.568428,7.263330
28,2.111036,0.150274,0.349818,64.000000,0.099186,30.316865,0.283536,62.679464,7.613147
29,2.156963,0.149894,0.384842,64.000000,0.099186,29.671350,0.257732,64.836427,7.997989
30,2.179774,0.148462,0.184682,64.000000,0.099186,29.360843,0.537062,67.016201,8.182672
31,1.674733,0.144212,0.754135,64.000000,0.099186,38.215039,0.131523,68.690934,8.936807
32,2.403728,0.148578,0.181380,64.000000,0.099186,26.625312,0.546841,71.094662,9.118187
33,2.095434,0.147469,0.372067,64.000000,0.099186,30.542592,0.266581,73.190096,9.490254
34,2.210035,0.152201,0.393803,64.000000,0.099186,28.958820,0.251867,75.400131,9.884056
35,2.109519,0.152679,0.293045,64.000000,0.099186,30.338674,0.338466,77.509650,10.177101
36,2.188516,0.148090,0.396915,64.000000,0.099186,29.243566,0.249892,79.698165,10.574017
37,2.238304,0.154301,0.290497,64.000000,0.099186,28.593084,0.341435,81.936469,10.864514
38,2.360803,0.152013,0.187683,64.000000,0.099186,27.109419,0.528475,84.297272,11.052197
39,2.229210,0.148503,0.272658,64.000000,0.099186,28.709719,0.363774,86.526482,11.324856
40,2.503233,0.148054,0.147375,64.000000,0.099186,25.566938,0.673016,89.029715,11.472231
41,2.260605,0.148001,0.217844,64.000000,0.099186,28.311010,0.455307,91.290320,11.690075
42,2.418638,0.148640,0.215295,64.000000,0.099186,26.461178,0.460699,93.708957,11.905370
43,1.715945,0.148391,0.963344,64.000000,0.099186,37.297234,0.102960,95.424902,12.868714
44,2.320179,0.147607,0.325437,64.000000,0.099186,27.584079,0.304777,97.745081,13.194152
45,2.206033,0.147347,0.443982,64.000000,0.099186,29.011349,0.223401,99.951114,13.638133
46,2.324734,0.149442,0.193571,64.000000,0.099186,27.530031,0.512402,102.275848,13.831704
47,2.268809,0.149920,0.311823,64.000000,0.099186,28.208637,0.318085,104.544657,14.143526
48,2.200780,0.168053,0.369406,64.000000,0.099186,29.080602,0.268501,106.745437,14.512932
49,2.287137,0.151843,0.684956,64.000000,0.099186,27.982584,0.144806,109.032574,15.197888
50,2.054747,0.149438,0.453853,64.000000,0.099186,31.147385,0.218542,111.087321,15.651742
51,2.239522,0.152404,0.205358,64.000000,0.099186,28.577530,0.482991,113.326842,15.857099
52,2.282628,0.149881,0.350771,64.000000,0.099186,28.037863,0.282765,115.609470,16.207870
53,2.133607,0.151465,0.384741,64.000000,0.099186,29.996146,0.257799,117.743077,16.592612
54,2.250510,0.148951,0.234813,64.000000,0.099186,28.437992,0.422404,119.993588,16.827425
55,2.274095,0.149174,0.214553,64.000000,0.099186,28.143068,0.462290,122.267683,17.041978
56,2.426324,0.148372,0.182157,64.000000,0.099186,26.377351,0.544509,124.694007,17.224135
57,2.300826,0.148789,0.134796,64.000000,0.099186,27.816098,0.735821,126.994832,17.358931
58,2.370134,0.147787,0.135849,64.000000,0.099186,27.002694,0.730122,129.364966,17.494780
59,2.190544,0.150937,0.258338,64.000000,0.099186,29.216481,0.383938,131.555511,17.753118
60,2.128639,0.151672,0.339759,64.000000,0.099186,30.066162,0.291930,133.684150,18.092877
61,2.147074,0.153484,0.219188,64.000000,0.099186,29.808015,0.452516,135.831223,18.312065
62,2.132899,0.154185,0.327777,64.000000,0.099186,30.006110,0.302602,137.964122,18.639842
63,2.225146,0.149736,0.156352,64.000000,0.099186,28.762163,0.634375,140.189268,18.796194
64,2.383965,0.151939,0.374582,64.000000,0.099186,26.846031,0.264791,142.573233,19.170776
65,2.129577,0.147857,0.441451,64.000000,0.099186,30.052916,0.224682,144.702810,19.612227
66,2.400726,0.147909,0.084609,64.000000,0.099186,26.658600,1.172285,147.103536,19.696836
67,2.489773,0.151296,0.113074,64.000000,0.099186,25.705159,0.877178,149.593309,19.809910
68,2.449592,0.148467,0.058157,64.000000,0.099186,26.126799,1.705480,152.042901,19.868067
69,1.998179,0.148999,0.530698,64.000000,0.099186,32.029162,0.186897,154.041080,20.398765
70,2.083086,0.151031,0.354118,64.000000,0.099186,30.723648,0.280093,156.124166,20.752882
71,2.209683,0.189389,0.238530,64.000000,0.099186,28.963424,0.415822,158.333849,20.991412
72,2.205939,0.148658,0.277992,64.000000,0.099186,29.012593,0.356794,160.539788,21.269405
73,2.178762,0.151498,0.245443,64.000000,0.099186,29.374482,0.404110,162.718549,21.514847
74,2.103515,0.152042,0.306681,64.000000,0.099186,30.425259,0.323418,164.822065,21.821528
75,2.010157,0.150359,0.488895,64.000000,0.099186,31.838311,0.202878,166.832222,22.310423
76,2.326667,0.150896,0.196012,64.000000,0.099186,27.507165,0.506021,169.158888,22.506435
77,2.003850,0.151057,0.635843,64.000000,0.099186,31.938517,0.155991,171.162738,23.142278
78,2.195045,0.150249,0.302497,64.000000,0.099186,29.156583,0.327891,173.357783,23.444775
79,2.357313,0.152220,0.117321,64.000000,0.099186,27.149559,0.845422,175.715096,23.562096
80,2.185179,0.151243,0.252471,64.000000,0.099186,29.288223,0.392861,177.900274,23.814567
81,1.985717,0.150196,0.528627,64.000000,0.099186,32.230177,0.187629,179.885991,24.343194
82,2.346633,0.150686,0.317448,64.000000,0.099186,27.273118,0.312448,182.232624,24.660642
83,2.286177,0.149270,0.203013,64.000000,0.099186,27.994338,0.488569,184.518801,24.863655
84,2.225318,0.151563,0.407977,64.000000,0.099186,28.759938,0.243117,186.744118,25.271632
85,2.577500,0.149324,0.134073,64.000000,0.099186,24.830261,0.739792,189.321618,25.405704
86,2.423772,0.149538,0.128969,64.000000,0.099186,26.405126,0.769070,191.745390,25.534673
87,2.018176,0.145645,0.676827,64.000000,0.099186,31.711805,0.146545,193.763566,26.211500
88,2.180553,0.148325,0.240842,64.000000,0.099186,29.350351,0.411830,195.944119,26.452342
89,2.191064,0.148460,0.537560,64.000000,0.099186,29.209559,0.184511,198.135183,26.989902
90,2.204315,0.148975,0.351136,64.000000,0.099186,29.033966,0.282472,200.339498,27.341038
91,2.067003,0.149530,0.352007,64.000000,0.099186,30.962699,0.281772,202.406501,27.693045
92,2.304608,0.150881,0.086829,64.000000,0.099186,27.770448,1.142311,204.711109,27.779875
93,2.333671,0.150712,0.245351,64.000000,0.099186,27.424600,0.404261,207.044780,28.025226
94,2.115377,0.150840,0.803192,64.000000,0.099186,30.254649,0.123490,209.160158,28.828418
95,2.287039,0.148580,0.231264,64.000000,0.099186,27.983786,0.428886,211.447196,29.059682
96,2.082524,0.148306,0.423915,64.000000,0.099186,30.731934,0.233976,213.529720,29.483597
97,2.120007,0.147268,0.331793,64.000000,0.099186,30.188579,0.298939,215.649728,29.815390
98,2.201215,0.150603,0.250723,64.000000,0.099186,29.074850,0.395600,217.850943,30.066113
99,2.245368,0.148905,0.289391,64.000000,0.099186,28.503123,0.342741,220.096311,30.355503
100,2.294396,0.150958,0.321410,64.000000,0.099186,27.894054,0.308596,222.390706,30.676913
101,2.116430,0.148428,0.411446,64.000000,0.099186,30.239600,0.241067,224.507137,31.088359
102,2.377386,0.150537,0.176883,64.000000,0.099186,26.920323,0.560743,226.884523,31.265242
103,2.221052,0.159870,0.313434,64.000000,0.099186,28.815170,0.316449,229.105575,31.578676
104,2.327478,0.149629,0.203492,64.000000,0.099186,27.497576,0.487419,231.433053,31.782168
105,2.212243,0.150738,0.237875,64.000000,0.099186,28.929918,0.416967,233.645295,32.020043
106,2.184617,0.148903,0.181394,64.000000,0.099186,29.295753,0.546798,235.829912,32.201438
107,2.224635,0.147375,0.277807,64.000000,0.099186,28.768760,0.357032,238.054548,32.479244
108,2.062436,0.150089,0.511860,64.000000,0.099186,31.031271,0.193775,240.116983,32.991104
109,2.275312,0.150958,0.184155,64.000000,0.099186,28.128009,0.538601,242.392296,33.175259
110,2.465527,0.147136,0.082224,64.000000,0.099186,25.957934,1.206284,244.857823,33.257484
111,2.122973,0.147572,0.447432,64.000000,0.099186,30.146400,0.221678,246.980796,33.704915
112,2.307413,0.148408,0.210083,64.000000,0.099186,27.736690,0.472127,249.288209,33.914999
113,2.264437,0.149737,0.213533,64.000000,0.099186,28.263102,0.464499,251.552646,34.128532
114,2.286721,0.152151,0.283519,64.000000,0.099186,27.987677,0.349838,253.839367,34.412051
115,2.273226,0.150160,0.213327,64.000000,0.099186,28.153819,0.464947,256.112593,34.625379
116,2.289418,0.150681,0.266103,64.000000,0.099186,27.954704,0.372735,258.402011,34.891482
117,2.200108,0.149125,0.365777,64.000000,0.099186,29.089480,0.271165,260.602119,35.257259
118,2.327268,0.149179,0.254861,64.000000,0.099186,27.500055,0.389176,262.929387,35.512121
119,2.412928,0.148749,0.294693,64.000000,0.099186,26.523794,0.336574,265.342315,35.806814
120,2.384791,0.149360,0.188402,64.000000,0.099186,26.836738,0.526460,267.727105,35.995215
121,2.289257,0.151790,0.305847,64.000000,0.099186,27.956667,0.324299,270.016362,36.301062
122,2.260376,0.148866,0.234178,64.000000,0.099186,28.313870,0.423550,272.276739,36.535240
123,2.317348,0.150493,0.194131,64.000000,0.099186,27.617779,0.510922,274.594086,36.729371
124,2.250554,0.147984,0.269358,64.000000,0.099186,28.437445,0.368231,276.844640,36.998729
125,2.062512,0.148507,0.308986,64.000000,0.099186,31.030119,0.321004,278.907152,37.307715
126,1.733843,0.144633,0.840411,64.000000,0.099186,36.912220,0.118021,280.640996,38.148126
127,2.180662,0.147787,0.335457,64.000000,0.099186,29.348882,0.295674,282.821658,38.483583
128,2.458838,0.147564,0.117778,64.000000,0.099186,26.028558,0.842140,285.280496,38.601362
129,2.265172,0.151620,0.217714,64.000000,0.099186,28.253929,0.455579,287.545667,38.819076
130,2.190406,0.148274,0.451976,64.000000,0.099186,29.218325,0.219450,289.736074,39.271051
131,1.882742,0.148373,0.636741,64.000000,0.099186,33.992969,0.155771,291.618816,39.907792
132,1.817716,0.146824,0.561560,64.000000,0.099186,35.209014,0.176626,293.436532,40.469352
133,2.254914,0.149747,0.144405,64.000000,0.099186,28.382459,0.686860,295.691446,40.613757
134,2.229994,0.147165,0.279465,64.000000,0.099186,28.699629,0.354914,297.921440,40.893222
135,2.327037,0.151589,0.163061,64.000000,0.099186,27.502784,0.608276,300.248477,41.056283
136,2.433825,0.148724,0.282300,64.000000,0.099186,26.296060,0.351350,302.682302,41.338583
137,2.415341,0.152001,0.209535,64.000000,0.099186,26.497291,0.473362,305.097643,41.548118
138,2.186640,0.148742,0.282795,64.000000,0.099186,29.268650,0.350734,307.284283,41.830913
139,2.346597,0.148365,0.199516,64.000000,0.099186,27.273538,0.497133,309.630880,42.030429
140,2.284982,0.150954,0.213625,64.000000,0.099186,28.008975,0.464298,311.915862,42.244054
141,2.148978,0.148276,0.632809,64.000000,0.099186,29.781598,0.156739,314.064840,42.876863
142,2.176049,0.149132,0.332599,64.000000,0.099186,29.411098,0.298215,316.240889,43.209463
143,2.310515,0.147411,0.219795,64.000000,0.099186,27.699454,0.451266,318.551404,43.429257
144,1.929596,0.161260,0.449360,64.000000,0.099186,33.167558,0.220727,320.481001,43.878618
145,2.313665,0.152475,0.317840,64.000000,0.099186,27.661735,0.312062,322.794666,44.196458
146,2.030795,0.147987,0.502953,64.000000,0.099186,31.514751,0.197207,324.825461,44.699411
147,2.256840,0.148393,0.332804,64.000000,0.099186,28.358238,0.298031,327.082301,45.032215
148,2.196237,0.151458,0.412132,64.000000,0.099186,29.140756,0.240665,329.278538,45.444347
149,2.310472,0.148443,0.215544,64.000000,0.099186,27.699970,0.460165,331.589009,45.659892
150,2.307951,0.148346,0.058925,64.000000,0.099186,27.730225,1.683257,333.896960,45.718817
151,2.246131,0.148490,1.153013,64.000000,0.099186,28.493446,0.086023,336.143091,46.871830
152,1.556704,0.148190,0.360441,64.000000,0.099186,41.112492,0.275180,337.699795,47.232271
153,2.288075,0.149508,0.159376,64.000000,0.099186,27.971109,0.622338,339.987871,47.391647
154,2.164204,0.167491,0.378780,64.000000,0.099186,29.572078,0.261857,342.152074,47.770427
155,2.182299,0.158750,0.534685,64.000000,0.099186,29.326866,0.185504,344.334374,48.305112
156,2.302503,0.148859,0.237743,64.000000,0.099186,27.795838,0.417197,346.636877,48.542855
157,2.294486,0.149727,0.264724,64.000000,0.099186,27.892957,0.374676,348.931363,48.807580
158,2.146645,0.147634,0.246099,64.000000,0.099186,29.813968,0.403033,351.078008,49.053678
159,2.459099,0.152756,0.172266,64.000000,0.099186,26.025796,0.575770,353.537106,49.225945
160,2.280032,0.151304,0.246728,64.000000,0.099186,28.069786,0.402005,355.817138,49.472673
161,2.344042,0.147244,0.117306,64.000000,0.099186,27.303260,0.845532,358.161180,49.589979
162,1.980567,0.151757,0.454492,64.000000,0.099186,32.313982,0.218235,360.141747,50.044471
163,2.365454,0.287711,0.119929,64.000000,0.099186,27.056118,0.827041,362.507201,50.164399
164,2.374989,0.290114,0.078687,64.000000,0.099186,26.947498,1.260510,364.882190,50.243086
165,2.251388,0.288260,0.228681,64.000000,0.099186,28.426909,0.433730,367.133577,50.471768
166,2.210167,0.293325,0.252166,64.000000,0.099186,28.957093,0.393336,369.343744,50.723934
167,2.271103,0.294530,0.163917,64.000000,0.099186,28.180143,0.605099,371.614847,50.887850
168,2.372443,0.288368,0.031737,64.000000,0.099186,26.976409,3.125282,373.987290,50.919587
169,2.338047,0.288518,0.055544,64.000000,0.099186,27.373274,1.785715,376.325337,50.975131
170,2.238281,0.292048,0.330945,64.000000,0.099186,28.593372,0.299705,378.563618,51.306076
171,1.961824,0.291536,0.664786,64.000000,0.099186,32.622703,0.149200,380.525442,51.970862
172,2.189168,0.287294,0.262007,64.000000,0.099186,29.234851,0.378562,382.714610,52.232869
173,2.111592,0.293375,0.469155,64.000000,0.099186,30.308881,0.211414,384.826202,52.702024
174,2.194860,0.300513,0.245605,64.000000,0.099186,29.159033,0.403843,387.021062,52.947629
175,2.239920,0.286221,0.187272,64.000000,0.099186,28.572446,0.529636,389.260983,53.134901
176,2.846410,0.293660,0.001359,64.000000,0.099186,22.484460,72.974035,392.107393,53.136260
177,2.186150,0.286854,0.165009,64.000000,0.099186,29.275205,0.601093,394.293543,53.301270
178,2.157475,0.286186,0.262435,64.000000,0.099186,29.664307,0.377945,396.451018,53.563704
179,2.423344,0.287386,0.031837,64.000000,0.099186,26.409788,3.115412,398.874362,53.595542
180,2.165422,0.285127,0.240485,64.000000,0.099186,29.555441,0.412441,401.039784,53.836027
181,2.316575,0.284890,0.049947,64.000000,0.099186,27.626988,1.985828,403.356360,53.885973
182,2.534699,0.283615,0.001510,64.000000,0.099186,25.249549,65.701023,405.891058,53.887483
183,2.383731,0.281512,0.080660,64.000000,0.099186,26.848670,1.229672,408.274789,53.968144
184,2.299767,0.285553,0.141567,64.000000,0.099186,27.828908,0.700630,410.574556,54.109710
185,2.247640,0.285086,0.071231,64.000000,0.099186,28.474306,1.392459,412.822196,54.180941
186,2.223264,0.279682,0.279441,64.000000,0.099186,28.786502,0.354944,415.045461,54.460383
187,2.281971,0.282833,0.144817,64.000000,0.099186,28.045931,0.684906,417.327431,54.605199
188,2.336221,0.290027,0.050008,64.000000,0.099186,27.394668,1.983410,419.663653,54.655207
189,1.848366,0.284228,0.591042,64.000000,0.099186,34.625182,0.167815,421.512018,55.246249
190,2.096838,0.281986,0.415654,64.000000,0.099186,30.522146,0.238626,423.608856,55.661904
191,2.227200,0.293061,0.227510,64.000000,0.099186,28.735637,0.435964,425.836056,55.889413
192,2.271812,0.288055,0.072744,64.000000,0.099186,28.171341,1.363496,428.107868,55.962157
193,2.223706,0.286547,0.282181,64.000000,0.099186,28.780779,0.351498,430.331575,56.244338
194,2.382764,0.283408,0.006432,64.000000,0.099186,26.859566,15.421810,432.714338,56.250769
195,2.174225,0.296107,0.277760,64.000000,0.099186,29.435779,0.357093,434.888563,56.528529
196,2.322065,0.285689,0.178559,64.000000,0.099186,27.561672,0.555478,437.210628,56.707089
197,2.221537,0.286501,0.254029,64.000000,0.099186,28.808881,0.390451,439.432166,56.961118
198,2.425108,0.285997,0.267481,64.000000,0.099186,26.390574,0.370815,441.857274,57.228599
199,2.379536,0.281036,0.240902,64.000000,0.099186,26.896005,0.411727,444.236810,57.469501
200,2.335607,0.281025,0.245802,64.000000,0.099186,27.401873,0.403520,446.572416,57.715303
201,2.212240,0.279121,0.248125,64.000000,0.099186,28.929949,0.399741,448.784657,57.963428
202,2.193815,0.280782,0.148565,64.000000,0.099186,29.172927,0.667625,450.978472,58.111994
203,2.319195,0.282570,0.067487,64.000000,0.099186,27.595780,1.469699,453.297667,58.179481
204,2.159624,0.287685,0.193455,64.000000,0.099186,29.634788,0.512707,455.457291,58.372936
205,2.096531,0.280663,0.420866,64.000000,0.099186,30.526616,0.235671,457.553822,58.793802
206,2.191138,0.275100,0.243027,64.000000,0.099186,29.208566,0.408127,459.744960,59.036829
207,2.215259,0.295293,0.285526,64.000000,0.099186,28.890531,0.347379,461.960219,59.322356
208,2.188247,0.282084,0.224566,64.000000,0.099186,29.247150,0.441679,464.148466,59.546921
209,2.353988,0.275767,0.087499,64.000000,0.099186,27.187899,1.133572,466.502454,59.634420
210,2.338839,0.284807,0.112197,64.000000,0.099186,27.364006,0.884032,468.841293,59.746617
211,2.380929,0.279760,0.046256,64.000000,0.099186,26.880262,2.144267,471.222222,59.792873
212,2.232692,0.275285,0.149537,64.000000,0.099186,28.664947,0.663289,473.454915,59.942410
213,2.557199,0.280465,0.001366,64.000000,0.099186,25.027385,72.624324,476.012113,59.943775
214,2.326106,0.274646,0.171223,64.000000,0.099186,27.513793,0.579280,478.338219,60.114998
215,2.214302,0.277360,0.642498,64.000000,0.099186,28.903019,0.154375,480.552521,60.757497
216,2.195853,0.276034,0.343365,64.000000,0.099186,29.145852,0.288865,482.748374,61.100861
217,2.257716,0.281957,0.080814,64.000000,0.099186,28.347231,1.227335,485.006090,61.181675
218,2.262782,0.278854,0.079656,64.000000,0.099186,28.283764,1.245181,487.268872,61.261331
219,2.342785,0.283234,0.191713,64.000000,0.099186,27.317914,0.517366,489.611657,61.453045
220,2.446724,0.283305,0.001375,64.000000,0.099186,26.157422,72.152076,492.058382,61.454419
221,2.142198,0.277876,0.342201,64.000000,0.099186,29.875860,0.289847,494.200579,61.796621
222,2.156221,0.279043,0.208261,64.000000,0.099186,29.681555,0.476257,496.356801,62.004882
223,2.337958,0.274633,0.114298,64.000000,0.099186,27.374318,0.867785,498.694758,62.119180
224,2.323953,0.276030,0.193787,64.000000,0.099186,27.539287,0.511829,501.018711,62.312967
225,2.332273,0.274813,0.043072,64.000000,0.099186,27.441038,2.302790,503.350984,62.356039
226,2.101860,0.282035,0.164229,64.000000,0.099186,30.449217,0.603948,505.452845,62.520269
227,2.610414,0.278816,0.176427,64.000000,0.099186,24.517187,0.562193,508.063258,62.696695
228,2.211269,0.279157,0.301915,64.000000,0.099186,28.942651,0.328523,510.274528,62.998610
229,2.329576,0.279196,0.072387,64.000000,0.099186,27.472815,1.370225,512.604103,63.070997
230,2.078518,0.280211,0.312572,64.000000,0.099186,30.791175,0.317322,514.682621,63.383569
231,2.231643,0.277596,0.179167,64.000000,0.099186,28.678420,0.553595,516.914264,63.562736
232,2.273993,0.280006,0.171002,64.000000,0.099186,28.144324,0.580027,519.188257,63.733738
233,2.181174,0.289888,0.245831,64.000000,0.099186,29.342003,0.403473,521.369431,63.979569
234,2.229751,0.279095,0.224866,64.000000,0.099186,28.702754,0.441089,523.599182,64.204435
235,2.089938,0.283016,0.311074,64.000000,0.099186,30.622919,0.318850,525.689120,64.515508
236,2.234160,0.283135,0.197992,64.000000,0.099186,28.646115,0.500960,527.923280,64.713500
237,2.325045,0.279018,0.123598,64.000000,0.099186,27.526354,0.802485,530.248325,64.837099
238,2.308512,0.278251,0.059398,64.000000,0.099186,27.723489,1.669843,532.556836,64.896497
239,2.265341,0.279564,0.110594,64.000000,0.099186,28.251818,0.896845,534.822177,65.007091
240,2.291462,0.278785,0.109766,64.000000,0.099186,27.929762,0.903612,537.113640,65.116857
241,2.040102,0.280213,0.373117,64.000000,0.099186,31.370987,0.265831,539.153741,65.489974
242,2.270268,0.278226,0.207054,64.000000,0.099186,28.190501,0.479034,541.424009,65.697028
243,2.244489,0.280758,0.214255,64.000000,0.099186,28.514288,0.462933,543.668498,65.911284
244,2.145058,0.285843,0.265493,64.000000,0.099186,29.836029,0.373592,545.813556,66.176776
245,2.155264,0.282152,0.209415,64.000000,0.099186,29.694736,0.473632,547.968820,66.386192
246,1.951242,0.286503,0.451881,64.000000,0.099186,32.799623,0.219496,549.920062,66.838073
247,2.146590,0.292673,0.557292,64.000000,0.099186,29.814735,0.177978,552.066651,67.395365
248,2.431354,0.281347,0.128954,64.000000,0.099186,26.322785,0.769155,554.498005,67.524319
249,2.228039,0.289280,0.096837,64.000000,0.099186,28.724809,1.024260,556.726044,67.621156
250,2.291845,0.286030,0.096665,64.000000,0.099186,27.925102,1.026074,559.017889,67.717822
251,2.013021,0.280620,0.369419,64.000000,0.099186,31.793014,0.268492,561.030910,68.087241
252,2.663958,0.283504,0.001402,64.000000,0.099186,24.024400,70.751537,563.694868,68.088642
253,2.503026,0.281539,0.001335,64.000000,0.099186,25.569055,74.279617,566.197894,68.089978
254,2.133664,0.292125,0.438277,64.000000,0.099186,29.995349,0.226309,568.331558,68.528254
255,2.318124,0.277627,0.101739,64.000000,0.099186,27.608533,0.974908,570.649682,68.629993
256,2.143555,0.281690,0.203233,64.000000,0.099186,29.856937,0.488041,572.793238,68.833226
257,2.044758,0.282634,0.369218,64.000000,0.099186,31.299547,0.268638,574.837996,69.202444
258,2.240036,0.283851,0.137198,64.000000,0.099186,28.570976,0.722941,577.078031,69.339642
259,2.253698,0.288246,0.131559,64.000000,0.099186,28.397767,0.753925,579.331729,69.471201
260,2.319938,0.285964,0.067636,64.000000,0.099186,27.586947,1.466457,581.651667,69.538838
261,2.231527,0.286758,0.207145,64.000000,0.099186,28.679908,0.478825,583.883195,69.745982
262,2.302037,0.276965,0.187516,64.000000,0.099186,27.801468,0.528947,586.185231,69.933498
263,2.161722,0.274258,0.366540,64.000000,0.099186,29.606020,0.270600,588.346954,70.300038
264,2.042478,0.278984,0.363680,64.000000,0.099186,31.334481,0.272729,590.389432,70.663719
265,2.138407,0.280013,0.224831,64.000000,0.099186,29.928816,0.441157,592.527839,70.888550
266,2.185341,0.284801,0.199646,64.000000,0.099186,29.286042,0.496810,594.713181,71.088195
267,2.304538,0.280910,0.119170,64.000000,0.099186,27.771287,0.832309,597.017719,71.207365
268,2.218908,0.286989,0.793658,64.000000,0.099186,28.843015,0.124973,599.236627,72.001023
269,1.542366,0.281797,1.070163,64.000000,0.099186,41.494678,0.092683,600.778994,73.071187
270,2.127491,0.286456,0.480915,64.000000,0.099186,30.082382,0.206244,602.906485,73.552102
271,2.062038,0.277055,0.386581,64.000000,0.099186,31.037249,0.256572,604.968523,73.938683
272,2.214624,0.280189,0.169209,64.000000,0.099186,28.898811,0.586176,607.183147,74.107891
273,2.162636,0.277485,0.242943,64.000000,0.099186,29.593516,0.408268,609.345783,74.350834
274,2.153431,0.277283,0.386338,64.000000,0.099186,29.720018,0.256734,611.499214,74.737172
275,2.319900,0.278744,0.144617,64.000000,0.099186,27.587398,0.685852,613.819114,74.881790
276,2.404234,0.275519,0.031070,64.000000,0.099186,26.619706,3.192320,616.223348,74.912860
277,2.277528,0.282907,0.139403,64.000000,0.099186,28.100641,0.711507,618.500876,75.052262
278,2.104932,0.287101,0.255717,64.000000,0.099186,30.404790,0.387873,620.605807,75.307980
279,2.334531,0.280224,0.001285,64.000000,0.099186,27.414502,77.182459,622.940338,75.309265
280,2.200359,0.294870,0.229162,64.000000,0.099186,29.086160,0.432820,625.140697,75.538427
281,2.535102,0.280989,0.065303,64.000000,0.099186,25.245534,1.518847,627.675799,75.603730
282,2.284118,0.278832,0.069279,64.000000,0.099186,28.019571,1.431682,629.959917,75.673009
283,1.949311,0.286213,0.553337,64.000000,0.099186,32.832116,0.179251,631.909228,76.226346
284,2.080233,0.283664,0.331383,64.000000,0.099186,30.765784,0.299309,633.989461,76.557729
285,2.292156,0.287364,0.187060,64.000000,0.099186,27.921314,0.530237,636.281617,76.744788
286,2.179009,0.283003,0.078568,64.000000,0.099186,29.371149,1.262414,638.460626,76.823357
287,2.193387,0.281903,0.274764,64.000000,0.099186,29.178612,0.360985,640.654013,77.098121
288,2.259611,0.287145,0.213184,64.000000,0.099186,28.323456,0.465259,642.913624,77.311306
289,2.218659,0.282276,0.158464,64.000000,0.099186,28.846259,0.625920,645.132283,77.469770
290,2.286452,0.286583,0.070248,64.000000,0.099186,27.990960,1.411932,647.418735,77.540018
291,2.083311,0.279898,0.301957,64.000000,0.099186,30.720322,0.328477,649.502047,77.841975
292,2.307082,0.279162,0.177066,64.000000,0.099186,27.740674,0.560165,651.809129,78.019041
293,2.231585,0.296008,0.322103,64.000000,0.099186,28.679168,0.307933,654.040714,78.341144
294,2.136548,0.281859,0.226228,64.000000,0.099186,29.954861,0.438434,656.177262,78.567371
295,2.309562,0.279827,0.106541,64.000000,0.099186,27.710888,0.930969,658.486823,78.673912
296,2.015216,0.283082,0.410389,64.000000,0.099186,31.758390,0.241687,660.502039,79.084301
297,2.025651,0.282383,0.288236,64.000000,0.099186,31.594776,0.344114,662.527690,79.372537
298,2.152276,0.279812,0.148953,64.000000,0.099186,29.735965,0.665888,664.679966,79.521489
299,2.265205,0.276211,0.336169,64.000000,0.099186,28.253517,0.295048,666.945171,79.857658
300,1.987391,0.286294,0.377088,64.000000,0.099186,32.203018,0.263031,668.932562,80.234747
301,2.038166,0.280952,0.407517,64.000000,0.099186,31.400782,0.243391,670.970728,80.642264
302,2.214370,0.280521,0.144567,64.000000,0.099186,28.902122,0.686090,673.185098,80.786831
303,2.095497,0.277176,0.416284,64.000000,0.099186,30.541684,0.238265,675.280595,81.203115
304,2.198905,0.279133,0.222520,64.000000,0.099186,29.105390,0.445740,677.479500,81.425635
305,2.177773,0.287788,0.169940,64.000000,0.099186,29.387820,0.583651,679.657273,81.595575
306,2.379593,0.286449,0.058588,64.000000,0.099186,26.895358,1.692940,682.036866,81.654163
307,2.382448,0.284263,0.001428,64.000000,0.099186,26.863126,69.444668,684.419314,81.655592
308,2.119717,0.280886,0.462341,64.000000,0.099186,30.192709,0.214530,686.539031,82.117932
309,2.460650,0.276954,0.038759,64.000000,0.099186,26.009385,2.559059,688.999681,82.156691
310,2.215690,0.282355,0.251882,64.000000,0.099186,28.884903,0.393780,691.215372,82.408572
311,1.891509,0.307778,0.460411,64.000000,0.099186,33.835423,0.215429,693.106880,82.868983
312,1.842519,0.279255,0.709527,64.000000,0.099186,34.735048,0.139792,694.949400,83.578510
313,2.174134,0.279812,0.372914,64.000000,0.099186,29.437010,0.265975,697.123534,83.951424
314,2.370412,0.287811,0.111694,64.000000,0.099186,26.999521,0.888016,699.493946,84.063118
315,2.220516,0.277944,0.296912,64.000000,0.099186,28.822123,0.334058,701.714462,84.360030
316,2.208382,0.287301,0.338457,64.000000,0.099186,28.980491,0.293054,703.922845,84.698487
317,2.163948,0.281842,0.199743,64.000000,0.099186,29.575576,0.496568,706.086792,84.898230
318,2.423490,0.280537,0.001352,64.000000,0.099186,26.408192,73.343126,708.510283,84.899582
319,2.595422,0.281966,0.001392,64.000000,0.099186,24.658803,71.272959,711.105705,84.900974
320,2.219898,0.282647,0.259607,64.000000,0.099186,28.830160,0.382061,713.325602,85.160581
321,2.100766,0.308476,0.264592,64.000000,0.099186,30.465077,0.374864,715.426368,85.425173
322,2.149190,0.281577,0.307410,64.000000,0.099186,29.778658,0.322650,717.575559,85.732583
323,2.412593,0.278417,0.004052,64.000000,0.099186,26.527471,24.476408,719.988152,85.736636
324,2.209003,0.280448,0.228600,64.000000,0.099186,28.972348,0.433884,722.197155,85.965236
325,2.284437,0.288557,0.091155,64.000000,0.099186,28.015652,1.088098,724.481592,86.056391
326,2.373331,0.278740,0.178926,64.000000,0.099186,26.966323,0.554341,726.854923,86.235317
327,2.031482,0.297801,0.352575,64.000000,0.099186,31.504098,0.281319,728.886404,86.587892
328,2.383609,0.283012,0.113028,64.000000,0.099186,26.850040,0.877534,731.270014,86.700920
329,2.335222,0.280887,0.133823,64.000000,0.099186,27.406383,0.741171,733.605236,86.834744
330,2.250608,0.282734,0.343866,64.000000,0.099186,28.436762,0.288444,735.855844,87.178610
331,2.200153,0.279160,0.293488,64.000000,0.099186,29.088886,0.337956,738.055997,87.472097
332,2.153079,0.286285,0.159104,64.000000,0.099186,29.724874,0.623402,740.209076,87.631201
333,2.248714,0.285649,0.276411,64.000000,0.099186,28.460708,0.358835,742.457790,87.907612
334,2.209638,0.278453,0.372723,64.000000,0.099186,28.964019,0.266112,744.667428,88.280335
335,2.174749,0.278768,0.218505,64.000000,0.099186,29.428684,0.453930,746.842177,88.498841
336,2.329358,0.278329,0.092865,64.000000,0.099186,27.475386,1.068067,749.171535,88.591705
337,2.142816,0.286972,0.354069,64.000000,0.099186,29.867243,0.280132,751.314350,88.945774
338,2.282544,0.282893,0.105659,64.000000,0.099186,28.038885,0.938734,753.596895,89.051434
339,2.233704,0.281701,0.163351,64.000000,0.099186,28.651966,0.607195,755.830598,89.214785
340,2.265895,0.283280,0.219981,64.000000,0.099186,28.244913,0.450884,758.096493,89.434765
341,2.222843,0.289797,0.320382,64.000000,0.099186,28.791961,0.309587,760.319336,89.755147
342,2.394066,0.287214,0.001356,64.000000,0.099186,26.732768,73.147217,762.713401,89.756503
343,2.208416,0.288328,0.141235,64.000000,0.099186,28.980053,0.702274,764.921817,89.897738
344,1.977852,0.288533,0.386533,64.000000,0.099186,32.358340,0.256604,766.899669,90.284271
345,2.113526,0.293652,0.302354,64.000000,0.099186,30.281145,0.328046,769.013195,90.586625
346,2.035293,0.307311,0.391857,64.000000,0.099186,31.445107,0.253118,771.048488,90.978482
347,1.877319,0.285158,0.457051,64.000000,0.099186,34.091165,0.217013,772.925807,91.435533
348,2.048102,0.295120,0.380963,64.000000,0.099186,31.248447,0.260356,774.973909,91.816496
349,2.284503,0.284419,0.110529,64.000000,0.099186,28.014843,0.897372,777.258412,91.927026
350,2.052755,0.284029,0.461261,64.000000,0.099186,31.177614,0.215032,779.311167,92.388287
351,2.008016,0.286427,0.377115,64.000000,0.099186,31.872257,0.263013,781.319183,92.765402
352,1.855541,0.287485,0.559593,64.000000,0.099186,34.491291,0.177247,783.174724,93.324994
353,2.097220,0.283961,0.305257,64.000000,0.099186,30.516588,0.324926,785.271944,93.630251
354,2.279310,0.283918,0.196094,64.000000,0.099186,28.078668,0.505808,787.551254,93.826346
355,2.201365,0.286173,0.178997,64.000000,0.099186,29.072877,0.554122,789.752619,94.005342
356,2.245073,0.284339,0.307415,64.000000,0.099186,28.506871,0.322645,791.997692,94.312757
357,2.259419,0.283214,0.119857,64.000000,0.099186,28.325868,0.827536,794.257110,94.432614
358,2.086152,0.310165,0.281720,64.000000,0.099186,30.678488,0.352073,796.343263,94.714334
359,1.982047,0.287613,0.438971,64.000000,0.099186,32.289848,0.225951,798.325310,95.153305
360,2.223162,0.289697,0.259278,64.000000,0.099186,28.787823,0.382547,800.548472,95.412583
361,2.282300,0.281253,0.163733,64.000000,0.099186,28.041883,0.605779,802.830772,95.576315
362,2.250936,0.281119,0.181495,64.000000,0.099186,28.432611,0.546493,805.081709,95.757811
363,2.109331,0.298213,0.238743,64.000000,0.099186,30.341375,0.415451,807.191040,95.996553
364,2.276506,0.283574,0.120249,64.000000,0.099186,28.113256,0.824841,809.467546,96.116802
365,2.052350,0.289229,0.464049,64.000000,0.099186,31.183767,0.213740,811.519896,96.580850
366,2.194336,0.292268,0.253220,64.000000,0.099186,29.165996,0.391698,813.714232,96.834071
367,2.191471,0.290083,0.159086,64.000000,0.099186,29.204130,0.623472,815.905703,96.993157
368,2.129254,0.289176,0.231225,64.000000,0.099186,30.057478,0.428958,818.034957,97.224382
369,2.093050,0.299074,0.469252,64.000000,0.099186,30.577381,0.211370,820.128007,97.693634
370,2.192191,0.284239,0.169006,64.000000,0.099186,29.194539,0.586878,822.320198,97.862640
371,2.195429,0.279840,0.170115,64.000000,0.099186,29.151473,0.583052,824.515627,98.032756
372,2.199268,0.286412,0.112647,64.000000,0.099186,29.100596,0.880503,826.714895,98.145402
373,2.150794,0.289176,0.238604,64.000000,0.099186,29.756459,0.415693,828.865688,98.384007
374,2.252703,0.291299,0.129202,64.000000,0.099186,28.410314,0.767684,831.118391,98.513208
375,2.187543,0.283170,0.149617,64.000000,0.099186,29.256572,0.662933,833.305934,98.662825
376,2.114295,0.282589,0.186396,64.000000,0.099186,30.270132,0.532124,835.420229,98.849221
377,1.940642,0.283825,0.468598,64.000000,0.099186,32.978771,0.211665,837.360872,99.317819
378,2.170870,0.282930,0.158255,64.000000,0.099186,29.481262,0.626747,839.531742,99.476075
379,2.181273,0.282628,0.128921,64.000000,0.099186,29.340663,0.769352,841.713015,99.604996
380,2.223596,0.285497,0.137726,64.000000,0.099186,28.782201,0.720169,843.936612,99.742722
381,2.086713,0.282002,0.327827,64.000000,0.099186,30.670245,0.302556,846.023325,100.070549
382,2.203554,0.293824,0.192769,64.000000,0.099186,29.043996,0.514533,848.226878,100.263318
383,2.202464,0.286735,0.232663,64.000000,0.099186,29.058359,0.426308,850.429343,100.495981
384,2.173351,0.286113,0.166737,64.000000,0.099186,29.447610,0.594864,852.602694,100.662718
385,2.044601,0.284932,0.347193,64.000000,0.099186,31.301958,0.285679,854.647295,101.009911
386,2.221323,0.300928,0.157265,64.000000,0.099186,28.811658,0.630691,856.868618,101.167177
387,2.340112,0.286406,0.070609,64.000000,0.099186,27.349120,1.404714,859.208729,101.237786
388,2.155645,0.282459,0.442972,64.000000,0.099186,29.689488,0.223910,861.364375,101.680758
389,2.161058,0.285041,0.237873,64.000000,0.099186,29.615128,0.416970,863.525432,101.918631
390,2.074964,0.286164,0.323101,64.000000,0.099186,30.843915,0.306981,865.600396,102.241732
391,2.150624,0.290139,0.245253,64.000000,0.099186,29.758810,0.404423,867.751019,102.486985
392,2.449126,0.284229,0.001367,64.000000,0.099186,26.131767,72.577028,870.200146,102.488351
393,2.302706,0.285667,0.067669,64.000000,0.099186,27.793390,1.465758,872.502852,102.556020
394,2.380188,0.286279,0.044789,64.000000,0.099186,26.888635,2.214499,874.883039,102.600809
395,2.235562,0.284969,0.155934,64.000000,0.099186,28.628146,0.636077,877.118601,102.756743
396,2.276972,0.284619,0.075759,64.000000,0.099186,28.107504,1.309227,879.395573,102.832503
397,2.179483,0.286152,0.151751,64.000000,0.099186,29.364762,0.653610,881.575056,102.984253
398,2.368066,0.287731,0.057864,64.000000,0.099186,27.026279,1.714131,883.943122,103.042117
399,2.293838,0.284441,0.087023,64.000000,0.099186,27.900840,1.139768,886.236960,103.129140
400,2.171550,0.285664,0.201377,64.000000,0.099186,29.472030,0.492539,888.408510,103.330517
401,2.175959,0.287008,0.212819,64.000000,0.099186,29.412325,0.466058,890.584469,103.543336
402,1.882737,0.285653,0.665502,64.000000,0.099186,33.993064,0.149039,892.467206,104.208838
403,2.255374,0.292234,0.105282,64.000000,0.099186,28.376668,0.942096,894.722580,104.314120
404,2.032485,0.296596,0.341668,64.000000,0.099186,31.488547,0.290299,896.755065,104.655789
405,2.315826,0.291654,0.113514,64.000000,0.099186,27.635923,0.873776,899.070891,104.769303
406,2.229169,0.288318,0.216445,64.000000,0.099186,28.710249,0.458249,901.300060,104.985748
407,2.135811,0.292711,0.368462,64.000000,0.099186,29.965205,0.269189,903.435871,105.354210
408,2.206792,0.287790,0.123948,64.000000,0.099186,29.001370,0.800221,905.642663,105.478158
409,2.312165,0.290310,0.115890,64.000000,0.099186,27.679682,0.855861,907.954828,105.594048
410,2.336073,0.286040,0.152742,64.000000,0.099186,27.396410,0.649367,910.290901,105.746790
411,2.293117,0.286660,0.221478,64.000000,0.099186,27.909604,0.447837,912.584018,105.968268
412,2.285513,0.289711,0.069157,64.000000,0.099186,28.002460,1.434209,914.869532,106.037426
413,2.169461,0.286566,0.282517,64.000000,0.099186,29.500410,0.351079,917.038993,106.319943
414,1.911147,0.283818,0.441407,64.000000,0.099186,33.487748,0.224704,918.950140,106.761350
415,2.046380,0.287357,0.447029,64.000000,0.099186,31.274737,0.221878,920.996520,107.208379
416,2.214748,0.286203,0.176966,64.000000,0.099186,28.897192,0.560480,923.211268,107.385345
417,2.379879,0.287666,0.138649,64.000000,0.099186,26.892127,0.715372,925.591147,107.523994
418,2.347384,0.286615,0.039108,64.000000,0.099186,27.264397,2.536192,927.938530,107.563103
419,2.185837,0.287004,0.205148,64.000000,0.099186,29.279401,0.483486,930.124368,107.768250
420,2.192014,0.285088,0.185981,64.000000,0.099186,29.196899,0.533314,932.316381,107.954231
421,2.123336,0.289556,0.203844,64.000000,0.099186,30.141244,0.486577,934.439718,108.158075
422,2.192489,0.285640,0.145870,64.000000,0.099186,29.190572,0.679961,936.632206,108.303945
423,2.149443,0.293020,0.169279,64.000000,0.099186,29.775150,0.585933,938.781650,108.473224
424,2.330703,0.294844,0.116027,64.000000,0.099186,27.459523,0.854856,941.112353,108.589250
425,2.164498,0.293522,0.197416,64.000000,0.099186,29.568051,0.502420,943.276851,108.786667
426,2.386771,0.288894,0.001334,64.000000,0.099186,26.814474,74.326819,945.663622,108.788001
427,2.293903,0.292152,0.152286,64.000000,0.099186,27.900051,0.651315,947.957525,108.940287
428,1.842115,0.288651,0.460776,64.000000,0.099186,34.742675,0.215259,949.799640,109.401063
429,2.211448,0.286824,0.153500,64.000000,0.099186,28.940317,0.646164,952.011088,109.554562
430,2.123907,0.295332,0.241143,64.000000,0.099186,30.133141,0.411317,954.134995,109.795705
431,2.238542,0.286775,0.154310,64.000000,0.099186,28.590033,0.642772,956.373537,109.950015
432,2.091630,0.311555,0.436208,64.000000,0.099186,30.598146,0.227382,958.465167,110.386223
433,2.238456,0.287280,0.111358,64.000000,0.099186,28.591141,0.890694,960.703623,110.497581
434,2.031524,0.289874,0.273943,64.000000,0.099186,31.503437,0.362068,962.735147,110.771524
435,2.645234,0.286068,0.001320,64.000000,0.099186,24.194458,75.120720,965.380381,110.772844
436,2.154334,0.287815,0.724681,64.000000,0.099186,29.707554,0.136868,967.534715,111.497525
437,2.325031,0.299497,0.113134,64.000000,0.099186,27.526520,0.876709,969.859746,111.610660
438,2.181940,0.289719,0.251835,64.000000,0.099186,29.331692,0.393853,972.041686,111.862494
439,2.285236,0.292955,0.047419,64.000000,0.099186,28.005861,2.091710,974.326922,111.909913
440,2.172207,0.291863,0.181670,64.000000,0.099186,29.463119,0.545966,976.499129,112.091583
441,2.394013,0.288632,0.025657,64.000000,0.099186,26.733351,3.865867,978.893143,112.117240
442,2.255446,0.288257,0.094496,64.000000,0.099186,28.375766,1.049631,981.148588,112.211736
443,2.178472,0.295156,0.339162,64.000000,0.099186,29.378386,0.292444,983.327061,112.550899
444,2.093491,0.289567,0.252692,64.000000,0.099186,30.570952,0.392518,985.420551,112.803590
445,2.351178,0.286323,0.120655,64.000000,0.099186,27.220401,0.822064,987.771729,112.924245
446,2.284869,0.289262,0.079852,64.000000,0.099186,28.010360,1.242126,990.056598,113.004097
447,2.104499,0.289111,0.278168,64.000000,0.099186,30.411034,0.356568,992.161097,113.282265
448,2.273699,0.289432,0.113927,64.000000,0.099186,28.147963,0.870608,994.434796,113.396192
449,2.268191,0.300845,0.131820,64.000000,0.099186,28.216322,0.752437,996.702987,113.528012
450,2.341958,0.294749,0.178639,64.000000,0.099186,27.327559,0.555231,999.044945,113.706651
451,2.032460,0.296659,0.357042,64.000000,0.099186,31.488932,0.277799,1001.077405,114.063693
452,2.223661,0.286834,0.207863,64.000000,0.099186,28.781362,0.477171,1003.301067,114.271555
453,2.306305,0.290311,0.099808,64.000000,0.099186,27.750020,0.993771,1005.607371,114.371363
454,2.162161,0.294816,0.328985,64.000000,0.099186,29.600016,0.301491,1007.769532,114.700348
455,2.374827,0.296342,0.001350,64.000000,0.099186,26.949327,73.456868,1010.144360,114.701698
456,2.209362,0.291259,0.228236,64.000000,0.099186,28.967636,0.434577,1012.353722,114.929934
457,2.025981,0.290812,0.345237,64.000000,0.099186,31.589640,0.287298,1014.379702,115.275171
458,2.243303,0.289689,0.100702,64.000000,0.099186,28.529356,0.984942,1016.623006,115.375873
459,2.289713,0.289534,0.066252,64.000000,0.099186,27.951104,1.497102,1018.912719,115.442125
460,2.207541,0.289015,0.266976,64.000000,0.099186,28.991534,0.371516,1021.120260,115.709101
461,1.932028,0.308413,0.491350,64.000000,0.099186,33.125818,0.201864,1023.052287,116.200451
462,2.260489,0.296306,0.106247,64.000000,0.099186,28.312456,0.933539,1025.312776,116.306698
463,2.286658,0.298249,0.269162,64.000000,0.099186,27.988438,0.368499,1027.599435,116.575861
464,2.377771,0.290729,0.097550,64.000000,0.099186,26.915960,1.016772,1029.977206,116.673410
465,2.159097,0.296315,0.252259,64.000000,0.099186,29.642017,0.393191,1032.136304,116.925670
466,2.265936,0.292136,0.041598,64.000000,0.099186,28.244395,2.384390,1034.402240,116.967268
467,2.216934,0.300162,0.155901,64.000000,0.099186,28.868699,0.636212,1036.619174,117.123168
468,2.379071,0.292870,0.118099,64.000000,0.099186,26.901260,0.839851,1038.998245,117.241268
469,2.483575,0.298932,0.001458,64.000000,0.099186,25.769303,68.025549,1041.481820,117.242726
470,2.436960,0.299563,0.001364,64.000000,0.099186,26.262231,72.696235,1043.918779,117.244090
471,2.300433,0.291235,0.106654,64.000000,0.099186,27.820851,0.929978,1046.219212,117.350744
472,2.334473,0.292591,0.001346,64.000000,0.099186,27.415178,73.664999,1048.553686,117.352091
473,2.353514,0.293477,0.039793,64.000000,0.099186,27.193383,2.492516,1050.907199,117.391884
474,2.244300,0.293376,0.111576,64.000000,0.099186,28.516691,0.888955,1053.151499,117.503460
475,2.197579,0.290163,0.165446,64.000000,0.099186,29.122964,0.599507,1055.349078,117.668906
476,1.983449,0.308804,0.356418,64.000000,0.099186,32.267022,0.278285,1057.332527,118.025324
477,2.131218,0.297422,0.276445,64.000000,0.099186,30.029770,0.358791,1059.463745,118.301768
478,2.059571,0.297039,0.306613,64.000000,0.099186,31.074438,0.323489,1061.523316,118.608382
479,1.954240,0.293385,0.387329,64.000000,0.099186,32.749311,0.256076,1063.477555,118.995711
480,2.143717,0.290992,0.203769,64.000000,0.099186,29.854692,0.486757,1065.621272,119.199480
481,2.187110,0.293391,0.145228,64.000000,0.099186,29.262357,0.682969,1067.808382,119.344708
482,1.810098,0.298375,0.701064,64.000000,0.099186,35.357205,0.141479,1069.618480,120.045772
483,2.406167,0.293458,0.001370,64.000000,0.099186,26.598316,72.421864,1072.024648,120.047141
484,2.253709,0.294765,0.408892,64.000000,0.099186,28.397633,0.242572,1074.278357,120.456033
485,2.255724,0.292852,0.103195,64.000000,0.099186,28.372263,0.961152,1076.534081,120.559228
486,2.361432,0.293756,0.074667,64.000000,0.099186,27.102196,1.328384,1078.895513,120.633895
487,2.265264,0.297166,0.051685,64.000000,0.099186,28.252775,1.919039,1081.160777,120.685580
488,2.242400,0.295624,0.113618,64.000000,0.099186,28.540847,0.872978,1083.403177,120.799198
489,2.146282,0.291580,0.212698,64.000000,0.099186,29.819004,0.466323,1085.549460,121.011896
490,2.237838,0.292077,0.244518,64.000000,0.099186,28.599034,0.405638,1087.787298,121.256414
491,2.195857,0.300534,0.147276,64.000000,0.099186,29.145795,0.673469,1089.983155,121.403690
492,2.266164,0.293932,0.152945,64.000000,0.099186,28.241561,0.648507,1092.249318,121.556635
493,2.234830,0.298160,0.131629,64.000000,0.099186,28.637519,0.753525,1094.484149,121.688265
494,2.244337,0.292790,0.096412,64.000000,0.099186,28.516222,1.028770,1096.728485,121.784677
495,2.274778,0.292125,0.068062,64.000000,0.099186,28.134618,1.457277,1099.003263,121.852739
496,2.403628,0.295158,0.053959,64.000000,0.099186,26.626414,1.838172,1101.406891,121.906698
497,2.186107,0.290323,0.115754,64.000000,0.099186,29.275787,0.856872,1103.592998,122.022452
498,2.116383,0.292435,0.429914,64.000000,0.099186,30.240267,0.230711,1105.709381,122.452366
499,2.312776,0.291245,0.010717,64.000000,0.099186,27.672367,9.255318,1108.022158,122.463083
500,2.169837,0.294985,0.165226,64.000000,0.099186,29.495297,0.600305,1110.191995,122.628309
501,2.255613,0.303682,0.100207,64.000000,0.099186,28.373662,0.989810,1112.447608,122.728516
502,2.162744,0.300249,0.261259,64.000000,0.099186,29.592037,0.379646,1114.610352,122.989775
503,2.254355,0.307482,0.307726,64.000000,0.099186,28.389491,0.322319,1116.864708,123.297501
504,2.353742,0.299157,0.001339,64.000000,0.099186,27.190740,74.057495,1119.218450,123.298841
505,2.285916,0.295920,0.093350,64.000000,0.099186,27.997531,1.062519,1121.504366,123.392190
506,2.254269,0.302018,0.145844,64.000000,0.099186,28.390583,0.680083,1123.758635,123.538034
507,2.430763,0.297030,0.197508,64.000000,0.099186,26.329176,0.502186,1126.189398,123.735543
508,2.464426,0.293782,0.003685,64.000000,0.099186,25.969532,26.919565,1128.653825,123.739227
509,2.272836,0.294558,0.097278,64.000000,0.099186,28.158654,1.019616,1130.926660,123.836505
510,2.152695,0.295027,0.175288,64.000000,0.099186,29.730179,0.565846,1133.079355,124.011793
511,2.364868,0.295073,0.130985,64.000000,0.099186,27.062824,0.757230,1135.444223,124.142778
512,1.949114,0.297407,0.407546,64.000000,0.099186,32.835439,0.243373,1137.393337,124.550324
513,2.122337,0.295790,0.179983,64.000000,0.099186,30.155437,0.551085,1139.515674,124.730308
514,2.251250,0.295027,0.090827,64.000000,0.099186,28.428651,1.092029,1141.766924,124.821135
515,2.234484,0.296208,0.179753,64.000000,0.099186,28.641955,0.551789,1144.001408,125.000888
516,2.226856,0.295722,0.152792,64.000000,0.099186,28.740065,0.649155,1146.228264,125.153681
517,1.799857,0.291909,0.569322,64.000000,0.099186,35.558388,0.174218,1148.028121,125.723002
518,2.276390,0.293200,0.103851,64.000000,0.099186,28.114685,0.955077,1150.304511,125.826853
519,2.111368,0.297472,0.346640,64.000000,0.099186,30.312106,0.286136,1152.415879,126.173493
520,2.138606,0.292502,0.258817,64.000000,0.099186,29.926036,0.383229,1154.554485,126.432310
521,2.304008,0.297919,0.137631,64.000000,0.099186,27.777678,0.720664,1156.858493,126.569941
522,2.172952,0.295232,0.421324,64.000000,0.099186,29.453019,0.235415,1159.031445,126.991265
523,2.251191,0.295860,0.144867,64.000000,0.099186,28.429401,0.684667,1161.282636,127.136132
524,2.251486,0.299454,0.149040,64.000000,0.099186,28.425675,0.665497,1163.534122,127.285172
525,2.302937,0.296121,0.121840,64.000000,0.099186,27.790598,0.814069,1165.837059,127.407012
526,2.240106,0.301460,0.129871,64.000000,0.099186,28.570083,0.763727,1168.077164,127.536883
527,1.889426,0.294928,0.441036,64.000000,0.099186,33.872715,0.224893,1169.966591,127.977920
528,2.246911,0.300169,0.191173,64.000000,0.099186,28.483555,0.518828,1172.213501,128.169093
529,1.985005,0.311628,0.373900,64.000000,0.099186,32.241730,0.265274,1174.198506,128.542993
530,2.274024,0.300207,0.104195,64.000000,0.099186,28.143945,0.951928,1176.472530,128.647188
531,2.106253,0.300616,0.315795,64.000000,0.099186,30.385715,0.314083,1178.578783,128.962983
532,2.091547,0.302634,0.373796,64.000000,0.099186,30.599355,0.265347,1180.670330,129.336779
533,2.193457,0.300109,0.115032,64.000000,0.099186,29.177680,0.862245,1182.863788,129.451812
534,1.894420,0.318355,0.451829,64.000000,0.099186,33.783420,0.219521,1184.758208,129.903641
535,2.118550,0.301509,0.187201,64.000000,0.099186,30.209337,0.529837,1186.876759,130.090841
536,2.256089,0.301816,0.052751,64.000000,0.099186,28.367671,1.880282,1189.132848,130.143592
537,2.160405,0.298741,0.105042,64.000000,0.099186,29.624072,0.944251,1191.293253,130.248634
538,2.155423,0.296809,0.235173,64.000000,0.099186,29.692545,0.421757,1193.448676,130.483807
539,1.996349,0.306245,0.589631,64.000000,0.099186,32.058528,0.168217,1195.445025,131.073438
540,2.572973,0.298500,0.001368,64.000000,0.099186,24.873951,72.525180,1198.017998,131.074806
541,2.362638,0.296820,0.118441,64.000000,0.099186,27.088362,0.837431,1200.380636,131.193246
542,2.208202,0.298941,0.172830,64.000000,0.099186,28.982851,0.573893,1202.588839,131.366076
543,2.244026,0.296323,0.197525,64.000000,0.099186,28.520173,0.502144,1204.832864,131.563601
544,2.209181,0.293111,0.141286,64.000000,0.099186,28.970018,0.702022,1207.042045,131.704887
545,2.481362,0.301125,0.009081,64.000000,0.099186,25.792292,10.922832,1209.523406,131.713968
546,2.070007,0.315378,0.303357,64.000000,0.099186,30.917771,0.326961,1211.593413,132.017325
547,2.232091,0.295077,0.335291,64.000000,0.099186,28.672661,0.295820,1213.825505,132.352616
548,2.252435,0.294333,0.014765,64.000000,0.099186,28.413688,6.717860,1216.077940,132.367381
549,2.343138,0.294455,0.005239,64.000000,0.099186,27.313797,18.933345,1218.421078,132.372619
550,1.980695,0.353299,0.337624,64.000000,0.099186,32.311894,0.293777,1220.401773,132.710243
551,2.352538,0.297965,0.010989,64.000000,0.099186,27.204662,9.026051,1222.754311,132.721232
552,2.391032,0.300714,0.004907,64.000000,0.099186,26.766687,20.212811,1225.145343,132.726139
553,2.399963,0.296248,0.001363,64.000000,0.099186,26.667078,72.768076,1227.545306,132.727502
554,2.209740,0.294900,0.228008,64.000000,0.099186,28.962687,0.435010,1229.755046,132.955510
555,2.276777,0.296849,0.091886,64.000000,0.099186,28.109916,1.079442,1232.031822,133.047397
556,2.097044,0.317780,0.313075,64.000000,0.099186,30.519152,0.316812,1234.128866,133.360472
557,2.055003,0.296399,0.343273,64.000000,0.099186,31.143507,0.288942,1236.183869,133.703745
558,2.013385,0.295529,0.348209,64.000000,0.099186,31.787256,0.284846,1238.197255,134.051954
559,2.235240,0.297385,0.124132,64.000000,0.099186,28.632276,0.799038,1240.432494,134.176085
560,1.993226,0.298814,0.416097,64.000000,0.099186,32.108759,0.238372,1242.425720,134.592182
561,2.291677,0.296494,0.097854,64.000000,0.099186,27.927143,1.013613,1244.717397,134.690036
562,2.303378,0.293642,0.113347,64.000000,0.099186,27.785278,0.875061,1247.020775,134.803383
563,2.235621,0.299674,0.165044,64.000000,0.099186,28.627388,0.600968,1249.256397,134.968427
564,2.276282,0.293938,0.197566,64.000000,0.099186,28.116019,0.502041,1251.532679,135.165993
565,2.240731,0.294556,0.131732,64.000000,0.099186,28.562102,0.752936,1253.773410,135.297725
566,2.247481,0.300904,0.127395,64.000000,0.099186,28.476330,0.778570,1256.020891,135.425120
567,2.131366,0.300455,0.244494,64.000000,0.099186,30.027691,0.405679,1258.152257,135.669614
568,2.293054,0.293863,0.088800,64.000000,0.099186,27.910373,1.116959,1260.445311,135.758414
569,2.189665,0.300610,0.170307,64.000000,0.099186,29.228210,0.582396,1262.634977,135.928720
570,2.146574,0.294589,0.353557,64.000000,0.099186,29.814949,0.280537,1264.781551,136.282277
571,2.166486,0.299645,0.215605,64.000000,0.099186,29.540929,0.460035,1266.948037,136.497883
572,2.259527,0.299210,0.083410,64.000000,0.099186,28.324510,1.189131,1269.207564,136.581293
573,2.216351,0.294815,0.307795,64.000000,0.099186,28.876297,0.322247,1271.423915,136.889088
574,2.154127,0.293792,0.224089,64.000000,0.099186,29.710407,0.442618,1273.578042,137.113177
575,2.332355,0.302592,0.059692,64.000000,0.099186,27.440076,1.661626,1275.910397,137.172869
576,2.169516,0.297318,0.192995,64.000000,0.099186,29.499668,0.513931,1278.079913,137.365864
577,2.296056,0.296814,0.051478,64.000000,0.099186,27.873885,1.926771,1280.375969,137.417341
578,2.117766,0.296107,0.273927,64.000000,0.099186,30.220522,0.362088,1282.493735,137.691269
579,2.012164,0.295171,0.426380,64.000000,0.099186,31.806551,0.232623,1284.505899,138.117649
580,2.222033,0.291843,0.182641,64.000000,0.099186,28.802446,0.543064,1286.727933,138.300291
581,1.857711,0.304391,0.603754,64.000000,0.099186,34.451003,0.164282,1288.585644,138.904044
582,1.891028,0.310503,0.509743,64.000000,0.099186,33.844029,0.194580,1290.476671,139.413788
583,2.394617,0.300187,0.129462,64.000000,0.099186,26.726615,0.766137,1292.871288,139.543250
584,2.275176,0.293878,0.073923,64.000000,0.099186,28.129688,1.341741,1295.146464,139.617173
585,2.187173,0.296351,0.321298,64.000000,0.099186,29.261521,0.308704,1297.333637,139.938472
586,2.124747,0.295742,0.310982,64.000000,0.099186,30.121233,0.318945,1299.458384,140.249453
587,2.203206,0.295582,0.068242,64.000000,0.099186,29.048572,1.453451,1301.661591,140.317695
588,2.253272,0.296612,0.042081,64.000000,0.099186,28.403144,2.357036,1303.914862,140.359776
589,2.088519,0.303491,0.622158,64.000000,0.099186,30.643722,0.159422,1306.003381,140.981934
590,2.370610,0.299421,0.001339,64.000000,0.099186,26.997270,74.064629,1308.373991,140.983273
591,2.289468,0.298120,0.070629,64.000000,0.099186,27.954088,1.404317,1310.663460,141.053902
592,2.251009,0.295985,0.089418,64.000000,0.099186,28.431699,1.109234,1312.914469,141.143320
593,2.101132,0.309434,0.322189,64.000000,0.099186,30.459769,0.307850,1315.015601,141.465509
594,2.346682,0.294806,0.050563,64.000000,0.099186,27.272551,1.961642,1317.362282,141.516072
595,2.314250,0.300448,0.070430,64.000000,0.099186,27.654746,1.408282,1319.676533,141.586502
596,2.484565,0.293632,0.001390,64.000000,0.099186,25.759038,71.350378,1322.161097,141.587892
597,2.201276,0.295411,0.099022,64.000000,0.099186,29.074052,1.001659,1324.362373,141.686914
598,2.169316,0.300200,0.222987,64.000000,0.099186,29.502389,0.444807,1326.531689,141.909901
599,2.378919,0.302370,0.001361,64.000000,0.099186,26.902974,72.853862,1328.910608,141.911262
600,2.260912,0.294895,0.200508,64.000000,0.099186,28.307165,0.494672,1331.171520,142.111771
601,2.314811,0.302174,0.059183,64.000000,0.099186,27.648049,1.675912,1333.486330,142.170954
602,2.288229,0.298012,0.055657,64.000000,0.099186,27.969232,1.782105,1335.774559,142.226610
603,2.186476,0.293049,0.185918,64.000000,0.099186,29.270843,0.533494,1337.961035,142.412528
604,2.179121,0.294736,0.150648,64.000000,0.099186,29.369643,0.658396,1340.140156,142.563176
605,2.266141,0.293630,0.166312,64.000000,0.099186,28.241846,0.596385,1342.406297,142.729488
606,1.949491,0.295287,0.574209,64.000000,0.099186,32.829077,0.172735,1344.355788,143.303696
607,2.347150,0.293937,0.001376,64.000000,0.099186,27.267111,72.056624,1346.702938,143.305073
608,2.287126,0.299679,0.077416,64.000000,0.099186,27.982718,1.281209,1348.990064,143.382489
609,2.185825,0.293015,0.209987,64.000000,0.099186,29.279568,0.472343,1351.175889,143.592476
610,2.251684,0.291637,0.047938,64.000000,0.099186,28.423167,2.069049,1353.427573,143.640414
611,2.352287,0.295160,0.001344,64.000000,0.099186,27.207560,73.810818,1355.779861,143.641757
612,2.298039,0.293507,0.119709,64.000000,0.099186,27.849828,0.828558,1358.077900,143.761467
613,2.048007,0.295452,0.369738,64.000000,0.099186,31.249889,0.268260,1360.125907,144.131204
614,2.203331,0.292484,0.133364,64.000000,0.099186,29.046931,0.743724,1362.329238,144.264568
615,2.042254,0.297747,0.558800,64.000000,0.099186,31.337927,0.177498,1364.371492,144.823368
616,2.248737,0.294887,0.246630,64.000000,0.099186,28.460424,0.402164,1366.620228,145.069999
617,2.296355,0.295540,0.005130,64.000000,0.099186,27.870252,19.333723,1368.916584,145.075129
618,2.356451,0.295149,0.036418,64.000000,0.099186,27.159485,2.723568,1371.273035,145.111547
619,2.321864,0.299555,0.038509,64.000000,0.099186,27.564056,2.575632,1373.594899,145.150056
620,2.319164,0.294056,0.080685,64.000000,0.099186,27.596150,1.229299,1375.914063,145.230741
621,2.156433,0.298977,0.124357,64.000000,0.099186,29.678642,0.797591,1378.070496,145.355098
622,2.107477,0.294855,0.177938,64.000000,0.099186,30.368061,0.557419,1380.177974,145.533036
623,2.176579,0.296359,0.290657,64.000000,0.099186,29.403941,0.341248,1382.354553,145.823692
624,2.231864,0.296138,0.239394,64.000000,0.099186,28.675583,0.414320,1384.586416,146.063087
625,2.166719,0.301377,0.123911,64.000000,0.099186,29.537747,0.800458,1386.753136,146.186998
626,2.107588,0.292012,0.421233,64.000000,0.099186,30.366470,0.235466,1388.860723,146.608231
627,2.180529,0.299225,0.151282,64.000000,0.099186,29.350672,0.655636,1391.041253,146.759513
628,2.095223,0.318785,0.313775,64.000000,0.099186,30.545676,0.316105,1393.136476,147.073288
629,2.261150,0.296372,0.200459,64.000000,0.099186,28.304186,0.494793,1395.397625,147.273748
630,2.266991,0.292303,0.099922,64.000000,0.099186,28.231257,0.992630,1397.664616,147.373670
631,2.195277,0.293288,0.248703,64.000000,0.099186,29.153491,0.398813,1399.859893,147.622373
632,2.260369,0.292957,0.200770,64.000000,0.099186,28.313962,0.494028,1402.120262,147.823143
633,2.309377,0.298666,0.165412,64.000000,0.099186,27.713107,0.599630,1404.429639,147.988555
634,2.193666,0.297475,0.144160,64.000000,0.099186,29.174904,0.688029,1406.623305,148.132714
635,2.198580,0.297805,0.328808,64.000000,0.099186,29.109703,0.301653,1408.821885,148.461522
636,2.508898,0.299201,0.001332,64.000000,0.099186,25.509203,74.476167,1411.330783,148.462854
637,2.176529,0.293212,0.170527,64.000000,0.099186,29.404622,0.581643,1413.507312,148.633381
638,2.407330,0.298116,0.030575,64.000000,0.099186,26.585469,3.244042,1415.914642,148.663955
639,2.064546,0.297274,0.265744,64.000000,0.099186,30.999551,0.373239,1417.979188,148.929699
640,2.111467,0.297411,0.230273,64.000000,0.099186,30.310684,0.430732,1420.090655,149.159972
641,2.177523,0.294390,0.321043,64.000000,0.099186,29.391190,0.308949,1422.268178,149.481016
642,2.127005,0.301501,0.242652,64.000000,0.099186,30.089255,0.408759,1424.395183,149.723667
643,2.452164,0.297199,0.002187,64.000000,0.099186,26.099399,45.358008,1426.847347,149.725854
644,2.439941,0.300407,0.001430,64.000000,0.099186,26.230145,69.384041,1429.287288,149.727283
645,2.229999,0.302921,0.169645,64.000000,0.099186,28.699568,0.584667,1431.517286,149.896929
646,2.074173,0.301121,0.336225,64.000000,0.099186,30.855672,0.294999,1433.591459,150.233153
647,2.426424,0.298921,0.001394,64.000000,0.099186,26.376269,71.175425,1436.017883,150.234547
648,2.254576,0.295317,0.135568,64.000000,0.099186,28.386706,0.731634,1438.272459,150.370114
649,2.308526,0.297457,0.119015,64.000000,0.099186,27.723312,0.833393,1440.580986,150.489129
650,2.316449,0.302250,0.017617,64.000000,0.099186,27.628500,5.630122,1442.897434,150.506746
651,2.036264,0.297341,0.306856,64.000000,0.099186,31.430103,0.323233,1444.933699,150.813602
652,2.149847,0.300288,0.227592,64.000000,0.099186,29.769554,0.435806,1447.083546,151.041194
653,2.312466,0.297012,0.024077,64.000000,0.099186,27.676080,4.119449,1449.396012,151.065271
654,2.305800,0.302094,0.073332,64.000000,0.099186,27.756096,1.352559,1451.701812,151.138603
655,2.405688,0.296522,0.001317,64.000000,0.099186,26.603618,75.324784,1454.107500,151.139920
656,1.964987,0.306963,0.445944,64.000000,0.099186,32.570190,0.222418,1456.072487,151.585864
657,2.110339,0.300183,0.181519,64.000000,0.099186,30.326886,0.546421,1458.182826,151.767383
658,1.821756,0.301406,0.740696,64.000000,0.099186,35.130935,0.133909,1460.004582,152.508079
659,1.983973,0.298930,0.466643,64.000000,0.099186,32.258499,0.212552,1461.988555,152.974722
660,2.224498,0.294935,0.164062,64.000000,0.099186,28.770533,0.604565,1464.213053,153.138784
661,1.924776,0.299885,0.497339,64.000000,0.099186,33.250628,0.199433,1466.137829,153.636123
662,2.468144,0.298481,0.133109,64.000000,0.099186,25.930416,0.745149,1468.605973,153.769232
663,2.134641,0.298925,0.196051,64.000000,0.099186,29.981618,0.505920,1470.740614,153.965283
664,1.850355,0.295370,0.465640,64.000000,0.099186,34.587963,0.213010,1472.590969,154.430923
665,2.291210,0.297693,0.095035,64.000000,0.099186,27.932838,1.043674,1474.882179,154.525958
666,2.407972,0.295873,0.033629,64.000000,0.099186,26.578385,2.949454,1477.290151,154.559587
667,2.160652,0.300286,0.261517,64.000000,0.099186,29.620690,0.379271,1479.450803,154.821104
668,2.160898,0.297601,0.197628,64.000000,0.099186,29.617322,0.501881,1481.611700,155.018732
669,2.317495,0.304139,0.001440,64.000000,0.099186,27.616021,68.874679,1483.929196,155.020173
670,2.382133,0.294113,0.092805,64.000000,0.099186,26.866674,1.068757,1486.311329,155.112978
671,2.344055,0.294528,0.092104,64.000000,0.099186,27.303115,1.076889,1488.655384,155.205082
672,2.362103,0.296580,0.014995,64.000000,0.099186,27.094495,6.614535,1491.017487,155.220077
673,2.185174,0.295175,0.228661,64.000000,0.099186,29.288282,0.433768,1493.202662,155.448738
674,2.370237,0.299504,0.030682,64.000000,0.099186,27.001522,3.232742,1495.572898,155.479420
675,2.336334,0.299279,0.131193,64.000000,0.099186,27.393344,0.756028,1497.909232,155.610613
676,2.256170,0.298614,0.105788,64.000000,0.099186,28.366655,0.937591,1500.165403,155.716401
677,2.176632,0.296170,0.203163,64.000000,0.099186,29.403226,0.488210,1502.342034,155.919564
678,2.241679,0.297409,0.150783,64.000000,0.099186,28.550029,0.657804,1504.583713,156.070347
679,2.228216,0.297721,0.211973,64.000000,0.099186,28.722533,0.467918,1506.811929,156.282320
680,2.440967,0.295495,0.001379,64.000000,0.099186,26.219121,71.945035,1509.252896,156.283699
681,2.210917,0.302087,0.158958,64.000000,0.099186,28.947267,0.623977,1511.463813,156.442657
682,2.292983,0.295036,0.118807,64.000000,0.099186,27.911244,0.834849,1513.756795,156.561464
683,2.251271,0.302644,0.101475,64.000000,0.099186,28.428384,0.977441,1516.008067,156.662939
684,2.052849,0.301178,0.316742,64.000000,0.099186,31.176179,0.313144,1518.060916,156.979681
685,2.298878,0.295332,0.012655,64.000000,0.099186,27.839666,7.837675,1520.359794,156.992336
686,2.234771,0.296492,0.128727,64.000000,0.099186,28.638277,0.770512,1522.594565,157.121063
687,2.139087,0.296083,0.230991,64.000000,0.099186,29.919304,0.429393,1524.733653,157.352054
688,2.305116,0.295772,0.131300,64.000000,0.099186,27.764327,0.755413,1527.038769,157.483354
689,2.316113,0.293028,0.132934,64.000000,0.099186,27.632506,0.746127,1529.354882,157.616289
690,1.953824,0.302276,0.452398,64.000000,0.099186,32.756269,0.219245,1531.308706,158.068687
691,2.120277,0.296440,0.254121,64.000000,0.099186,30.184740,0.390310,1533.428983,158.322807
692,2.242116,0.299283,0.105022,64.000000,0.099186,28.544458,0.944428,1535.671099,158.427830
693,2.285419,0.297933,0.163190,64.000000,0.099186,28.003614,0.607795,1537.956518,158.591019
694,2.254050,0.293773,0.165736,64.000000,0.099186,28.393339,0.598457,1540.210568,158.756755
695,2.226142,0.293061,0.173084,64.000000,0.099186,28.749295,0.573051,1542.436710,158.929839
696,2.361003,0.299236,0.001486,64.000000,0.099186,27.107129,66.752774,1544.797712,158.931325
697,2.232369,0.301861,0.133970,64.000000,0.099186,28.669091,0.740360,1547.030082,159.065295
698,2.041547,0.301655,0.281464,64.000000,0.099186,31.348777,0.352393,1549.071629,159.346759
699,2.325345,0.303491,0.114955,64.000000,0.099186,27.522792,0.862823,1551.396974,159.461714
700,2.279943,0.303471,0.108264,64.000000,0.099186,28.070877,0.916151,1553.676917,159.569978
701,2.080983,0.304479,0.377323,64.000000,0.099186,30.754695,0.262868,1555.757900,159.947300
702,2.093243,0.298576,0.240373,64.000000,0.099186,30.574565,0.412633,1557.851143,160.187673
703,2.056968,0.300156,0.295302,64.000000,0.099186,31.113750,0.335880,1559.908112,160.482975
704,2.054065,0.309424,0.389113,64.000000,0.099186,31.157730,0.254903,1561.962177,160.872088
705,2.504117,0.297327,0.001390,64.000000,0.099186,25.557912,71.337805,1564.466294,160.873478
706,2.213116,0.308136,0.100895,64.000000,0.099186,28.918506,0.983063,1566.679409,160.974373
707,2.030361,0.292784,0.352161,64.000000,0.099186,31.521494,0.281649,1568.709770,161.326534
708,2.122735,0.316483,0.388872,64.000000,0.099186,30.149785,0.255061,1570.832505,161.715406
709,2.273384,0.291474,0.081614,64.000000,0.099186,28.151868,1.215303,1573.105889,161.797021
710,2.035732,0.293901,0.315186,64.000000,0.099186,31.438316,0.314690,1575.141621,162.112207
711,2.357077,0.295386,0.050538,64.000000,0.099186,27.152275,1.962610,1577.498698,162.162745
712,2.055403,0.301452,0.272637,64.000000,0.099186,31.137453,0.363802,1579.554101,162.435382
713,2.452122,0.295927,0.058964,64.000000,0.099186,26.099848,1.682138,1582.006222,162.494346
714,2.053177,0.293996,0.398006,64.000000,0.099186,31.171208,0.249207,1584.059399,162.892352
715,2.255686,0.295641,0.071748,64.000000,0.099186,28.372748,1.382412,1586.315084,162.964101
716,2.310363,0.307282,0.080843,64.000000,0.099186,27.701278,1.226898,1588.625447,163.044944
717,2.309303,0.300732,0.001347,64.000000,0.099186,27.713986,73.645637,1590.934751,163.046290
718,2.252982,0.300156,0.235469,64.000000,0.099186,28.406798,0.421226,1593.187732,163.281760
719,2.336349,0.295943,0.040576,64.000000,0.099186,27.393171,2.444475,1595.524081,163.322335
720,2.370790,0.296757,0.001450,64.000000,0.099186,26.995223,68.404807,1597.894871,163.323785
721,1.658269,0.286582,1.098598,64.000000,0.099186,38.594466,0.090284,1599.553140,164.422384
722,2.302697,0.295696,0.096022,64.000000,0.099186,27.793494,1.032951,1601.855837,164.518406
723,2.229873,0.298063,0.194641,64.000000,0.099186,28.701193,0.509584,1604.085709,164.713047
724,2.261969,0.292574,0.146514,64.000000,0.099186,28.293929,0.676973,1606.347679,164.859561
725,1.991557,0.295162,0.368590,64.000000,0.099186,32.135654,0.269096,1608.339236,165.228151
726,2.207542,0.292866,0.154964,64.000000,0.099186,28.991516,0.640060,1610.546779,165.383114
727,2.475538,0.296120,0.001360,64.000000,0.099186,25.852967,72.952834,1613.022316,165.384474
728,2.311368,0.305913,0.024146,64.000000,0.099186,27.689227,4.107772,1615.333685,165.408620
729,2.149118,0.295763,0.397246,64.000000,0.099186,29.779660,0.249684,1617.482803,165.805866
730,2.267717,0.296351,0.287973,64.000000,0.099186,28.222222,0.344428,1619.750519,166.093839
731,2.184297,0.296071,0.229083,64.000000,0.099186,29.300048,0.432969,1621.934816,166.322922
732,2.039094,0.307781,0.356876,64.000000,0.099186,31.386483,0.277928,1623.973910,166.679798
733,2.076505,0.301412,0.202502,64.000000,0.099186,30.821019,0.489803,1626.050415,166.882300
734,2.435980,0.297560,0.001330,64.000000,0.099186,26.272797,74.551570,1628.486395,166.883630
735,2.029085,0.294291,0.302504,64.000000,0.099186,31.541305,0.327883,1630.515480,167.186134
736,2.399651,0.299673,0.001424,64.000000,0.099186,26.670541,69.628651,1632.915132,167.187558
737,2.157889,0.296095,0.189563,64.000000,0.099186,29.658613,0.523235,1635.073021,167.377121
738,2.430972,0.300696,0.001355,64.000000,0.099186,26.326916,73.177006,1637.503993,167.378476
739,2.164945,0.303755,0.235503,64.000000,0.099186,29.561950,0.421166,1639.668938,167.613980
740,2.343043,0.293285,0.169838,64.000000,0.099186,27.314905,0.584004,1642.011981,167.783818
741,2.259750,0.307129,0.299981,64.000000,0.099186,28.321718,0.330641,1644.271731,168.083798
742,2.090469,0.294386,0.197787,64.000000,0.099186,30.615133,0.501478,1646.362200,168.281586
743,2.038149,0.296772,0.283734,64.000000,0.099186,31.401048,0.349574,1648.400349,168.565319
744,2.322163,0.300727,0.098288,64.000000,0.099186,27.560514,1.009134,1650.722512,168.663607
745,2.116718,0.301233,0.324396,64.000000,0.099186,30.235486,0.305756,1652.839230,168.988004
746,2.417953,0.297783,0.014352,64.000000,0.099186,26.468667,6.911170,1655.257183,169.002355
747,2.202888,0.292570,0.226202,64.000000,0.099186,29.052773,0.438485,1657.460071,169.228557
748,1.972241,0.294779,0.371480,64.000000,0.099186,32.450401,0.267002,1659.432312,169.600036
749,2.187150,0.292813,0.215780,64.000000,0.099186,29.261820,0.459662,1661.619462,169.815817
750,2.236615,0.299108,0.173098,64.000000,0.099186,28.614672,0.573006,1663.856077,169.988914
751,2.208959,0.295597,0.315860,64.000000,0.099186,28.972923,0.314019,1666.065036,170.304774
752,2.119364,0.295976,0.221625,64.000000,0.099186,30.197735,0.447540,1668.184400,170.526399
753,2.140074,0.292618,0.296268,64.000000,0.099186,29.905505,0.334785,1670.324474,170.822667
754,2.023339,0.293356,0.297627,64.000000,0.099186,31.630887,0.333256,1672.347813,171.120294
755,2.115068,0.312963,0.308920,64.000000,0.099186,30.259070,0.321074,1674.462881,171.429213
756,2.074840,0.304446,0.225791,64.000000,0.099186,30.845748,0.439283,1676.537722,171.655004
757,2.126826,0.296965,0.343102,64.000000,0.099186,30.091784,0.289086,1678.664548,171.998106
758,1.886674,0.296765,0.589083,64.000000,0.099186,33.922121,0.168373,1680.551222,172.587189
759,2.254261,0.298315,0.218360,64.000000,0.099186,28.390685,0.454231,1682.805483,172.805550
760,2.314173,0.295315,0.116715,64.000000,0.099186,27.655673,0.849810,1685.119656,172.922265
761,2.202799,0.295757,0.125859,64.000000,0.099186,29.053941,0.788071,1687.322455,173.048124
762,2.005773,0.305125,0.499837,64.000000,0.099186,31.907894,0.198437,1689.328228,173.547961
763,2.068891,0.300711,0.236280,64.000000,0.099186,30.934448,0.419782,1691.397119,173.784241
764,2.249956,0.301748,0.195350,64.000000,0.099186,28.445001,0.507735,1693.647075,173.979591
765,2.364831,0.300192,0.076414,64.000000,0.099186,27.063241,1.298002,1696.011906,174.056005
766,2.336291,0.299909,0.092059,64.000000,0.099186,27.393851,1.077417,1698.348197,174.148064
767,2.163509,0.300141,0.227186,64.000000,0.099186,29.581568,0.436585,1700.511706,174.375250
768,2.423022,0.299754,0.046115,64.000000,0.099186,26.413298,2.150840,1702.934728,174.421365
769,2.280493,0.297091,0.115054,64.000000,0.099186,28.064110,0.862079,1705.215221,174.536419
770,2.336022,0.301570,0.001402,64.000000,0.099186,27.397001,70.748812,1707.551243,174.537821
771,2.041684,0.298058,0.408598,64.000000,0.099186,31.346672,0.242747,1709.592927,174.946419
772,2.145616,0.296043,0.166940,64.000000,0.099186,29.828270,0.594141,1711.738543,175.113359
773,2.249851,0.296322,0.245213,64.000000,0.099186,28.446331,0.404489,1713.988394,175.358573
774,1.943513,0.294227,0.408319,64.000000,0.099186,32.930058,0.242913,1715.931907,175.766892
775,2.057945,0.315539,0.289756,64.000000,0.099186,31.098979,0.342308,1717.989852,176.056648
776,2.130779,0.294273,0.155951,64.000000,0.099186,30.035962,0.636006,1720.120631,176.212599
777,2.126097,0.300336,0.220440,64.000000,0.099186,30.102109,0.449946,1722.246728,176.433039
778,2.139326,0.293349,0.296659,64.000000,0.099186,29.915966,0.334343,1724.386054,176.729698
779,2.208004,0.305985,0.157267,64.000000,0.099186,28.985457,0.630685,1726.594058,176.886965
780,2.477232,0.299791,0.001444,64.000000,0.099186,25.835286,68.690610,1729.071290,176.888409
781,2.162550,0.296453,0.257204,64.000000,0.099186,29.594694,0.385632,1731.233840,177.145613
782,2.212151,0.296072,0.146570,64.000000,0.099186,28.931116,0.676714,1733.445991,177.292183
783,2.320466,0.301048,0.090518,64.000000,0.099186,27.580669,1.095762,1735.766457,177.382701
784,2.038222,0.301641,0.416360,64.000000,0.099186,31.399922,0.238222,1737.804678,177.799061
785,2.047021,0.295403,0.315599,64.000000,0.099186,31.264946,0.314279,1739.851699,178.114659
786,2.018423,0.296113,0.437122,64.000000,0.099186,31.707915,0.226907,1741.870123,178.551781
787,2.350067,0.292937,0.001308,64.000000,0.099186,27.233270,75.832551,1744.220189,178.553089
788,2.355915,0.293019,0.009485,64.000000,0.099186,27.165668,10.457105,1746.576104,178.562574
789,2.211939,0.294880,0.139767,64.000000,0.099186,28.933893,0.709654,1748.788043,178.702341
790,2.297555,0.295749,0.120142,64.000000,0.099186,27.855703,0.825572,1751.085598,178.822483
791,2.110565,0.304964,0.316320,64.000000,0.099186,30.323629,0.313562,1753.196163,179.138803
792,2.281178,0.297381,0.136877,64.000000,0.099186,28.055675,0.724635,1755.477341,179.275680
793,2.301219,0.302110,0.001311,64.000000,0.099186,27.811348,75.638937,1757.778560,179.276991
794,2.120237,0.293212,0.249287,64.000000,0.099186,30.185302,0.397878,1759.898797,179.526278
795,2.155834,0.303232,0.171525,64.000000,0.099186,29.686883,0.578258,1762.054632,179.697804
796,2.147576,0.294101,0.212699,64.000000,0.099186,29.801041,0.466321,1764.202208,179.910503
797,2.315733,0.296568,0.100202,64.000000,0.099186,27.637032,0.989861,1766.517941,180.010705
798,2.080712,0.299500,0.282430,64.000000,0.099186,30.758698,0.351188,1768.598653,180.293135
799,1.900645,0.302821,0.616422,64.000000,0.099186,33.672775,0.160906,1770.499299,180.909557
800,2.191595,0.317564,0.279515,64.000000,0.099186,29.202472,0.354850,1772.690894,181.189072
801,2.155099,0.309002,0.484540,64.000000,0.099186,29.697007,0.204701,1774.845993,181.673612
802,2.013390,0.303351,0.054080,64.000000,0.099186,31.787177,1.834076,1776.859384,181.727691
803,2.364638,0.301715,0.008497,64.000000,0.099186,27.065455,11.673674,1779.224022,181.736188
804,2.027132,0.298099,0.493522,64.000000,0.099186,31.571697,0.200976,1781.251154,182.229709
805,2.320742,0.295500,0.129545,64.000000,0.099186,27.577387,0.765647,1783.571896,182.359255
806,2.203706,0.295687,0.193984,64.000000,0.099186,29.041985,0.511310,1785.775602,182.553239
807,2.201878,0.297822,0.222607,64.000000,0.099186,29.066103,0.445566,1787.977479,182.775845
808,2.264572,0.295288,0.218063,64.000000,0.099186,28.261411,0.454851,1790.242051,182.993908
809,2.459296,0.302605,0.001383,64.000000,0.099186,26.023710,71.725950,1792.701347,182.995291
810,2.295272,0.295199,0.108145,64.000000,0.099186,27.883406,0.917156,1794.996619,183.103436
811,2.195880,0.300425,0.339903,64.000000,0.099186,29.145490,0.291807,1797.192499,183.443339
812,2.127807,0.297813,0.205278,64.000000,0.099186,30.077911,0.483180,1799.320307,183.648616
813,2.335027,0.294310,0.075905,64.000000,0.099186,27.408677,1.306720,1801.655333,183.724521
814,2.290494,0.303266,0.223726,64.000000,0.099186,27.941568,0.443337,1803.945828,183.948247
815,2.197463,0.293882,0.216244,64.000000,0.099186,29.124489,0.458676,1806.143291,184.164491
816,2.154989,0.298155,0.171981,64.000000,0.099186,29.698531,0.576726,1808.298280,184.336472
817,2.201185,0.301109,0.322002,64.000000,0.099186,29.075247,0.308029,1810.499465,184.658474
818,2.165427,0.294140,0.156640,64.000000,0.099186,29.555371,0.633209,1812.664892,184.815114
819,2.249300,0.293623,0.068314,64.000000,0.099186,28.453290,1.451903,1814.914193,184.883428
820,2.069361,0.293982,0.371490,64.000000,0.099186,30.927424,0.266995,1816.983553,185.254918
821,2.302951,0.293141,0.146526,64.000000,0.099186,27.790429,0.676918,1819.286504,185.401444
822,2.270951,0.298130,0.077034,64.000000,0.099186,28.182024,1.287560,1821.557456,185.478478
823,2.057805,0.293023,0.387803,64.000000,0.099186,31.101096,0.255763,1823.615261,185.866281
824,2.160252,0.299152,0.288245,64.000000,0.099186,29.626180,0.344103,1825.775512,186.154526
825,2.258108,0.304428,0.104733,64.000000,0.099186,28.342311,0.947033,1828.033620,186.259259
826,2.095802,0.302958,0.355982,64.000000,0.099186,30.537233,0.278626,1830.129423,186.615241
827,2.258744,0.299975,0.159275,64.000000,0.099186,28.334334,0.622733,1832.388166,186.774516
828,1.982513,0.297173,0.445994,64.000000,0.099186,32.282260,0.222393,1834.370679,187.220510
829,1.960459,0.304709,0.395296,64.000000,0.099186,32.645414,0.250915,1836.331139,187.615807
830,2.146465,0.302335,0.191739,64.000000,0.099186,29.816464,0.517296,1838.477604,187.807546
831,2.434554,0.299318,0.001356,64.000000,0.099186,26.288178,73.168693,1840.912158,187.808902
832,2.461861,0.296729,0.001344,64.000000,0.099186,25.996599,73.822904,1843.374019,187.810245
833,2.180658,0.294559,0.204714,64.000000,0.099186,29.348937,0.484510,1845.554677,188.014959
834,2.188542,0.297330,0.222399,64.000000,0.099186,29.243218,0.445981,1847.743218,188.237358
835,2.111732,0.302198,0.246952,64.000000,0.099186,30.306872,0.401641,1849.854951,188.484310
836,2.369899,0.293370,0.001335,64.000000,0.099186,27.005374,74.281063,1852.224849,188.485645
837,2.341724,0.294991,0.026188,64.000000,0.099186,27.330293,3.787491,1854.566573,188.511833
838,2.171639,0.308478,0.101695,64.000000,0.099186,29.470833,0.975325,1856.738212,188.613528
839,2.275254,0.303443,0.159225,64.000000,0.099186,28.128727,0.622931,1859.013466,188.772753
840,2.118516,0.299642,0.290335,64.000000,0.099186,30.209833,0.341626,1861.131982,189.063088
841,2.244386,0.295463,0.102246,64.000000,0.099186,28.515592,0.970070,1863.376368,189.165334
842,2.438350,0.318966,0.320724,64.000000,0.099186,26.247254,0.309257,1865.814718,189.486058
843,2.354015,0.297634,0.068789,64.000000,0.099186,27.187588,1.441882,1868.168733,189.554847
844,2.130565,0.313741,0.463357,64.000000,0.099186,30.038982,0.214060,1870.299298,190.018203
845,2.037394,0.304939,0.291195,64.000000,0.099186,31.412674,0.340617,1872.336692,190.309399
846,2.367998,0.295662,0.032242,64.000000,0.099186,27.027054,3.076325,1874.704690,190.341640
847,2.282117,0.296482,0.109801,64.000000,0.099186,28.044141,0.903327,1876.986807,190.451441
848,2.232808,0.299014,0.103954,64.000000,0.099186,28.663453,0.954129,1879.219615,190.555395
849,2.235019,0.295470,0.148555,64.000000,0.099186,28.635108,0.667673,1881.454634,190.703950
850,2.174740,0.295936,0.217890,64.000000,0.099186,29.428806,0.455212,1883.629374,190.921840
851,2.111062,0.297826,0.204137,64.000000,0.099186,30.316494,0.485880,1885.740436,191.125976
852,2.250075,0.293769,0.055856,64.000000,0.099186,28.443499,1.775745,1887.990511,191.181832
853,2.254311,0.296804,0.095002,64.000000,0.099186,28.390053,1.044044,1890.244821,191.276834
854,2.279880,0.297122,0.205432,64.000000,0.099186,28.071651,0.482817,1892.524701,191.482266
855,2.057711,0.304406,0.207518,64.000000,0.099186,31.102521,0.477963,1894.582412,191.689784
856,2.265595,0.293920,0.101569,64.000000,0.099186,28.248648,0.976536,1896.848008,191.791353
857,2.125734,0.293566,0.227586,64.000000,0.099186,30.107243,0.435817,1898.973742,192.018939
858,2.306428,0.293138,0.155941,64.000000,0.099186,27.748534,0.636049,1901.280170,192.174880
859,2.140915,0.293681,0.216695,64.000000,0.099186,29.893762,0.457722,1903.421085,192.391575
860,2.260915,0.293914,0.087837,64.000000,0.099186,28.307120,1.129207,1905.682000,192.479411
861,1.895152,0.301651,0.570520,64.000000,0.099186,33.770370,0.173852,1907.577153,193.049931
862,2.444670,0.304177,0.026785,64.000000,0.099186,26.179407,3.703037,1910.021822,193.076716
863,2.300744,0.293203,0.170280,64.000000,0.099186,27.817091,0.582488,1912.322566,193.246996
864,2.336387,0.301657,0.130996,64.000000,0.099186,27.392721,0.757167,1914.658953,193.377992
865,2.247790,0.296949,0.096189,64.000000,0.099186,28.472407,1.031159,1916.906744,193.474181
866,2.167203,0.308339,0.463508,64.000000,0.099186,29.531146,0.213990,1919.073947,193.937689
867,2.260321,0.297270,0.118875,64.000000,0.099186,28.314562,0.834375,1921.334268,194.056563
868,2.228284,0.301777,0.147338,64.000000,0.099186,28.721648,0.673185,1923.562552,194.203902
869,2.280376,0.300583,0.064618,64.000000,0.099186,28.065545,1.534958,1925.842929,194.268520
870,2.257795,0.298937,0.080736,64.000000,0.099186,28.346242,1.228516,1928.100724,194.349256
871,2.079591,0.300146,0.251825,64.000000,0.099186,30.775288,0.393869,1930.180314,194.601081
872,2.312280,0.305018,0.124782,64.000000,0.099186,27.678312,0.794877,1932.492594,194.725862
873,2.329012,0.297516,0.001364,64.000000,0.099186,27.479464,72.739632,1934.821606,194.727226
874,2.312828,0.302295,0.001359,64.000000,0.099186,27.671748,73.001051,1937.134434,194.728585
875,2.153169,0.300344,0.295536,64.000000,0.099186,29.723628,0.335613,1939.287603,195.024121
876,2.086737,0.293150,0.227001,64.000000,0.099186,30.669891,0.436940,1941.374340,195.251122
877,2.269607,0.296628,0.112686,64.000000,0.099186,28.198720,0.880200,1943.643947,195.363808
878,2.313877,0.298190,0.058078,64.000000,0.099186,27.659209,1.707799,1945.957824,195.421886
879,2.419568,0.294181,0.061656,64.000000,0.099186,26.451007,1.608690,1948.377391,195.483543
880,2.466253,0.300870,0.091618,64.000000,0.099186,25.950299,1.082604,1950.843644,195.575161
881,2.400726,0.298483,0.039803,64.000000,0.099186,26.658606,2.491897,1953.244370,195.614964
882,2.237922,0.300011,0.261761,64.000000,0.099186,28.597964,0.378918,1955.482291,195.876725
883,2.176471,0.299847,0.156667,64.000000,0.099186,29.405393,0.633100,1957.658763,196.033392
884,2.253233,0.298101,0.070372,64.000000,0.099186,28.403637,1.409447,1959.911995,196.103764
885,2.217902,0.294227,0.150933,64.000000,0.099186,28.856103,0.657151,1962.129897,196.254697
886,2.197099,0.305616,0.292376,64.000000,0.099186,29.129326,0.339241,1964.326996,196.547073
887,2.198904,0.296206,0.113547,64.000000,0.099186,29.105408,0.873523,1966.525900,196.660620
888,2.388953,0.294976,0.125898,64.000000,0.099186,26.789978,0.787828,1968.914853,196.786518
889,2.016109,0.292860,0.434903,64.000000,0.099186,31.744311,0.228065,1970.930962,197.221421
890,1.871244,0.293572,0.572723,64.000000,0.099186,34.201845,0.173183,1972.802206,197.794145
891,2.237567,0.295650,0.327404,64.000000,0.099186,28.602499,0.302947,1975.039773,198.121548
892,2.330188,0.306884,0.337704,64.000000,0.099186,27.465589,0.293707,1977.369961,198.459252
893,1.899227,0.310452,0.438823,64.000000,0.099186,33.697916,0.226027,1979.269189,198.898075
894,2.174198,0.309405,0.230623,64.000000,0.099186,29.436147,0.430079,1981.443386,199.128698
895,2.294319,0.298089,0.129258,64.000000,0.099186,27.894989,0.767348,1983.737705,199.257956
896,2.292740,0.300710,0.141002,64.000000,0.099186,27.914194,0.703439,1986.030445,199.398958
897,2.303755,0.319623,0.133157,64.000000,0.099186,27.780728,0.744878,1988.334201,199.532115
898,2.155128,0.296179,0.272623,64.000000,0.099186,29.696616,0.363821,1990.489328,199.804738
899,2.337223,0.292487,0.245656,64.000000,0.099186,27.382927,0.403760,1992.826551,200.050393
900,2.220425,0.300841,0.229736,64.000000,0.099186,28.823308,0.431738,1995.046976,200.280130
901,2.161002,0.294778,0.317072,64.000000,0.099186,29.615890,0.312818,1997.207978,200.597202
902,2.319390,0.297482,0.113948,64.000000,0.099186,27.593460,0.870448,1999.527369,200.711150
903,2.004779,0.302229,0.359947,64.000000,0.099186,31.923713,0.275557,2001.532148,201.071097
904,2.008904,0.294964,0.365313,64.000000,0.099186,31.858164,0.271509,2003.541052,201.436410
905,2.251038,0.295826,0.148128,64.000000,0.099186,28.431330,0.669595,2005.792090,201.584538
906,2.115876,0.293750,0.296642,64.000000,0.099186,30.247519,0.334363,2007.907966,201.881180
907,2.301899,0.297110,0.180232,64.000000,0.099186,27.803126,0.550324,2010.209865,202.061412
908,2.224354,0.297053,0.183526,64.000000,0.099186,28.772393,0.540447,2012.434220,202.244938
909,2.288082,0.298762,0.090822,64.000000,0.099186,27.971030,1.092091,2014.722301,202.335760
910,2.291903,0.299709,0.142691,64.000000,0.099186,27.924389,0.695110,2017.014205,202.478451
911,2.056043,0.295495,0.242855,64.000000,0.099186,31.127748,0.408417,2019.070248,202.721305
912,2.126627,0.296982,0.319162,64.000000,0.099186,30.094604,0.310770,2021.196875,203.040468
913,2.262193,0.294874,0.153703,64.000000,0.099186,28.291126,0.645310,2023.459069,203.194171
914,2.033441,0.294937,0.418205,64.000000,0.099186,31.473737,0.237171,2025.492510,203.612375
915,2.286286,0.299950,0.130726,64.000000,0.099186,27.992999,0.758732,2027.778796,203.743101
916,2.445611,0.293680,0.001395,64.000000,0.099186,26.169327,71.075611,2030.224407,203.744497
917,2.035986,0.296557,0.434173,64.000000,0.099186,31.434405,0.228448,2032.260393,204.178669
918,1.905790,0.292823,0.499360,64.000000,0.099186,33.581881,0.198626,2034.166183,204.678030
919,2.389401,0.294138,0.121940,64.000000,0.099186,26.784957,0.813401,2036.555583,204.799969
920,2.290404,0.294670,0.114186,64.000000,0.099186,27.942674,0.868633,2038.845987,204.914156
921,2.066917,0.294762,0.354075,64.000000,0.099186,30.963987,0.280127,2040.912904,205.268230
922,2.093283,0.300588,0.288793,64.000000,0.099186,30.573987,0.343449,2043.006187,205.557024
923,1.959269,0.293922,0.510478,64.000000,0.099186,32.665241,0.194300,2044.965456,206.067502
924,2.334351,0.295536,0.035172,64.000000,0.099186,27.416614,2.820062,2047.299807,206.102673
925,2.335972,0.300667,0.054097,64.000000,0.099186,27.397583,1.833478,2049.635780,206.156771
926,2.048730,0.301594,0.257858,64.000000,0.099186,31.238865,0.384653,2051.684510,206.414629
927,2.272204,0.297461,0.234204,64.000000,0.099186,28.166481,0.423502,2053.956714,206.648833
928,2.318329,0.296707,0.117455,64.000000,0.099186,27.606086,0.844456,2056.275043,206.766288
929,2.167265,0.296611,0.241861,64.000000,0.099186,29.530305,0.410094,2058.442308,207.008150
930,2.210180,0.293275,0.135081,64.000000,0.099186,28.956920,0.734270,2060.652488,207.143231
931,2.217987,0.300991,0.171319,64.000000,0.099186,28.854991,0.578956,2062.870475,207.314549
932,2.315733,0.297644,0.095736,64.000000,0.099186,27.637037,1.036036,2065.186208,207.410285
933,2.194756,0.304743,0.094906,64.000000,0.099186,29.160422,1.045097,2067.380964,207.505191
934,2.080640,0.299312,0.194737,64.000000,0.099186,30.759769,0.509333,2069.461604,207.699928
935,2.292920,0.296272,0.148163,64.000000,0.099186,27.912004,0.669439,2071.754524,207.848091
936,2.110027,0.297832,0.306611,64.000000,0.099186,30.331367,0.323491,2073.864551,208.154702
937,2.252556,0.299537,0.208233,64.000000,0.099186,28.412174,0.476322,2076.117107,208.362935
938,2.104327,0.296313,0.441741,64.000000,0.099186,30.413518,0.224534,2078.221434,208.804676
939,1.845452,0.298388,0.596720,64.000000,0.099186,34.679857,0.166219,2080.066886,209.401395
940,2.031075,0.293781,0.261189,64.000000,0.099186,31.510408,0.379747,2082.097961,209.662585
941,2.473943,0.294139,0.279145,64.000000,0.099186,25.869630,0.355321,2084.571904,209.941730
942,2.031595,0.299041,0.135918,64.000000,0.099186,31.502346,0.729747,2086.603499,210.077648
943,2.362667,0.293460,0.136191,64.000000,0.099186,27.088029,0.728284,2088.966166,210.213839
944,2.190986,0.300740,0.165493,64.000000,0.099186,29.210590,0.599337,2091.157152,210.379332
945,1.952346,0.306168,0.374289,64.000000,0.099186,32.781070,0.264999,2093.109499,210.753620
946,1.840751,0.293693,0.577871,64.000000,0.099186,34.768412,0.171640,2094.950250,211.331491
947,2.052981,0.303663,0.422348,64.000000,0.099186,31.174182,0.234844,2097.003231,211.753840
948,2.358205,0.293246,0.177124,64.000000,0.099186,27.139285,0.559980,2099.361436,211.930964
949,2.362259,0.294004,0.087851,64.000000,0.099186,27.092711,1.129020,2101.723695,212.018815
950,2.374651,0.302167,0.342846,64.000000,0.099186,26.951332,0.289302,2104.098346,212.361661
951,2.119198,0.295538,0.261273,64.000000,0.099186,30.200104,0.379626,2106.217544,212.622934
952,2.151707,0.294699,0.285014,64.000000,0.099186,29.743822,0.348003,2108.369251,212.907949
953,1.998770,0.291905,0.578482,64.000000,0.099186,32.019692,0.171459,2110.368021,213.486431
954,2.216616,0.302206,0.261492,64.000000,0.099186,28.872837,0.379308,2112.584637,213.747923
955,2.448139,0.295364,0.045966,64.000000,0.099186,26.142301,2.157791,2115.032777,213.793889
956,2.237768,0.298955,0.121107,64.000000,0.099186,28.599931,0.818996,2117.270544,213.914996
957,2.246518,0.301112,0.052005,64.000000,0.099186,28.488537,1.907241,2119.517062,213.967001
958,2.171009,0.300380,0.226612,64.000000,0.099186,29.479377,0.437690,2121.688071,214.193613
959,2.217806,0.296572,0.243634,64.000000,0.099186,28.857345,0.407111,2123.905877,214.437247
960,2.380209,0.294487,0.083059,64.000000,0.099186,26.888394,1.194164,2126.286087,214.520306
961,2.202603,0.300271,0.132145,64.000000,0.099186,29.056526,0.750586,2128.488690,214.652451
962,2.252138,0.294757,0.256830,64.000000,0.099186,28.417438,0.386194,2130.740828,214.909280
963,2.372050,0.294327,0.063136,64.000000,0.099186,26.980880,1.570992,2133.112878,214.972416
964,2.168172,0.294891,0.209948,64.000000,0.099186,29.517958,0.472431,2135.281050,215.182364
965,2.345115,0.296162,0.001304,64.000000,0.099186,27.290767,76.056483,2137.626165,215.183668
966,2.286731,0.294130,0.080688,64.000000,0.099186,27.987547,1.229254,2139.912897,215.264356
967,2.218814,0.295733,0.145398,64.000000,0.099186,28.844244,0.682167,2142.131710,215.409754
968,2.259569,0.296855,0.043447,64.000000,0.099186,28.323980,2.282912,2144.391280,215.453202
969,2.212677,0.291567,0.143241,64.000000,0.099186,28.924239,0.692439,2146.603957,215.596443
970,2.309128,0.295543,0.078910,64.000000,0.099186,27.716092,1.256954,2148.913085,215.675353
971,2.224337,0.306153,0.275494,64.000000,0.099186,28.772623,0.360030,2151.137421,215.950846
972,2.192499,0.298696,0.143386,64.000000,0.099186,29.190436,0.691741,2153.329920,216.094232
973,2.555059,0.295173,0.001369,64.000000,0.099186,25.048350,72.464458,2155.884979,216.095601
974,1.878858,0.298124,0.497350,64.000000,0.099186,34.063246,0.199429,2157.763837,216.592951
975,2.455320,0.295516,0.069419,64.000000,0.099186,26.065845,1.428799,2160.219157,216.662370
976,2.450227,0.295515,0.120338,64.000000,0.099186,26.120031,0.824225,2162.669384,216.782708
977,2.170579,0.301985,0.119908,64.000000,0.099186,29.485215,0.827182,2164.839963,216.902617
978,1.947338,0.302677,0.409997,64.000000,0.099186,32.865380,0.241919,2166.787301,217.312614
979,2.137151,0.296126,0.305687,64.000000,0.099186,29.946403,0.324469,2168.924453,217.618301
980,2.318484,0.293857,0.105378,64.000000,0.099186,27.604240,0.941242,2171.242937,217.723679
981,2.126388,0.294112,0.224373,64.000000,0.099186,30.097990,0.442059,2173.369325,217.948051
982,2.177378,0.292143,0.135598,64.000000,0.099186,29.393155,0.731472,2175.546703,218.083649
983,2.067324,0.295907,0.335465,64.000000,0.099186,30.957896,0.295667,2177.614027,218.419114
984,2.285240,0.297578,0.183035,64.000000,0.099186,28.005816,0.541896,2179.899266,218.602149
985,2.238283,0.293069,0.229398,64.000000,0.099186,28.593351,0.432375,2182.137549,218.831546
986,2.144044,0.293938,0.331728,64.000000,0.099186,29.850129,0.298998,2184.281593,219.163275
987,2.346689,0.300643,0.013104,64.000000,0.099186,27.272467,7.569144,2186.628282,219.176379
988,2.381902,0.293144,0.049909,64.000000,0.099186,26.869288,1.987337,2189.010184,219.226288
989,2.320693,0.298788,0.240186,64.000000,0.099186,27.577965,0.412954,2191.330877,219.466474
990,2.332143,0.297789,0.048026,64.000000,0.099186,27.442574,2.065276,2193.663020,219.514500
991,2.319621,0.294419,0.116138,64.000000,0.099186,27.590716,0.854036,2195.982641,219.630638
992,2.152271,0.293243,0.213072,64.000000,0.099186,29.736027,0.465504,2198.134912,219.843710
993,2.265886,0.295422,0.222721,64.000000,0.099186,28.245025,0.445338,2200.400798,220.066431
994,2.062985,0.296490,0.332481,64.000000,0.099186,31.023007,0.298320,2202.463783,220.398912
995,2.455600,0.300544,0.245500,64.000000,0.099186,26.062879,0.404016,2204.919383,220.644412
996,2.102937,0.295881,0.325348,64.000000,0.099186,30.433620,0.304861,2207.022320,220.969759
997,2.240102,0.297949,0.167600,64.000000,0.099186,28.570128,0.591802,2209.262422,221.137359
998,2.244132,0.296327,0.228496,64.000000,0.099186,28.518825,0.434081,2211.506554,221.365856
999,2.443845,0.293222,0.001371,64.000000,0.099186,26.188238,72.335087,2213.950399,221.367227
1000,2.096004,0.294068,0.381452,64.000000,0.099186,30.534290,0.260022,2216.046403,221.748679
1001,2.086923,0.295345,0.255805,64.000000,0.099186,30.667153,0.387741,2218.133327,222.004483
1002,2.312510,0.299276,0.220947,64.000000,0.099186,27.675557,0.448912,2220.445837,222.225431
1003,2.263399,0.293878,0.227615,64.000000,0.099186,28.276063,0.435761,2222.709235,222.453046
1004,2.077939,0.294356,0.308231,64.000000,0.099186,30.799748,0.321791,2224.787174,222.761277
1005,2.223554,0.294581,0.192175,64.000000,0.099186,28.782754,0.516122,2227.010728,222.953452
1006,2.259859,0.296040,0.221015,64.000000,0.099186,28.320348,0.448775,2229.270587,223.174467
1007,2.304685,0.296919,0.089860,64.000000,0.099186,27.769517,1.103781,2231.575273,223.264327
1008,2.247717,0.299376,0.090507,64.000000,0.099186,28.473329,1.095897,2233.822990,223.354834
1009,2.270019,0.294557,0.112658,64.000000,0.099186,28.193597,0.880413,2236.093009,223.467492
1010,2.269452,0.298678,0.096429,64.000000,0.099186,28.200636,1.028591,2238.362461,223.563921
1011,2.094424,0.295927,0.251684,64.000000,0.099186,30.557321,0.394089,2240.456886,223.815606
1012,2.102205,0.307644,0.175244,64.000000,0.099186,30.444220,0.565988,2242.559091,223.990849
1013,2.040616,0.293428,0.242399,64.000000,0.099186,31.363083,0.409184,2244.599707,224.233249
1014,2.185077,0.293503,0.266923,64.000000,0.099186,29.289592,0.371590,2246.784783,224.500172
1015,2.043099,0.300605,0.295502,64.000000,0.099186,31.324970,0.335652,2248.827882,224.795674
1016,2.256605,0.295262,0.001459,64.000000,0.099186,28.361190,67.998500,2251.084487,224.797133
1017,2.236139,0.298045,0.192061,64.000000,0.099186,28.620755,0.516429,2253.320626,224.989194
1018,2.430668,0.295508,0.146825,64.000000,0.099186,26.330207,0.675537,2255.751295,225.136019
1019,2.271977,0.297025,0.314974,64.000000,0.099186,28.169296,0.314902,2258.023272,225.450993
1020,2.285799,0.294555,0.132081,64.000000,0.099186,27.998957,0.750950,2260.309071,225.583074
1021,2.237056,0.301772,0.212677,64.000000,0.099186,28.609028,0.466370,2262.546127,225.795751
1022,2.355857,0.301259,0.028526,64.000000,0.099186,27.166334,3.477004,2264.901984,225.824277
1023,2.149434,0.296548,0.195915,64.000000,0.099186,29.775282,0.506272,2267.051418,226.020192
1024,2.053721,0.318614,0.423741,64.000000,0.099186,31.162946,0.234072,2269.105139,226.443933
1025,2.020152,0.306863,0.298716,64.000000,0.099186,31.680786,0.332041,2271.125291,226.742648
1026,2.279728,0.294370,0.071899,64.000000,0.099186,28.073527,1.379512,2273.405019,226.814548
1027,2.195974,0.294785,0.191398,64.000000,0.099186,29.144241,0.518219,2275.600993,227.005945
1028,2.221455,0.300858,0.203426,64.000000,0.099186,28.809950,0.487578,2277.822448,227.209371
1029,2.012692,0.299444,0.380993,64.000000,0.099186,31.798205,0.260335,2279.835140,227.590364
1030,2.152540,0.301257,0.254130,64.000000,0.099186,29.732321,0.390296,2281.987680,227.844494
1031,2.189014,0.297239,0.208222,64.000000,0.099186,29.236909,0.476348,2284.176694,228.052716
1032,2.166009,0.296116,0.336456,64.000000,0.099186,29.547434,0.294796,2286.342703,228.389171
1033,2.422936,0.296717,0.080364,64.000000,0.099186,26.414232,1.234210,2288.765639,228.469535
1034,2.382486,0.298860,0.047875,64.000000,0.099186,26.862702,2.071762,2291.148124,228.517410
1035,2.502791,0.295468,0.001336,64.000000,0.099186,25.571450,74.233308,2293.650916,228.518747
1036,1.991981,0.296024,0.334006,64.000000,0.099186,32.128813,0.296959,2295.642897,228.852752
1037,2.257911,0.295319,0.100953,64.000000,0.099186,28.344780,0.982496,2297.900808,228.953705
1038,2.402592,0.296763,0.139340,64.000000,0.099186,26.637898,0.711827,2300.303400,229.093045
1039,2.446384,0.295184,0.001364,64.000000,0.099186,26.161059,72.718780,2302.749785,229.094409
1040,2.282635,0.294968,0.085876,64.000000,0.099186,28.037772,1.154993,2305.032420,229.180285
1041,2.202346,0.293551,0.198021,64.000000,0.099186,29.059920,0.500887,2307.234766,229.378306
1042,2.186367,0.296597,0.252556,64.000000,0.099186,29.272299,0.392728,2309.421133,229.630862
1043,2.388146,0.301490,0.001384,64.000000,0.099186,26.799033,71.652373,2311.809279,229.632246
1044,2.045943,0.297145,0.327561,64.000000,0.099186,31.281417,0.302801,2313.855222,229.959808
1045,2.210559,0.293643,0.165623,64.000000,0.099186,28.951947,0.598866,2316.065781,230.125431
1046,2.353686,0.295838,0.001402,64.000000,0.099186,27.191392,70.724597,2318.419467,230.126833
1047,1.855156,0.316606,0.462025,64.000000,0.099186,34.498445,0.214677,2320.274624,230.588858
1048,2.311762,0.294029,0.196460,64.000000,0.099186,27.684511,0.504867,2322.586386,230.785317
1049,2.380492,0.293416,0.001289,64.000000,0.099186,26.885193,76.973238,2324.966878,230.786606
1050,2.252053,0.294124,0.110890,64.000000,0.099186,28.418516,0.894451,2327.218931,230.897496
1051,2.348554,0.292275,0.009989,64.000000,0.099186,27.250808,9.929834,2329.567485,230.907485
1052,2.259725,0.294808,0.229481,64.000000,0.099186,28.322031,0.432218,2331.827210,231.136966
1053,1.883113,0.293205,0.483932,64.000000,0.099186,33.986274,0.204958,2333.710323,231.620898
1054,2.314076,0.293646,0.059942,64.000000,0.099186,27.656826,1.654685,2336.024399,231.680841
1055,2.067051,0.294872,0.315523,64.000000,0.099186,30.961980,0.314354,2338.091451,231.996364
1056,2.192179,0.296460,0.214353,64.000000,0.099186,29.194702,0.462723,2340.283629,232.210717
1057,2.238872,0.293861,0.166598,64.000000,0.099186,28.585826,0.595359,2342.522501,232.377315
1058,2.312595,0.293503,0.101715,64.000000,0.099186,27.674541,0.975137,2344.835096,232.479030
1059,2.108555,0.295061,0.196573,64.000000,0.099186,30.352535,0.504576,2346.943651,232.675603
1060,2.208635,0.300212,0.224271,64.000000,0.099186,28.977174,0.442260,2349.152286,232.899874
1061,2.034451,0.314037,0.248151,64.000000,0.099186,31.458113,0.399700,2351.186737,233.148024
1062,2.187991,0.297390,0.153832,64.000000,0.099186,29.250575,0.644767,2353.374728,233.301856
1063,2.112365,0.294198,0.236254,64.000000,0.099186,30.297790,0.419828,2355.487094,233.538110
1064,2.486457,0.296970,0.001505,64.000000,0.099186,25.739432,65.909405,2357.973551,233.539615
1065,2.233436,0.296536,0.154018,64.000000,0.099186,28.655396,0.643989,2360.206987,233.693633
1066,2.198124,0.293818,0.143506,64.000000,0.099186,29.115738,0.691161,2362.405111,233.837140
1067,2.125177,0.297379,0.188532,64.000000,0.099186,30.115138,0.526095,2364.530288,234.025672
1068,1.965052,0.303798,0.357983,64.000000,0.099186,32.569114,0.277069,2366.495340,234.383655
1069,2.334122,0.295471,0.041772,64.000000,0.099186,27.419306,2.374445,2368.829462,234.425427
1070,2.227431,0.299762,0.202624,64.000000,0.099186,28.732650,0.489507,2371.056893,234.628051
1071,1.921435,0.308155,0.443401,64.000000,0.099186,33.308445,0.223694,2372.978328,235.071453
1072,2.306702,0.293210,0.041482,64.000000,0.099186,27.745239,2.391041,2375.285030,235.112935
1073,2.382733,0.293183,0.026240,64.000000,0.099186,26.859909,3.779898,2377.667763,235.139175
1074,2.140482,0.293741,0.219626,64.000000,0.099186,29.899806,0.451613,2379.808245,235.358801
1075,1.993166,0.292929,0.425382,64.000000,0.099186,32.109716,0.233169,2381.801412,235.784184
1076,2.227162,0.296601,0.102406,64.000000,0.099186,28.736125,0.968557,2384.028573,235.886590
1077,2.283090,0.297417,0.154072,64.000000,0.099186,28.032189,0.643763,2386.311663,236.040662
1078,2.259123,0.296267,0.121593,64.000000,0.099186,28.329582,0.815722,2388.570786,236.162255
1079,2.157946,0.295326,0.344820,64.000000,0.099186,29.657837,0.287645,2390.728731,236.507075
1080,2.186349,0.291051,0.213473,64.000000,0.099186,29.272550,0.464631,2392.915080,236.720547
1081,2.312237,0.294091,0.109061,64.000000,0.099186,27.678827,0.909457,2395.227316,236.829608
1082,2.233395,0.290548,0.129397,64.000000,0.099186,28.655930,0.766526,2397.460711,236.959004
1083,2.264734,0.292816,0.171881,64.000000,0.099186,28.259384,0.577062,2399.725446,237.130885
1084,2.057493,0.298804,0.316238,64.000000,0.099186,31.105813,0.313643,2401.782939,237.447123
1085,2.100818,0.297145,0.283537,64.000000,0.099186,30.464330,0.349817,2403.883756,237.730660
1086,2.066027,0.297686,0.441666,64.000000,0.099186,30.977325,0.224572,2405.949784,238.172326
1087,2.470234,0.293603,0.001421,64.000000,0.099186,25.908475,69.794404,2408.420018,238.173747
1088,2.125792,0.285290,0.632077,64.000000,0.099186,30.106427,0.156921,2410.545810,238.805824
1089,2.417490,0.294884,0.034267,64.000000,0.099186,26.473739,2.894502,2412.963300,238.840091
1090,1.923763,0.291338,0.630359,64.000000,0.099186,33.268131,0.157348,2414.887063,239.470450
1091,2.355589,0.298289,0.052418,64.000000,0.099186,27.169427,1.892206,2417.242652,239.522868
1092,2.144125,0.297028,0.259231,64.000000,0.099186,29.849012,0.382617,2419.386776,239.782099
1093,2.353672,0.295657,0.069613,64.000000,0.099186,27.191552,1.424813,2421.740449,239.851712
1094,2.323127,0.292320,0.097231,64.000000,0.099186,27.549080,1.020111,2424.063575,239.948943
1095,2.064260,0.288504,0.570351,64.000000,0.099186,31.003843,0.173903,2426.127835,240.519294
1096,2.242649,0.293188,0.104114,64.000000,0.099186,28.537675,0.952667,2428.370485,240.623408
1097,2.250815,0.293213,0.216970,64.000000,0.099186,28.434144,0.457141,2430.621300,240.840378
1098,2.306791,0.292101,0.093650,64.000000,0.099186,27.744174,1.059117,2432.928091,240.934028
1099,2.311400,0.293049,0.203665,64.000000,0.099186,27.688841,0.487006,2435.239491,241.137692
1100,2.051733,0.295928,0.058692,64.000000,0.099186,31.193136,1.689940,2437.291224,241.196384
