step,read_time_sec,compute_time_sec,write_time_sec,data_read_mb,data_written_mb,read_throughput_mb_s,write_throughput_mb_s,cumulative_read_time,cumulative_write_time
1,3.121657,0.056750,0.239322,64.000000,0.099186,20.501934,0.414446,3.121657,0.239322
2,3.137832,0.057187,0.248341,64.000000,0.099186,20.396245,0.399394,6.259489,0.487663
3,2.727805,0.072697,0.317340,64.000000,0.099186,23.462092,0.312554,8.987294,0.805003
4,2.984049,0.059494,0.150522,64.000000,0.099186,21.447369,0.658947,11.971343,0.955525
5,2.680230,0.073633,0.319517,64.000000,0.099186,23.878546,0.310425,14.651573,1.275042
6,2.678136,0.078694,0.256506,64.000000,0.099186,23.897215,0.386681,17.329709,1.531548
7,2.630994,0.075370,0.383511,64.000000,0.099186,24.325406,0.258626,19.960703,1.915059
8,2.873836,0.060226,0.558885,64.000000,0.099186,22.269887,0.177471,22.834539,2.473944
9,2.698494,0.058541,0.117121,64.000000,0.099186,23.716933,0.846869,25.533033,2.591065
10,2.715851,0.074169,0.336849,64.000000,0.099186,23.565358,0.294452,28.248884,2.927914
11,2.871566,0.075222,0.257560,64.000000,0.099186,22.287487,0.385098,31.120451,3.185474
12,3.013189,0.062105,0.150567,64.000000,0.099186,21.239959,0.658750,34.133639,3.336041
13,3.052910,0.078389,0.240215,64.000000,0.099186,20.963604,0.412905,37.186549,3.576256
14,2.907194,0.074640,0.409410,64.000000,0.099186,22.014355,0.242266,40.093743,3.985666
15,3.176227,0.069729,0.175587,64.000000,0.099186,20.149692,0.564880,43.269970,4.161254
16,3.216939,0.059553,0.146893,64.000000,0.099186,19.894688,0.675227,46.486910,4.308146
17,3.246376,0.059922,0.178226,64.000000,0.099186,19.714291,0.556517,49.733286,4.486372
18,2.922010,0.074167,0.533572,64.000000,0.099186,21.902732,0.185890,52.655296,5.019945
19,3.271982,0.059910,0.211852,64.000000,0.099186,19.560012,0.468186,55.927277,5.231796
20,2.997713,0.076608,0.400185,64.000000,0.099186,21.349611,0.247850,58.924990,5.631981
21,2.991563,0.074558,0.378760,64.000000,0.099186,21.393499,0.261870,61.916553,6.010741
22,3.186766,0.073647,0.211763,64.000000,0.099186,20.083053,0.468381,65.103319,6.222504
23,3.061195,0.075572,0.353237,64.000000,0.099186,20.906871,0.280792,68.164514,6.575741
24,3.053759,0.074360,0.341500,64.000000,0.099186,20.957780,0.290442,71.218272,6.917241
25,3.029850,0.074425,0.405926,64.000000,0.099186,21.123161,0.244345,74.248122,7.323168
26,3.314053,0.059013,0.138995,64.000000,0.099186,19.311703,0.713591,77.562174,7.462163
27,2.913167,0.077241,1.164744,64.000000,0.099186,21.969216,0.085157,80.475342,8.626908
28,2.653306,0.060670,0.014801,64.000000,0.099186,24.120848,6.701237,83.128648,8.641709
29,2.908574,0.077120,0.380892,64.000000,0.099186,22.003913,0.260404,86.037221,9.022601
30,3.041369,0.079772,0.264713,64.000000,0.099186,21.043152,0.374692,89.078591,9.287314
31,3.142589,0.058700,0.196189,64.000000,0.099186,20.365372,0.505563,92.221180,9.483503
32,3.243644,0.063290,0.179313,64.000000,0.099186,19.730896,0.553144,95.464824,9.662816
33,3.163382,0.058999,0.257811,64.000000,0.099186,20.231513,0.384724,98.628206,9.920626
34,3.189867,0.060533,0.176068,64.000000,0.099186,20.063535,0.563339,101.818072,10.096694
35,2.934541,0.076417,0.416419,64.000000,0.099186,21.809202,0.238188,104.752613,10.513113
36,2.945150,0.076540,1.253263,64.000000,0.099186,21.730640,0.079142,107.697764,11.766376
37,2.801470,0.059833,0.104353,64.000000,0.099186,22.845151,0.950487,110.499234,11.870729
38,3.195374,0.059882,0.185101,64.000000,0.099186,20.028954,0.535848,113.694608,12.055830
39,3.124659,0.074382,0.221884,64.000000,0.099186,20.482232,0.447017,116.819267,12.277714
40,3.197876,0.060526,0.202220,64.000000,0.099186,20.013283,0.490485,120.017143,12.479934
41,3.080689,0.060237,0.135369,64.000000,0.099186,20.774574,0.732706,123.097832,12.615303
42,3.128420,0.059461,0.159525,64.000000,0.099186,20.457613,0.621757,126.226252,12.774829
43,3.225157,0.057663,0.158890,64.000000,0.099186,19.843993,0.624243,129.451409,12.933718
44,3.315505,0.058051,0.221000,64.000000,0.099186,19.303241,0.448805,132.766915,13.154719
45,3.286040,0.060277,0.127097,64.000000,0.099186,19.476332,0.780393,136.052954,13.281816
46,3.200422,0.066737,0.179223,64.000000,0.099186,19.997363,0.553422,139.253376,13.461039
47,3.383684,0.064552,0.137975,64.000000,0.099186,18.914295,0.718871,142.637060,13.599014
48,3.018914,0.075353,0.372696,64.000000,0.099186,21.199677,0.266131,145.655974,13.971710
49,3.144175,0.078522,0.197116,64.000000,0.099186,20.355102,0.503185,148.800149,14.168827
50,3.200582,0.075417,0.205484,64.000000,0.099186,19.996366,0.482694,152.000731,14.374311
51,3.141620,0.081107,0.298900,64.000000,0.099186,20.371655,0.331836,155.142351,14.673211
52,3.173276,0.084118,0.231321,64.000000,0.099186,20.168434,0.428780,158.315626,14.904533
53,3.310456,0.060142,0.149752,64.000000,0.099186,19.332685,0.662334,161.626082,15.054285
54,3.189089,0.082442,0.191010,64.000000,0.099186,20.068429,0.519271,164.815171,15.245295
55,3.243013,0.075334,0.194591,64.000000,0.099186,19.734736,0.509715,168.058184,15.439885
56,3.361086,0.061655,0.122605,64.000000,0.099186,19.041467,0.808991,171.419269,15.562490
57,3.103899,0.074044,0.361737,64.000000,0.099186,20.619226,0.274194,174.523169,15.924227
58,3.287828,0.059873,0.215498,64.000000,0.099186,19.465740,0.460264,177.810996,16.139725
59,3.249334,0.059516,0.258182,64.000000,0.099186,19.696347,0.384171,181.060330,16.397907
60,3.004908,0.074488,0.327348,64.000000,0.099186,21.298491,0.302999,184.065237,16.725255
61,2.848458,0.073616,0.497005,64.000000,0.099186,22.468297,0.199567,186.913695,17.222260
62,2.811635,0.078312,0.435062,64.000000,0.099186,22.762557,0.227981,189.725330,17.657322
63,2.886085,0.074306,0.392604,64.000000,0.099186,22.175369,0.252636,192.611415,18.049925
64,3.114076,0.074453,0.280513,64.000000,0.099186,20.551844,0.353588,195.725491,18.330438
65,3.067047,0.060355,0.210414,64.000000,0.099186,20.866980,0.471385,198.792538,18.540852
66,2.840893,0.077953,0.317384,64.000000,0.099186,22.528127,0.312511,201.633431,18.858236
67,3.002056,0.074812,0.171914,64.000000,0.099186,21.318722,0.576952,204.635487,19.030150
68,3.014293,0.075414,0.224498,64.000000,0.099186,21.232175,0.441812,207.649780,19.254648
69,2.938243,0.074153,0.345474,64.000000,0.099186,21.781728,0.287101,210.588023,19.600122
70,3.067187,0.058756,0.186309,64.000000,0.099186,20.866027,0.532372,213.655209,19.786432
71,3.146558,0.061469,0.162961,64.000000,0.099186,20.339684,0.608649,216.801768,19.949392
72,3.096465,0.058235,0.247979,64.000000,0.099186,20.668730,0.399977,219.898233,20.197371
73,2.864967,0.074154,0.324215,64.000000,0.099186,22.338823,0.305926,222.763200,20.521586
74,2.946088,0.077832,0.415039,64.000000,0.099186,21.723721,0.238980,225.709288,20.936625
75,2.891545,0.073466,0.388950,64.000000,0.099186,22.133493,0.255010,228.600834,21.325575
76,3.172909,0.059804,0.210651,64.000000,0.099186,20.170766,0.470853,231.773743,21.536226
77,3.092623,0.082752,0.210985,64.000000,0.099186,20.694408,0.470109,234.866365,21.747211
78,3.224235,0.059955,0.140509,64.000000,0.099186,19.849672,0.705905,238.090600,21.887720
79,3.029544,0.073814,0.201365,64.000000,0.099186,21.125294,0.492567,241.120144,22.089086
80,3.065262,0.059401,0.189936,64.000000,0.099186,20.879128,0.522207,244.185406,22.279022
81,3.038476,0.078860,0.196566,64.000000,0.099186,21.063193,0.504593,247.223882,22.475588
82,2.944195,0.074150,0.308209,64.000000,0.099186,21.737689,0.321814,250.168077,22.783797
83,3.141221,0.059792,0.202851,64.000000,0.099186,20.374242,0.488959,253.309298,22.986648
84,3.165507,0.074391,0.158533,64.000000,0.099186,20.217931,0.625649,256.474805,23.145181
85,3.057136,0.075017,0.239310,64.000000,0.099186,20.934627,0.414467,259.531941,23.384490
86,3.153008,0.059988,0.229079,64.000000,0.099186,20.298076,0.432977,262.684949,23.613569
87,2.975880,0.075600,0.293210,64.000000,0.099186,21.506240,0.338276,265.660829,23.906780
88,2.771442,0.073471,0.414264,64.000000,0.099186,23.092671,0.239427,268.432271,24.321044
89,2.933002,0.064749,0.167615,64.000000,0.099186,21.820646,0.591748,271.365273,24.488659
90,3.097947,0.067741,0.128034,64.000000,0.099186,20.658843,0.774687,274.463220,24.616693
91,2.953399,0.080002,0.212162,64.000000,0.099186,21.669947,0.467500,277.416619,24.828855
92,2.924296,0.075264,0.252973,64.000000,0.099186,21.885608,0.392082,280.340915,25.081828
93,3.129779,0.066352,0.080626,64.000000,0.099186,20.448729,1.230195,283.470694,25.162454
94,3.033192,0.080274,0.158346,64.000000,0.099186,21.099883,0.626389,286.503886,25.320800
95,3.003431,0.079214,0.205241,64.000000,0.099186,21.308964,0.483266,289.507317,25.526041
96,3.056363,0.060099,0.169606,64.000000,0.099186,20.939923,0.584801,292.563680,25.695647
97,2.751148,0.075775,0.291961,64.000000,0.099186,23.263013,0.339723,295.314828,25.987608
98,3.060063,0.066014,0.107563,64.000000,0.099186,20.914604,0.922118,298.374891,26.095171
99,3.082582,0.064392,0.126700,64.000000,0.099186,20.761819,0.782840,301.457473,26.221871
100,2.820758,0.080656,0.339302,64.000000,0.099186,22.688935,0.292323,304.278231,26.561173
101,3.007048,0.074102,0.253895,64.000000,0.099186,21.283331,0.390657,307.285279,26.815068
102,2.995343,0.081464,0.185759,64.000000,0.099186,21.366504,0.533950,310.280621,27.000827
103,2.608020,0.078720,0.186494,64.000000,0.099186,24.539691,0.531844,312.888641,27.187322
104,2.586083,0.077571,0.242048,64.000000,0.099186,24.747856,0.409777,315.474724,27.429370
105,2.686456,0.061847,0.254283,64.000000,0.099186,23.823205,0.390061,318.161180,27.683654
106,2.780205,0.065123,0.123541,64.000000,0.099186,23.019885,0.802859,320.941385,27.807194
107,2.487714,0.075397,0.359085,64.000000,0.099186,25.726434,0.276219,323.429099,28.166279
108,2.728467,0.059976,0.179616,64.000000,0.099186,23.456397,0.552212,326.157566,28.345895
109,2.346244,0.077639,0.397542,64.000000,0.099186,27.277642,0.249498,328.503810,28.743436
110,2.483986,0.075021,0.347486,64.000000,0.099186,25.765044,0.285439,330.987795,29.090922
111,2.608261,0.077611,0.336397,64.000000,0.099186,24.537418,0.294848,333.596057,29.427320
112,2.600701,0.078873,0.327285,64.000000,0.099186,24.608747,0.303057,336.196758,29.754604
113,2.698577,0.078229,0.208519,64.000000,0.099186,23.716201,0.475669,338.895335,29.963123
114,2.617986,0.074164,0.347772,64.000000,0.099186,24.446272,0.285204,341.513321,30.310895
115,2.853713,0.080971,0.227780,64.000000,0.099186,22.426920,0.435446,344.367034,30.538675
116,2.664841,0.079327,0.262628,64.000000,0.099186,24.016441,0.377667,347.031876,30.801303
117,2.761967,0.064616,0.243255,64.000000,0.099186,23.171893,0.407745,349.793842,31.044558
118,2.752404,0.067519,0.252038,64.000000,0.099186,23.252402,0.393535,352.546246,31.296596
119,2.824220,0.066047,0.211787,64.000000,0.099186,22.661124,0.468328,355.370466,31.508383
120,2.907858,0.059900,0.132347,64.000000,0.099186,22.009324,0.749436,358.278325,31.640731
121,2.570186,0.073172,0.377923,64.000000,0.099186,24.900918,0.262450,360.848511,32.018654
122,2.669348,0.079479,0.314526,64.000000,0.099186,23.975893,0.315350,363.517859,32.333180
123,2.741352,0.076158,0.305098,64.000000,0.099186,23.346144,0.325095,366.259211,32.638278
124,2.655128,0.078477,0.323121,64.000000,0.099186,24.104296,0.306962,368.914339,32.961399
125,2.577876,0.067021,0.113808,64.000000,0.099186,24.826643,0.871519,371.492215,33.075208
126,2.729659,0.064051,0.123325,64.000000,0.099186,23.446156,0.804263,374.221874,33.198533
127,2.556418,0.078022,0.198136,64.000000,0.099186,25.035031,0.500596,376.778291,33.396669
128,2.674226,0.078880,0.138952,64.000000,0.099186,23.932155,0.713815,379.452518,33.535621
129,2.418240,0.080048,0.377199,64.000000,0.099186,26.465525,0.262954,381.870758,33.912820
130,2.607507,0.060154,0.176535,64.000000,0.099186,24.544513,0.561847,384.478266,34.089355
131,2.669028,0.059016,0.219431,64.000000,0.099186,23.978768,0.452014,387.147294,34.308786
132,2.490369,0.058859,0.188671,64.000000,0.099186,25.699001,0.525708,389.637663,34.497458
133,2.378495,0.076506,0.395287,64.000000,0.099186,26.907769,0.250921,392.016158,34.892745
134,2.436146,0.074702,0.351062,64.000000,0.099186,26.271005,0.282531,394.452304,35.243807
135,2.550682,0.078084,0.297443,64.000000,0.099186,25.091330,0.333462,397.002986,35.541250
136,2.536867,0.078313,0.337960,64.000000,0.099186,25.227965,0.293484,399.539853,35.879210
137,2.518210,0.082016,0.319944,64.000000,0.099186,25.414874,0.310010,402.058063,36.199154
138,2.565391,0.076143,0.244747,64.000000,0.099186,24.947466,0.405260,404.623454,36.443900
139,2.495158,0.073789,0.331872,64.000000,0.099186,25.649675,0.298868,407.118613,36.775772
140,2.413587,0.076145,0.316762,64.000000,0.099186,26.516546,0.313124,409.532200,37.092534
141,2.490507,0.062781,0.140234,64.000000,0.099186,25.697577,0.707287,412.022707,37.232769
142,2.648646,0.078726,0.189397,64.000000,0.099186,24.163294,0.523694,414.671353,37.422165
143,2.446043,0.077631,0.229066,64.000000,0.099186,26.164706,0.433001,417.117396,37.651232
144,2.461618,0.078013,0.379930,64.000000,0.099186,25.999163,0.261064,419.579013,38.031161
145,2.763203,0.061424,0.212344,64.000000,0.099186,23.161523,0.467100,422.342217,38.243505
146,2.791618,0.059480,0.184955,64.000000,0.099186,22.925774,0.536269,425.133835,38.428461
147,2.617901,0.074803,0.307242,64.000000,0.099186,24.447063,0.322827,427.751736,38.735703
148,2.874334,0.059255,0.190750,64.000000,0.099186,22.266027,0.519979,430.626070,38.926452
149,2.770674,0.074419,0.299349,64.000000,0.099186,23.099074,0.331339,433.396744,39.225801
150,2.840829,0.076038,0.185510,64.000000,0.099186,22.528638,0.534667,436.237573,39.411311
151,2.952424,0.060570,0.209573,64.000000,0.099186,21.677104,0.473277,439.189997,39.620884
152,3.222558,0.065038,0.112184,64.000000,0.099186,19.860001,0.884138,442.412554,39.733068
153,2.631296,0.077750,0.467907,64.000000,0.099186,24.322612,0.211978,445.043851,40.200975
154,2.854673,0.077651,0.339280,64.000000,0.099186,22.419381,0.292342,447.898523,40.540255
155,2.756386,0.076032,0.412217,64.000000,0.099186,23.218805,0.240616,450.654910,40.952471
156,3.038833,0.076892,0.167065,64.000000,0.099186,21.060714,0.593698,453.693743,41.119536
157,2.779838,0.076457,0.436187,64.000000,0.099186,23.022928,0.227393,456.473581,41.555723
158,2.828972,0.074931,0.333079,64.000000,0.099186,22.623056,0.297785,459.302553,41.888802
159,2.625621,0.073884,0.457018,64.000000,0.099186,24.375182,0.217028,461.928175,42.345820
160,2.974463,0.063762,0.145475,64.000000,0.099186,21.516488,0.681806,464.902638,42.491296
161,3.049810,0.059095,0.130810,64.000000,0.099186,20.984912,0.758242,467.952448,42.622106
162,2.908021,0.074359,0.209353,64.000000,0.099186,22.008094,0.473774,470.860469,42.831459
163,2.951663,0.115187,0.151121,64.000000,0.099186,21.682694,0.656336,473.812132,42.982579
164,3.063843,0.112776,0.179601,64.000000,0.099186,20.888798,0.552256,476.875975,43.162181
165,2.770252,0.138251,0.279091,64.000000,0.099186,23.102591,0.355389,479.646227,43.441272
166,2.811854,0.128289,0.275437,64.000000,0.099186,22.760781,0.360103,482.458081,43.716710
167,2.704926,0.130838,0.412704,64.000000,0.099186,23.660535,0.240332,485.163007,44.129414
168,2.783753,0.127245,0.465342,64.000000,0.099186,22.990543,0.213147,487.946761,44.594755
169,2.806506,0.134746,0.429119,64.000000,0.099186,22.804154,0.231138,490.753267,45.023875
170,2.838463,0.135028,0.351987,64.000000,0.099186,22.547412,0.281788,493.591730,45.375862
171,3.046700,0.129041,0.146501,64.000000,0.099186,21.006334,0.677033,496.638430,45.522363
172,3.104049,0.114317,0.138949,64.000000,0.099186,20.618228,0.713828,499.742480,45.661312
173,3.152604,0.115315,0.169772,64.000000,0.099186,20.300680,0.584231,502.895083,45.831084
174,3.095064,0.127524,0.130641,64.000000,0.099186,20.678085,0.759223,505.990148,45.961726
175,3.204038,0.125535,0.115860,64.000000,0.099186,19.974797,0.856088,509.194185,46.077585
176,2.864069,0.126795,0.274694,64.000000,0.099186,22.345827,0.361078,512.058255,46.352279
177,2.931366,0.126131,0.256498,64.000000,0.099186,21.832825,0.386693,514.989621,46.608777
178,3.165115,0.113715,0.064992,64.000000,0.099186,20.220435,1.526132,518.154735,46.673769
179,3.074537,0.126683,0.213037,64.000000,0.099186,20.816140,0.465582,521.229273,46.886806
180,3.140536,0.113877,0.151829,64.000000,0.099186,20.378688,0.653276,524.369809,47.038634
181,3.213441,0.113397,0.082370,64.000000,0.099186,19.916347,1.204155,527.583249,47.121004
182,3.062136,0.143334,0.156263,64.000000,0.099186,20.900441,0.634738,530.645386,47.277267
183,2.930390,0.134524,0.362431,64.000000,0.099186,21.840095,0.273668,533.575776,47.639698
184,2.949552,0.130902,0.307964,64.000000,0.099186,21.698212,0.322070,536.525328,47.947662
185,3.032108,0.134320,0.216729,64.000000,0.099186,21.107431,0.457649,539.557435,48.164392
186,3.167399,0.120087,0.183282,64.000000,0.099186,20.205851,0.541164,542.724835,48.347674
187,2.973384,0.133930,0.737347,64.000000,0.099186,21.524295,0.134517,545.698219,49.085022
188,2.684864,0.111709,0.038150,64.000000,0.099186,23.837334,2.599918,548.383083,49.123171
189,2.664770,0.133214,0.344358,64.000000,0.099186,24.017082,0.288032,551.047853,49.467529
190,2.845826,0.116759,0.153503,64.000000,0.099186,22.489074,0.646151,553.893679,49.621032
191,2.789351,0.112930,0.200273,64.000000,0.099186,22.944406,0.495254,556.683030,49.821305
192,2.606114,0.123537,0.378681,64.000000,0.099186,24.557639,0.261925,559.289144,50.199985
193,2.391999,0.127082,0.367673,64.000000,0.099186,26.755860,0.269767,561.681143,50.567658
194,2.766749,0.122170,0.120444,64.000000,0.099186,23.131843,0.823501,564.447892,50.688103
195,2.484720,0.124983,0.429944,64.000000,0.099186,25.757424,0.230695,566.932613,51.118047
196,2.760233,0.112303,0.154930,64.000000,0.099186,23.186451,0.640200,569.692845,51.272976
197,2.698919,0.124965,0.863354,64.000000,0.099186,23.713202,0.114884,572.391764,52.136330
198,2.439373,0.111412,0.045984,64.000000,0.099186,26.236251,2.156965,574.831137,52.182314
199,2.930646,0.111050,0.190845,64.000000,0.099186,21.838187,0.519721,577.761783,52.373159
200,2.813285,0.129384,0.274795,64.000000,0.099186,22.749207,0.360945,580.575068,52.647954
201,2.841784,0.112271,0.142123,64.000000,0.099186,22.521062,0.697889,583.416852,52.790077
202,2.927284,0.123887,0.145599,64.000000,0.099186,21.863267,0.681229,586.344136,52.935675
203,2.650398,0.127134,0.421189,64.000000,0.099186,24.147314,0.235490,588.994535,53.356865
204,3.025638,0.112361,0.071882,64.000000,0.099186,21.152566,1.379843,592.020172,53.428747
205,2.990156,0.113256,0.160914,64.000000,0.099186,21.403565,0.616390,595.010328,53.589661
206,2.873221,0.127457,0.290262,64.000000,0.099186,22.274650,0.341712,597.883550,53.879923
207,2.769612,0.134226,0.384788,64.000000,0.099186,23.107928,0.257768,600.653162,54.264711
208,2.947390,0.129337,0.190251,64.000000,0.099186,21.714126,0.521343,603.600552,54.454962
209,2.823857,0.139541,0.288570,64.000000,0.099186,22.664038,0.343715,606.424409,54.743533
210,3.181296,0.115900,0.190053,64.000000,0.099186,20.117589,0.521885,609.605705,54.933586
211,2.962202,0.131441,0.208079,64.000000,0.099186,21.605549,0.476674,612.567907,55.141665
212,2.812568,0.127053,0.310011,64.000000,0.099186,22.755002,0.319943,615.380475,55.451676
213,2.737344,0.124584,0.408982,64.000000,0.099186,23.380325,0.242519,618.117819,55.860658
214,2.913076,0.127637,0.202065,64.000000,0.099186,21.969905,0.490861,621.030895,56.062723
215,3.151632,0.121408,0.187226,64.000000,0.099186,20.306939,0.529767,624.182527,56.249949
216,2.843094,0.137180,0.344812,64.000000,0.099186,22.510684,0.287653,627.025622,56.594760
217,2.803242,0.132425,0.435100,64.000000,0.099186,22.830707,0.227961,629.828864,57.029860
218,2.933351,0.126880,0.246713,64.000000,0.099186,21.818049,0.402030,632.762215,57.276573
219,3.082715,0.126091,0.213362,64.000000,0.099186,20.760919,0.464871,635.844930,57.489935
220,2.925049,0.136983,0.366505,64.000000,0.099186,21.879976,0.270626,638.769979,57.856440
221,3.164155,0.112116,0.144034,64.000000,0.099186,20.226571,0.688631,641.934134,58.000474
222,3.128153,0.112840,0.140609,64.000000,0.099186,20.459357,0.705403,645.062287,58.141083
223,2.767280,0.133477,0.402269,64.000000,0.099186,23.127404,0.246566,647.829567,58.543352
224,2.869228,0.127844,0.329268,64.000000,0.099186,22.305648,0.301232,650.698795,58.872619
225,3.103699,0.122662,0.189235,64.000000,0.099186,20.620554,0.524143,653.802495,59.061854
226,3.153478,0.113860,0.149300,64.000000,0.099186,20.295051,0.664341,656.955973,59.211154
227,2.875885,0.142888,0.201559,64.000000,0.099186,22.254018,0.492093,659.831858,59.412713
228,2.936562,0.130312,0.188833,64.000000,0.099186,21.794193,0.525258,662.768420,59.601546
229,3.053768,0.121356,0.103267,64.000000,0.099186,20.957714,0.960484,665.822188,59.704812
230,3.020289,0.122954,0.158333,64.000000,0.099186,21.190028,0.626439,668.842477,59.863145
231,2.581501,0.127126,0.439457,64.000000,0.099186,24.791776,0.225701,671.423978,60.302602
232,2.692911,0.124090,0.417133,64.000000,0.099186,23.766101,0.237780,674.116889,60.719736
233,2.828567,0.132989,0.372569,64.000000,0.099186,22.626302,0.266221,676.945456,61.092305
234,2.907043,0.131442,0.300091,64.000000,0.099186,22.015500,0.330520,679.852498,61.392396
235,3.033692,0.128704,0.275789,64.000000,0.099186,21.096408,0.359644,682.886190,61.668185
236,2.907699,0.125249,0.327159,64.000000,0.099186,22.010529,0.303174,685.793890,61.995344
237,2.582320,0.135850,0.369774,64.000000,0.099186,24.783911,0.268234,688.376210,62.365118
238,2.612657,0.132016,0.390106,64.000000,0.099186,24.496136,0.254254,690.988867,62.755224
239,2.644438,0.127238,0.417299,64.000000,0.099186,24.201741,0.237686,693.633305,63.172523
240,2.974231,0.113222,0.155828,64.000000,0.099186,21.518169,0.636508,696.607536,63.328351
241,2.920540,0.119171,0.163584,64.000000,0.099186,21.913752,0.606331,699.528076,63.491935
242,2.949498,0.119289,0.135839,64.000000,0.099186,21.698605,0.730173,702.477574,63.627774
243,2.868502,0.130450,0.163785,64.000000,0.099186,22.311299,0.605587,705.346076,63.791559
244,2.911913,0.133007,0.227869,64.000000,0.099186,21.978679,0.435276,708.257989,64.019428
245,2.790633,0.127757,0.468433,64.000000,0.099186,22.933864,0.211740,711.048622,64.487861
246,3.020455,0.126597,0.234519,64.000000,0.099186,21.188859,0.422934,714.069077,64.722380
247,2.878729,0.127063,0.449349,64.000000,0.099186,22.232030,0.220732,716.947807,65.171729
248,3.035431,0.125159,0.144286,64.000000,0.099186,21.084320,0.687425,719.983238,65.316016
249,2.735224,0.132485,0.372624,64.000000,0.099186,23.398446,0.266182,722.718462,65.688640
250,3.036664,0.131093,0.169183,64.000000,0.099186,21.075762,0.586263,725.755126,65.857823
251,3.138012,0.117869,0.141857,64.000000,0.099186,20.395081,0.699196,728.893137,65.999680
252,2.724638,0.126500,0.354093,64.000000,0.099186,23.489360,0.280113,731.617775,66.353773
253,3.240809,0.111888,0.075756,64.000000,0.099186,19.748154,1.309277,734.858585,66.429530
254,3.000930,0.111921,0.205933,64.000000,0.099186,21.326719,0.481642,737.859515,66.635462
255,3.251459,0.120473,0.111927,64.000000,0.099186,19.683474,0.886167,741.110973,66.747389
256,2.978236,0.127234,0.344115,64.000000,0.099186,21.489231,0.288235,744.089209,67.091504
257,2.765857,0.127553,0.452326,64.000000,0.099186,23.139305,0.219280,746.855066,67.543830
258,3.132169,0.115511,0.057793,64.000000,0.099186,20.433124,1.716237,749.987235,67.601623
259,3.117899,0.112085,0.537373,64.000000,0.099186,20.526643,0.184576,753.105134,68.138996
260,2.915618,0.113058,0.076278,64.000000,0.099186,21.950747,1.300315,756.020753,68.215275
261,2.730810,0.135946,0.375045,64.000000,0.099186,23.436267,0.264464,758.751563,68.590320
262,2.908296,0.133692,0.373291,64.000000,0.099186,22.006015,0.265707,761.659859,68.963611
263,2.878224,0.134970,0.318887,64.000000,0.099186,22.235936,0.311038,764.538083,69.282498
264,3.265816,0.120985,0.083558,64.000000,0.099186,19.596942,1.187032,767.803898,69.366056
265,3.058367,0.128193,0.162035,64.000000,0.099186,20.926203,0.612125,770.862265,69.528092
266,2.855851,0.126998,0.350705,64.000000,0.099186,22.410135,0.282819,773.718115,69.878796
267,2.825669,0.136909,0.366716,64.000000,0.099186,22.649505,0.270471,776.543784,70.245512
268,3.056951,0.128386,0.746272,64.000000,0.099186,20.935890,0.132909,779.600736,70.991784
269,2.750853,0.118550,0.057687,64.000000,0.099186,23.265515,1.719393,782.351588,71.049471
270,3.135811,0.123682,0.195716,64.000000,0.099186,20.409391,0.506786,785.487399,71.245186
271,3.060069,0.114684,0.150337,64.000000,0.099186,20.914564,0.659757,788.547468,71.395523
272,2.828144,0.127709,0.418181,64.000000,0.099186,22.629681,0.237184,791.375612,71.813704
273,3.007248,0.142635,0.230187,64.000000,0.099186,21.281918,0.430893,794.382860,72.043891
274,2.859235,0.138191,0.366368,64.000000,0.099186,22.383606,0.270727,797.242096,72.410260
275,3.084298,0.141477,0.145341,64.000000,0.099186,20.750265,0.682434,800.326394,72.555601
276,2.977663,0.127830,0.215594,64.000000,0.099186,21.493366,0.460060,803.304056,72.771195
277,3.051339,0.127621,0.192105,64.000000,0.099186,20.974401,0.516312,806.355395,72.963299
278,3.318641,0.115255,0.076115,64.000000,0.099186,19.285002,1.303105,809.674036,73.039415
279,3.191472,0.133855,0.173723,64.000000,0.099186,20.053440,0.570942,812.865509,73.213138
280,3.315091,0.112250,0.094560,64.000000,0.099186,19.305656,1.048923,816.180599,73.307698
281,2.983620,0.139758,0.286413,64.000000,0.099186,21.450456,0.346304,819.164219,73.594111
282,3.210633,0.123673,0.074742,64.000000,0.099186,19.933761,1.327052,822.374852,73.668852
283,3.041362,0.142113,0.223325,64.000000,0.099186,21.043202,0.444133,825.416214,73.892177
284,3.082989,0.138410,0.279960,64.000000,0.099186,20.759076,0.354286,828.499203,74.172138
285,3.237818,0.130833,0.119754,64.000000,0.099186,19.766397,0.828248,831.737022,74.291891
286,3.101440,0.126561,0.315001,64.000000,0.099186,20.635575,0.314875,834.838462,74.606892
287,3.254799,0.119969,0.153552,64.000000,0.099186,19.663275,0.645946,838.093260,74.760444
288,3.246056,0.117051,0.118485,64.000000,0.099186,19.716237,0.837122,841.339316,74.878928
289,3.103679,0.127899,0.267034,64.000000,0.099186,20.620691,0.371436,844.442995,75.145962
290,3.052881,0.128703,0.254031,64.000000,0.099186,20.963806,0.390449,847.495875,75.399992
291,3.177656,0.115782,0.196494,64.000000,0.099186,20.140635,0.504778,850.673531,75.596486
292,3.155292,0.128130,0.255344,64.000000,0.099186,20.283387,0.388440,853.828823,75.851830
293,3.200203,0.126808,0.180787,64.000000,0.099186,19.998730,0.548633,857.029026,76.032618
294,3.046723,0.140374,0.153558,64.000000,0.099186,21.006178,0.645917,860.075748,76.186176
295,2.951390,0.133196,0.377152,64.000000,0.099186,21.684700,0.262987,863.027138,76.563328
296,3.036728,0.132797,0.260031,64.000000,0.099186,21.075316,0.381439,866.063866,76.823358
297,3.045565,0.126651,0.292767,64.000000,0.099186,21.014165,0.338788,869.109431,77.116125
298,3.187210,0.130573,0.263304,64.000000,0.099186,20.080257,0.376698,872.296641,77.379429
299,3.027235,0.130914,0.402533,64.000000,0.099186,21.141403,0.246405,875.323876,77.781962
300,3.242790,0.112711,0.165872,64.000000,0.099186,19.736090,0.597966,878.566667,77.947834
301,3.099878,0.136651,0.257222,64.000000,0.099186,20.645977,0.385604,881.666544,78.205056
302,3.347173,0.120948,0.172210,64.000000,0.099186,19.120612,0.575960,885.013717,78.377266
303,3.175809,0.137170,0.209286,64.000000,0.099186,20.152345,0.473925,888.189526,78.586552
304,3.214079,0.138360,0.159843,64.000000,0.099186,19.912390,0.620523,891.403606,78.746395
305,3.313782,0.121164,0.148717,64.000000,0.099186,19.313279,0.666942,894.717388,78.895112
306,3.200089,0.142179,0.130572,64.000000,0.099186,19.999443,0.759627,897.917477,79.025684
307,3.053098,0.136934,0.229357,64.000000,0.099186,20.962317,0.432452,900.970574,79.255041
308,2.873740,0.128334,0.395845,64.000000,0.099186,22.270632,0.250567,903.844314,79.650886
309,3.048125,0.131116,0.256768,64.000000,0.099186,20.996513,0.386286,906.892439,79.907655
310,2.866626,0.125351,0.507166,64.000000,0.099186,22.325896,0.195569,909.759066,80.414820
311,3.139014,0.114664,0.271243,64.000000,0.099186,20.388569,0.365672,912.898079,80.686063
312,2.987895,0.126375,0.315557,64.000000,0.099186,21.419759,0.314320,915.885975,81.001620
313,3.274175,0.112015,0.119038,64.000000,0.099186,19.546908,0.833227,919.160150,81.120659
314,2.875163,0.129027,0.516612,64.000000,0.099186,22.259610,0.191993,922.035313,81.637271
315,3.012061,0.126350,0.320840,64.000000,0.099186,21.247908,0.309144,925.047374,81.958111
316,2.833958,0.129835,0.471417,64.000000,0.099186,22.583260,0.210399,927.881332,82.429528
317,3.015876,0.123358,0.399780,64.000000,0.099186,21.221031,0.248102,930.897208,82.829308
318,2.945297,0.128758,0.478438,64.000000,0.099186,21.729559,0.207312,933.842504,83.307746
319,2.856118,0.123305,0.522469,64.000000,0.099186,22.408039,0.189841,936.698622,83.830215
320,3.249163,0.116298,0.137148,64.000000,0.099186,19.697378,0.723204,939.947786,83.967363
321,3.260024,0.121587,0.167196,64.000000,0.099186,19.631756,0.593232,943.207810,84.134559
322,3.041779,0.134001,0.303625,64.000000,0.099186,21.040318,0.326672,946.249589,84.438184
323,3.286201,0.132837,0.066257,64.000000,0.099186,19.475376,1.496992,949.535790,84.504440
324,3.125453,0.141911,0.141777,64.000000,0.099186,20.477034,0.699589,952.661243,84.646218
325,3.244886,0.127002,0.109515,64.000000,0.099186,19.723346,0.905680,955.906128,84.755733
326,3.151560,0.122374,0.154890,64.000000,0.099186,20.307405,0.640364,959.057688,84.910623
327,2.989206,0.135967,0.318375,64.000000,0.099186,21.410369,0.311538,962.046894,85.228999
328,3.211906,0.113563,0.180669,64.000000,0.099186,19.925861,0.548991,965.258800,85.409668
329,2.871812,0.128967,0.376686,64.000000,0.099186,22.285578,0.263312,968.130613,85.786354
330,2.819117,0.127460,0.486893,64.000000,0.099186,22.702141,0.203712,970.949730,86.273247
331,3.088888,0.116273,0.153594,64.000000,0.099186,20.719428,0.645767,974.038618,86.426841
332,3.007649,0.118850,0.141109,64.000000,0.099186,21.279079,0.702905,977.046267,86.567949
333,3.017430,0.113846,0.075322,64.000000,0.099186,21.210103,1.316833,980.063697,86.643271
334,3.040064,0.110373,0.146446,64.000000,0.099186,21.052185,0.677285,983.103762,86.789717
335,2.737985,0.129417,0.422755,64.000000,0.099186,23.374854,0.234618,985.841747,87.212473
336,2.842407,0.124199,0.152519,64.000000,0.099186,22.516128,0.650321,988.684154,87.364991
337,2.883010,0.128218,0.125652,64.000000,0.099186,22.199018,0.789368,991.567164,87.490644
338,2.743113,0.126965,0.277772,64.000000,0.099186,23.331158,0.357076,994.310277,87.768416
339,2.791331,0.135435,0.286308,64.000000,0.099186,22.928128,0.346431,997.101608,88.054724
340,2.888605,0.139246,0.221067,64.000000,0.099186,22.156021,0.448670,999.990213,88.275791
341,2.688888,0.130069,0.411831,64.000000,0.099186,23.801664,0.240841,1002.679101,88.687622
342,2.932600,0.138031,0.232900,64.000000,0.099186,21.823635,0.425874,1005.611701,88.920522
343,2.847428,0.138745,0.309925,64.000000,0.099186,22.476425,0.320032,1008.459129,89.230447
344,2.654365,0.124385,0.433721,64.000000,0.099186,24.111226,0.228686,1011.113495,89.664168
345,2.923702,0.128705,0.149426,64.000000,0.099186,21.890053,0.663781,1014.037197,89.813593
346,2.643639,0.136094,0.296213,64.000000,0.099186,24.209055,0.334847,1016.680836,90.109807
347,2.839887,0.125232,0.126504,64.000000,0.099186,22.536104,0.784052,1019.520723,90.236311
348,2.628076,0.126621,0.328755,64.000000,0.099186,24.352413,0.301701,1022.148800,90.565066
349,2.734877,0.130683,0.242989,64.000000,0.099186,23.401417,0.408192,1024.883677,90.808055
350,2.925206,0.112194,0.107904,64.000000,0.099186,21.878802,0.919203,1027.808883,90.915959
351,2.666957,0.124367,0.340720,64.000000,0.099186,23.997388,0.291107,1030.475840,91.256679
352,2.766164,0.146554,0.180560,64.000000,0.099186,23.136737,0.549324,1033.242003,91.437239
353,2.507512,0.135465,0.376406,64.000000,0.099186,25.523308,0.263508,1035.749515,91.813646
354,2.769215,0.129958,0.153939,64.000000,0.099186,23.111241,0.644319,1038.518730,91.967585
355,2.834012,0.138087,0.106614,64.000000,0.099186,22.582824,0.930331,1041.352743,92.074198
356,2.798020,0.140204,0.168538,64.000000,0.099186,22.873318,0.588507,1044.150763,92.242736
357,2.646045,0.130490,0.286450,64.000000,0.099186,24.187041,0.346260,1046.796808,92.529186
358,2.673309,0.125871,0.365214,64.000000,0.099186,23.940367,0.271583,1049.470117,92.894400
359,2.933576,0.114768,0.139142,64.000000,0.099186,21.816379,0.712841,1052.403692,93.033542
360,2.891529,0.124992,0.311485,64.000000,0.099186,22.133615,0.318430,1055.295222,93.345026
361,2.928251,0.127064,0.274387,64.000000,0.099186,21.856053,0.361482,1058.223472,93.619413
362,3.086865,0.122410,0.124146,64.000000,0.099186,20.733009,0.798943,1061.310338,93.743559
363,2.774231,0.127319,0.332755,64.000000,0.099186,23.069455,0.298075,1064.084569,94.076315
364,2.742815,0.133805,0.462258,64.000000,0.099186,23.333690,0.214568,1066.827384,94.538573
365,3.042441,0.128811,0.195257,64.000000,0.099186,21.035740,0.507976,1069.869825,94.733830
366,2.856004,0.131360,0.224922,64.000000,0.099186,22.408929,0.440979,1072.725829,94.958752
367,2.948851,0.138177,0.147411,64.000000,0.099186,21.703370,0.672853,1075.674680,95.106163
368,3.060260,0.120846,0.197182,64.000000,0.099186,20.913254,0.503017,1078.734940,95.303345
369,2.862376,0.127985,0.336811,64.000000,0.099186,22.359047,0.294485,1081.597316,95.640157
370,3.034001,0.111647,0.175669,64.000000,0.099186,21.094257,0.564619,1084.631318,95.815825
371,2.730950,0.125918,0.448623,64.000000,0.099186,23.435067,0.221090,1087.362268,96.264448
372,3.173189,0.117203,0.168585,64.000000,0.099186,20.168982,0.588345,1090.535457,96.433033
373,2.997750,0.127720,0.202391,64.000000,0.099186,21.349348,0.490071,1093.533207,96.635424
374,2.800714,0.126833,0.483748,64.000000,0.099186,22.851314,0.205036,1096.333921,97.119172
375,3.123362,0.111364,0.210633,64.000000,0.099186,20.490739,0.470895,1099.457283,97.329805
376,3.024862,0.131228,0.229733,64.000000,0.099186,21.157989,0.431744,1102.482146,97.559538
377,3.083211,0.112522,0.212017,64.000000,0.099186,20.757580,0.467821,1105.565357,97.771555
378,2.857650,0.125831,0.449748,64.000000,0.099186,22.396022,0.220537,1108.423007,98.221303
379,2.894779,0.132825,0.416560,64.000000,0.099186,22.108766,0.238107,1111.317787,98.637863
380,2.998900,0.126487,0.303730,64.000000,0.099186,21.341160,0.326560,1114.316686,98.941593
381,3.139751,0.113771,0.170975,64.000000,0.099186,20.383783,0.580119,1117.456437,99.112568
382,3.044488,0.126805,0.176926,64.000000,0.099186,21.021598,0.560606,1120.500925,99.289494
383,3.048329,0.113341,0.156694,64.000000,0.099186,20.995111,0.632990,1123.549254,99.446189
384,3.110188,0.111560,0.157977,64.000000,0.099186,20.577533,0.627851,1126.659442,99.604165
385,2.970244,0.132312,0.214604,64.000000,0.099186,21.547050,0.462180,1129.629686,99.818770
386,2.857016,0.124877,0.366578,64.000000,0.099186,22.400992,0.270572,1132.486702,100.185348
387,2.888941,0.126179,0.382738,64.000000,0.099186,22.153443,0.259148,1135.375644,100.568087
388,3.006227,0.128661,0.251929,64.000000,0.099186,21.289144,0.393706,1138.381871,100.820015
389,2.892037,0.126149,0.364483,64.000000,0.099186,22.129729,0.272128,1141.273908,101.184498
390,3.046842,0.125799,0.317665,64.000000,0.099186,21.005359,0.312234,1144.320749,101.502163
391,2.919972,0.129120,0.385482,64.000000,0.099186,21.918015,0.257304,1147.240722,101.887645
392,3.223221,0.130284,0.108782,64.000000,0.099186,19.855916,0.911783,1150.463942,101.996428
393,2.960393,0.137706,0.331480,64.000000,0.099186,21.618749,0.299221,1153.424336,102.327908
394,2.967050,0.137297,0.296421,64.000000,0.099186,21.570243,0.334611,1156.391386,102.624329
395,2.790101,0.126045,0.500419,64.000000,0.099186,22.938238,0.198206,1159.181487,103.124748
396,2.903420,0.125213,0.369887,64.000000,0.099186,22.042972,0.268152,1162.084907,103.494635
397,3.051954,0.115480,0.106183,64.000000,0.099186,20.970173,0.934107,1165.136861,103.600818
398,2.791956,0.129609,0.215249,64.000000,0.099186,22.923000,0.460796,1167.928816,103.816067
399,2.638861,0.139054,0.404597,64.000000,0.099186,24.252890,0.245148,1170.567677,104.220664
400,2.746611,0.137151,0.442102,64.000000,0.099186,23.301442,0.224351,1173.314288,104.662766
401,2.758254,0.135410,0.340003,64.000000,0.099186,23.203088,0.291721,1176.072542,105.002769
402,2.623083,0.137324,0.365984,64.000000,0.099186,24.398768,0.271012,1178.695625,105.368752
403,2.608075,0.135746,0.368530,64.000000,0.099186,24.539170,0.269140,1181.303700,105.737282
404,2.705983,0.135018,0.268532,64.000000,0.099186,23.651292,0.369364,1184.009683,106.005814
405,2.795628,0.135026,0.269869,64.000000,0.099186,22.892891,0.367533,1186.805311,106.275683
406,2.885874,0.133307,0.149605,64.000000,0.099186,22.176990,0.662985,1189.691185,106.425288
407,2.797323,0.140334,0.266969,64.000000,0.099186,22.879018,0.371526,1192.488508,106.692258
408,2.814716,0.132800,0.304869,64.000000,0.099186,22.737637,0.325340,1195.303224,106.997126
409,3.082663,0.123814,0.157007,64.000000,0.099186,20.761272,0.631731,1198.385887,107.154133
410,3.079549,0.126531,0.124278,64.000000,0.099186,20.782262,0.798094,1201.465436,107.278411
411,2.941291,0.130011,0.231709,64.000000,0.099186,21.759150,0.428062,1204.406728,107.510121
412,2.864534,0.125662,0.353493,64.000000,0.099186,22.342202,0.280588,1207.271262,107.863614
413,2.753824,0.127139,0.337310,64.000000,0.099186,23.240409,0.294049,1210.025086,108.200924
414,3.195573,0.120872,0.114944,64.000000,0.099186,20.027707,0.862905,1213.220659,108.315868
415,2.913087,0.137943,0.229117,64.000000,0.099186,21.969819,0.432905,1216.133746,108.544986
416,2.742717,0.142895,0.303002,64.000000,0.099186,23.334523,0.327344,1218.876464,108.847988
417,2.687858,0.135667,0.387334,64.000000,0.099186,23.810779,0.256073,1221.564322,109.235322
418,2.880522,0.135720,0.245331,64.000000,0.099186,22.218195,0.404295,1224.444844,109.480653
419,2.855690,0.146501,0.137986,64.000000,0.099186,22.411398,0.718811,1227.300534,109.618639
420,2.797260,0.112651,0.186603,64.000000,0.099186,22.879530,0.531536,1230.097794,109.805241
421,2.812780,0.137080,0.295643,64.000000,0.099186,22.753294,0.335492,1232.910574,110.100885
422,2.979243,0.119596,0.062190,64.000000,0.099186,21.481966,1.594885,1235.889817,110.163075
423,2.960938,0.126717,0.106985,64.000000,0.099186,21.614770,0.927104,1238.850755,110.270059
424,2.629389,0.137172,0.342072,64.000000,0.099186,24.340255,0.289957,1241.480144,110.612131
425,2.797965,0.140296,0.189204,64.000000,0.099186,22.873764,0.524227,1244.278109,110.801335
426,3.034798,0.141183,0.171296,64.000000,0.099186,21.088719,0.579034,1247.312907,110.972630
427,3.075656,0.128771,0.220106,64.000000,0.099186,20.808570,0.450627,1250.388563,111.192737
428,3.057522,0.128337,0.178272,64.000000,0.099186,20.931981,0.556376,1253.446086,111.371008
429,3.165701,0.115904,0.141851,64.000000,0.099186,20.216689,0.699226,1256.611787,111.512859
430,3.210279,0.124166,0.117977,64.000000,0.099186,19.935962,0.840725,1259.822066,111.630836
431,3.173078,0.124398,0.167500,64.000000,0.099186,20.169692,0.592156,1262.995144,111.798336
432,3.048663,0.139343,0.275759,64.000000,0.099186,20.992809,0.359683,1266.043807,112.074095
433,3.061360,0.140936,0.138705,64.000000,0.099186,20.905739,0.715083,1269.105167,112.212800
434,3.191927,0.138450,0.135753,64.000000,0.099186,20.050585,0.730637,1272.297094,112.348553
435,3.260359,0.118717,0.142572,64.000000,0.099186,19.629741,0.695689,1275.557452,112.491125
436,3.060325,0.136928,0.174514,64.000000,0.099186,20.912813,0.568356,1278.617777,112.665639
437,3.009869,0.128676,0.271928,64.000000,0.099186,21.263386,0.364751,1281.627646,112.937567
438,2.881146,0.127613,0.428295,64.000000,0.099186,22.213386,0.231583,1284.508791,113.365862
439,3.094227,0.131569,0.235524,64.000000,0.099186,20.683678,0.421129,1287.603019,113.601386
440,2.938516,0.136439,0.332083,64.000000,0.099186,21.779703,0.298679,1290.541534,113.933468
441,2.895677,0.131293,0.505943,64.000000,0.099186,22.101914,0.196042,1293.437211,114.439411
442,2.971167,0.130621,0.461560,64.000000,0.099186,21.540360,0.214893,1296.408378,114.900971
443,2.924016,0.134231,0.354713,64.000000,0.099186,21.887702,0.279623,1299.332394,115.255684
444,3.005621,0.143896,0.215135,64.000000,0.099186,21.293436,0.461041,1302.338015,115.470819
445,3.018824,0.140493,0.201023,64.000000,0.099186,21.200307,0.493406,1305.356840,115.671842
446,2.905660,0.137952,0.408216,64.000000,0.099186,22.025979,0.242974,1308.262499,116.080058
447,3.246322,0.114904,0.078790,64.000000,0.099186,19.714620,1.258863,1311.508821,116.158848
448,3.122391,0.137693,0.260051,64.000000,0.099186,20.497116,0.381410,1314.631212,116.418899
449,3.155857,0.139741,0.168707,64.000000,0.099186,20.279750,0.587920,1317.787069,116.587605
450,3.122196,0.129474,0.143414,64.000000,0.099186,20.498396,0.691605,1320.909265,116.731020
451,3.043753,0.140176,0.169274,64.000000,0.099186,21.026675,0.585950,1323.953018,116.900293
452,2.893391,0.139398,0.322503,64.000000,0.099186,22.119373,0.307550,1326.846409,117.222797
453,3.042677,0.113989,0.175322,64.000000,0.099186,21.034111,0.565735,1329.889085,117.398119
454,3.062453,0.117672,0.160552,64.000000,0.099186,20.898278,0.617782,1332.951539,117.558671
455,2.907429,0.128469,0.313018,64.000000,0.099186,22.012574,0.316870,1335.858968,117.871688
456,2.938895,0.131506,0.286414,64.000000,0.099186,21.776892,0.346302,1338.797863,118.158103
457,2.645751,0.134592,0.362905,64.000000,0.099186,24.189731,0.273311,1341.443614,118.521008
458,2.817075,0.127794,0.310495,64.000000,0.099186,22.718602,0.319445,1344.260688,118.831502
459,2.706565,0.131649,0.350845,64.000000,0.099186,23.646211,0.282706,1346.967253,119.182348
460,2.693529,0.129925,0.339728,64.000000,0.099186,23.760647,0.291957,1349.660783,119.522076
461,2.602625,0.128619,0.350197,64.000000,0.099186,24.590562,0.283229,1352.263407,119.872273
462,2.701192,0.136183,0.209083,64.000000,0.099186,23.693245,0.474386,1354.964599,120.081356
463,2.651500,0.127786,0.299447,64.000000,0.099186,24.137282,0.331230,1357.616099,120.380803
464,2.710274,0.133915,0.187661,64.000000,0.099186,23.613847,0.528537,1360.326373,120.568464
465,2.764199,0.131441,0.177853,64.000000,0.099186,23.153177,0.557686,1363.090572,120.746317
466,2.590056,0.131951,0.353409,64.000000,0.099186,24.709890,0.280655,1365.680629,121.099726
467,2.544111,0.128826,0.400537,64.000000,0.099186,25.156138,0.247632,1368.224739,121.500263
468,2.682424,0.130032,0.451994,64.000000,0.099186,23.859021,0.219441,1370.907163,121.952256
469,2.780600,0.131467,0.214739,64.000000,0.099186,23.016613,0.461891,1373.687763,122.166995
470,2.918498,0.129410,0.197038,64.000000,0.099186,21.929085,0.503386,1376.606262,122.364033
471,2.841665,0.129426,0.187210,64.000000,0.099186,22.522004,0.529810,1379.447927,122.551243
472,2.710261,0.132646,0.248118,64.000000,0.099186,23.613962,0.399753,1382.158188,122.799361
473,2.755261,0.132324,0.291025,64.000000,0.099186,23.228292,0.340816,1384.913449,123.090386
474,2.609850,0.126228,0.463614,64.000000,0.099186,24.522480,0.213941,1387.523299,123.554000
475,2.972169,0.143081,0.225909,64.000000,0.099186,21.533093,0.439053,1390.495468,123.779909
476,2.945311,0.135628,0.272413,64.000000,0.099186,21.729451,0.364101,1393.440780,124.052322
477,2.960346,0.114174,0.166118,64.000000,0.099186,21.619097,0.597082,1396.401125,124.218439
478,2.878824,0.127810,0.179559,64.000000,0.099186,22.231301,0.552386,1399.279949,124.397998
479,2.557001,0.141380,0.320943,64.000000,0.099186,25.029321,0.309045,1401.836950,124.718942
480,2.791948,0.126469,0.115968,64.000000,0.099186,22.923062,0.855287,1404.628898,124.834910
481,2.653032,0.129196,0.250690,64.000000,0.099186,24.123343,0.395652,1407.281930,125.085600
482,2.443135,0.134024,0.317879,64.000000,0.099186,26.195850,0.312025,1409.725065,125.403478
483,2.530575,0.116200,0.375318,64.000000,0.099186,25.290693,0.264272,1412.255641,125.778796
484,2.408170,0.127493,0.433960,64.000000,0.099186,26.576202,0.228560,1414.663810,126.212756
485,2.444125,0.124580,0.424963,64.000000,0.099186,26.185237,0.233399,1417.107935,126.637719
486,2.742892,0.128580,0.284970,64.000000,0.099186,23.333034,0.348058,1419.850828,126.922689
487,3.078405,0.116403,0.176351,64.000000,0.099186,20.789989,0.562435,1422.929233,127.099040
488,2.907122,0.115930,1.690445,64.000000,0.099186,22.014899,0.058674,1425.836355,128.789485
489,1.599516,0.119642,0.001355,64.000000,0.099186,40.012101,73.186023,1427.435871,128.790840
490,2.716659,0.138572,0.307719,64.000000,0.099186,23.558347,0.322327,1430.152530,129.098559
491,2.667470,0.128084,0.435713,64.000000,0.099186,23.992768,0.227641,1432.820000,129.534271
492,2.806461,0.128624,0.255426,64.000000,0.099186,22.804519,0.388316,1435.626462,129.789697
493,2.757340,0.139870,0.173403,64.000000,0.099186,23.210777,0.571997,1438.383802,129.963100
494,2.780752,0.129819,0.285729,64.000000,0.099186,23.015353,0.347133,1441.164554,130.248828
495,2.875562,0.125833,0.189679,64.000000,0.099186,22.256518,0.522915,1444.040116,130.438507
496,2.745439,0.134126,0.370196,64.000000,0.099186,23.311394,0.267928,1446.785555,130.808703
497,2.941347,0.137564,0.150451,64.000000,0.099186,21.758740,0.659258,1449.726902,130.959154
498,2.960846,0.113751,0.684975,64.000000,0.099186,21.615443,0.144802,1452.687748,131.644129
499,2.644442,0.122824,0.026363,64.000000,0.099186,24.201702,3.762245,1455.332190,131.670492
500,2.954343,0.126703,0.124578,64.000000,0.099186,21.663019,0.796178,1458.286533,131.795070
501,2.862624,0.129588,0.127324,64.000000,0.099186,22.357109,0.779002,1461.149157,131.922394
502,2.847146,0.139914,0.153817,64.000000,0.099186,22.478649,0.644831,1463.996304,132.076211
503,2.874287,0.127027,0.221038,64.000000,0.099186,22.266393,0.448728,1466.870590,132.297249
504,2.769590,0.136431,0.208999,64.000000,0.099186,23.108112,0.474577,1469.640180,132.506248
505,2.686929,0.131838,0.273708,64.000000,0.099186,23.819014,0.362379,1472.327109,132.779955
506,2.846293,0.131203,0.196033,64.000000,0.099186,22.485391,0.505966,1475.173402,132.975988
507,2.835441,0.128804,0.215677,64.000000,0.099186,22.571441,0.459883,1478.008843,133.191665
508,3.000018,0.128843,0.187466,64.000000,0.099186,21.333206,0.529088,1481.008861,133.379131
509,3.071508,0.116606,0.183668,64.000000,0.099186,20.836672,0.540028,1484.080369,133.562799
510,2.896997,0.132314,0.243704,64.000000,0.099186,22.091843,0.406993,1486.977366,133.806503
511,3.015542,0.116668,0.142380,64.000000,0.099186,21.223380,0.696628,1489.992908,133.948884
512,3.132439,0.114684,0.157205,64.000000,0.099186,20.431363,0.630932,1493.125347,134.106089
513,2.888527,0.129653,0.406909,64.000000,0.099186,22.156622,0.243754,1496.013874,134.512998
514,3.040434,0.131076,0.246209,64.000000,0.099186,21.049628,0.402853,1499.054308,134.759207
515,2.826549,0.131471,0.315754,64.000000,0.099186,22.642449,0.314124,1501.880858,135.074961
516,2.844915,0.129098,0.356167,64.000000,0.099186,22.496280,0.278482,1504.725772,135.431128
517,3.045813,0.131507,0.152838,64.000000,0.099186,21.012453,0.648959,1507.771585,135.583966
518,2.828498,0.126744,0.347702,64.000000,0.099186,22.626852,0.285261,1510.600083,135.931668
519,2.813051,0.131672,0.345829,64.000000,0.099186,22.751102,0.286806,1513.413133,136.277498
520,2.932633,0.132039,0.304280,64.000000,0.099186,21.823388,0.325969,1516.345767,136.581778
521,3.025504,0.131628,0.178655,64.000000,0.099186,21.153498,0.555183,1519.371271,136.760432
522,2.883564,0.128535,0.315546,64.000000,0.099186,22.194759,0.314331,1522.254835,137.075979
523,2.845506,0.130606,0.219948,64.000000,0.099186,22.491605,0.450952,1525.100341,137.295927
524,2.948314,0.137792,0.152416,64.000000,0.099186,21.707322,0.650758,1528.048655,137.448343
525,2.862858,0.129683,0.235058,64.000000,0.099186,22.355283,0.421963,1530.911513,137.683401
526,3.019454,0.116735,0.161969,64.000000,0.099186,21.195888,0.612378,1533.930967,137.845369
527,2.763472,0.132491,0.267972,64.000000,0.099186,23.159269,0.370136,1536.694439,138.113341
528,2.764655,0.128857,0.339852,64.000000,0.099186,23.149362,0.291851,1539.459094,138.453193
529,2.839494,0.128697,0.274355,64.000000,0.099186,22.539226,0.361524,1542.298588,138.727548
530,2.880481,0.128762,0.242043,64.000000,0.099186,22.218514,0.409787,1545.179069,138.969591
531,2.663130,0.128405,0.416605,64.000000,0.099186,24.031870,0.238082,1547.842199,139.386196
532,2.933967,0.129863,0.209566,64.000000,0.099186,21.813467,0.473292,1550.776166,139.595762
533,3.144497,0.116128,0.073103,64.000000,0.099186,20.353016,1.356788,1553.920663,139.668865
534,2.949644,0.135537,0.262866,64.000000,0.099186,21.697531,0.377325,1556.870308,139.931731
535,3.201078,0.128320,0.156982,64.000000,0.099186,19.993265,0.631829,1560.071386,140.088713
536,2.928929,0.133869,0.304249,64.000000,0.099186,21.850991,0.326003,1563.000315,140.392962
537,2.937393,0.139210,0.262880,64.000000,0.099186,21.788025,0.377305,1565.937708,140.655842
538,2.920081,0.133758,0.306973,64.000000,0.099186,21.917200,0.323110,1568.857789,140.962815
539,2.552344,0.134234,0.372516,64.000000,0.099186,25.074994,0.266259,1571.410133,141.335331
540,2.654111,0.118062,0.187027,64.000000,0.099186,24.113534,0.530331,1574.064244,141.522358
541,2.785526,0.117712,0.070595,64.000000,0.099186,22.975912,1.405004,1576.849770,141.592953
542,2.729806,0.116360,0.208276,64.000000,0.099186,23.444892,0.476222,1579.579576,141.801229
543,2.372840,0.129070,0.327673,64.000000,0.099186,26.971904,0.302698,1581.952415,142.128902
544,2.630865,0.130764,0.210596,64.000000,0.099186,24.326596,0.470976,1584.583281,142.339499
545,2.396045,0.128751,0.420975,64.000000,0.099186,26.710686,0.235610,1586.979325,142.760474
546,2.444443,0.127595,0.387973,64.000000,0.099186,26.181832,0.255652,1589.423768,143.148446
547,2.608988,0.127727,0.300106,64.000000,0.099186,24.530588,0.330503,1592.032756,143.448553
548,2.753099,0.117327,0.161447,64.000000,0.099186,23.246532,0.614354,1594.785855,143.610000
549,2.855348,0.129333,0.219564,64.000000,0.099186,22.414082,0.451741,1597.641203,143.829564
550,2.911629,0.125637,0.148842,64.000000,0.099186,21.980824,0.666384,1600.552832,143.978406
551,2.904677,0.133423,0.275076,64.000000,0.099186,22.033433,0.360577,1603.457508,144.253482
552,3.223099,0.113798,0.168247,64.000000,0.099186,19.856664,0.589527,1606.680608,144.421728
553,3.180792,0.128859,0.163969,64.000000,0.099186,20.120778,0.604905,1609.861399,144.585698
554,3.019804,0.137975,0.236819,64.000000,0.099186,21.193428,0.418825,1612.881203,144.822517
555,3.129890,0.131010,0.187758,64.000000,0.099186,20.448002,0.528264,1616.011093,145.010275
556,2.892514,0.128030,0.361869,64.000000,0.099186,22.126081,0.274094,1618.903607,145.372144
557,2.841929,0.125581,0.301238,64.000000,0.099186,22.519912,0.329261,1621.745537,145.673382
558,3.030936,0.117155,0.136079,64.000000,0.099186,21.115588,0.728885,1624.776473,145.809461
559,2.954312,0.138903,0.261233,64.000000,0.099186,21.663252,0.379683,1627.730785,146.070694
560,3.074072,0.117791,0.132349,64.000000,0.099186,20.819289,0.749426,1630.804857,146.203044
561,2.962991,0.130870,0.164798,64.000000,0.099186,21.599796,0.601864,1633.767848,146.367841
562,3.080836,0.130645,0.200393,64.000000,0.099186,20.773581,0.494957,1636.848684,146.568234
563,2.841490,0.126217,0.465418,64.000000,0.099186,22.523394,0.213111,1639.690174,147.033653
564,2.747904,0.126871,0.435467,64.000000,0.099186,23.290480,0.227769,1642.438078,147.469120
565,2.968875,0.135746,0.339673,64.000000,0.099186,21.556989,0.292004,1645.406953,147.808793
566,2.949484,0.127661,0.357470,64.000000,0.099186,21.698707,0.277467,1648.356437,148.166263
567,3.265424,0.117042,0.075240,64.000000,0.099186,19.599294,1.318257,1651.621861,148.241503
568,3.302981,0.116918,0.071018,64.000000,0.099186,19.376436,1.396627,1654.924842,148.312521
569,3.094802,0.117651,0.177232,64.000000,0.099186,20.679839,0.559638,1658.019644,148.489753
570,2.850166,0.126455,0.352368,64.000000,0.099186,22.454833,0.281484,1660.869810,148.842121
571,2.932950,0.133576,0.338114,64.000000,0.099186,21.821037,0.293351,1663.802759,149.180235
572,2.992530,0.127800,0.368001,64.000000,0.099186,21.386583,0.269526,1666.795290,149.548236
573,3.120971,0.122394,0.177053,64.000000,0.099186,20.506437,0.560204,1669.916261,149.725289
574,3.268107,0.117930,0.111431,64.000000,0.099186,19.583202,0.890111,1673.184368,149.836720
575,3.019718,0.129708,0.247648,64.000000,0.099186,21.194033,0.400512,1676.204086,150.084368
576,3.020002,0.115843,0.160374,64.000000,0.099186,21.192040,0.618467,1679.224088,150.244742
577,2.673370,0.127978,0.434380,64.000000,0.099186,23.939823,0.228339,1681.897457,150.679122
578,2.776386,0.127254,0.403855,64.000000,0.099186,23.051547,0.245598,1684.673844,151.082977
579,2.745506,0.126926,0.475466,64.000000,0.099186,23.310820,0.208608,1687.419350,151.558443
580,2.821032,0.134115,0.278723,64.000000,0.099186,22.686731,0.355858,1690.240382,151.837166
581,2.973857,0.140364,0.202723,64.000000,0.099186,21.520875,0.489269,1693.214239,152.039889
582,2.942500,0.134095,0.275139,64.000000,0.099186,21.750210,0.360494,1696.156739,152.315028
583,3.108927,0.127904,0.155024,64.000000,0.099186,20.585879,0.639808,1699.265667,152.470052
584,3.156793,0.127969,0.149939,64.000000,0.099186,20.273739,0.661508,1702.422460,152.619992
585,2.927653,0.133406,0.340130,64.000000,0.099186,21.860513,0.291612,1705.350113,152.960122
586,3.101876,0.121863,0.199763,64.000000,0.099186,20.632675,0.496517,1708.451989,153.159885
587,2.917680,0.126993,0.404052,64.000000,0.099186,21.935237,0.245478,1711.369669,153.563937
588,3.139534,0.129721,0.302611,64.000000,0.099186,20.385191,0.327767,1714.509203,153.866548
589,3.105914,0.128854,0.253634,64.000000,0.099186,20.605849,0.391060,1717.615117,154.120182
590,2.912728,0.128223,0.464748,64.000000,0.099186,21.972526,0.213419,1720.527845,154.584930
591,3.124142,0.128584,0.240699,64.000000,0.099186,20.485627,0.412075,1723.651987,154.825629
592,3.192787,0.129564,0.182426,64.000000,0.099186,20.045186,0.543704,1726.844774,155.008055
593,2.965225,0.127474,0.411976,64.000000,0.099186,21.583520,0.240757,1729.809999,155.420031
594,3.024523,0.129961,0.232298,64.000000,0.099186,21.160358,0.426978,1732.834522,155.652329
595,3.186071,0.114571,0.156720,64.000000,0.099186,20.087439,0.632886,1736.020593,155.809049
596,3.110795,0.139273,0.187270,64.000000,0.099186,20.573517,0.529641,1739.131388,155.996319
597,3.051801,0.132049,0.840528,64.000000,0.099186,20.971226,0.118004,1742.183189,156.836847
598,2.546401,0.116185,0.058640,64.000000,0.099186,25.133515,1.691442,1744.729590,156.895487
599,2.822429,0.128460,0.189105,64.000000,0.099186,22.675503,0.524502,1747.552019,157.084591
600,2.993830,0.116513,0.151395,64.000000,0.099186,21.377300,0.655149,1750.545849,157.235986
601,2.801194,0.128743,0.295630,64.000000,0.099186,22.847398,0.335507,1753.347043,157.531616
602,2.974598,0.117947,0.155676,64.000000,0.099186,21.515510,0.637132,1756.321641,157.687291
603,2.973058,0.114244,0.209904,64.000000,0.099186,21.526656,0.472530,1759.294700,157.897196
604,2.756295,0.127858,0.285547,64.000000,0.099186,23.219574,0.347355,1762.050995,158.182742
605,2.627002,0.126831,0.429069,64.000000,0.099186,24.362369,0.231165,1764.677997,158.611811
606,2.750184,0.125991,0.214357,64.000000,0.099186,23.271168,0.462713,1767.428181,158.826169
607,2.844102,0.131060,0.193761,64.000000,0.099186,22.502711,0.511900,1770.272283,159.019929
608,3.070523,0.117079,0.089674,64.000000,0.099186,20.843356,1.106073,1773.342806,159.109603
609,2.710854,0.125983,0.371104,64.000000,0.099186,23.608795,0.267272,1776.053660,159.480708
610,2.899441,0.128008,0.158118,64.000000,0.099186,22.073222,0.627290,1778.953101,159.638826
611,3.009152,0.130574,0.167914,64.000000,0.099186,21.268449,0.590696,1781.962253,159.806740
612,3.075171,0.122591,0.114437,64.000000,0.099186,20.811849,0.866729,1785.037424,159.921177
613,2.622880,0.127064,0.463684,64.000000,0.099186,24.400660,0.213908,1787.660304,160.384861
614,3.055890,0.116783,0.106856,64.000000,0.099186,20.943163,0.928221,1790.716194,160.491717
615,2.681554,0.127830,0.332335,64.000000,0.099186,23.866757,0.298452,1793.397748,160.824052
616,2.812264,0.128215,0.449276,64.000000,0.099186,22.757464,0.220768,1796.210012,161.273328
617,2.887276,0.125766,0.293772,64.000000,0.099186,22.166222,0.337629,1799.097288,161.567100
618,2.997776,0.112838,0.232986,64.000000,0.099186,21.349158,0.425716,1802.095064,161.800086
619,2.785370,0.125830,0.341610,64.000000,0.099186,22.977202,0.290348,1804.880434,162.141696
620,2.760272,0.131024,0.303904,64.000000,0.099186,23.186122,0.326372,1807.640706,162.445600
621,2.842068,0.126246,0.297819,64.000000,0.099186,22.518814,0.333041,1810.482774,162.743419
622,2.686907,0.126305,0.405663,64.000000,0.099186,23.819212,0.244503,1813.169681,163.149082
623,2.748236,0.126113,0.286659,64.000000,0.099186,23.287667,0.346007,1815.917916,163.435741
624,2.807530,0.144014,0.190706,64.000000,0.099186,22.795837,0.520100,1818.725447,163.626446
625,2.781332,0.136823,0.293926,64.000000,0.099186,23.010559,0.337452,1821.506778,163.920372
626,2.467408,0.133290,0.358196,64.000000,0.099186,25.938147,0.276904,1823.974187,164.278568
627,2.536932,0.127141,0.456523,64.000000,0.099186,25.227326,0.217264,1826.511118,164.735091
628,2.679658,0.131585,0.234097,64.000000,0.099186,23.883647,0.423696,1829.190776,164.969188
629,2.568393,0.125526,0.358872,64.000000,0.099186,24.918306,0.276382,1831.759169,165.328060
630,2.629776,0.126914,0.359802,64.000000,0.099186,24.336672,0.275668,1834.388945,165.687862
631,2.855258,0.129019,0.156341,64.000000,0.099186,22.414783,0.634419,1837.244204,165.844204
632,2.842574,0.135157,0.250474,64.000000,0.099186,22.514808,0.395993,1840.086777,166.094678
633,2.716998,0.128721,0.267401,64.000000,0.099186,23.555406,0.370925,1842.803776,166.362079
634,2.881262,0.129115,0.227610,64.000000,0.099186,22.212491,0.435771,1845.685037,166.589690
635,2.870748,0.125713,0.440009,64.000000,0.099186,22.293838,0.225418,1848.555786,167.029698
636,3.025315,0.130002,0.321948,64.000000,0.099186,21.154819,0.308081,1851.581101,167.351646
637,2.894058,0.126600,0.449950,64.000000,0.099186,22.114279,0.220438,1854.475159,167.801596
638,3.105010,0.131070,0.151371,64.000000,0.099186,20.611848,0.655250,1857.580169,167.952967
639,3.093633,0.119800,0.181128,64.000000,0.099186,20.687648,0.547602,1860.673803,168.134095
640,3.143635,0.122197,0.172593,64.000000,0.099186,20.358597,0.574680,1863.817438,168.306688
641,3.281165,0.116275,0.155902,64.000000,0.099186,19.505264,0.636207,1867.098603,168.462590
642,3.149675,0.116008,0.162789,64.000000,0.099186,20.319554,0.609292,1870.248278,168.625379
643,3.183707,0.116662,0.156186,64.000000,0.099186,20.102352,0.635050,1873.431985,168.781565
644,2.875723,0.125656,0.453365,64.000000,0.099186,22.255272,0.218777,1876.307709,169.234930
645,3.266678,0.124985,0.083163,64.000000,0.099186,19.591766,1.192664,1879.574387,169.318094
646,3.062370,0.153861,0.285543,64.000000,0.099186,20.898849,0.347359,1882.636757,169.603636
647,3.133118,0.141328,0.154881,64.000000,0.099186,20.426934,0.640403,1885.769875,169.758517
648,3.072100,0.136148,0.241567,64.000000,0.099186,20.832652,0.410593,1888.841975,170.000084
649,2.986424,0.137989,0.277867,64.000000,0.099186,21.430310,0.356955,1891.828400,170.277951
650,3.056193,0.129041,0.232308,64.000000,0.099186,20.941087,0.426960,1894.884592,170.510259
651,2.960230,0.132474,0.204901,64.000000,0.099186,21.619941,0.484068,1897.844823,170.715160
652,2.939620,0.126822,0.281721,64.000000,0.099186,21.771519,0.352071,1900.784443,170.996881
653,3.103222,0.129829,0.214910,64.000000,0.099186,20.623724,0.461523,1903.887665,171.211791
654,3.001239,0.128604,0.219499,64.000000,0.099186,21.324528,0.451873,1906.888904,171.431291
655,2.919139,0.129308,0.627428,64.000000,0.099186,21.924272,0.158083,1909.808043,172.058718
656,2.855023,0.122716,0.067939,64.000000,0.099186,22.416634,1.459921,1912.663066,172.126658
657,2.911907,0.131598,0.355684,64.000000,0.099186,21.978721,0.278860,1915.574973,172.482341
658,2.886249,0.127633,0.416633,64.000000,0.099186,22.174113,0.238065,1918.461222,172.898975
659,3.015864,0.129169,0.250044,64.000000,0.099186,21.221119,0.396674,1921.477085,173.149019
660,3.248338,0.116816,0.163884,64.000000,0.099186,19.702381,0.605219,1924.725423,173.312903
661,3.197429,0.116063,0.217558,64.000000,0.099186,20.016080,0.455905,1927.922853,173.530462
662,3.247373,0.129188,0.211224,64.000000,0.099186,19.708237,0.469578,1931.170226,173.741685
663,3.019983,0.128769,0.398103,64.000000,0.099186,21.192170,0.249147,1934.190209,174.139788
664,3.331130,0.132028,0.165794,64.000000,0.099186,19.212697,0.598248,1937.521340,174.305582
665,3.267092,0.116971,0.179981,64.000000,0.099186,19.589289,0.551092,1940.788431,174.485563
666,3.242796,0.130512,0.183707,64.000000,0.099186,19.736058,0.539915,1944.031227,174.669269
667,3.138583,0.126659,0.298017,64.000000,0.099186,20.391365,0.332820,1947.169810,174.967286
668,3.290641,0.117439,0.155030,64.000000,0.099186,19.449097,0.639784,1950.460451,175.122317
669,3.106606,0.129156,0.297453,64.000000,0.099186,20.601260,0.333451,1953.567057,175.419770
670,2.970165,0.128805,0.443645,64.000000,0.099186,21.547623,0.223571,1956.537223,175.863414
671,3.137038,0.129117,0.310779,64.000000,0.099186,20.401412,0.319152,1959.674260,176.174194
672,3.184598,0.142154,0.200451,64.000000,0.099186,20.096728,0.494813,1962.858858,176.374645
673,2.892383,0.118780,0.526015,64.000000,0.099186,22.127085,0.188561,1965.751241,176.900660
674,3.109320,0.117872,0.314830,64.000000,0.099186,20.583276,0.315046,1968.860562,177.215490
675,3.218398,0.117637,0.250266,64.000000,0.099186,19.885672,0.396322,1972.078959,177.465756
676,2.955773,0.129526,0.317629,64.000000,0.099186,21.652541,0.312270,1975.034732,177.783384
677,3.270561,0.119164,0.119696,64.000000,0.099186,19.568506,0.828646,1978.305294,177.903081
678,3.276465,0.116972,0.067843,64.000000,0.099186,19.533247,1.461994,1981.581759,177.970924
679,3.196003,0.116824,0.114301,64.000000,0.099186,20.025015,0.867759,1984.777761,178.085225
680,2.977789,0.127245,0.330196,64.000000,0.099186,21.492456,0.300385,1987.755551,178.415421
681,3.167582,0.124142,0.159024,64.000000,0.099186,20.204686,0.623718,1990.923132,178.574445
682,2.917180,0.126089,0.381503,64.000000,0.099186,21.938996,0.259987,1993.840312,178.955948
683,3.010496,0.126994,0.302641,64.000000,0.099186,21.258955,0.327735,1996.850808,179.258588
684,2.870681,0.126353,0.395088,64.000000,0.099186,22.294360,0.251048,1999.721490,179.653677
685,3.062963,0.129785,0.202778,64.000000,0.099186,20.894801,0.489136,2002.784453,179.856454
686,3.118605,0.130138,0.233473,64.000000,0.099186,20.521995,0.424827,2005.903058,180.089928
687,3.011269,0.125071,0.258547,64.000000,0.099186,21.253495,0.383628,2008.914327,180.348475
688,3.192924,0.123092,1.020317,64.000000,0.099186,20.044325,0.097211,2012.107251,181.368792
689,2.476979,0.116186,0.001308,64.000000,0.099186,25.837921,75.833943,2014.584230,181.370100
690,3.171266,0.118414,0.129887,64.000000,0.099186,20.181216,0.763633,2017.755496,181.499987
691,3.090318,0.128036,0.266738,64.000000,0.099186,20.709843,0.371848,2020.845814,181.766725
692,3.205547,0.113058,0.230536,64.000000,0.099186,19.965392,0.430240,2024.051361,181.997261
693,3.186594,0.121471,0.094355,64.000000,0.099186,20.084142,1.051199,2027.237955,182.091616
694,3.178363,0.130576,0.170014,64.000000,0.099186,20.136153,0.583398,2030.416317,182.261630
695,3.267581,0.116362,0.158885,64.000000,0.099186,19.586354,0.624263,2033.683899,182.420515
696,3.023624,0.127854,0.311246,64.000000,0.099186,21.166652,0.318674,2036.707523,182.731761
697,3.022187,0.127088,0.404055,64.000000,0.099186,21.176720,0.245476,2039.729709,183.135816
698,3.289607,0.125130,0.069139,64.000000,0.099186,19.455211,1.434596,2043.019316,183.204955
699,2.862708,0.132542,0.498245,64.000000,0.099186,22.356457,0.199071,2045.882024,183.703200
700,3.073117,0.139053,0.238367,64.000000,0.099186,20.825762,0.416107,2048.955141,183.941567
701,3.230370,0.124272,0.120819,64.000000,0.099186,19.811971,0.820943,2052.185511,184.062386
702,3.036393,0.127016,0.303364,64.000000,0.099186,21.077639,0.326953,2055.221904,184.365750
703,3.209017,0.117496,0.179688,64.000000,0.099186,19.943800,0.551989,2058.430922,184.545439
704,3.091161,0.129140,0.275562,64.000000,0.099186,20.704197,0.359940,2061.522082,184.821001
705,2.928568,0.126867,0.411017,64.000000,0.099186,21.853687,0.241319,2064.450650,185.232018
706,3.175791,0.144418,0.171781,64.000000,0.099186,20.152461,0.577399,2067.626441,185.403798
707,2.937672,0.147230,0.263128,64.000000,0.099186,21.785958,0.376950,2070.564113,185.666926
708,3.139885,0.132165,0.135599,64.000000,0.099186,20.382915,0.731463,2073.703997,185.802525
709,2.940487,0.133483,0.267459,64.000000,0.099186,21.765105,0.370845,2076.644484,186.069985
710,3.007800,0.137339,0.224186,64.000000,0.099186,21.278013,0.442427,2079.652284,186.294170
711,3.017617,0.137488,0.183587,64.000000,0.099186,21.208791,0.540267,2082.669900,186.477758
712,2.820416,0.132887,0.406598,64.000000,0.099186,22.691688,0.243941,2085.490316,186.884355
713,2.688195,0.132443,0.516836,64.000000,0.099186,23.807796,0.191910,2088.178511,187.401192
714,3.059917,0.141827,0.182742,64.000000,0.099186,20.915601,0.542766,2091.238428,187.583933
715,3.106946,0.128892,0.135519,64.000000,0.099186,20.599008,0.731899,2094.345374,187.719452
716,2.798026,0.131642,0.342055,64.000000,0.099186,22.873269,0.289971,2097.143400,188.061507
717,2.820425,0.141289,0.255864,64.000000,0.099186,22.691617,0.387651,2099.963825,188.317371
718,2.983697,0.126731,0.169933,64.000000,0.099186,21.449902,0.583676,2102.947522,188.487304
719,2.772381,0.136387,0.360254,64.000000,0.099186,23.084854,0.275322,2105.719902,188.847558
720,2.767777,0.133290,0.290290,64.000000,0.099186,23.123248,0.341679,2108.487679,189.137848
721,2.644072,0.133482,0.471022,64.000000,0.099186,24.205090,0.210576,2111.131751,189.608869
722,3.030676,0.116598,0.147698,64.000000,0.099186,21.117399,0.671545,2114.162428,189.756568
723,2.876071,0.133704,0.338897,64.000000,0.099186,22.252578,0.292673,2117.038499,190.095465
724,2.794632,0.133906,0.424912,64.000000,0.099186,22.901044,0.233427,2119.833131,190.520376
725,2.855074,0.133687,0.381110,64.000000,0.099186,22.416228,0.260255,2122.688206,190.901487
726,2.899436,0.133525,0.432562,64.000000,0.099186,22.073257,0.229299,2125.587642,191.334048
727,2.812828,0.137992,0.359254,64.000000,0.099186,22.752905,0.276089,2128.400469,191.693302
728,3.056130,0.151608,0.302797,64.000000,0.099186,20.941516,0.327566,2131.456600,191.996099
729,2.849655,0.133540,0.426703,64.000000,0.099186,22.458862,0.232447,2134.306254,192.422801
730,2.993357,0.127606,0.288974,64.000000,0.099186,21.380674,0.343235,2137.299612,192.711776
731,2.936462,0.127293,0.386015,64.000000,0.099186,21.794935,0.256948,2140.236074,193.097791
732,3.029287,0.128351,0.285371,64.000000,0.099186,21.127082,0.347569,2143.265361,193.383162
733,3.130767,0.127557,0.223231,64.000000,0.099186,20.442275,0.444321,2146.396128,193.606392
734,3.212672,0.117280,0.168661,64.000000,0.099186,19.921110,0.588080,2149.608801,193.775053
735,2.816243,0.129090,0.408286,64.000000,0.099186,22.725312,0.242933,2152.425044,194.183339
736,2.992411,0.127155,0.270941,64.000000,0.099186,21.387435,0.366079,2155.417455,194.454280
737,3.133752,0.128566,0.235497,64.000000,0.099186,20.422804,0.421177,2158.551207,194.689777
738,3.169885,0.129011,0.162026,64.000000,0.099186,20.190004,0.612161,2161.721092,194.851803
739,2.841705,0.129104,0.453263,64.000000,0.099186,22.521690,0.218826,2164.562797,195.305066
740,3.138194,0.118469,0.120918,64.000000,0.099186,20.393898,0.820274,2167.700991,195.425984
741,2.973467,0.127926,0.281465,64.000000,0.099186,21.523696,0.352392,2170.674458,195.707449
742,3.002042,0.130057,0.251024,64.000000,0.099186,21.318820,0.395125,2173.676500,195.958473
743,2.760397,0.129042,0.381196,64.000000,0.099186,23.185073,0.260197,2176.436897,196.339668
744,3.051434,0.116326,0.108662,64.000000,0.099186,20.973743,0.912792,2179.488331,196.448331
745,2.945099,0.128376,0.251150,64.000000,0.099186,21.731020,0.394927,2182.433430,196.699480
746,2.900261,0.131769,0.229551,64.000000,0.099186,22.066977,0.432087,2185.333691,196.929031
747,2.923194,0.132669,0.242530,64.000000,0.099186,21.893863,0.408963,2188.256885,197.171561
748,2.755615,0.129686,0.315303,64.000000,0.099186,23.225302,0.314573,2191.012500,197.486864
749,2.987189,0.131686,0.197429,64.000000,0.099186,21.424828,0.502387,2193.999689,197.684293
750,3.131373,0.118030,0.124263,64.000000,0.099186,20.438321,0.798195,2197.131062,197.808556
751,2.976206,0.129136,0.232161,64.000000,0.099186,21.503887,0.427229,2200.107268,198.040718
752,2.795806,0.127844,0.321558,64.000000,0.099186,22.891427,0.308455,2202.903074,198.362275
753,2.783622,0.128761,0.212720,64.000000,0.099186,22.991627,0.466274,2205.686696,198.574996
754,2.921209,0.116745,0.112089,64.000000,0.099186,21.908733,0.884886,2208.607906,198.687085
755,2.776542,0.129318,0.362931,64.000000,0.099186,23.050250,0.273291,2211.384448,199.050016
756,2.825993,0.127804,0.214604,64.000000,0.099186,22.646909,0.462180,2214.210441,199.264620
757,2.682131,0.128123,0.297395,64.000000,0.099186,23.861622,0.333516,2216.892572,199.562015
758,2.520196,0.126634,0.426404,64.000000,0.099186,25.394848,0.232610,2219.412769,199.988419
759,2.649455,0.126557,0.285420,64.000000,0.099186,24.155908,0.347508,2222.062224,200.273839
760,2.795716,0.131213,0.144819,64.000000,0.099186,22.892169,0.684896,2224.857940,200.418658
761,2.577156,0.126420,0.380409,64.000000,0.099186,24.833574,0.260735,2227.435096,200.799067
762,2.821729,0.141065,0.185407,64.000000,0.099186,22.681126,0.534963,2230.256825,200.984474
763,2.878150,0.127669,0.272214,64.000000,0.099186,22.236508,0.364367,2233.134975,201.256689
764,2.692421,0.132137,0.447330,64.000000,0.099186,23.770430,0.221729,2235.827396,201.704019
765,2.886964,0.125687,0.167923,64.000000,0.099186,22.168621,0.590665,2238.714359,201.871941
766,2.879931,0.136168,0.195170,64.000000,0.099186,22.222752,0.508202,2241.594291,202.067112
767,2.942384,0.128001,0.320071,64.000000,0.099186,21.751069,0.309887,2244.536675,202.387182
768,2.980799,0.127561,0.314196,64.000000,0.099186,21.470750,0.315682,2247.517474,202.701378
769,2.880902,0.128346,0.473241,64.000000,0.099186,22.215263,0.209589,2250.398377,203.174619
770,2.898530,0.127688,0.433746,64.000000,0.099186,22.080160,0.228673,2253.296906,203.608365
771,3.156493,0.129029,0.216133,64.000000,0.099186,20.275665,0.458911,2256.453400,203.824498
772,3.189169,0.116730,0.171503,64.000000,0.099186,20.067925,0.578334,2259.642568,203.996001
773,2.994686,0.128764,0.358929,64.000000,0.099186,21.371189,0.276338,2262.637254,204.354930
774,2.787491,0.126973,0.449147,64.000000,0.099186,22.959711,0.220832,2265.424746,204.804077
775,2.876360,0.127108,0.412827,64.000000,0.099186,22.250342,0.240260,2268.301106,205.216904
776,2.881182,0.127990,0.427084,64.000000,0.099186,22.213102,0.232240,2271.182288,205.643989
777,2.935053,0.127944,0.340231,64.000000,0.099186,21.805398,0.291526,2274.117341,205.984219
778,3.043881,0.130275,0.219897,64.000000,0.099186,21.025790,0.451057,2277.161222,206.204116
779,2.931951,0.129708,0.227446,64.000000,0.099186,21.828470,0.436086,2280.093173,206.431562
780,3.168144,0.117369,0.120865,64.000000,0.099186,20.201103,0.820632,2283.261317,206.552427
781,2.818254,0.129371,0.385928,64.000000,0.099186,22.709092,0.257006,2286.079571,206.938355
782,3.146391,0.116714,0.123946,64.000000,0.099186,20.340767,0.800237,2289.225962,207.062301
783,2.788430,0.127078,0.452040,64.000000,0.099186,22.951986,0.219418,2292.014392,207.514341
784,3.367512,0.116294,0.078606,64.000000,0.099186,19.005129,1.261810,2295.381904,207.592947
785,3.151850,0.116043,0.156090,64.000000,0.099186,20.305537,0.635441,2298.533753,207.749037
786,2.950814,0.126950,0.429925,64.000000,0.099186,21.688931,0.230705,2301.484567,208.178963
787,2.871795,0.127154,0.416949,64.000000,0.099186,22.285712,0.237885,2304.356362,208.595912
788,2.953607,0.128066,0.309339,64.000000,0.099186,21.668420,0.320638,2307.309970,208.905251
789,3.197242,0.120703,0.152308,64.000000,0.099186,20.017250,0.651219,2310.507212,209.057559
790,2.934164,0.127914,0.380893,64.000000,0.099186,21.812002,0.260403,2313.441376,209.438453
791,3.176443,0.114195,0.204732,64.000000,0.099186,20.148325,0.484467,2316.617819,209.643185
792,3.128965,0.130576,0.237916,64.000000,0.099186,20.454049,0.416894,2319.746784,209.881101
793,3.105172,0.127792,0.283681,64.000000,0.099186,20.610774,0.349639,2322.851956,210.164782
794,2.969079,0.128635,0.319650,64.000000,0.099186,21.555509,0.310295,2325.821035,210.484432
795,3.077918,0.127805,0.238619,64.000000,0.099186,20.793276,0.415667,2328.898953,210.723051
796,3.054696,0.129476,0.164741,64.000000,0.099186,20.951351,0.602071,2331.953648,210.887792
797,3.023793,0.129421,0.207379,64.000000,0.099186,21.165470,0.478283,2334.977441,211.095171
798,2.752868,0.126957,0.464562,64.000000,0.099186,23.248480,0.213504,2337.730310,211.559733
799,3.155352,0.128024,0.103440,64.000000,0.099186,20.282997,0.958870,2340.885662,211.663173
800,3.131119,0.130314,0.170459,64.000000,0.099186,20.439976,0.581877,2344.016781,211.833632
801,2.938117,0.136514,0.341852,64.000000,0.099186,21.782662,0.290143,2346.954897,212.175484
802,3.233196,0.116174,0.122323,64.000000,0.099186,19.794654,0.810854,2350.188094,212.297807
803,2.993127,0.141552,0.177925,64.000000,0.099186,21.382322,0.557460,2353.181220,212.475731
804,3.154329,0.131034,0.261520,64.000000,0.099186,20.289578,0.379266,2356.335549,212.737252
805,3.014311,0.129395,0.356725,64.000000,0.099186,21.232051,0.278046,2359.349860,213.093977
806,3.002108,0.128224,0.300582,64.000000,0.099186,21.318351,0.329979,2362.351968,213.394559
807,3.141948,0.115867,0.149809,64.000000,0.099186,20.369530,0.662081,2365.493916,213.544368
808,3.034168,0.128335,0.344111,64.000000,0.099186,21.093095,0.288238,2368.528084,213.888480
809,3.146215,0.129048,0.249993,64.000000,0.099186,20.341903,0.396754,2371.674299,214.138473
810,3.094994,0.137449,0.204769,64.000000,0.099186,20.678554,0.484379,2374.769293,214.343243
811,3.213733,0.140213,0.160156,64.000000,0.099186,19.914535,0.619307,2377.983026,214.503399
812,3.151360,0.135621,0.251837,64.000000,0.099186,20.308694,0.393850,2381.134386,214.755236
813,3.202874,0.130308,0.211784,64.000000,0.099186,19.982053,0.468335,2384.337260,214.967019
814,3.038208,0.125106,0.337938,64.000000,0.099186,21.065051,0.293503,2387.375468,215.304957
815,3.171024,0.129804,0.241808,64.000000,0.099186,20.182752,0.410184,2390.546492,215.546766
816,3.133403,0.131346,0.243225,64.000000,0.099186,20.425080,0.407794,2393.679895,215.789991
817,3.174204,0.129934,0.165878,64.000000,0.099186,20.162535,0.597947,2396.854099,215.955869
818,3.212408,0.123734,0.111384,64.000000,0.099186,19.922750,0.890486,2400.066507,216.067253
819,2.743727,0.127720,0.368029,64.000000,0.099186,23.325935,0.269505,2402.810234,216.435282
820,2.990560,0.116144,0.123385,64.000000,0.099186,21.400677,0.803876,2405.800794,216.558667
821,2.802417,0.127100,0.308781,64.000000,0.099186,22.837433,0.321217,2408.603210,216.867448
822,2.845385,0.128732,0.219015,64.000000,0.099186,22.492566,0.452872,2411.448595,217.086464
823,2.922211,0.140044,0.155076,64.000000,0.099186,21.901226,0.639598,2414.370806,217.241539
824,2.933983,0.130866,0.149464,64.000000,0.099186,21.813347,0.663611,2417.304789,217.391003
825,2.583803,0.134305,0.324988,64.000000,0.099186,24.769689,0.305199,2419.888592,217.715991
826,2.808828,0.117127,0.153143,64.000000,0.099186,22.785301,0.647671,2422.697421,217.869133
827,2.861042,0.145436,0.146717,64.000000,0.099186,22.369474,0.676036,2425.558462,218.015850
828,2.762655,0.136397,0.223253,64.000000,0.099186,23.166123,0.444277,2428.321117,218.239103
829,2.787367,0.135447,0.260656,64.000000,0.099186,22.960741,0.380524,2431.108484,218.499759
830,2.543636,0.135692,0.388407,64.000000,0.099186,25.160833,0.255366,2433.652120,218.888166
831,2.925465,0.127847,0.097998,64.000000,0.099186,21.876860,1.012127,2436.577585,218.986164
832,2.719994,0.129792,0.303339,64.000000,0.099186,23.529466,0.326981,2439.297579,219.289503
833,2.756716,0.129021,0.319335,64.000000,0.099186,23.216034,0.310601,2442.054294,219.608838
834,2.535849,0.128466,0.411758,64.000000,0.099186,25.238099,0.240884,2444.590143,220.020596
835,2.882414,0.129816,0.177178,64.000000,0.099186,22.203612,0.559811,2447.472557,220.197773
836,2.890728,0.130597,0.184177,64.000000,0.099186,22.139753,0.538537,2450.363285,220.381950
837,2.496234,0.127640,0.397469,64.000000,0.099186,25.638626,0.249544,2452.859519,220.779419
838,2.591752,0.134651,0.371073,64.000000,0.099186,24.693723,0.267295,2455.451270,221.150492
839,2.840804,0.127996,0.234243,64.000000,0.099186,22.528836,0.423432,2458.292074,221.384735
840,2.819810,0.134670,0.176829,64.000000,0.099186,22.696568,0.560914,2461.111884,221.561564
841,2.734465,0.132316,0.171079,64.000000,0.099186,23.404940,0.579767,2463.846349,221.732643
842,2.657905,0.126737,0.311324,64.000000,0.099186,24.079117,0.318594,2466.504254,222.043966
843,2.930193,0.141806,0.134029,64.000000,0.099186,21.841562,0.740034,2469.434447,222.177995
844,2.694052,0.127059,0.312470,64.000000,0.099186,23.756039,0.317425,2472.128499,222.490466
845,2.760761,0.127602,0.204680,64.000000,0.099186,23.182016,0.484591,2474.889260,222.695145
846,2.994310,0.116041,0.089592,64.000000,0.099186,21.373876,1.107088,2477.883569,222.784737
847,2.839676,0.128962,0.205346,64.000000,0.099186,22.537782,0.483019,2480.723245,222.990083
848,2.939974,0.146655,0.197825,64.000000,0.099186,21.768903,0.501382,2483.663219,223.187908
849,2.971068,0.129220,0.331135,64.000000,0.099186,21.541074,0.299533,2486.634287,223.519043
850,3.079578,0.129208,0.233640,64.000000,0.099186,20.782070,0.424524,2489.713865,223.752683
851,3.252273,0.128098,0.122723,64.000000,0.099186,19.678543,0.808212,2492.966138,223.875406
852,3.240464,0.123271,0.072205,64.000000,0.099186,19.750259,1.373664,2496.206602,223.947611
853,3.044897,0.142233,0.178349,64.000000,0.099186,21.018771,0.556135,2499.251499,224.125960
854,3.132414,0.116188,0.083656,64.000000,0.099186,20.431527,1.185635,2502.383913,224.209616
855,2.952868,0.128663,0.318349,64.000000,0.099186,21.673844,0.311564,2505.336781,224.527965
856,2.967079,0.128696,0.230048,64.000000,0.099186,21.570037,0.431152,2508.303860,224.758014
857,2.949588,0.128614,0.226702,64.000000,0.099186,21.697946,0.437517,2511.253448,224.984716
858,2.910215,0.128562,0.937214,64.000000,0.099186,21.991504,0.105831,2514.163663,225.921929
859,2.519611,0.116408,0.034534,64.000000,0.099186,25.400741,2.872148,2516.683274,225.956463
860,2.996602,0.127873,0.160054,64.000000,0.099186,21.357528,0.619702,2519.679876,226.116517
861,2.675009,0.128250,0.248367,64.000000,0.099186,23.925157,0.399353,2522.354884,226.364884
862,2.684285,0.133829,0.310186,64.000000,0.099186,23.842472,0.319763,2525.039170,226.675069
863,2.731738,0.132926,0.308274,64.000000,0.099186,23.428311,0.321746,2527.770907,226.983343
864,2.625286,0.144536,0.279430,64.000000,0.099186,24.378298,0.354958,2530.396193,227.262773
865,2.968696,0.128397,0.124844,64.000000,0.099186,21.558284,0.794477,2533.364890,227.387617
866,2.762107,0.136991,0.202801,64.000000,0.099186,23.170717,0.489080,2536.126997,227.590418
867,2.671365,0.132177,0.457180,64.000000,0.099186,23.957787,0.216951,2538.798362,228.047598
868,3.121306,0.141701,0.150587,64.000000,0.099186,20.504239,0.658663,2541.919668,228.198185
869,2.820284,0.133325,0.306268,64.000000,0.099186,22.692754,0.323854,2544.739951,228.504453
870,2.871471,0.127856,0.299331,64.000000,0.099186,22.288225,0.331359,2547.611423,228.803784
871,2.928572,0.128043,0.203523,64.000000,0.099186,21.853651,0.487345,2550.539995,229.007307
872,2.979664,0.127427,0.272541,64.000000,0.099186,21.478931,0.363930,2553.519659,229.279848
873,3.111351,0.129438,0.198345,64.000000,0.099186,20.569842,0.500068,2556.631010,229.478193
874,2.999284,0.116641,0.165123,64.000000,0.099186,21.338429,0.600681,2559.630294,229.643316
875,2.937495,0.129288,0.191519,64.000000,0.099186,21.787270,0.517892,2562.567789,229.834834
876,2.914460,0.129405,0.249014,64.000000,0.099186,21.959472,0.398314,2565.482249,230.083849
877,3.022978,0.127941,0.294945,64.000000,0.099186,21.171173,0.336287,2568.505227,230.378794
878,3.243106,0.131239,0.173405,64.000000,0.099186,19.734170,0.571989,2571.748333,230.552199
879,3.258972,0.116814,0.104930,64.000000,0.099186,19.638092,0.945261,2575.007305,230.657128
880,3.112026,0.116550,0.191748,64.000000,0.099186,20.565383,0.517272,2578.119331,230.848877
881,2.952119,0.116686,0.154797,64.000000,0.099186,21.679343,0.640749,2581.071450,231.003673
882,2.861770,0.128705,0.304967,64.000000,0.099186,22.363778,0.325235,2583.933220,231.308640
883,2.777715,0.129255,0.401329,64.000000,0.099186,23.040522,0.247144,2586.710935,231.709970
884,2.733422,0.128916,0.415679,64.000000,0.099186,23.413873,0.238612,2589.444358,232.125649
885,2.879681,0.129842,0.157796,64.000000,0.099186,22.224686,0.628569,2592.324038,232.283445
886,2.858280,0.129356,0.232017,64.000000,0.099186,22.391088,0.427494,2595.182318,232.515462
887,2.999971,0.129283,0.154801,64.000000,0.099186,21.333536,0.640733,2598.182290,232.670263
888,3.101102,0.129743,0.211121,64.000000,0.099186,20.637826,0.469805,2601.283392,232.881385
889,3.142186,0.119622,0.138521,64.000000,0.099186,20.367984,0.716034,2604.425578,233.019906
890,2.970841,0.128510,0.301211,64.000000,0.099186,21.542725,0.329291,2607.396418,233.321117
891,3.130662,0.117832,0.189986,64.000000,0.099186,20.442959,0.522070,2610.527081,233.511102
892,2.906373,0.133326,0.400294,64.000000,0.099186,22.020576,0.247783,2613.433453,233.911397
893,3.238999,0.116191,0.079087,64.000000,0.099186,19.759194,1.254137,2616.672452,233.990484
894,3.197018,0.116279,0.198149,64.000000,0.099186,20.018657,0.500562,2619.869469,234.188633
895,3.220254,0.116194,0.100720,64.000000,0.099186,19.874206,0.984766,2623.089724,234.289353
896,3.094462,0.129295,0.201240,64.000000,0.099186,20.682111,0.492875,2626.184186,234.490593
897,3.127939,0.129607,0.289103,64.000000,0.099186,20.460758,0.343081,2629.312124,234.779696
898,3.165949,0.116682,0.180627,64.000000,0.099186,20.215109,0.549120,2632.478073,234.960323
899,3.028836,0.128216,0.249212,64.000000,0.099186,21.130227,0.397999,2635.506910,235.209535
900,3.067792,0.128385,0.285810,64.000000,0.099186,20.861908,0.347035,2638.574702,235.495345
901,2.922334,0.127188,0.416824,64.000000,0.099186,21.900300,0.237957,2641.497036,235.912168
902,3.112128,0.128328,0.228185,64.000000,0.099186,20.564705,0.434674,2644.609165,236.140353
903,2.838053,0.128492,0.344978,64.000000,0.099186,22.550671,0.287514,2647.447218,236.485331
904,3.061782,0.135090,0.207832,64.000000,0.099186,20.902862,0.477241,2650.508999,236.693163
905,3.124195,0.129568,0.159932,64.000000,0.099186,20.485276,0.620174,2653.633195,236.853095
906,3.186576,0.115946,0.245141,64.000000,0.099186,20.084251,0.404608,2656.819771,237.098236
907,2.865135,0.129864,0.335957,64.000000,0.099186,22.337520,0.295234,2659.684906,237.434193
908,2.730882,0.127198,0.307202,64.000000,0.099186,23.435656,0.322869,2662.415787,237.741395
909,2.803822,0.139031,0.209887,64.000000,0.099186,22.825982,0.472569,2665.219609,237.951282
910,2.814117,0.127506,0.320751,64.000000,0.099186,22.742484,0.309230,2668.033726,238.272033
911,2.841869,0.129560,0.285213,64.000000,0.099186,22.520389,0.347761,2670.875595,238.557246
912,2.710390,0.126707,0.337404,64.000000,0.099186,23.612836,0.293968,2673.585985,238.894650
913,2.734744,0.124348,0.366212,64.000000,0.099186,23.402559,0.270843,2676.320729,239.260863
914,2.722935,0.125736,0.431382,64.000000,0.099186,23.504051,0.229926,2679.043664,239.692245
915,2.804206,0.126634,0.319474,64.000000,0.099186,22.822863,0.310466,2681.847869,240.011719
916,2.768675,0.129265,0.312644,64.000000,0.099186,23.115751,0.317249,2684.616544,240.324363
917,2.972516,0.130716,0.252134,64.000000,0.099186,21.530582,0.393386,2687.589060,240.576497
918,3.164875,0.127739,0.166617,64.000000,0.099186,20.221970,0.595292,2690.753935,240.743114
919,3.034567,0.141374,0.221150,64.000000,0.099186,21.090325,0.448501,2693.788502,240.964264
920,3.005556,0.128172,0.135377,64.000000,0.099186,21.293897,0.732664,2696.794058,241.099641
921,2.796629,0.138956,0.184460,64.000000,0.099186,22.884696,0.537708,2699.590687,241.284101
922,2.852855,0.127552,0.114231,64.000000,0.099186,22.433669,0.868295,2702.443542,241.398332
923,2.680407,0.139643,0.202820,64.000000,0.099186,23.876972,0.489034,2705.123948,241.601152
924,2.462814,0.137609,0.433983,64.000000,0.099186,25.986529,0.228548,2707.586763,242.035136
925,2.672314,0.136934,0.198197,64.000000,0.099186,23.949283,0.500442,2710.259077,242.233332
926,2.627003,0.144533,0.190698,64.000000,0.099186,24.362358,0.520121,2712.886080,242.424030
927,2.765143,0.129719,0.158346,64.000000,0.099186,23.145280,0.626389,2715.651223,242.582376
928,2.846171,0.116484,0.149016,64.000000,0.099186,22.486347,0.665606,2718.497394,242.731392
929,2.854020,0.117674,0.202419,64.000000,0.099186,22.424510,0.490002,2721.351414,242.933811
930,2.830470,0.137438,0.118969,64.000000,0.099186,22.611085,0.833712,2724.181884,243.052780
931,2.621530,0.128900,0.227639,64.000000,0.099186,24.413224,0.435716,2726.803414,243.280419
932,2.612060,0.129430,0.303976,64.000000,0.099186,24.501735,0.326295,2729.415474,243.584395
933,2.775274,0.128782,0.245519,64.000000,0.099186,23.060783,0.403985,2732.190749,243.829914
934,2.727536,0.127153,0.274147,64.000000,0.099186,23.464400,0.361798,2734.918285,244.104061
935,2.928514,0.116197,0.035870,64.000000,0.099186,21.854084,2.765119,2737.846799,244.139932
936,2.727382,0.140710,0.337475,64.000000,0.099186,23.465723,0.293906,2740.574182,244.477406
937,2.686744,0.134279,0.223040,64.000000,0.099186,23.820653,0.444700,2743.260926,244.700446
938,2.733249,0.116819,0.140648,64.000000,0.099186,23.415357,0.705206,2745.994175,244.841094
939,2.433555,0.129352,0.421434,64.000000,0.099186,26.298976,0.235353,2748.427730,245.262528
940,2.475590,0.126766,0.347046,64.000000,0.099186,25.852422,0.285801,2750.903320,245.609574
941,2.519622,0.131008,0.369107,64.000000,0.099186,25.400639,0.268719,2753.422941,245.978681
942,2.517536,0.131616,0.431180,64.000000,0.099186,25.421678,0.230033,2755.940478,246.409862
943,2.860543,0.116246,0.160966,64.000000,0.099186,22.373373,0.616193,2758.801021,246.570827
944,2.896139,0.128755,0.204752,64.000000,0.099186,22.098387,0.484419,2761.697160,246.775579
945,2.815700,0.127387,0.273824,64.000000,0.099186,22.729691,0.362226,2764.512860,247.049403
946,2.739230,0.128824,0.223542,64.000000,0.099186,23.364228,0.443703,2767.252091,247.272945
947,2.601928,0.127566,0.369962,64.000000,0.099186,24.597149,0.268098,2769.854018,247.642906
948,2.697836,0.127739,0.215542,64.000000,0.099186,23.722715,0.460169,2772.551854,247.858449
949,2.857775,0.118344,0.146896,64.000000,0.099186,22.395048,0.675212,2775.409629,248.005345
950,2.467344,0.128560,0.310023,64.000000,0.099186,25.938822,0.319931,2777.876973,248.315368
951,2.800944,0.125019,0.117054,64.000000,0.099186,22.849437,0.847355,2780.677917,248.432422
952,2.518863,0.125626,0.420620,64.000000,0.099186,25.408289,0.235809,2783.196780,248.853041
953,2.522942,0.133150,0.393247,64.000000,0.099186,25.367215,0.252223,2785.719722,249.246289
954,2.595725,0.143676,0.173805,64.000000,0.099186,24.655922,0.570674,2788.315447,249.420094
955,2.786143,0.116079,0.120916,64.000000,0.099186,22.970825,0.820286,2791.101590,249.541010
956,2.631409,0.127171,0.324524,64.000000,0.099186,24.321573,0.305635,2793.732999,249.865534
957,2.726703,0.144282,0.283273,64.000000,0.099186,23.471566,0.350143,2796.459702,250.148807
958,2.820495,0.138299,0.154746,64.000000,0.099186,22.691053,0.640962,2799.280197,250.303552
959,2.821912,0.141155,0.184876,64.000000,0.099186,22.679655,0.536501,2802.102110,250.488428
960,2.839261,0.137028,0.270026,64.000000,0.099186,22.541079,0.367321,2804.941370,250.758453
961,2.985770,0.137841,0.190711,64.000000,0.099186,21.435009,0.520086,2807.927140,250.949164
962,2.946842,0.134901,0.224596,64.000000,0.099186,21.718167,0.441620,2810.873982,251.173760
963,3.039308,0.138301,0.259208,64.000000,0.099186,21.057425,0.382650,2813.913290,251.432968
964,3.127112,0.117411,0.179391,64.000000,0.099186,20.466171,0.552903,2817.040401,251.612359
965,3.171769,0.118851,0.137945,64.000000,0.099186,20.178011,0.719023,2820.212171,251.750304
966,2.973420,0.131355,0.230339,64.000000,0.099186,21.524035,0.430609,2823.185591,251.980643
967,2.917939,0.128203,0.368706,64.000000,0.099186,21.933287,0.269011,2826.103530,252.349349
968,3.067116,0.116824,0.191338,64.000000,0.099186,20.866505,0.518381,2829.170647,252.540688
969,2.802485,0.127007,0.391955,64.000000,0.099186,22.836873,0.253054,2831.973132,252.932643
970,2.937335,0.128111,0.278581,64.000000,0.099186,21.788456,0.356040,2834.910467,253.211224
971,3.044978,0.127855,0.288278,64.000000,0.099186,21.018213,0.344064,2837.955445,253.499501
972,2.998234,0.131213,0.255175,64.000000,0.099186,21.345897,0.388698,2840.953680,253.754676
973,3.271803,0.127151,0.067629,64.000000,0.099186,19.561078,1.466617,2844.225483,253.822305
974,2.919651,0.128950,0.452016,64.000000,0.099186,21.920425,0.219430,2847.145134,254.274321
975,2.925719,0.130754,0.385161,64.000000,0.099186,21.874967,0.257518,2850.070853,254.659482
976,3.039854,0.127799,0.854360,64.000000,0.099186,21.053645,0.116094,2853.110707,255.513842
977,2.853920,0.116121,0.042943,64.000000,0.099186,22.425292,2.309720,2855.964627,255.556785
978,3.053872,0.127917,0.196790,64.000000,0.099186,20.957000,0.504020,2859.018499,255.753575
979,2.987436,0.128906,0.250764,64.000000,0.099186,21.423053,0.395536,2862.005935,256.004338
980,3.165358,0.114525,0.157829,64.000000,0.099186,20.218880,0.628441,2865.171294,256.162167
981,3.016636,0.127119,0.265997,64.000000,0.099186,21.215688,0.372883,2868.187929,256.428164
982,3.068595,0.128293,0.211223,64.000000,0.099186,20.856449,0.469579,2871.256525,256.639388
983,3.055522,0.129934,0.203796,64.000000,0.099186,20.945682,0.486692,2874.312047,256.843184
984,3.015798,0.125501,0.348343,64.000000,0.099186,21.221582,0.284737,2877.327845,257.191526
985,3.009222,0.135322,0.964497,64.000000,0.099186,21.267953,0.102837,2880.337067,258.156023
986,2.666645,0.117552,0.034518,64.000000,0.099186,24.000192,2.873442,2883.003712,258.190541
987,3.054358,0.126135,0.292651,64.000000,0.099186,20.953667,0.338923,2886.058070,258.483192
988,2.906032,0.125134,0.388545,64.000000,0.099186,22.023157,0.255276,2888.964103,258.871737
989,3.187658,0.116164,0.174095,64.000000,0.099186,20.077436,0.569724,2892.151761,259.045831
990,2.872858,0.133695,0.442463,64.000000,0.099186,22.277464,0.224168,2895.024619,259.488295
991,2.984832,0.140765,0.307732,64.000000,0.099186,21.441746,0.322313,2898.009451,259.796026
992,3.150820,0.130624,0.159344,64.000000,0.099186,20.312173,0.622463,2901.160270,259.955370
993,2.623650,0.133961,0.406912,64.000000,0.099186,24.393500,0.243753,2903.783920,260.362283
994,2.886024,0.157585,1.208151,64.000000,0.099186,22.175838,0.082097,2906.669944,261.570434
995,2.126440,0.116057,0.001269,64.000000,0.099186,30.097249,78.147226,2908.796384,261.571703
996,2.683261,0.128293,0.405964,64.000000,0.099186,23.851576,0.244322,2911.479645,261.977667
997,2.801959,0.142341,0.261001,64.000000,0.099186,22.841163,0.380021,2914.281604,262.238668
998,2.742952,0.132137,0.335916,64.000000,0.099186,23.332524,0.295270,2917.024556,262.574584
999,2.879349,0.134949,0.212254,64.000000,0.099186,22.227247,0.467298,2919.903905,262.786838
1000,2.823835,0.127486,0.388221,64.000000,0.099186,22.664216,0.255488,2922.727740,263.175060
1001,2.922663,0.127928,0.223045,64.000000,0.099186,21.897837,0.444690,2925.650403,263.398105
1002,3.063755,0.126685,0.313256,64.000000,0.099186,20.889397,0.316629,2928.714158,263.711361
1003,3.170638,0.116031,0.169620,64.000000,0.099186,20.185210,0.584754,2931.884796,263.880981
1004,3.128645,0.130082,0.220872,64.000000,0.099186,20.456142,0.449065,2935.013441,264.101853
1005,2.963494,0.128353,0.322659,64.000000,0.099186,21.596127,0.307401,2937.976935,264.424512
1006,3.137080,0.130263,0.159557,64.000000,0.099186,20.401139,0.621633,2941.114015,264.584069
1007,3.238234,0.116118,0.074159,64.000000,0.099186,19.763858,1.337469,2944.352249,264.658228
1008,2.990173,0.137744,0.273181,64.000000,0.099186,21.403447,0.363078,2947.342422,264.931409
1009,3.059493,0.136812,0.206601,64.000000,0.099186,20.918501,0.480085,2950.401915,265.138010
1010,3.252407,0.116535,0.117196,64.000000,0.099186,19.677737,0.846324,2953.654321,265.255206
1011,3.179321,0.121582,0.169759,64.000000,0.099186,20.130087,0.584274,2956.833642,265.424966
1012,3.032073,0.126366,0.294698,64.000000,0.099186,21.107671,0.336568,2959.865715,265.719663
1013,3.150201,0.133648,0.186414,64.000000,0.099186,20.316167,0.532073,2963.015915,265.906078
1014,2.943233,0.128401,0.473319,64.000000,0.099186,21.744797,0.209554,2965.959148,266.379397
1015,3.198329,0.128633,0.185398,64.000000,0.099186,20.010448,0.534989,2969.157477,266.564795
1016,3.087974,0.129072,0.226654,64.000000,0.099186,20.725562,0.437610,2972.245451,266.791449
1017,3.198724,0.117848,0.216799,64.000000,0.099186,20.007981,0.457501,2975.444175,267.008248
1018,3.224743,0.118052,0.149903,64.000000,0.099186,19.846542,0.661669,2978.668918,267.158151
1019,3.014399,0.143101,0.263162,64.000000,0.099186,21.231432,0.376901,2981.683317,267.421312
1020,2.838804,0.126848,0.531650,64.000000,0.099186,22.544703,0.186562,2984.522121,267.952963
1021,3.231751,0.115870,0.178338,64.000000,0.099186,19.803504,0.556169,2987.753872,268.131300
1022,3.154752,0.132084,0.159718,64.000000,0.099186,20.286855,0.621007,2990.908625,268.291018
1023,3.344690,0.123705,0.075086,64.000000,0.099186,19.134810,1.320968,2994.253314,268.366104
1024,3.199577,0.125365,0.130891,64.000000,0.099186,20.002647,0.757777,2997.452891,268.496995
1025,3.203946,0.127644,0.128789,64.000000,0.099186,19.975369,0.770143,3000.656837,268.625784
1026,2.897292,0.131812,0.401704,64.000000,0.099186,22.089593,0.246913,3003.554129,269.027488
1027,2.899448,0.125834,0.377830,64.000000,0.099186,22.073164,0.262515,3006.453577,269.405318
1028,2.930997,0.139904,0.257036,64.000000,0.099186,21.835570,0.385883,3009.384574,269.662354
1029,3.028380,0.137425,0.221842,64.000000,0.099186,21.133413,0.447103,3012.412954,269.884196
1030,3.062438,0.141741,0.179325,64.000000,0.099186,20.898380,0.553108,3015.475393,270.063520
1031,2.902587,0.140508,0.228520,64.000000,0.099186,22.049298,0.434035,3018.377979,270.292041
1032,2.892354,0.125617,1.362629,64.000000,0.099186,22.127305,0.072790,3021.270333,271.654669
1033,2.324573,0.114649,0.001253,64.000000,0.099186,27.531937,79.187656,3023.594906,271.655922
1034,2.828388,0.127008,0.411083,64.000000,0.099186,22.627731,0.241280,3026.423294,272.067005
1035,2.927073,0.128566,0.281397,64.000000,0.099186,21.864849,0.352477,3029.350367,272.348402
1036,2.967057,0.130116,0.236190,64.000000,0.099186,21.570196,0.419941,3032.317424,272.584592
1037,3.014326,0.127273,0.220697,64.000000,0.099186,21.231941,0.449422,3035.331750,272.805289
1038,2.936907,0.124850,0.363145,64.000000,0.099186,21.791633,0.273130,3038.268657,273.168435
1039,3.100599,0.116632,0.189064,64.000000,0.099186,20.641173,0.524617,3041.369256,273.357498
1040,2.747094,0.131779,0.463144,64.000000,0.099186,23.297344,0.214158,3044.116350,273.820642
1041,3.135298,0.116853,0.131407,64.000000,0.099186,20.412734,0.754802,3047.251648,273.952048
1042,2.965809,0.124933,0.313933,64.000000,0.099186,21.579269,0.315946,3050.217458,274.265981
1043,3.065032,0.129515,0.114055,64.000000,0.099186,20.880699,0.869634,3053.282489,274.380036
1044,3.027335,0.125815,0.150254,64.000000,0.099186,21.140705,0.660120,3056.309824,274.530291
1045,2.955468,0.138716,0.223630,64.000000,0.099186,21.654774,0.443527,3059.265293,274.753921
1046,3.046197,0.130334,0.191453,64.000000,0.099186,21.009806,0.518070,3062.311489,274.945374
1047,2.963839,0.133462,0.354452,64.000000,0.099186,21.593612,0.279829,3065.275329,275.299825
1048,2.847177,0.129664,0.304689,64.000000,0.099186,22.478404,0.325531,3068.122506,275.604515
1049,3.052863,0.129876,0.120960,64.000000,0.099186,20.963930,0.819987,3071.175369,275.725475
1050,2.674377,0.130859,0.406268,64.000000,0.099186,23.930804,0.244139,3073.849746,276.131744
1051,2.982306,0.131924,0.245983,64.000000,0.099186,21.459905,0.403223,3076.832052,276.377727
1052,2.982914,0.130696,0.246790,64.000000,0.099186,21.455527,0.401905,3079.814966,276.624516
1053,2.806804,0.126424,0.403024,64.000000,0.099186,22.801738,0.246104,3082.621770,277.027541
1054,2.841640,0.127165,0.373054,64.000000,0.099186,22.522207,0.265876,3085.463410,277.400594
1055,3.201404,0.127820,0.153257,64.000000,0.099186,19.991230,0.647187,3088.664814,277.553851
1056,3.115625,0.129205,0.201228,64.000000,0.099186,20.541625,0.492903,3091.780439,277.755079
1057,2.786423,0.125755,0.450046,64.000000,0.099186,22.968513,0.220391,3094.566862,278.205125
1058,2.805621,0.124949,0.396134,64.000000,0.099186,22.811349,0.250385,3097.372483,278.601259
1059,2.808237,0.125293,0.423556,64.000000,0.099186,22.790100,0.234175,3100.180720,279.024814
1060,3.043948,0.128005,0.175678,64.000000,0.099186,21.025330,0.564590,3103.224668,279.200492
1061,3.011697,0.137474,0.233844,64.000000,0.099186,21.250475,0.424154,3106.236365,279.434336
1062,3.113205,0.128778,0.292257,64.000000,0.099186,20.557592,0.339380,3109.349570,279.726593
1063,3.053912,0.128183,0.191334,64.000000,0.099186,20.956727,0.518391,3112.403482,279.917927
1064,2.827089,0.126699,0.413752,64.000000,0.099186,22.638128,0.239723,3115.230571,280.331679
1065,3.116312,0.115312,0.162092,64.000000,0.099186,20.537095,0.611910,3118.346883,280.493771
1066,2.988851,0.127793,0.278486,64.000000,0.099186,21.412914,0.356162,3121.335734,280.772257
1067,2.938697,0.127567,0.276427,64.000000,0.099186,21.778359,0.358814,3124.274431,281.048685
1068,2.689453,0.125323,0.349010,64.000000,0.099186,23.796662,0.284193,3126.963884,281.397694
1069,2.651185,0.125651,0.370136,64.000000,0.099186,24.140147,0.267971,3129.615069,281.767830
1070,2.702751,0.126657,0.299487,64.000000,0.099186,23.679575,0.331186,3132.317820,282.067317
1071,2.761778,0.127580,0.188685,64.000000,0.099186,23.173481,0.525669,3135.079598,282.256002
1072,2.650828,0.126427,0.233083,64.000000,0.099186,24.143398,0.425539,3137.730426,282.489085
1073,2.789811,0.127551,0.242532,64.000000,0.099186,22.940623,0.408960,3140.520237,282.731617
1074,2.718629,0.125827,0.219569,64.000000,0.099186,23.541273,0.451731,3143.238866,282.951186
1075,2.665473,0.114945,0.211925,64.000000,0.099186,24.010750,0.468024,3145.904339,283.163111
1076,2.725049,0.128509,0.249160,64.000000,0.099186,23.485814,0.398081,3148.629388,283.412271
1077,2.719203,0.126650,0.278541,64.000000,0.099186,23.536309,0.356091,3151.348591,283.690812
1078,2.621795,0.126603,0.199099,64.000000,0.099186,24.410755,0.498173,3153.970386,283.889911
1079,2.633396,0.126339,0.274840,64.000000,0.099186,24.303221,0.360887,3156.603782,284.164751
1080,2.708859,0.128103,0.186351,64.000000,0.099186,23.626183,0.532253,3159.312641,284.351102
1081,2.743566,0.119367,0.137380,64.000000,0.099186,23.327303,0.721983,3162.056207,284.488482
1082,2.775595,0.123838,0.172005,64.000000,0.099186,23.058123,0.576645,3164.831802,284.660487
1083,2.581826,0.132761,1.829302,64.000000,0.099186,24.788660,0.054221,3167.413628,286.489789
1084,1.680690,0.118786,0.001299,64.000000,0.099186,38.079596,76.370254,3169.094318,286.491088
1085,2.948080,0.123528,0.117855,64.000000,0.099186,21.709044,0.841592,3172.042398,286.608943
1086,2.810707,0.136801,0.151485,64.000000,0.099186,22.770074,0.654757,3174.853105,286.760428
1087,2.833467,0.132360,0.275095,64.000000,0.099186,22.587171,0.360551,3177.686571,287.035524
1088,2.824119,0.139217,0.207159,64.000000,0.099186,22.661936,0.478792,3180.510690,287.242682
1089,2.781044,0.136169,0.270145,64.000000,0.099186,23.012937,0.367158,3183.291735,287.512827
1090,2.500719,0.131086,0.447995,64.000000,0.099186,25.592637,0.221399,3185.792454,287.960823
1091,2.532492,0.132365,0.470350,64.000000,0.099186,25.271556,0.210877,3188.324945,288.431173
1092,2.879021,0.124783,0.181358,64.000000,0.099186,22.229779,0.546905,3191.203966,288.612531
1093,2.644365,0.124626,0.552753,64.000000,0.099186,24.202409,0.179440,3193.848331,289.165284
1094,3.027293,0.115650,0.108824,64.000000,0.099186,21.141001,0.911434,3196.875624,289.274108
1095,2.704855,0.125186,0.350100,64.000000,0.099186,23.661155,0.283308,3199.580479,289.624208
1096,2.842484,0.124040,0.305340,64.000000,0.099186,22.515515,0.324838,3202.422964,289.929547
1097,2.822360,0.125267,0.394469,64.000000,0.099186,22.676061,0.251442,3205.245323,290.324016
1098,2.847561,0.124801,0.367472,64.000000,0.099186,22.475371,0.269914,3208.092885,290.691488
1099,2.860950,0.127512,0.219415,64.000000,0.099186,22.370189,0.452048,3210.953835,290.910903
