step,read_time_sec,compute_time_sec,write_time_sec,data_read_mb,data_written_mb,read_throughput_mb_s,write_throughput_mb_s,cumulative_read_time,cumulative_write_time
1,2.799799,0.152130,0.166873,64.000000,0.099186,22.858781,0.594381,2.799799,0.166873
2,2.404570,0.147957,0.105635,64.000000,0.099186,26.615985,0.938949,5.204369,0.272508
3,2.223009,0.154691,0.338063,64.000000,0.099186,28.789807,0.293394,7.427378,0.610571
4,2.175701,0.161789,0.353977,64.000000,0.099186,29.415806,0.280205,9.603079,0.964548
5,2.146477,0.149170,0.357471,64.000000,0.099186,29.816303,0.277466,11.749556,1.322019
6,2.037248,0.147756,0.480983,64.000000,0.099186,31.414930,0.206215,13.786804,1.803002
7,2.298758,0.147852,0.304982,64.000000,0.099186,27.841125,0.325219,16.085562,2.107984
8,2.513864,0.147073,0.064931,64.000000,0.099186,25.458816,1.527552,18.599426,2.172916
9,2.321381,0.149250,0.244130,64.000000,0.099186,27.569795,0.406283,20.920807,2.417046
10,2.413745,0.148898,0.185150,64.000000,0.099186,26.514819,0.535706,23.334551,2.602196
11,2.183845,0.149331,0.466498,64.000000,0.099186,29.306115,0.212618,25.518396,3.068694
12,2.422200,0.151395,0.087669,64.000000,0.099186,26.422263,1.131366,27.940596,3.156363
13,2.149608,0.146876,0.484308,64.000000,0.099186,29.772866,0.204799,30.090204,3.640671
14,2.546484,0.146323,0.245512,64.000000,0.099186,25.132692,0.403997,32.636688,3.886183
15,2.268348,0.145151,0.255209,64.000000,0.099186,28.214369,0.388645,34.905036,4.141392
16,2.159592,0.145737,0.272497,64.000000,0.099186,29.635222,0.363989,37.064628,4.413889
17,2.381330,0.146137,0.288900,64.000000,0.099186,26.875743,0.343322,39.445958,4.702789
18,2.419459,0.147096,0.154770,64.000000,0.099186,26.452197,0.640861,41.865416,4.857559
19,2.287322,0.147738,0.294202,64.000000,0.099186,27.980321,0.337135,44.152738,5.151761
20,2.158610,0.148236,0.469321,64.000000,0.099186,29.648713,0.211339,46.311348,5.621082
21,2.235672,0.150796,0.218486,64.000000,0.099186,28.626736,0.453969,48.547020,5.839568
22,2.336148,0.148002,0.264644,64.000000,0.099186,27.395528,0.374790,50.883168,6.104212
23,2.541020,0.145834,0.099712,64.000000,0.099186,25.186737,0.994721,53.424188,6.203924
24,2.245248,0.147976,0.229780,64.000000,0.099186,28.504642,0.431656,55.669436,6.433705
25,2.366997,0.147577,0.145158,64.000000,0.099186,27.038478,0.683297,58.036434,6.578862
26,2.089858,0.151282,0.446321,64.000000,0.099186,30.624089,0.222230,60.126292,7.025184
27,2.298184,0.147723,0.223232,64.000000,0.099186,27.848078,0.444318,62.424475,7.248415
28,2.261820,0.159007,0.306233,64.000000,0.099186,28.295792,0.323891,64.686296,7.554648
29,2.521675,0.149363,0.244796,64.000000,0.099186,25.379954,0.405177,67.207971,7.799444
30,2.275145,0.150689,0.219555,64.000000,0.099186,28.130074,0.451759,69.483116,8.018999
31,2.448965,0.150343,0.144493,64.000000,0.099186,26.133493,0.686441,71.932081,8.163492
32,2.612412,0.149566,0.317454,64.000000,0.099186,24.498436,0.312442,74.544492,8.480947
33,2.343086,0.146011,0.207107,64.000000,0.099186,27.314405,0.478913,76.887578,8.688053
34,2.409525,0.146174,0.264579,64.000000,0.099186,26.561249,0.374882,79.297104,8.952632
35,2.541854,0.149684,0.219247,64.000000,0.099186,25.178476,0.452393,81.838957,9.171879
36,2.263519,0.146470,0.308324,64.000000,0.099186,28.274554,0.321693,84.102476,9.480204
37,2.404123,0.159595,0.290066,64.000000,0.099186,26.620930,0.341943,86.506600,9.770270
38,2.126918,0.154866,0.443506,64.000000,0.099186,30.090493,0.223641,88.633517,10.213776
39,2.233947,0.149483,0.304161,64.000000,0.099186,28.648841,0.326097,90.867465,10.517936
40,2.591631,0.149081,0.013712,64.000000,0.099186,24.694875,7.233724,93.459096,10.531648
41,2.238911,0.146525,0.206627,64.000000,0.099186,28.585320,0.480024,95.698007,10.738275
42,2.283927,0.150387,0.052832,64.000000,0.099186,28.021910,1.877381,97.981934,10.791107
43,2.387516,0.147471,0.165996,64.000000,0.099186,26.806108,0.597521,100.369450,10.957103
44,2.343812,0.146478,0.252034,64.000000,0.099186,27.305946,0.393542,102.713261,11.209137
45,2.288175,0.148093,0.271687,64.000000,0.099186,27.969887,0.365075,105.001437,11.480824
46,2.080308,0.153676,0.466854,64.000000,0.099186,30.764673,0.212456,107.081745,11.947678
47,2.197084,0.147354,0.307112,64.000000,0.099186,29.129524,0.322963,109.278828,12.254790
48,2.191396,0.146991,0.373599,64.000000,0.099186,29.205131,0.265488,111.470224,12.628389
49,2.274177,0.147284,0.198880,64.000000,0.099186,28.142047,0.498724,113.744401,12.827268
50,2.347023,0.146985,0.303894,64.000000,0.099186,27.268582,0.326383,116.091425,13.131162
51,2.162434,0.144693,0.479640,64.000000,0.099186,29.596275,0.206793,118.253859,13.610802
52,2.309278,0.146608,0.226018,64.000000,0.099186,27.714294,0.438841,120.563137,13.836820
53,2.494837,0.147213,0.132202,64.000000,0.099186,25.652982,0.750258,123.057973,13.969022
54,2.066441,0.148201,0.421586,64.000000,0.099186,30.971127,0.235269,125.124414,14.390608
55,2.337794,0.147789,0.163776,64.000000,0.099186,27.376232,0.605620,127.462208,14.554384
56,2.140307,0.146241,0.382234,64.000000,0.099186,29.902256,0.259490,129.602515,14.936618
57,2.417058,0.147846,0.158110,64.000000,0.099186,26.478468,0.627323,132.019573,15.094728
58,2.093964,0.157986,0.353271,64.000000,0.099186,30.564043,0.280764,134.113537,15.447999
59,2.288236,0.147204,0.344638,64.000000,0.099186,27.969144,0.287798,136.401773,15.792636
60,2.332397,0.149434,0.252152,64.000000,0.099186,27.439583,0.393358,138.734170,16.044788
61,2.279983,0.146861,0.200792,64.000000,0.099186,28.070388,0.493974,141.014153,16.245580
62,2.434870,0.149119,0.302921,64.000000,0.099186,26.284769,0.327431,143.449023,16.548501
63,2.289692,0.147044,0.312931,64.000000,0.099186,27.951359,0.316958,145.738715,16.861432
64,2.284536,0.148917,0.271470,64.000000,0.099186,28.014445,0.365365,148.023251,17.132902
65,2.166489,0.142788,0.444907,64.000000,0.099186,29.540890,0.222936,150.189739,17.577809
66,2.306036,0.148030,0.274138,64.000000,0.099186,27.753253,0.361811,152.495775,17.851947
67,2.331439,0.147822,0.289094,64.000000,0.099186,27.450859,0.343093,154.827214,18.141040
68,2.337736,0.146243,0.188417,64.000000,0.099186,27.376915,0.526419,157.164950,18.329457
69,2.231843,0.146389,0.294848,64.000000,0.099186,28.675855,0.336397,159.396793,18.624305
70,2.588896,0.148258,0.239253,64.000000,0.099186,24.720962,0.414565,161.985689,18.863558
71,2.379180,0.147072,0.189918,64.000000,0.099186,26.900027,0.522256,164.364868,19.053476
72,2.268730,0.146454,0.312142,64.000000,0.099186,28.209619,0.317759,166.633598,19.365618
73,2.423243,0.146460,0.272786,64.000000,0.099186,26.410891,0.363603,169.056841,19.638404
74,2.537117,0.147866,0.311057,64.000000,0.099186,25.225483,0.318867,171.593958,19.949461
75,2.309071,0.146884,0.262958,64.000000,0.099186,27.716777,0.377193,173.903029,20.212420
76,2.321346,0.147370,0.178620,64.000000,0.099186,27.570212,0.555291,176.224375,20.391039
77,2.289175,0.147416,0.210209,64.000000,0.099186,27.957669,0.471844,178.513550,20.601248
78,2.164025,0.148116,0.450718,64.000000,0.099186,29.574522,0.220062,180.677575,21.051966
79,2.385376,0.150204,0.245840,64.000000,0.099186,26.830156,0.403457,183.062950,21.297806
80,2.218970,0.149507,0.385726,64.000000,0.099186,28.842215,0.257141,185.281920,21.683532
81,2.423332,0.151640,0.198757,64.000000,0.099186,26.409918,0.499031,187.705252,21.882289
82,2.286808,0.150193,0.208611,64.000000,0.099186,27.986608,0.475459,189.992060,22.090900
83,2.329453,0.148304,0.244982,64.000000,0.099186,27.474261,0.404870,192.321513,22.335882
84,2.292006,0.147762,0.290905,64.000000,0.099186,27.923138,0.340956,194.613519,22.626787
85,2.438705,0.144878,0.196543,64.000000,0.099186,26.243442,0.504652,197.052224,22.823330
86,2.554814,0.148149,0.183677,64.000000,0.099186,25.050744,0.540002,199.607038,23.007008
87,2.320363,0.149236,0.287873,64.000000,0.099186,27.581894,0.344548,201.927401,23.294880
88,2.571425,0.148299,0.306216,64.000000,0.099186,24.888923,0.323909,204.498826,23.601096
89,2.158748,0.145867,0.411506,64.000000,0.099186,29.646819,0.241032,206.657573,24.012602
90,2.246056,0.154552,0.426638,64.000000,0.099186,28.494387,0.232482,208.903630,24.439240
91,2.520183,0.145969,1.483732,64.000000,0.099186,25.394983,0.066849,211.423813,25.922972
92,1.387874,0.146590,0.175184,64.000000,0.099186,46.113708,0.566183,212.811686,26.098156
93,2.384527,0.145994,0.253159,64.000000,0.099186,26.839707,0.391793,215.196213,26.351315
94,2.430783,0.155868,0.385391,64.000000,0.099186,26.328965,0.257364,217.626996,26.736706
95,2.210627,0.147144,0.364852,64.000000,0.099186,28.951064,0.271853,219.837623,27.101558
96,2.026247,0.147222,0.420796,64.000000,0.099186,31.585495,0.235710,221.863869,27.522354
97,2.432405,0.146382,0.230037,64.000000,0.099186,26.311409,0.431174,224.296274,27.752391
98,2.329355,0.147551,0.205784,64.000000,0.099186,27.475423,0.481990,226.625629,27.958175
99,2.091337,0.146193,0.398195,64.000000,0.099186,30.602438,0.249089,228.716965,28.356369
100,2.244058,0.145726,0.289980,64.000000,0.099186,28.519767,0.342044,230.961023,28.646350
101,2.423509,0.146772,0.278532,64.000000,0.099186,26.407985,0.356103,233.384532,28.924882
102,2.329598,0.146190,0.345719,64.000000,0.099186,27.472550,0.286898,235.714131,29.270600
103,2.353483,0.148267,0.289300,64.000000,0.099186,27.193737,0.342848,238.067614,29.559900
104,2.345122,0.147124,0.303947,64.000000,0.099186,27.290688,0.326327,240.412736,29.863847
105,2.242940,0.151804,0.379586,64.000000,0.099186,28.533980,0.261300,242.655676,30.243433
106,2.239871,0.146737,0.227008,64.000000,0.099186,28.573071,0.436928,244.895547,30.470441
107,2.324338,0.147813,0.217565,64.000000,0.099186,27.534726,0.455890,247.219885,30.688006
108,2.592283,0.148236,0.185165,64.000000,0.099186,24.688666,0.535661,249.812167,30.873171
109,2.395320,0.145675,0.384757,64.000000,0.099186,26.718763,0.257788,252.207488,31.257929
110,2.045283,0.148121,0.519465,64.000000,0.099186,31.291516,0.190939,254.252771,31.777394
111,2.243685,0.145589,0.350505,64.000000,0.099186,28.524501,0.282980,256.496456,32.127898
112,2.345387,0.147487,0.223115,64.000000,0.099186,27.287605,0.444550,258.841843,32.351014
113,2.456176,0.145553,0.344794,64.000000,0.099186,26.056762,0.287667,261.298019,32.695808
114,2.601778,0.147899,0.124377,64.000000,0.099186,24.598566,0.797464,263.899797,32.820185
115,2.192712,0.148614,0.367121,64.000000,0.099186,29.187598,0.270172,266.092509,33.187306
116,2.341171,0.166758,0.397523,64.000000,0.099186,27.336743,0.249510,268.433680,33.584828
117,2.626146,0.147943,0.126285,64.000000,0.099186,24.370315,0.785414,271.059826,33.711113
118,2.350395,0.147889,0.196899,64.000000,0.099186,27.229462,0.503741,273.410222,33.908012
119,2.400268,0.147708,0.180653,64.000000,0.099186,26.663693,0.549043,275.810489,34.088665
120,2.282379,0.148294,0.330592,64.000000,0.099186,28.040917,0.300025,278.092868,34.419256
121,2.198371,0.147050,0.310195,64.000000,0.099186,29.112466,0.319754,280.291239,34.729451
122,2.201492,0.154882,0.329224,64.000000,0.099186,29.071197,0.301272,282.492731,35.058676
123,2.206130,0.147801,0.487360,64.000000,0.099186,29.010082,0.203517,284.698860,35.546035
124,2.272822,0.148867,0.340277,64.000000,0.099186,28.158821,0.291486,286.971683,35.886312
125,2.306694,0.155621,0.345861,64.000000,0.099186,27.745335,0.286779,289.278377,36.232173
126,2.448685,0.147955,0.276540,64.000000,0.099186,26.136473,0.358668,291.727062,36.508713
127,2.260101,0.147856,0.427140,64.000000,0.099186,28.317315,0.232210,293.987164,36.935853
128,2.304052,0.147117,0.229457,64.000000,0.099186,27.777150,0.432264,296.291216,37.165310
129,2.353277,0.146627,0.198330,64.000000,0.099186,27.196118,0.500106,298.644493,37.363640
130,2.055111,0.145159,0.465188,64.000000,0.099186,31.141864,0.213217,300.699604,37.828827
131,2.387887,0.146580,0.193470,64.000000,0.099186,26.801939,0.512668,303.087491,38.022298
132,2.191958,0.147715,0.478729,64.000000,0.099186,29.197646,0.207186,305.279449,38.501027
133,2.291561,0.147570,0.259479,64.000000,0.099186,27.928560,0.382250,307.571010,38.760506
134,2.399466,0.146469,0.212633,64.000000,0.099186,26.672599,0.466466,309.970476,38.973139
135,2.400584,0.146398,0.259816,64.000000,0.099186,26.660181,0.381755,312.371060,39.232954
136,2.183605,0.146036,0.244213,64.000000,0.099186,29.309334,0.406146,314.554664,39.477167
137,2.356822,0.150614,0.462050,64.000000,0.099186,27.155216,0.214665,316.911486,39.939217
138,2.132485,0.147717,0.312209,64.000000,0.099186,30.011939,0.317691,319.043971,40.251426
139,2.537973,0.149293,0.071843,64.000000,0.099186,25.216971,1.380588,321.581944,40.323269
140,2.435906,0.146354,0.194907,64.000000,0.099186,26.273589,0.508890,324.017850,40.518175
141,2.201083,0.147752,0.430588,64.000000,0.099186,29.076600,0.230350,326.218933,40.948764
142,2.292691,0.156264,0.312295,64.000000,0.099186,27.914796,0.317603,328.511624,41.261059
143,1.934873,0.150418,0.639687,64.000000,0.099186,33.077103,0.155054,330.446497,41.900746
144,2.094953,0.147270,0.490358,64.000000,0.099186,30.549615,0.202272,332.541450,42.391105
145,2.322569,0.147242,0.268889,64.000000,0.099186,27.555697,0.368873,334.864019,42.659994
146,2.136290,0.148637,0.331724,64.000000,0.099186,29.958474,0.299001,337.000309,42.991718
147,2.262337,0.148356,0.289832,64.000000,0.099186,28.289333,0.342219,339.262646,43.281550
148,2.136209,0.147258,0.361829,64.000000,0.099186,29.959615,0.274124,341.398855,43.643379
149,2.271895,0.146003,0.254760,64.000000,0.099186,28.170313,0.389331,343.670750,43.898139
150,2.442545,0.149080,0.137752,64.000000,0.099186,26.202177,0.720031,346.113295,44.035892
151,2.348141,0.148783,0.245948,64.000000,0.099186,27.255598,0.403280,348.461437,44.281840
152,2.628009,0.147869,0.135992,64.000000,0.099186,24.353037,0.729351,351.089446,44.417832
153,2.126139,0.148161,0.393434,64.000000,0.099186,30.101511,0.252103,353.215585,44.811266
154,2.466395,0.147999,0.220009,64.000000,0.099186,25.948802,0.450827,355.681980,45.031274
155,2.365907,0.146986,0.233923,64.000000,0.099186,27.050940,0.424011,358.047887,45.265197
156,2.689549,0.146566,0.199055,64.000000,0.099186,23.795809,0.498283,360.737436,45.464253
157,2.198552,0.174817,0.294762,64.000000,0.099186,29.110069,0.336495,362.935988,45.759014
158,2.388448,0.147045,0.270373,64.000000,0.099186,26.795638,0.366848,365.324436,46.029388
159,2.229445,0.147748,0.252127,64.000000,0.099186,28.706691,0.393397,367.553882,46.281515
160,2.168891,0.147905,0.421065,64.000000,0.099186,29.508169,0.235560,369.722773,46.702580
161,2.360853,0.146651,0.319421,64.000000,0.099186,27.108840,0.310518,372.083626,47.022001
162,2.241063,0.153991,0.414758,64.000000,0.099186,28.557874,0.239142,374.324689,47.436759
163,2.482735,0.285051,0.085769,64.000000,0.099186,25.778020,1.156433,376.807425,47.522528
164,2.460837,0.285729,0.040486,64.000000,0.099186,26.007414,2.449897,379.268261,47.563014
165,2.010894,0.276426,0.732309,64.000000,0.099186,31.826635,0.135443,381.279156,48.295323
166,2.062336,0.284052,0.365588,64.000000,0.099186,31.032767,0.271305,383.341492,48.660911
167,2.069607,0.286634,0.350603,64.000000,0.099186,30.923746,0.282901,385.411099,49.011514
168,2.148535,0.296320,0.211812,64.000000,0.099186,29.787741,0.468275,387.559634,49.223325
169,2.356073,0.283230,0.084170,64.000000,0.099186,27.163844,1.178401,389.915707,49.307495
170,2.343267,0.284517,0.096532,64.000000,0.099186,27.312291,1.027494,392.258974,49.404027
171,2.278929,0.286083,0.135889,64.000000,0.099186,28.083362,0.729902,394.537904,49.539917
172,2.554392,0.292648,0.001357,64.000000,0.099186,25.054883,73.116913,397.092296,49.541273
173,2.337963,0.290003,0.129566,64.000000,0.099186,27.374256,0.765523,399.430259,49.670839
174,2.352905,0.284935,0.120019,64.000000,0.099186,27.200417,0.826416,401.783164,49.790859
175,2.192800,0.286893,0.248144,64.000000,0.099186,29.186432,0.399712,403.975964,50.039002
176,2.244327,0.283966,0.124191,64.000000,0.099186,28.516344,0.798655,406.220291,50.163194
177,2.523906,0.290312,0.001423,64.000000,0.099186,25.357519,69.706505,408.744197,50.164617
178,2.461739,0.290339,0.001372,64.000000,0.099186,25.997882,72.298179,411.205936,50.165989
179,2.282316,0.290913,0.203280,64.000000,0.099186,28.041686,0.487927,413.488252,50.369269
180,2.237947,0.288369,0.237394,64.000000,0.099186,28.597644,0.417811,415.726199,50.606663
181,2.345637,0.288125,0.114942,64.000000,0.099186,27.284695,0.862923,418.071836,50.721605
182,2.422411,0.288125,0.156553,64.000000,0.099186,26.419961,0.633563,420.494247,50.878157
183,2.263649,0.289706,0.243832,64.000000,0.099186,28.272938,0.406781,422.757896,51.121989
184,2.149032,0.280994,0.247160,64.000000,0.099186,29.780845,0.401303,424.906928,51.369148
185,2.181719,0.282345,0.161826,64.000000,0.099186,29.334672,0.612916,427.088647,51.530975
186,2.246788,0.279575,0.210939,64.000000,0.099186,28.485114,0.470211,429.335435,51.741914
187,2.414942,0.281216,0.001486,64.000000,0.099186,26.501676,66.736829,431.750376,51.743400
188,2.283402,0.283729,0.187463,64.000000,0.099186,28.028358,0.529095,434.033778,51.930864
189,2.339880,0.281192,0.162316,64.000000,0.099186,27.351828,0.611068,436.373658,52.093179
190,1.903977,0.277450,0.552008,64.000000,0.099186,33.613860,0.179682,438.277635,52.645187
191,2.416905,0.280023,0.057949,64.000000,0.099186,26.480144,1.711619,440.694540,52.703136
192,2.234658,0.279113,0.225025,64.000000,0.099186,28.639732,0.440777,442.929198,52.928161
193,2.297314,0.276776,0.361725,64.000000,0.099186,27.858620,0.274202,445.226512,53.289886
194,2.498515,0.285090,0.056544,64.000000,0.099186,25.615215,1.754137,447.725027,53.346430
195,2.205910,0.278440,0.188569,64.000000,0.099186,29.012965,0.525993,449.930937,53.534999
196,2.362330,0.285227,0.160334,64.000000,0.099186,27.091893,0.618620,452.293267,53.695333
197,2.258351,0.277241,0.165433,64.000000,0.099186,28.339268,0.599553,454.551618,53.860766
198,2.081081,0.290410,0.450517,64.000000,0.099186,30.753241,0.220160,456.632699,54.311283
199,2.089904,0.276871,0.425541,64.000000,0.099186,30.623413,0.233082,458.722604,54.736824
200,2.425545,0.279389,0.001325,64.000000,0.099186,26.385819,74.839242,461.148149,54.738149
201,2.321413,0.285315,0.182265,64.000000,0.099186,27.569410,0.544185,463.469562,54.920415
202,2.357261,0.285307,0.125270,64.000000,0.099186,27.150157,0.791780,465.826823,55.045684
203,2.442524,0.281768,0.001310,64.000000,0.099186,26.202400,75.742503,468.269347,55.046994
204,2.232173,0.277330,0.386169,64.000000,0.099186,28.671612,0.256846,470.501521,55.433163
205,2.322374,0.281442,0.197908,64.000000,0.099186,27.558003,0.501173,472.823895,55.631071
206,2.308569,0.277262,0.167958,64.000000,0.099186,27.722799,0.590541,475.132464,55.799029
207,2.239688,0.286026,0.195044,64.000000,0.099186,28.575404,0.508532,477.372153,55.994072
208,2.348682,0.282805,0.106868,64.000000,0.099186,27.249326,0.928117,479.720834,56.100940
209,2.268023,0.277369,0.124040,64.000000,0.099186,28.218409,0.799632,481.988857,56.224980
210,2.410440,0.279035,0.001424,64.000000,0.099186,26.551166,69.649773,484.399298,56.226404
211,1.957915,0.316283,0.518863,64.000000,0.099186,32.687831,0.191160,486.357213,56.745267
212,2.331102,0.285783,0.112205,64.000000,0.099186,27.454823,0.883973,488.688315,56.857471
213,2.156569,0.285295,0.304232,64.000000,0.099186,29.676774,0.326021,490.844884,57.161703
214,2.533211,0.277402,0.070443,64.000000,0.099186,25.264375,1.408034,493.378095,57.232146
215,2.382210,0.277763,0.145959,64.000000,0.099186,26.865814,0.679546,495.760305,57.378105
216,2.274523,0.276035,0.137279,64.000000,0.099186,28.137767,0.722516,498.034828,57.515384
217,2.323244,0.282432,0.258918,64.000000,0.099186,27.547693,0.383078,500.358071,57.774302
218,2.561439,0.280859,0.032210,64.000000,0.099186,24.985958,3.079311,502.919510,57.806513
219,2.026594,0.276006,0.402692,64.000000,0.099186,31.580078,0.246307,504.946104,58.209204
220,2.139602,0.284149,0.288626,64.000000,0.099186,29.912099,0.343649,507.085707,58.497830
221,2.395915,0.278168,0.350084,64.000000,0.099186,26.712136,0.283320,509.481621,58.847914
222,2.098824,0.288154,0.379988,64.000000,0.099186,30.493264,0.261024,511.580445,59.227902
223,2.579986,0.276876,0.001363,64.000000,0.099186,24.806338,72.768076,514.160431,59.229265
224,2.397992,0.280243,0.042648,64.000000,0.099186,26.688998,2.325674,516.558423,59.271913
225,2.429200,0.276078,0.082229,64.000000,0.099186,26.346128,1.206209,518.987623,59.354143
226,2.244336,0.277232,0.216545,64.000000,0.099186,28.516225,0.458038,521.231959,59.570688
227,2.244801,0.295682,0.452949,64.000000,0.099186,28.510325,0.218978,523.476760,60.023637
228,2.173508,0.278729,0.227557,64.000000,0.099186,29.445492,0.435872,525.650267,60.251194
229,2.204473,0.277181,0.199547,64.000000,0.099186,29.031887,0.497057,527.854740,60.450741
230,2.323014,0.276811,0.097053,64.000000,0.099186,27.550409,1.021977,530.177754,60.547794
231,2.271145,0.277354,0.167831,64.000000,0.099186,28.179614,0.590986,532.448900,60.715625
232,2.339657,0.276349,0.121749,64.000000,0.099186,27.354432,0.814675,534.788557,60.837374
233,2.262865,0.281698,0.240336,64.000000,0.099186,28.282728,0.412697,537.051422,61.077711
234,2.307092,0.278405,0.106172,64.000000,0.099186,27.740553,0.934202,539.358514,61.183882
235,2.156069,0.277637,0.219457,64.000000,0.099186,29.683656,0.451961,541.514583,61.403339
236,2.139418,0.275577,0.446757,64.000000,0.099186,29.914682,0.222013,543.654001,61.850096
237,2.342746,0.278547,0.112401,64.000000,0.099186,27.318364,0.882429,545.996747,61.962497
238,2.190941,0.276175,0.283246,64.000000,0.099186,29.211191,0.350176,548.187688,62.245743
239,2.462917,0.276548,0.233049,64.000000,0.099186,25.985443,0.425601,550.650606,62.478792
240,2.178712,0.280791,0.225852,64.000000,0.099186,29.375160,0.439163,552.829317,62.704644
241,2.360032,0.279696,0.047457,64.000000,0.099186,27.118273,2.090032,555.189349,62.752101
242,2.283715,0.282290,0.119712,64.000000,0.099186,28.024517,0.828536,557.473064,62.871813
243,2.343201,0.276082,0.172300,64.000000,0.099186,27.313067,0.575658,559.816265,63.044113
244,2.380681,0.277972,0.080565,64.000000,0.099186,26.883061,1.231123,562.196946,63.124679
245,2.188207,0.275685,0.305455,64.000000,0.099186,29.247694,0.324715,564.385153,63.430134
246,2.369742,0.286051,0.059607,64.000000,0.099186,27.007159,1.663989,566.754895,63.489741
247,2.342090,0.284697,0.177635,64.000000,0.099186,27.326020,0.558369,569.096985,63.667377
248,2.244611,0.276704,0.178502,64.000000,0.099186,28.512729,0.555657,571.341596,63.845879
249,2.344212,0.277010,0.186455,64.000000,0.099186,27.301280,0.531957,573.685809,64.032334
250,2.144204,0.289777,0.266571,64.000000,0.099186,29.847912,0.372081,575.830012,64.298904
251,2.400185,0.275983,0.011558,64.000000,0.099186,26.664615,8.581694,578.230197,64.310462
252,2.342984,0.276896,0.042489,64.000000,0.099186,27.315591,2.334392,580.573181,64.352951
253,2.343197,0.277224,0.288671,64.000000,0.099186,27.313111,0.343595,582.916378,64.641622
254,2.303553,0.293197,0.287736,64.000000,0.099186,27.783170,0.344711,585.219931,64.929358
255,2.335930,0.278695,0.093624,64.000000,0.099186,27.398086,1.059405,587.555861,65.022982
256,2.376698,0.278108,0.127735,64.000000,0.099186,26.928114,0.776496,589.932559,65.150717
257,2.402561,0.277702,0.171010,64.000000,0.099186,26.638238,0.579999,592.335120,65.321728
258,2.399707,0.277737,0.149348,64.000000,0.099186,26.669921,0.664126,594.734828,65.471076
259,2.179552,0.278191,0.262553,64.000000,0.099186,29.363831,0.377774,596.914380,65.733629
260,2.480665,0.283528,0.030205,64.000000,0.099186,25.799531,3.283778,599.395045,65.763834
261,2.378967,0.278492,0.124398,64.000000,0.099186,26.902431,0.797324,601.774012,65.888233
262,2.316883,0.279796,0.141698,64.000000,0.099186,27.623317,0.699983,604.090895,66.029930
263,2.422061,0.280100,0.076051,64.000000,0.099186,26.423779,1.304200,606.512956,66.105981
264,2.273434,0.278789,0.130911,64.000000,0.099186,28.151241,0.757657,608.786391,66.236893
265,2.273847,0.278064,0.210875,64.000000,0.099186,28.146133,0.470353,611.060238,66.447768
266,2.199727,0.274587,0.395748,64.000000,0.099186,29.094514,0.250629,613.259965,66.843516
267,2.413905,0.278739,0.031154,64.000000,0.099186,26.513060,3.183769,615.673870,66.874670
268,2.129631,0.279108,0.340957,64.000000,0.099186,30.052151,0.290905,617.803501,67.215627
269,2.388966,0.280418,0.111643,64.000000,0.099186,26.789829,0.888422,620.192467,67.327270
270,2.391356,0.277660,0.001301,64.000000,0.099186,26.763054,76.224759,622.583824,67.328571
271,2.364777,0.286301,0.078611,64.000000,0.099186,27.063862,1.261727,624.948601,67.407182
272,2.767275,0.283472,0.001423,64.000000,0.099186,23.127448,69.684810,627.715876,67.408606
273,2.307006,0.281772,0.144371,64.000000,0.099186,27.741586,0.687021,630.022881,67.552977
274,2.428765,0.279802,0.095598,64.000000,0.099186,26.350845,1.037528,632.451646,67.648575
275,2.361220,0.282881,0.113716,64.000000,0.099186,27.104633,0.872227,634.812866,67.762291
276,2.343176,0.287576,0.175211,64.000000,0.099186,27.313354,0.566094,637.156042,67.937502
277,2.372606,0.288264,0.301574,64.000000,0.099186,26.974562,0.328894,639.528648,68.239076
278,2.312461,0.280486,0.126638,64.000000,0.099186,27.676145,0.783223,641.841109,68.365714
279,2.097967,0.276621,0.428640,64.000000,0.099186,30.505727,0.231397,643.939075,68.794354
280,2.328491,0.279113,0.105612,64.000000,0.099186,27.485609,0.939150,646.267567,68.899966
281,2.311795,0.281750,0.130810,64.000000,0.099186,27.684111,0.758242,648.579362,69.030777
282,2.471456,0.278900,0.213817,64.000000,0.099186,25.895669,0.463882,651.050818,69.244594
283,1.827776,0.277546,0.703544,64.000000,0.099186,35.015239,0.140980,652.878593,69.948138
284,2.163889,0.292103,0.280160,64.000000,0.099186,29.576375,0.354033,655.042483,70.228298
285,2.387263,0.282383,0.070098,64.000000,0.099186,26.808943,1.414962,657.429746,70.298396
286,2.454629,0.278633,0.130423,64.000000,0.099186,26.073189,0.760493,659.884375,70.428819
287,2.521535,0.287101,0.338898,64.000000,0.099186,25.381361,0.292672,662.405910,70.767717
288,2.438518,0.281382,0.001414,64.000000,0.099186,26.245449,70.123181,664.844428,70.769132
289,2.435062,0.280868,0.045652,64.000000,0.099186,26.282700,2.172652,667.279490,70.814784
290,2.214036,0.284941,0.309791,64.000000,0.099186,28.906482,0.320170,669.493526,71.124575
291,2.450321,0.281886,0.057705,64.000000,0.099186,26.119024,1.718833,671.943847,71.182280
292,2.516562,0.286804,0.001335,64.000000,0.099186,25.431516,74.310336,674.460410,71.183615
293,2.354351,0.290262,0.159744,64.000000,0.099186,27.183709,0.620906,676.814761,71.343359
294,2.451238,0.285960,0.081165,64.000000,0.099186,26.109252,1.222024,679.266000,71.424524
295,2.270578,0.281137,0.136822,64.000000,0.099186,28.186661,0.724929,681.536577,71.561346
296,2.393295,0.279391,0.011830,64.000000,0.099186,26.741371,8.384470,683.929873,71.573175
297,2.344557,0.280712,0.169464,64.000000,0.099186,27.297270,0.585291,686.274429,71.742640
298,2.505556,0.284051,0.001375,64.000000,0.099186,25.543229,72.124164,688.779986,71.744015
299,2.286091,0.287039,0.166860,64.000000,0.099186,27.995384,0.594426,691.066077,71.910875
300,2.451033,0.286065,0.189838,64.000000,0.099186,26.111443,0.522477,693.517110,72.100713
301,2.375608,0.286199,0.167199,64.000000,0.099186,26.940467,0.593220,695.892718,72.267912
302,2.370483,0.281650,0.079586,64.000000,0.099186,26.998715,1.246280,698.263201,72.347498
303,2.553838,0.282845,0.001408,64.000000,0.099186,25.060317,70.430556,700.817040,72.348906
304,2.314298,0.285056,0.195262,64.000000,0.099186,27.654175,0.507963,703.131337,72.544168
305,2.417927,0.286329,0.216086,64.000000,0.099186,26.468952,0.459012,705.549265,72.760254
306,2.230709,0.287224,0.220388,64.000000,0.099186,28.690424,0.450051,707.779974,72.980642
307,2.207350,0.284315,0.252499,64.000000,0.099186,28.994038,0.392816,709.987325,73.233142
308,2.320138,0.283074,0.174182,64.000000,0.099186,27.584560,0.569437,712.307463,73.407324
309,2.796686,0.283611,0.045359,64.000000,0.099186,22.884225,2.186668,715.104149,73.452684
310,2.531218,0.282320,0.156481,64.000000,0.099186,25.284266,0.633853,717.635368,73.609164
311,2.279116,0.279254,0.258015,64.000000,0.099186,28.081066,0.384419,719.914484,73.867179
312,2.425772,0.280361,0.124500,64.000000,0.099186,26.383350,0.796672,722.340256,73.991680
313,2.253090,0.279114,0.335010,64.000000,0.099186,28.405438,0.296068,724.593346,74.326690
314,2.006410,0.281750,0.439205,64.000000,0.099186,31.897762,0.225831,726.599756,74.765895
315,2.431671,0.280616,0.101312,64.000000,0.099186,26.319347,0.979013,729.031427,74.867207
316,2.317248,0.278573,0.220381,64.000000,0.099186,27.618975,0.450067,731.348675,75.087588
317,2.364875,0.282107,0.123413,64.000000,0.099186,27.062743,0.803693,733.713550,75.211001
318,2.007666,0.334039,0.364636,64.000000,0.099186,31.877819,0.272014,735.721215,75.575636
319,2.342113,0.283633,0.447663,64.000000,0.099186,27.325749,0.221564,738.063328,76.023299
320,2.504037,0.280328,0.053799,64.000000,0.099186,25.558732,1.843644,740.567365,76.077098
321,2.267062,0.279882,0.317925,64.000000,0.099186,28.230368,0.311979,742.834427,76.395023
322,2.296530,0.285213,0.379580,64.000000,0.099186,27.868129,0.261305,745.130957,76.774603
323,2.305872,0.280478,0.160044,64.000000,0.099186,27.755221,0.619743,747.436830,76.934646
324,2.018985,0.280807,0.523318,64.000000,0.099186,31.699104,0.189533,749.455814,77.457964
325,2.252467,0.282431,0.253364,64.000000,0.099186,28.413286,0.391476,751.708282,77.711328
326,2.208276,0.286449,0.769851,64.000000,0.099186,28.981889,0.128838,753.916558,78.481179
327,2.008632,0.288623,0.167780,64.000000,0.099186,31.862483,0.591167,755.925189,78.648959
328,2.306860,0.286224,0.134416,64.000000,0.099186,27.743337,0.737904,758.232050,78.783375
329,2.312619,0.285240,0.023952,64.000000,0.099186,27.674250,4.141080,760.544669,78.807327
330,2.241244,0.289565,0.088859,64.000000,0.099186,28.555571,1.116221,762.785913,78.896185
331,2.031606,0.287921,0.382441,64.000000,0.099186,31.502178,0.259350,764.817518,79.278626
332,2.092655,0.292904,0.327085,64.000000,0.099186,30.583165,0.303242,766.910173,79.605712
333,2.231957,0.330133,0.358354,64.000000,0.099186,28.674392,0.276782,769.142130,79.964065
334,1.990486,0.284979,0.451337,64.000000,0.099186,32.152952,0.219760,771.132616,80.415402
335,2.338532,0.283118,0.182864,64.000000,0.099186,27.367600,0.542402,773.471147,80.598266
336,2.366620,0.285562,0.139376,64.000000,0.099186,27.042786,0.711645,775.837767,80.737642
337,2.338557,0.283813,0.180497,64.000000,0.099186,27.367299,0.549516,778.176325,80.918139
338,2.661206,0.291923,0.001423,64.000000,0.099186,24.049243,69.699647,780.837531,80.919562
339,2.115753,0.284070,0.352933,64.000000,0.099186,30.249273,0.281034,782.953284,81.272494
340,2.369292,0.284009,0.126534,64.000000,0.099186,27.012287,0.783868,785.322577,81.399028
341,2.028714,0.282888,0.391562,64.000000,0.099186,31.547083,0.253309,787.351290,81.790590
342,2.367643,0.285020,0.184747,64.000000,0.099186,27.031100,0.536873,789.718933,81.975337
343,2.392083,0.292406,0.018258,64.000000,0.099186,26.754926,5.432544,792.111016,81.993595
344,2.087144,0.304175,0.385545,64.000000,0.099186,30.663915,0.257261,794.198160,82.379141
345,2.464405,0.286959,0.001467,64.000000,0.099186,25.969759,67.601782,796.662565,82.380608
346,2.474202,0.284795,0.436596,64.000000,0.099186,25.866921,0.227180,799.136767,82.817203
347,2.378252,0.289570,1.234150,64.000000,0.099186,26.910521,0.080368,801.515019,84.051353
348,1.462254,0.284395,0.191934,64.000000,0.099186,43.768047,0.516772,802.977273,84.243287
349,2.533067,0.283895,0.042836,64.000000,0.099186,25.265814,2.315478,805.510340,84.286123
350,2.112018,0.292177,0.551272,64.000000,0.099186,30.302772,0.179922,807.622358,84.837395
351,2.243565,0.292380,0.358025,64.000000,0.099186,28.526031,0.277037,809.865923,85.195420
352,2.493922,0.291217,0.204919,64.000000,0.099186,25.662388,0.484026,812.359846,85.400338
353,2.481813,0.289824,0.001424,64.000000,0.099186,25.787601,69.643269,814.841658,85.401762
354,2.107919,0.282887,0.405541,64.000000,0.099186,30.361699,0.244577,816.949577,85.807304
355,2.449690,0.282193,0.035576,64.000000,0.099186,26.125754,2.787963,819.399267,85.842880
356,2.353929,0.288213,0.129871,64.000000,0.099186,27.188582,0.763725,821.753197,85.972751
357,2.315252,0.281476,0.247723,64.000000,0.099186,27.642775,0.400390,824.068449,86.220474
358,2.281944,0.283857,0.260243,64.000000,0.099186,28.046266,0.381128,826.350393,86.480718
359,2.175788,0.283334,0.271097,64.000000,0.099186,29.414636,0.365869,828.526180,86.751815
360,2.088138,0.280656,0.443317,64.000000,0.099186,30.649317,0.223736,830.614318,87.195132
361,2.479242,0.331449,0.033277,64.000000,0.099186,25.814341,2.980621,833.093560,87.228409
362,2.304855,0.283482,0.087109,64.000000,0.099186,27.767471,1.138648,835.398416,87.315517
363,2.265262,0.287825,0.253419,64.000000,0.099186,28.252797,0.391392,837.663678,87.568936
364,2.148808,0.306159,0.234641,64.000000,0.099186,29.783954,0.422713,839.812486,87.803577
365,2.324469,0.286317,0.130808,64.000000,0.099186,27.533169,0.758255,842.136955,87.934385
366,2.236509,0.284443,0.559645,64.000000,0.099186,28.616020,0.177230,844.373465,88.494031
367,2.440220,0.289604,0.175532,64.000000,0.099186,26.227144,0.565059,846.813685,88.669563
368,2.319786,0.283381,0.091071,64.000000,0.099186,27.588748,1.089111,849.133471,88.760633
369,2.388639,0.286465,0.049922,64.000000,0.099186,26.793497,1.986823,851.522110,88.810555
370,2.541851,0.282476,0.099999,64.000000,0.099186,25.178499,0.991866,854.063961,88.910555
371,2.104390,0.283383,0.366797,64.000000,0.099186,30.412619,0.270411,856.168351,89.277351
372,2.289693,0.291153,0.311362,64.000000,0.099186,27.951341,0.318555,858.458044,89.588714
373,2.537866,0.286649,0.112841,64.000000,0.099186,25.218036,0.878985,860.995911,89.701555
374,2.203481,0.286471,0.365098,64.000000,0.099186,29.044956,0.271670,863.199391,90.066653
375,2.486242,0.295630,0.001365,64.000000,0.099186,25.741657,72.648739,865.685634,90.068018
376,2.293499,0.286525,0.255738,64.000000,0.099186,27.904960,0.387842,867.979133,90.323756
377,2.420105,0.291096,0.086086,64.000000,0.099186,26.445130,1.152167,870.399238,90.409843
378,2.370233,0.287811,0.103068,64.000000,0.099186,27.001562,0.962333,872.769471,90.512911
379,2.435832,0.288504,0.045935,64.000000,0.099186,26.274393,2.159269,875.205303,90.558846
380,2.295841,0.284748,0.068897,64.000000,0.099186,27.876494,1.439620,877.501144,90.627743
381,2.292323,0.291083,0.244417,64.000000,0.099186,27.919276,0.405806,879.793467,90.872160
382,2.599685,0.286819,0.056237,64.000000,0.099186,24.618369,1.763713,882.393152,90.928397
383,2.290410,0.285249,0.127082,64.000000,0.099186,27.942590,0.780490,884.683563,91.055479
384,2.189204,0.287550,0.352780,64.000000,0.099186,29.234369,0.281155,886.872767,91.408259
385,2.197192,0.287634,0.181601,64.000000,0.099186,29.128089,0.546174,889.069958,91.589861
386,2.453245,0.297368,0.012673,64.000000,0.099186,26.087899,7.826774,891.523203,91.602533
387,2.461014,0.285689,0.003390,64.000000,0.099186,26.005545,29.254360,893.984217,91.605924
388,2.413759,0.288082,0.151402,64.000000,0.099186,26.514655,0.655114,896.397976,91.757326
389,2.273293,0.290319,0.078154,64.000000,0.099186,28.152991,1.269113,898.671269,91.835480
390,2.070672,0.282272,0.413230,64.000000,0.099186,30.907845,0.240026,900.741941,92.248711
391,2.197649,0.286561,0.412048,64.000000,0.099186,29.122035,0.240714,902.939590,92.660759
392,2.414072,0.286359,0.111267,64.000000,0.099186,26.511224,0.891420,905.353661,92.772026
393,2.522070,0.293649,0.033907,64.000000,0.099186,25.375976,2.925208,907.875732,92.805934
394,2.168082,0.285860,0.225713,64.000000,0.099186,29.519177,0.439433,910.043814,93.031647
395,2.386412,0.288194,0.097887,64.000000,0.099186,26.818504,1.013274,912.430226,93.129534
396,2.249756,0.284949,0.240322,64.000000,0.099186,28.447535,0.412721,914.679982,93.369855
397,2.466997,0.285738,0.045635,64.000000,0.099186,25.942469,2.173447,917.146979,93.415491
398,2.072917,0.287751,0.328165,64.000000,0.099186,30.874362,0.302244,919.219896,93.743656
399,2.235484,0.295780,0.274392,64.000000,0.099186,28.629153,0.361475,921.455380,94.018048
400,2.342427,0.287256,0.161288,64.000000,0.099186,27.322091,0.614962,923.797807,94.179336
401,2.326332,0.287519,0.150425,64.000000,0.099186,27.511123,0.659373,926.124138,94.329760
402,2.446559,0.287932,0.020054,64.000000,0.099186,26.159194,4.945873,928.570697,94.349815
403,2.396961,0.291697,0.072762,64.000000,0.099186,26.700478,1.363164,930.967658,94.422576
404,2.129493,0.288612,0.314471,64.000000,0.099186,30.054101,0.315406,933.097151,94.737047
405,1.961498,0.289486,0.447481,64.000000,0.099186,32.628121,0.221654,935.058649,95.184528
406,2.545411,0.285650,0.001328,64.000000,0.099186,25.143289,74.713021,937.604060,95.185855
407,2.206875,0.287636,0.414375,64.000000,0.099186,29.000286,0.239363,939.810935,95.600231
408,2.199961,0.297901,0.293742,64.000000,0.099186,29.091431,0.337663,942.010895,95.893973
409,2.263193,0.286167,0.144899,64.000000,0.099186,28.278630,0.684517,944.274088,96.038872
410,2.378658,0.299164,0.151152,64.000000,0.099186,26.905923,0.656199,946.652747,96.190024
411,2.086084,0.296622,0.364489,64.000000,0.099186,30.679486,0.272123,948.738831,96.554514
412,2.427438,0.287263,0.050152,64.000000,0.099186,26.365251,1.977700,951.166269,96.604666
413,2.380785,0.292666,0.066023,64.000000,0.099186,26.881889,1.502285,953.547054,96.670689
414,2.286287,0.286869,0.240710,64.000000,0.099186,27.992990,0.412055,955.833341,96.911400
415,2.364668,0.288252,0.148048,64.000000,0.099186,27.065115,0.669956,958.198008,97.059448
416,2.296905,0.286678,0.178930,64.000000,0.099186,27.863578,0.554329,960.494914,97.238378
417,2.434646,0.286545,0.024816,64.000000,0.099186,26.287190,3.996835,962.929559,97.263194
418,2.263208,0.287487,0.230954,64.000000,0.099186,28.278448,0.429462,965.192767,97.494148
419,2.367603,0.289040,0.044877,64.000000,0.099186,27.031555,2.210169,967.560370,97.539025
420,2.258229,0.286187,0.262708,64.000000,0.099186,28.340793,0.377551,969.818599,97.801733
421,2.254322,0.290127,0.227319,64.000000,0.099186,28.389917,0.436329,972.072921,98.029052
422,2.359781,0.290886,0.069588,64.000000,0.099186,27.121166,1.425331,974.432701,98.098640
423,2.428284,0.288914,0.161488,64.000000,0.099186,26.356055,0.614202,976.860986,98.260128
424,2.247621,0.288548,0.240325,64.000000,0.099186,28.474556,0.412716,979.108607,98.500453
425,2.308776,0.287458,0.114965,64.000000,0.099186,27.720315,0.862752,981.417383,98.615418
426,2.307952,0.287391,0.113472,64.000000,0.099186,27.730210,0.874103,983.725335,98.728889
427,1.977220,0.292017,0.431386,64.000000,0.099186,32.368676,0.229924,985.702555,99.160275
428,2.244218,0.288937,0.175591,64.000000,0.099186,28.517735,0.564869,987.946773,99.335866
429,2.537417,0.289694,0.125317,64.000000,0.099186,25.222500,0.791480,990.484190,99.461184
430,2.325469,0.290219,0.094871,64.000000,0.099186,27.521327,1.045481,992.809659,99.556055
431,2.379062,0.287531,0.100368,64.000000,0.099186,26.901354,0.988223,995.188721,99.656423
432,2.019612,0.306903,0.410362,64.000000,0.099186,31.689259,0.241703,997.208333,100.066785
433,2.328665,0.289610,0.145361,64.000000,0.099186,27.483558,0.682341,999.536998,100.212146
434,2.429578,0.293084,0.141293,64.000000,0.099186,26.342024,0.701987,1001.966576,100.353439
435,2.220020,0.298903,0.315767,64.000000,0.099186,28.828564,0.314111,1004.186596,100.669206
436,2.206215,0.296928,0.263614,64.000000,0.099186,29.008957,0.376255,1006.392811,100.932820
437,2.374385,0.295057,0.062355,64.000000,0.099186,26.954352,1.590658,1008.767196,100.995175
438,2.421629,0.290672,0.116127,64.000000,0.099186,26.428489,0.854120,1011.188825,101.111302
439,2.483939,0.291564,0.001436,64.000000,0.099186,25.765528,69.080324,1013.672764,101.112738
440,2.463780,0.291163,0.009945,64.000000,0.099186,25.976341,9.973471,1016.136545,101.122683
441,2.334071,0.293768,0.215874,64.000000,0.099186,27.419905,0.459462,1018.470616,101.338557
442,2.115668,0.291738,0.372090,64.000000,0.099186,30.250497,0.266564,1020.586283,101.710647
443,2.073918,0.293024,0.312772,64.000000,0.099186,30.859469,0.317119,1022.660201,102.023418
444,2.328810,0.289795,0.124644,64.000000,0.099186,27.481849,0.795756,1024.989011,102.148062
445,2.359777,0.290520,0.140790,64.000000,0.099186,27.121207,0.704497,1027.348788,102.288851
446,2.227879,0.291988,0.199522,64.000000,0.099186,28.726871,0.497118,1029.576667,102.488374
447,2.594796,0.295188,0.001379,64.000000,0.099186,24.664755,71.902060,1032.171463,102.489753
448,2.396385,0.291182,0.147085,64.000000,0.099186,26.706897,0.674342,1034.567848,102.636839
449,2.322470,0.293836,0.198846,64.000000,0.099186,27.556868,0.498807,1036.890318,102.835685
450,2.014743,0.289129,0.420209,64.000000,0.099186,31.765833,0.236039,1038.905061,103.255894
451,2.467668,0.298306,0.056727,64.000000,0.099186,25.935415,1.748471,1041.372729,103.312621
452,2.037013,0.297302,1.722701,64.000000,0.099186,31.418550,0.057576,1043.409742,105.035323
453,1.256139,0.292469,0.001341,64.000000,0.099186,50.949771,73.971114,1044.665881,105.036663
454,2.365164,0.292359,0.153486,64.000000,0.099186,27.059434,0.646221,1047.031046,105.190149
455,2.391265,0.290537,0.225909,64.000000,0.099186,26.764073,0.439052,1049.422311,105.416059
456,2.231166,0.294546,0.177215,64.000000,0.099186,28.684548,0.559693,1051.653477,105.593273
457,2.514115,0.293987,0.104891,64.000000,0.099186,25.456278,0.945607,1054.167592,105.698165
458,2.246635,0.296145,0.255901,64.000000,0.099186,28.487050,0.387595,1056.414227,105.954066
459,2.337059,0.291591,0.161461,64.000000,0.099186,27.384843,0.614303,1058.751286,106.115527
460,2.426519,0.291708,0.055552,64.000000,0.099186,26.375231,1.785445,1061.177805,106.171079
461,2.138873,0.305120,0.419752,64.000000,0.099186,29.922296,0.236296,1063.316678,106.590831
462,2.231768,0.297692,0.207963,64.000000,0.099186,28.676815,0.476941,1065.548446,106.798794
463,2.328628,0.295380,0.127134,64.000000,0.099186,27.483999,0.780171,1067.877074,106.925928
464,2.608752,0.292582,0.130433,64.000000,0.099186,24.532801,0.760435,1070.485826,107.056361
465,2.326570,0.301599,0.097931,64.000000,0.099186,27.508310,1.012818,1072.812396,107.154292
466,2.357909,0.297994,0.184272,64.000000,0.099186,27.142695,0.538260,1075.170305,107.338563
467,2.256282,0.299396,0.297212,64.000000,0.099186,28.365245,0.333721,1077.426587,107.635775
468,2.589031,0.291658,0.037995,64.000000,0.099186,24.719673,2.610508,1080.015618,107.673770
469,2.155102,0.288075,0.669298,64.000000,0.099186,29.696970,0.148194,1082.170720,108.343068
470,2.401428,0.298262,0.074759,64.000000,0.099186,26.650804,1.326747,1084.572149,108.417826
471,2.266091,0.296836,0.204744,64.000000,0.099186,28.242473,0.484440,1086.838239,108.622570
472,1.979376,0.329112,0.574833,64.000000,0.099186,32.333416,0.172547,1088.817615,109.197403
473,2.408849,0.294435,0.061749,64.000000,0.099186,26.568705,1.606268,1091.226465,109.259152
474,2.314458,0.301138,0.075852,64.000000,0.099186,27.652262,1.307622,1093.540923,109.335004
475,2.391194,0.297433,0.180510,64.000000,0.099186,26.764866,0.549477,1095.932117,109.515514
476,2.121194,0.304186,0.248590,64.000000,0.099186,30.171682,0.398993,1098.053311,109.764104
477,2.374813,0.296955,0.025347,64.000000,0.099186,26.949489,3.913196,1100.428124,109.789451
478,2.270622,0.295604,0.094670,64.000000,0.099186,28.186115,1.047706,1102.698746,109.884121
479,2.094213,0.294378,0.438285,64.000000,0.099186,30.560409,0.226305,1104.792959,110.322405
480,2.318061,0.294471,0.080880,64.000000,0.099186,27.609283,1.226330,1107.111020,110.403286
481,2.215498,0.294611,0.321086,64.000000,0.099186,28.887404,0.308908,1109.326518,110.724372
482,2.340273,0.295536,0.079262,64.000000,0.099186,27.347238,1.251365,1111.666791,110.803634
483,2.263991,0.294379,0.349940,64.000000,0.099186,28.268659,0.283437,1113.930782,111.153574
484,2.718572,0.294834,1.044524,64.000000,0.099186,23.541770,0.094958,1116.649355,112.198098
485,1.604161,0.294610,0.156685,64.000000,0.099186,39.896257,0.633029,1118.253515,112.354783
486,2.378978,0.295834,0.050126,64.000000,0.099186,26.902312,1.978739,1120.632493,112.404909
487,2.421692,0.295411,0.097860,64.000000,0.099186,26.427804,1.013549,1123.054185,112.502769
488,2.330685,0.300329,0.071821,64.000000,0.099186,27.459733,1.381008,1125.384870,112.574590
489,2.290474,0.304145,0.234379,64.000000,0.099186,27.941812,0.423186,1127.675344,112.808969
490,2.455766,0.295738,0.001357,64.000000,0.099186,26.061110,73.105380,1130.131111,112.810326
491,2.406371,0.294176,0.094193,64.000000,0.099186,26.596070,1.053007,1132.537481,112.904519
492,2.285785,0.300061,0.215260,64.000000,0.099186,27.999137,0.460773,1134.823266,113.119779
493,2.468956,0.294996,0.332604,64.000000,0.099186,25.921887,0.298211,1137.292222,113.452382
494,2.459031,0.298906,0.058156,64.000000,0.099186,26.026513,1.705512,1139.751253,113.510538
495,2.327011,0.295075,0.139326,64.000000,0.099186,27.503089,0.711901,1142.078264,113.649864
496,2.278451,0.297636,0.270797,64.000000,0.099186,28.089261,0.366274,1144.356715,113.920661
497,2.140369,0.305160,0.310738,64.000000,0.099186,29.901385,0.319194,1146.497084,114.231400
498,2.130495,0.297682,0.345653,64.000000,0.099186,30.039964,0.286952,1148.627580,114.577053
499,2.366827,0.301436,0.098100,64.000000,0.099186,27.040420,1.011075,1150.994407,114.675153
500,2.404136,0.309368,0.278271,64.000000,0.099186,26.620792,0.356437,1153.398543,114.953424
501,2.341262,0.294622,0.193987,64.000000,0.099186,27.335690,0.511302,1155.739804,115.147411
502,1.998283,0.294673,0.449772,64.000000,0.099186,32.027497,0.220525,1157.738087,115.597182
503,2.132302,0.325525,0.325195,64.000000,0.099186,30.014509,0.305004,1159.870389,115.922378
504,2.393320,0.307579,0.240423,64.000000,0.099186,26.741095,0.412548,1162.263709,116.162800
505,2.561019,0.297009,0.060015,64.000000,0.099186,24.990057,1.652692,1164.824728,116.222815
506,2.444606,0.296034,0.012915,64.000000,0.099186,26.180087,7.680073,1167.269334,116.235730
507,2.325621,0.296405,0.181176,64.000000,0.099186,27.519531,0.547457,1169.594955,116.416906
508,2.243225,0.299388,0.180070,64.000000,0.099186,28.530355,0.550818,1171.838180,116.596976
509,2.181684,0.302134,0.311959,64.000000,0.099186,29.335142,0.317946,1174.019863,116.908934
510,2.409602,0.298509,0.186936,64.000000,0.099186,26.560408,0.530588,1176.429465,117.095870
511,2.263641,0.299293,0.206285,64.000000,0.099186,28.273038,0.480820,1178.693106,117.302155
512,2.130527,0.304222,0.299053,64.000000,0.099186,30.039523,0.331667,1180.823632,117.601208
513,1.953943,0.303422,0.487826,64.000000,0.099186,32.754288,0.203322,1182.777575,118.089034
514,2.309050,0.298824,0.225485,64.000000,0.099186,27.717023,0.439878,1185.086625,118.314519
515,1.991875,0.296583,0.526582,64.000000,0.099186,32.130525,0.188358,1187.078500,118.841101
516,2.312958,0.299587,0.271036,64.000000,0.099186,27.670193,0.365951,1189.391459,119.112137
517,2.208631,0.301032,0.239109,64.000000,0.099186,28.977231,0.414816,1191.600089,119.351246
518,2.195014,0.313601,0.259612,64.000000,0.099186,29.156993,0.382055,1193.795103,119.610857
519,2.266128,0.299819,0.381036,64.000000,0.099186,28.242006,0.260306,1196.061231,119.991893
520,2.404502,0.295199,0.104728,64.000000,0.099186,26.616739,0.947079,1198.465733,120.096621
521,2.087730,0.296683,0.372354,64.000000,0.099186,30.655308,0.266376,1200.553463,120.468975
522,2.478610,0.294344,0.034929,64.000000,0.099186,25.820920,2.839664,1203.032073,120.503904
523,2.017724,0.289830,0.478937,64.000000,0.099186,31.718900,0.207096,1205.049798,120.982841
524,2.526629,0.301694,0.001441,64.000000,0.099186,25.330192,68.833764,1207.576427,120.984282
525,2.415551,0.300439,0.110662,64.000000,0.099186,26.494987,0.896299,1209.991978,121.094943
526,2.500589,0.293271,0.106138,64.000000,0.099186,25.593970,0.934496,1212.492567,121.201082
527,2.460571,0.293470,0.112848,64.000000,0.099186,26.010226,0.878931,1214.953138,121.313930
528,2.093562,0.375391,0.454099,64.000000,0.099186,30.569909,0.218424,1217.046700,121.768029
529,2.434843,0.296863,0.098748,64.000000,0.099186,26.285059,1.004430,1219.481543,121.866778
530,2.321714,0.298580,0.237260,64.000000,0.099186,27.565838,0.418048,1221.803257,122.104037
531,2.164617,0.296050,0.360983,64.000000,0.099186,29.566436,0.274766,1223.967874,122.465021
532,2.350155,0.296865,0.069597,64.000000,0.099186,27.232241,1.425149,1226.318029,122.534618
533,2.084468,0.308838,0.347468,64.000000,0.099186,30.703284,0.285453,1228.402497,122.882086
534,2.381184,0.296437,0.024746,64.000000,0.099186,26.877382,4.008163,1230.783681,122.906832
535,2.506888,0.296872,0.001409,64.000000,0.099186,25.529664,70.375536,1233.290569,122.908241
536,2.225774,0.296060,0.155143,64.000000,0.099186,28.754043,0.639318,1235.516343,123.063385
537,2.321256,0.294925,0.157590,64.000000,0.099186,27.571286,0.629394,1237.837598,123.220974
538,2.115266,0.311877,0.289284,64.000000,0.099186,30.256237,0.342867,1239.952865,123.510258
539,2.198465,0.300543,0.198076,64.000000,0.099186,29.111216,0.500746,1242.151330,123.708335
540,2.653078,0.296221,0.001413,64.000000,0.099186,24.122927,70.172643,1244.804408,123.709748
541,2.319711,0.296565,0.166454,64.000000,0.099186,27.589640,0.595877,1247.124119,123.876202
542,2.369348,0.297327,0.057302,64.000000,0.099186,27.011645,1.730920,1249.493468,123.933504
543,2.068062,0.296472,0.373755,64.000000,0.099186,30.946849,0.265377,1251.561530,124.307259
544,2.329528,0.296587,0.451602,64.000000,0.099186,27.473377,0.219631,1253.891058,124.758861
545,2.229462,0.299830,0.116029,64.000000,0.099186,28.706482,0.854836,1256.120519,124.874890
546,2.210951,0.298568,0.303106,64.000000,0.099186,28.946825,0.327232,1258.331470,125.177996
547,2.310918,0.296826,0.085160,64.000000,0.099186,27.694620,1.164703,1260.642388,125.263156
548,2.420721,0.298390,0.082869,64.000000,0.099186,26.438402,1.196903,1263.063109,125.346024
549,2.249670,0.293000,0.515173,64.000000,0.099186,28.448614,0.192529,1265.312779,125.861197
550,2.345069,0.294671,0.064207,64.000000,0.099186,27.291311,1.544773,1267.657848,125.925405
551,2.572802,0.297031,0.221439,64.000000,0.099186,24.875607,0.447915,1270.230650,126.146844
552,2.319645,0.304236,0.264882,64.000000,0.099186,27.590429,0.374453,1272.550295,126.411726
553,2.517366,0.297696,0.073395,64.000000,0.099186,25.423395,1.351402,1275.067661,126.485121
554,2.252050,0.310828,0.237916,64.000000,0.099186,28.418549,0.416895,1277.319711,126.723037
555,2.715480,0.297425,0.081686,64.000000,0.099186,23.568574,1.214230,1280.035192,126.804723
556,2.256965,0.297386,0.152363,64.000000,0.099186,28.356660,0.650984,1282.292157,126.957086
557,2.332809,0.296797,0.105270,64.000000,0.099186,27.434742,0.942207,1284.624966,127.062356
558,2.497516,0.296104,0.053498,64.000000,0.099186,25.625458,1.854012,1287.122482,127.115854
559,2.190301,0.295991,0.248592,64.000000,0.099186,29.219733,0.398991,1289.312782,127.364446
560,2.256839,0.327048,0.211816,64.000000,0.099186,28.358254,0.468264,1291.569621,127.576262
561,2.321161,0.295532,0.100694,64.000000,0.099186,27.572408,0.985027,1293.890782,127.676956
562,2.832463,0.296891,0.042960,64.000000,0.099186,22.595176,2.308780,1296.723245,127.719916
563,2.141912,0.300959,0.276992,64.000000,0.099186,29.879840,0.358083,1298.865157,127.996908
564,2.443303,0.298942,0.025084,64.000000,0.099186,26.194054,3.954123,1301.308460,128.021992
565,2.414399,0.294983,0.228184,64.000000,0.099186,26.507631,0.434676,1303.722859,128.250176
566,2.401218,0.296923,0.100827,64.000000,0.099186,26.653141,0.983720,1306.124077,128.351003
567,2.369890,0.297951,0.041040,64.000000,0.099186,27.005475,2.416817,1308.493967,128.392043
568,2.510250,0.297599,0.001315,64.000000,0.099186,25.495469,75.408853,1311.004217,128.393358
569,2.158213,0.295762,0.245944,64.000000,0.099186,29.654160,0.403287,1313.162430,128.639303
570,2.234982,0.297390,0.274115,64.000000,0.099186,28.635577,0.361841,1315.397412,128.913418
571,2.144154,0.307036,0.296936,64.000000,0.099186,29.848606,0.334031,1317.541566,129.210354
572,2.413913,0.294596,0.056440,64.000000,0.099186,26.512968,1.757382,1319.955479,129.266794
573,2.285898,0.295485,0.116529,64.000000,0.099186,27.997752,0.851171,1322.241377,129.383322
574,2.392969,0.297743,0.058091,64.000000,0.099186,26.745018,1.707412,1324.634346,129.441414
575,2.370183,0.296293,0.081002,64.000000,0.099186,27.002132,1.224491,1327.004529,129.522416
576,2.300945,0.298251,0.159234,64.000000,0.099186,27.814661,0.622893,1329.305474,129.681650
577,2.454554,0.295645,0.081753,64.000000,0.099186,26.073979,1.213235,1331.760028,129.763403
578,2.354183,0.295362,0.141659,64.000000,0.099186,27.185658,0.700175,1334.114211,129.905062
579,2.309890,0.295098,0.065911,64.000000,0.099186,27.706950,1.504838,1336.424101,129.970973
580,1.986840,0.317141,0.323845,64.000000,0.099186,32.211957,0.306276,1338.410940,130.294818
581,2.235039,0.306280,0.244430,64.000000,0.099186,28.634853,0.405784,1340.645979,130.539248
582,2.453615,0.295095,0.051879,64.000000,0.099186,26.083958,1.911876,1343.099594,130.591127
583,2.374085,0.295240,0.105251,64.000000,0.099186,26.957749,0.942379,1345.473680,130.696378
584,2.351881,0.296418,0.091488,64.000000,0.099186,27.212258,1.084145,1347.825561,130.787866
585,2.130508,0.300135,0.259009,64.000000,0.099186,30.039779,0.382944,1349.956069,131.046875
586,2.012693,0.297936,0.414659,64.000000,0.099186,31.798191,0.239199,1351.968763,131.461533
587,2.295691,0.301598,0.150130,64.000000,0.099186,27.878312,0.660666,1354.264454,131.611664
588,2.503369,0.296681,0.001395,64.000000,0.099186,25.565547,71.085289,1356.767823,131.613059
589,2.346394,0.295355,0.085070,64.000000,0.099186,27.275896,1.165937,1359.114217,131.698129
590,2.164450,0.308820,0.262998,64.000000,0.099186,29.568711,0.377136,1361.278667,131.961126
591,2.399940,0.299624,0.065747,64.000000,0.099186,26.667335,1.508606,1363.678607,132.026873
592,2.440679,0.296302,0.048273,64.000000,0.099186,26.222213,2.054667,1366.119286,132.075147
593,2.233632,0.330707,0.338256,64.000000,0.099186,28.652882,0.293227,1368.352918,132.413403
594,2.515438,0.295301,0.051136,64.000000,0.099186,25.442890,1.939637,1370.868356,132.464539
595,2.271887,0.297067,0.188812,64.000000,0.099186,28.170421,0.525316,1373.140242,132.653351
596,2.460938,0.298887,0.086424,64.000000,0.099186,26.006339,1.147670,1375.601181,132.739775
597,2.330500,0.296342,0.281102,64.000000,0.099186,27.461920,0.352847,1377.931680,133.020877
598,2.516089,0.299258,0.132628,64.000000,0.099186,25.436304,0.747852,1380.447769,133.153505
599,2.245278,0.317119,0.290945,64.000000,0.099186,28.504265,0.340910,1382.693047,133.444449
600,2.601205,0.293601,0.040525,64.000000,0.099186,24.603978,2.447548,1385.294253,133.484974
601,2.189106,0.294815,0.241973,64.000000,0.099186,29.235677,0.409905,1387.483359,133.726947
602,2.406806,0.298052,0.001334,64.000000,0.099186,26.591261,74.343532,1389.890164,133.728281
603,2.480558,0.302045,0.073866,64.000000,0.099186,25.800644,1.342784,1392.370723,133.802147
604,2.368886,0.300158,0.129979,64.000000,0.099186,27.016915,0.763095,1394.739609,133.932126
605,2.521540,0.300095,0.044833,64.000000,0.099186,25.381318,2.212318,1397.261149,133.976959
606,2.431570,0.303344,0.056812,64.000000,0.099186,26.320438,1.745848,1399.692719,134.033772
607,2.060374,0.309240,0.451718,64.000000,0.099186,31.062325,0.219575,1401.753093,134.485490
608,2.308842,0.299748,0.235725,64.000000,0.099186,27.719529,0.420769,1404.061934,134.721215
609,2.421163,0.296139,0.187911,64.000000,0.099186,26.433576,0.527835,1406.483098,134.909127
610,2.174112,0.298372,0.377538,64.000000,0.099186,29.437308,0.262718,1408.657209,135.286665
611,2.491980,0.297301,0.016548,64.000000,0.099186,25.682393,5.993764,1411.149189,135.303213
612,2.433099,0.294928,0.115939,64.000000,0.099186,26.303902,0.855501,1413.582288,135.419152
613,2.352280,0.294489,0.056008,64.000000,0.099186,27.207643,1.770917,1415.934568,135.475160
614,2.368453,0.300316,0.076239,64.000000,0.099186,27.021855,1.300990,1418.303022,135.551399
615,2.341999,0.293119,0.106006,64.000000,0.099186,27.327086,0.935661,1420.645020,135.657405
616,2.411622,0.296797,0.116813,64.000000,0.099186,26.538161,0.849102,1423.056642,135.774218
617,2.199810,0.297863,0.237496,64.000000,0.099186,29.093424,0.417631,1425.256452,136.011714
618,2.380860,0.296059,0.095224,64.000000,0.099186,26.881048,1.041603,1427.637311,136.106939
619,2.448479,0.294433,0.663453,64.000000,0.099186,26.138679,0.149500,1430.085790,136.770391
620,2.032967,0.295712,0.136779,64.000000,0.099186,31.481081,0.725155,1432.118757,136.907170
621,2.092339,0.294299,0.379960,64.000000,0.099186,30.587773,0.261043,1434.211096,137.287130
622,2.333914,0.321897,0.160010,64.000000,0.099186,27.421751,0.619872,1436.545010,137.447140
623,2.135458,0.299730,0.336677,64.000000,0.099186,29.970154,0.294603,1438.680468,137.783817
624,2.457486,0.295601,0.141403,64.000000,0.099186,26.042874,0.701444,1441.137954,137.925220
625,2.595267,0.297293,0.001447,64.000000,0.099186,24.660276,68.565251,1443.733221,137.926666
626,2.125630,0.295986,0.276537,64.000000,0.099186,30.108726,0.358672,1445.858850,138.203203
627,2.302679,0.295560,0.157738,64.000000,0.099186,27.793716,0.628803,1448.161529,138.360941
628,2.345031,0.294923,0.185122,64.000000,0.099186,27.291747,0.535788,1450.506560,138.546063
629,2.412362,0.295993,0.807052,64.000000,0.099186,26.530016,0.122899,1452.918922,139.353115
630,2.010883,0.296248,0.097604,64.000000,0.099186,31.826814,1.016207,1454.929805,139.450719
631,2.408001,0.296178,0.035362,64.000000,0.099186,26.578062,2.804890,1457.337806,139.486081
632,2.468392,0.295380,0.018485,64.000000,0.099186,25.927810,5.365805,1459.806198,139.504566
633,2.229480,0.294992,0.178091,64.000000,0.099186,28.706248,0.556939,1462.035678,139.682657
634,2.323141,0.300248,0.164828,64.000000,0.099186,27.548914,0.601755,1464.358819,139.847485
635,2.562602,0.299155,0.001388,64.000000,0.099186,24.974619,71.453385,1466.921420,139.848873
636,2.207241,0.308879,0.264940,64.000000,0.099186,28.995472,0.374372,1469.128662,140.113813
637,2.176018,0.308698,0.300149,64.000000,0.099186,29.411519,0.330455,1471.304680,140.413962
638,2.389636,0.299305,0.149695,64.000000,0.099186,26.782323,0.662587,1473.694316,140.563657
639,2.401815,0.299484,0.590719,64.000000,0.099186,26.646519,0.167907,1476.096130,141.154376
640,1.834547,0.296796,0.082047,64.000000,0.099186,34.885993,1.208892,1477.930677,141.236423
641,2.391432,0.293848,0.085352,64.000000,0.099186,26.762210,1.162077,1480.322109,141.321775
642,2.430231,0.298327,0.001374,64.000000,0.099186,26.334945,72.207019,1482.752340,141.323149
643,2.378039,0.295740,0.071714,64.000000,0.099186,26.912936,1.383084,1485.130379,141.394862
644,2.176197,0.299505,0.250182,64.000000,0.099186,29.409103,0.396455,1487.306576,141.645045
645,2.313341,0.296685,0.104783,64.000000,0.099186,27.665618,0.946583,1489.619917,141.749828
646,2.291151,0.298001,0.212538,64.000000,0.099186,27.933558,0.466673,1491.911068,141.962366
647,2.005927,0.297820,0.482808,64.000000,0.099186,31.905444,0.205436,1493.916995,142.445174
648,2.456505,0.296092,0.013910,64.000000,0.099186,26.053279,7.130558,1496.373499,142.459084
649,2.344818,0.297676,0.186389,64.000000,0.099186,27.294230,0.532144,1498.718317,142.645473
650,2.494174,0.295729,0.137129,64.000000,0.099186,25.659795,0.723305,1501.212492,142.782602
651,2.204807,0.294263,0.203747,64.000000,0.099186,29.027480,0.486810,1503.417299,142.986349
652,2.388034,0.296656,0.057655,64.000000,0.099186,26.800287,1.720324,1505.805333,143.044004
653,2.494131,0.293798,0.054849,64.000000,0.099186,25.660237,1.808352,1508.299464,143.098853
654,2.505938,0.295741,0.041221,64.000000,0.099186,25.539340,2.406210,1510.805402,143.140074
655,2.200734,0.293524,0.288349,64.000000,0.099186,29.081203,0.343979,1513.006136,143.428423
656,2.313159,0.296869,0.176286,64.000000,0.099186,27.667789,0.562642,1515.319296,143.604709
657,2.111965,0.294849,0.299435,64.000000,0.099186,30.303533,0.331244,1517.431261,143.904144
658,2.132425,0.294706,0.373948,64.000000,0.099186,30.012775,0.265240,1519.563686,144.278091
659,2.368587,0.295412,0.106278,64.000000,0.099186,27.020331,0.933266,1521.932273,144.384370
660,1.898072,0.285310,0.673041,64.000000,0.099186,33.718432,0.147370,1523.830344,145.057411
661,2.508467,0.296500,0.001322,64.000000,0.099186,25.513591,75.026735,1526.338811,145.058733
662,2.251353,0.294897,0.267287,64.000000,0.099186,28.427355,0.371084,1528.590164,145.326020
663,2.322628,0.295894,0.108716,64.000000,0.099186,27.554994,0.912340,1530.912792,145.434736
664,2.345867,0.295970,0.289984,64.000000,0.099186,27.282024,0.342039,1533.258659,145.724721
665,2.334297,0.301317,0.100941,64.000000,0.099186,27.417244,0.982618,1535.592956,145.825661
666,2.460741,0.296163,0.001385,64.000000,0.099186,26.008423,71.608299,1538.053698,145.827046
667,2.390292,0.294413,0.066104,64.000000,0.099186,26.774975,1.500456,1540.443989,145.893150
668,2.258049,0.299593,0.167947,64.000000,0.099186,28.343054,0.590579,1542.702038,146.061097
669,2.212973,0.297421,0.414148,64.000000,0.099186,28.920370,0.239494,1544.915011,146.475245
670,2.364600,0.300096,0.180477,64.000000,0.099186,27.065883,0.549575,1547.279612,146.655722
671,2.207108,0.299383,0.234915,64.000000,0.099186,28.997224,0.422221,1549.486719,146.890637
672,2.102601,0.298785,0.364069,64.000000,0.099186,30.438487,0.272437,1551.589321,147.254706
673,2.343101,0.297630,0.095799,64.000000,0.099186,27.314229,1.035358,1553.932422,147.350505
674,2.600750,0.297515,0.021762,64.000000,0.099186,24.608284,4.557850,1556.533172,147.372267
675,2.178436,0.311876,0.348597,64.000000,0.099186,29.378879,0.284529,1558.711608,147.720864
676,2.404821,0.301183,0.130761,64.000000,0.099186,26.613203,0.758529,1561.116429,147.851625
677,2.241942,0.297346,0.355022,64.000000,0.099186,28.546679,0.279379,1563.358371,148.206647
678,2.364089,0.301363,0.078738,64.000000,0.099186,27.071734,1.259702,1565.722461,148.285385
679,2.064413,0.295574,0.321106,64.000000,0.099186,31.001554,0.308888,1567.786873,148.606491
680,2.317834,0.302430,0.414431,64.000000,0.099186,27.611984,0.239331,1570.104707,149.020922
681,2.286443,0.296337,0.114711,64.000000,0.099186,27.991070,0.864661,1572.391151,149.135633
682,2.379967,0.299625,0.243809,64.000000,0.099186,26.891125,0.406818,1574.771118,149.379442
683,2.292109,0.302498,0.133426,64.000000,0.099186,27.921885,0.743375,1577.063227,149.512869
684,2.504161,0.298748,0.446680,64.000000,0.099186,25.557457,0.222051,1579.567389,149.959549
685,2.271564,0.298272,0.192583,64.000000,0.099186,28.174423,0.515028,1581.838952,150.152132
686,2.408236,0.300739,0.093457,64.000000,0.099186,26.575471,1.061302,1584.247188,150.245589
687,2.353611,0.302833,0.133808,64.000000,0.099186,27.192258,0.741254,1586.600799,150.379397
688,2.312473,0.295358,0.205773,64.000000,0.099186,27.676000,0.482016,1588.913272,150.585170
689,2.224685,0.293330,0.165220,64.000000,0.099186,28.768118,0.600326,1591.137957,150.750391
690,2.267377,0.297435,0.127136,64.000000,0.099186,28.226452,0.780157,1593.405334,150.877526
691,2.351476,0.293698,0.158008,64.000000,0.099186,27.216946,0.627726,1595.756810,151.035535
692,2.332042,0.299532,0.416886,64.000000,0.099186,27.443761,0.237921,1598.088852,151.452421
693,2.336783,0.297730,0.069939,64.000000,0.099186,27.388076,1.418176,1600.425635,151.522360
694,2.357118,0.296005,0.155667,64.000000,0.099186,27.151800,0.637165,1602.782753,151.678028
695,2.276094,0.293977,0.121278,64.000000,0.099186,28.118345,0.817839,1605.058847,151.799306
696,2.291593,0.294204,0.098622,64.000000,0.099186,27.928168,1.005720,1607.350441,151.897928
697,2.409686,0.296617,0.081096,64.000000,0.099186,26.559478,1.223072,1609.760127,151.979023
698,2.286068,0.294503,0.133273,64.000000,0.099186,27.995671,0.744233,1612.046194,152.112296
699,2.310266,0.301150,0.198201,64.000000,0.099186,27.702443,0.500430,1614.356460,152.310497
700,2.383322,0.298671,0.080415,64.000000,0.099186,26.853271,1.233430,1616.739782,152.390912
701,2.375140,0.299954,0.139105,64.000000,0.099186,26.945776,0.713029,1619.114923,152.530017
702,2.489085,0.296491,0.001327,64.000000,0.099186,25.712262,74.716736,1621.604007,152.531345
703,2.316481,0.298927,0.160356,64.000000,0.099186,27.628118,0.618536,1623.920488,152.691701
704,2.269632,0.297066,0.207918,64.000000,0.099186,28.198403,0.477044,1626.190120,152.899619
705,2.396212,0.303657,0.239418,64.000000,0.099186,26.708827,0.414279,1628.586332,153.139037
706,2.197723,0.292740,0.248781,64.000000,0.099186,29.121050,0.398688,1630.784054,153.387817
707,2.151420,0.293903,0.259886,64.000000,0.099186,29.747790,0.381651,1632.935475,153.647704
708,2.544264,0.295137,0.105155,64.000000,0.099186,25.154627,0.943237,1635.479738,153.752859
709,2.126692,0.292584,0.578163,64.000000,0.099186,30.093688,0.171554,1637.606430,154.331022
710,2.352368,0.295222,0.166284,64.000000,0.099186,27.206629,0.596486,1639.958798,154.497306
711,2.662276,0.295152,0.027932,64.000000,0.099186,24.039585,3.551037,1642.621074,154.525237
712,2.279060,0.293318,0.211884,64.000000,0.099186,28.081752,0.468115,1644.900134,154.737121
713,2.081193,0.310220,0.304434,64.000000,0.099186,30.751591,0.325805,1646.981327,155.041554
714,2.178324,0.292451,0.336021,64.000000,0.099186,29.380392,0.295178,1649.159650,155.377575
715,2.315730,0.297680,0.096432,64.000000,0.099186,27.637072,1.028558,1651.475381,155.474008
716,2.522098,0.298134,0.100589,64.000000,0.099186,25.375695,0.986054,1653.997479,155.574596
717,2.103967,0.296214,0.293285,64.000000,0.099186,30.418727,0.338190,1656.101446,155.867881
718,2.346922,0.298183,0.141700,64.000000,0.099186,27.269755,0.699973,1658.448369,156.009581
719,2.422155,0.299052,0.087594,64.000000,0.099186,26.422756,1.132342,1660.870523,156.097174
720,2.215894,0.298545,0.336874,64.000000,0.099186,28.882246,0.294430,1663.086417,156.434049
721,2.241868,0.295674,0.121217,64.000000,0.099186,28.547616,0.818253,1665.328286,156.555265
722,2.355512,0.296510,0.184303,64.000000,0.099186,27.170311,0.538167,1667.683798,156.739569
723,2.465869,0.296588,0.453577,64.000000,0.099186,25.954341,0.218675,1670.149667,157.193146
724,2.362824,0.294158,0.209298,64.000000,0.099186,27.086236,0.473898,1672.512491,157.402444
725,2.222606,0.296730,0.057407,64.000000,0.099186,28.795033,1.727773,1674.735096,157.459851
726,2.142664,0.298165,0.217285,64.000000,0.099186,29.869355,0.456478,1676.877760,157.677136
727,2.185701,0.301637,0.340158,64.000000,0.099186,29.281223,0.291588,1679.063461,158.017294
728,2.376755,0.294265,0.182022,64.000000,0.099186,26.927468,0.544911,1681.440217,158.199317
729,2.230212,0.295456,0.178685,64.000000,0.099186,28.696818,0.555089,1683.670429,158.378001
730,2.433300,0.296487,0.038712,64.000000,0.099186,26.301726,2.562152,1686.103730,158.416713
731,2.352222,0.296163,0.160548,64.000000,0.099186,27.208318,0.617795,1688.455951,158.577262
732,2.398849,0.294537,0.119641,64.000000,0.099186,26.679464,0.829032,1690.854800,158.696902
733,2.365129,0.295542,0.077260,64.000000,0.099186,27.059839,1.283791,1693.219929,158.774162
734,2.499661,0.296563,0.069883,64.000000,0.099186,25.603467,1.419313,1695.719590,158.844046
735,2.612942,0.300242,0.001395,64.000000,0.099186,24.493466,71.087276,1698.332532,158.845441
736,2.309151,0.295483,0.115473,64.000000,0.099186,27.715814,0.858954,1700.641683,158.960914
737,2.134441,0.297137,0.308110,64.000000,0.099186,29.984435,0.321917,1702.776124,159.269024
738,2.337532,0.295500,0.145727,64.000000,0.099186,27.379299,0.680627,1705.113656,159.414751
739,2.145544,0.304062,0.285849,64.000000,0.099186,29.829261,0.346987,1707.259200,159.700600
740,2.389202,0.293430,0.134046,64.000000,0.099186,26.787189,0.739939,1709.648402,159.834646
741,2.454906,0.295824,0.069920,64.000000,0.099186,26.070242,1.418558,1712.103308,159.904566
742,2.193524,0.299885,0.174298,64.000000,0.099186,29.176797,0.569061,1714.296832,160.078864
743,2.463271,0.297674,0.017377,64.000000,0.099186,25.981710,5.708033,1716.760104,160.096240
744,2.274031,0.295171,0.141381,64.000000,0.099186,28.143860,0.701551,1719.034134,160.237621
745,2.358622,0.294787,0.085600,64.000000,0.099186,27.134493,1.158708,1721.392756,160.323222
746,2.103158,0.292615,0.424364,64.000000,0.099186,30.430434,0.233729,1723.495913,160.747585
747,2.444113,0.299031,0.001374,64.000000,0.099186,26.185363,72.180167,1725.940027,160.748960
748,2.332992,0.297166,0.213559,64.000000,0.099186,27.432586,0.464443,1728.273019,160.962519
749,2.240097,0.295057,0.252511,64.000000,0.099186,28.570187,0.392799,1730.513116,161.215030
750,2.023898,0.302696,0.472863,64.000000,0.099186,31.622149,0.209756,1732.537014,161.687892
751,2.348321,0.296078,0.177836,64.000000,0.099186,27.253516,0.557737,1734.885335,161.865728
752,2.287288,0.303666,0.370420,64.000000,0.099186,27.980731,0.267766,1737.172623,162.236148
753,2.172096,0.293038,0.419299,64.000000,0.099186,29.464626,0.236552,1739.344719,162.655447
754,2.432918,0.296477,0.113032,64.000000,0.099186,26.305860,0.877503,1741.777637,162.768479
755,2.296592,0.295106,0.172272,64.000000,0.099186,27.867373,0.575751,1744.074230,162.940751
756,2.240889,0.299404,0.154245,64.000000,0.099186,28.560094,0.643041,1746.315119,163.094996
757,2.254988,0.299260,0.240370,64.000000,0.099186,28.381526,0.412639,1748.570107,163.335366
758,2.349384,0.298696,0.047649,64.000000,0.099186,27.241182,2.081575,1750.919491,163.383015
759,2.094371,0.296590,0.388344,64.000000,0.099186,30.558101,0.255407,1753.013862,163.771360
760,2.246787,0.295551,0.221248,64.000000,0.099186,28.485126,0.448302,1755.260648,163.992608
761,2.509675,0.296010,0.001373,64.000000,0.099186,25.501308,72.214747,1757.770324,163.993981
762,2.349185,0.294731,0.153805,64.000000,0.099186,27.243496,0.644881,1760.119508,164.147786
763,2.347836,0.311306,0.731734,64.000000,0.099186,27.259149,0.135549,1762.467344,164.879520
764,1.910561,0.299453,0.156102,64.000000,0.099186,33.498020,0.635391,1764.377904,165.035622
765,2.316261,0.300690,0.151740,64.000000,0.099186,27.630740,0.653658,1766.694165,165.187362
766,2.335016,0.295787,0.138670,64.000000,0.099186,27.408802,0.715267,1769.029182,165.326032
767,2.235428,0.299805,0.194507,64.000000,0.099186,28.629866,0.509934,1771.264609,165.520539
768,2.291807,0.296409,0.248571,64.000000,0.099186,27.925564,0.399025,1773.556416,165.769110
769,2.303194,0.297144,0.188878,64.000000,0.099186,27.787497,0.525132,1775.859611,165.957988
770,2.512111,0.294379,0.090245,64.000000,0.099186,25.476586,1.099076,1778.371721,166.048233
771,2.396353,0.295922,0.047936,64.000000,0.099186,26.707247,2.069119,1780.768074,166.096169
772,2.270473,0.296697,0.110611,64.000000,0.099186,28.187957,0.896707,1783.038548,166.206781
773,2.086269,0.296726,0.321075,64.000000,0.099186,30.676769,0.308918,1785.124817,166.527856
774,2.516946,0.299717,0.001371,64.000000,0.099186,25.427642,72.335404,1787.641763,166.529227
775,2.323150,0.294264,0.336308,64.000000,0.099186,27.548800,0.294926,1789.964913,166.865535
776,2.580780,0.294726,0.002705,64.000000,0.099186,24.798702,36.662115,1792.545693,166.868240
777,2.153573,0.311028,0.293287,64.000000,0.099186,29.718053,0.338188,1794.699266,167.161527
778,2.455831,0.295215,0.001356,64.000000,0.099186,26.060428,73.143009,1797.155097,167.162883
779,2.878915,0.295353,0.001374,64.000000,0.099186,22.230601,72.211014,1800.034012,167.164256
780,2.324617,0.296557,0.147457,64.000000,0.099186,27.531421,0.672641,1802.358628,167.311714
781,2.193597,0.295983,0.231519,64.000000,0.099186,29.175826,0.428414,1804.552225,167.543233
782,2.249614,0.298187,0.071423,64.000000,0.099186,28.449320,1.388715,1806.801839,167.614656
783,2.390882,0.297350,0.113936,64.000000,0.099186,26.768370,0.870544,1809.192721,167.728591
784,2.329802,0.297603,0.189053,64.000000,0.099186,27.470148,0.524646,1811.522523,167.917644
785,2.489082,0.300942,0.001418,64.000000,0.099186,25.712288,69.948070,1814.011605,167.919062
786,2.316300,0.297482,0.205552,64.000000,0.099186,27.630270,0.482535,1816.327905,168.124614
787,2.292901,0.301883,0.350381,64.000000,0.099186,27.912237,0.283080,1818.620806,168.474995
788,2.378965,0.299817,0.029843,64.000000,0.099186,26.902452,3.323548,1820.999772,168.504838
789,2.140933,0.300025,0.259967,64.000000,0.099186,29.893511,0.381533,1823.140704,168.764805
790,2.344787,0.299098,0.126530,64.000000,0.099186,27.294588,0.783892,1825.485492,168.891335
791,2.517197,0.294955,0.001384,64.000000,0.099186,25.425106,71.653770,1828.002689,168.892719
792,2.506406,0.295150,0.082862,64.000000,0.099186,25.534572,1.197004,1830.509094,168.975581
793,2.402402,0.297718,0.046017,64.000000,0.099186,26.639999,2.155400,1832.911497,169.021598
794,2.513711,0.298355,0.001405,64.000000,0.099186,25.460364,70.608597,1835.425208,169.023003
795,2.201948,0.299961,0.234123,64.000000,0.099186,29.065179,0.423648,1837.627156,169.257126
796,2.185575,0.295150,0.209502,64.000000,0.099186,29.282915,0.473437,1839.812730,169.466628
797,2.244525,0.299277,0.229848,64.000000,0.099186,28.513825,0.431528,1842.057255,169.696476
798,2.279279,0.297280,0.272041,64.000000,0.099186,28.079057,0.364600,1844.336534,169.968517
799,2.402914,0.296599,0.096603,64.000000,0.099186,26.634325,1.026735,1846.739449,170.065120
800,2.406335,0.298319,0.127596,64.000000,0.099186,26.596461,0.777342,1849.145784,170.192717
801,2.438551,0.294319,0.045086,64.000000,0.099186,26.245093,2.199912,1851.584335,170.237803
802,2.466085,0.296802,0.054562,64.000000,0.099186,25.952063,1.817872,1854.050420,170.292365
803,2.362846,0.295747,0.058052,64.000000,0.099186,27.085979,1.708572,1856.413266,170.350417
804,2.125819,0.309297,0.271625,64.000000,0.099186,30.106048,0.365158,1858.539085,170.622042
805,1.989078,0.311404,0.342263,64.000000,0.099186,32.175708,0.289794,1860.528163,170.964305
806,2.470883,0.293762,0.019541,64.000000,0.099186,25.901672,5.075730,1862.999046,170.983846
807,2.722325,0.293933,0.023403,64.000000,0.099186,23.509319,4.238162,1865.721371,171.007249
808,2.151271,0.297188,0.366145,64.000000,0.099186,29.749856,0.270893,1867.872642,171.373394
809,2.269731,0.295541,0.164276,64.000000,0.099186,28.197169,0.603776,1870.142373,171.537670
810,2.170027,0.296928,0.416306,64.000000,0.099186,29.492724,0.238253,1872.312400,171.953976
811,2.379105,0.295757,0.060031,64.000000,0.099186,26.900868,1.652247,1874.691505,172.014007
812,2.439677,0.294141,0.083758,64.000000,0.099186,26.232983,1.184198,1877.131182,172.097764
813,2.423331,0.295191,0.022831,64.000000,0.099186,26.409928,4.344262,1879.554513,172.120596
814,2.216241,0.295259,0.360436,64.000000,0.099186,28.877725,0.275183,1881.770754,172.481032
815,2.181704,0.295264,0.224899,64.000000,0.099186,29.334874,0.441024,1883.952458,172.705931
816,2.259842,0.296779,0.179535,64.000000,0.099186,28.320564,0.552461,1886.212300,172.885466
817,2.463775,0.296300,0.188966,64.000000,0.099186,25.976393,0.524888,1888.676075,173.074431
818,2.292470,0.296097,0.206957,64.000000,0.099186,27.917481,0.479258,1890.968546,173.281389
819,2.239058,0.294281,0.221969,64.000000,0.099186,28.583450,0.446845,1893.207604,173.503358
820,2.396540,0.296727,0.140201,64.000000,0.099186,26.705161,0.707455,1895.604144,173.643559
821,2.293946,0.300496,0.225425,64.000000,0.099186,27.899524,0.439996,1897.898090,173.868984
822,2.627187,0.296003,0.083689,64.000000,0.099186,24.360659,1.185167,1900.525277,173.952674
823,2.450523,0.295046,0.087578,64.000000,0.099186,26.116869,1.132542,1902.975801,174.040252
824,2.583404,0.295376,0.001376,64.000000,0.099186,24.773515,72.075736,1905.559205,174.041628
825,2.353758,0.295881,0.055835,64.000000,0.099186,27.190561,1.776418,1907.912963,174.097463
826,2.251401,0.294993,0.077831,64.000000,0.099186,28.426750,1.274371,1910.164363,174.175294
827,2.331617,0.304763,0.124605,64.000000,0.099186,27.448761,0.796002,1912.495980,174.299899
828,2.534541,0.295172,0.121206,64.000000,0.099186,25.251125,0.818328,1915.030521,174.421105
829,2.359296,0.295988,0.079083,64.000000,0.099186,27.126741,1.254199,1917.389816,174.500188
830,2.442426,0.292940,0.001338,64.000000,0.099186,26.203450,74.105301,1919.832243,174.501526
831,2.573886,0.295772,0.001471,64.000000,0.099186,24.865124,67.436822,1922.406129,174.502997
832,2.169997,0.297479,0.175010,64.000000,0.099186,29.493124,0.566743,1924.576126,174.678008
833,2.237713,0.297964,0.175572,64.000000,0.099186,28.600633,0.564929,1926.813839,174.853580
834,2.102071,0.316120,0.458335,64.000000,0.099186,30.446166,0.216405,1928.915910,175.311915
835,2.318088,0.293012,0.151554,64.000000,0.099186,27.608962,0.654460,1931.233998,175.463468
836,2.480946,0.295539,0.001411,64.000000,0.099186,25.796615,70.289805,1933.714944,175.464880
837,2.378509,0.297932,0.171597,64.000000,0.099186,26.907616,0.578016,1936.093452,175.636477
838,2.261398,0.297921,0.270834,64.000000,0.099186,28.301076,0.366224,1938.354850,175.907311
839,2.290507,0.296555,0.198754,64.000000,0.099186,27.941412,0.499039,1940.645357,176.106065
840,2.090023,0.293619,0.467346,64.000000,0.099186,30.621670,0.212233,1942.735381,176.573410
841,2.216590,0.298418,0.232557,64.000000,0.099186,28.873175,0.426502,1944.951971,176.805967
842,2.282040,0.302497,0.128647,64.000000,0.099186,28.045080,0.770994,1947.234011,176.934614
843,2.074570,0.300866,0.392878,64.000000,0.099186,30.849774,0.252460,1949.308581,177.327492
844,2.380417,0.295033,0.080679,64.000000,0.099186,26.886044,1.229390,1951.688998,177.408171
845,2.377095,0.296988,0.047856,64.000000,0.099186,26.923613,2.072611,1954.066093,177.456027
846,2.510152,0.295810,0.001419,64.000000,0.099186,25.496468,69.922527,1956.576245,177.457445
847,2.351724,0.297440,0.182879,64.000000,0.099186,27.214079,0.542359,1958.927969,177.640324
848,2.458170,0.294487,0.001342,64.000000,0.099186,26.035628,73.910866,1961.386139,177.641666
849,2.532058,0.293609,0.110136,64.000000,0.099186,25.275887,0.900579,1963.918196,177.751802
850,2.361255,0.294457,0.099907,64.000000,0.099186,27.104230,0.992780,1966.279451,177.851709
851,2.574445,0.297769,0.001464,64.000000,0.099186,24.859730,67.749128,1968.853896,177.853173
852,2.338560,0.299163,0.177227,64.000000,0.099186,27.367265,0.559654,1971.192456,178.030400
853,2.320063,0.293879,0.189402,64.000000,0.099186,27.585462,0.523680,1973.512519,178.219802
854,2.654767,0.295802,0.061741,64.000000,0.099186,24.107581,1.606488,1976.167286,178.281543
855,2.340757,0.294858,0.125170,64.000000,0.099186,27.341576,0.792407,1978.508043,178.406713
856,2.169415,0.295609,0.270717,64.000000,0.099186,29.501044,0.366383,1980.677458,178.677430
857,2.283002,0.292598,0.218009,64.000000,0.099186,28.033263,0.454962,1982.960460,178.895439
858,2.366822,0.296362,0.050512,64.000000,0.099186,27.040483,1.963610,1985.327282,178.945951
859,2.637366,0.296829,0.001374,64.000000,0.099186,24.266640,72.207912,1987.964647,178.947325
860,2.375976,0.300508,0.143488,64.000000,0.099186,26.936301,0.691250,1990.340623,179.090813
861,2.250075,0.293323,0.165592,64.000000,0.099186,28.443500,0.598978,1992.590698,179.256405
862,2.336230,0.299655,0.141328,64.000000,0.099186,27.394568,0.701813,1994.926927,179.397733
863,2.391733,0.296480,0.035160,64.000000,0.099186,26.758836,2.820989,1997.318661,179.432893
864,2.417071,0.296435,0.177188,64.000000,0.099186,26.478327,0.559779,1999.735732,179.610081
865,2.076808,0.294568,0.390952,64.000000,0.099186,30.816529,0.253704,2001.812539,180.001033
866,2.284290,0.295458,0.191667,64.000000,0.099186,28.017463,0.517491,2004.096829,180.192700
867,2.511421,0.304059,0.019346,64.000000,0.099186,25.483580,5.126861,2006.608250,180.212046
868,2.357484,0.298740,0.070402,64.000000,0.099186,27.147585,1.408845,2008.965734,180.282449
869,2.385229,0.294799,0.094463,64.000000,0.099186,26.831803,1.049997,2011.350963,180.376912
870,2.244534,0.300273,0.113356,64.000000,0.099186,28.513715,0.874997,2013.595497,180.490267
871,2.399345,0.297000,0.001449,64.000000,0.099186,26.673945,68.437043,2015.994842,180.491717
872,2.325296,0.294391,0.077653,64.000000,0.099186,27.523382,1.277299,2018.320138,180.569370
873,2.290626,0.297434,0.075372,64.000000,0.099186,27.939959,1.315953,2020.610764,180.644741
874,2.284465,0.298577,0.113861,64.000000,0.099186,28.015312,0.871117,2022.895229,180.758602
875,2.239190,0.298689,0.182923,64.000000,0.099186,28.581769,0.542228,2025.134419,180.941525
876,2.376244,0.295944,0.001408,64.000000,0.099186,26.933258,70.458624,2027.510663,180.942933
877,2.240728,0.300829,0.243861,64.000000,0.099186,28.562143,0.406731,2029.751391,181.186794
878,2.268826,0.298830,0.213263,64.000000,0.099186,28.208416,0.465088,2032.020218,181.400057
879,2.448831,0.296055,0.001400,64.000000,0.099186,26.134917,70.822922,2034.469049,181.401458
880,2.400371,0.302648,0.001391,64.000000,0.099186,26.662540,71.319800,2036.869420,181.402848
881,2.405499,0.296719,0.208886,64.000000,0.099186,26.605705,0.474832,2039.274919,181.611735
882,2.041594,0.294429,0.409871,64.000000,0.099186,31.348052,0.241993,2041.316514,182.021605
883,2.579454,0.295768,0.001333,64.000000,0.099186,24.811450,74.420175,2043.895968,182.022938
884,2.080766,0.306607,0.351445,64.000000,0.099186,30.757898,0.282223,2045.976734,182.374384
885,2.415786,0.298426,0.033416,64.000000,0.099186,26.492412,2.968192,2048.392520,182.407800
886,2.338698,0.298276,0.118728,64.000000,0.099186,27.365655,0.835404,2050.731218,182.526528
887,2.407296,0.294586,0.085302,64.000000,0.099186,26.585843,1.162756,2053.138515,182.611831
888,2.140360,0.296042,0.211214,64.000000,0.099186,29.901512,0.469599,2055.278875,182.823045
889,2.252129,0.295256,0.106670,64.000000,0.099186,28.417561,0.929841,2057.531003,182.929715
890,2.344514,0.296020,0.058333,64.000000,0.099186,27.297769,1.700331,2059.875517,182.988048
891,2.360243,0.297440,1.448854,64.000000,0.099186,27.115851,0.068458,2062.235760,184.436902
892,1.393735,0.297838,0.016855,64.000000,0.099186,45.919781,5.884529,2063.629495,184.453757
893,2.004830,0.297941,0.415067,64.000000,0.099186,31.922905,0.238963,2065.634325,184.868825
894,2.504083,0.295372,0.042860,64.000000,0.099186,25.558261,2.314159,2068.138408,184.911685
895,2.396621,0.298260,0.080721,64.000000,0.099186,26.704265,1.228756,2070.535029,184.992406
896,2.245441,0.295425,0.214321,64.000000,0.099186,28.502194,0.462791,2072.780470,185.206727
897,2.253370,0.295674,0.092679,64.000000,0.099186,28.401901,1.070206,2075.033840,185.299407
898,2.416363,0.296852,0.046344,64.000000,0.099186,26.486088,2.140217,2077.450203,185.345750
899,2.265345,0.296708,0.149882,64.000000,0.099186,28.251771,0.661762,2079.715548,185.495632
900,2.395863,0.295902,0.156296,64.000000,0.099186,26.712715,0.634601,2082.111411,185.651929
901,2.334696,0.296452,0.112783,64.000000,0.099186,27.412559,0.879444,2084.446107,185.764711
902,2.545894,0.300541,0.286527,64.000000,0.099186,25.138514,0.346166,2086.992001,186.051238
903,2.140731,0.296216,0.258369,64.000000,0.099186,29.896324,0.383893,2089.132733,186.309607
904,2.464302,0.298292,0.033671,64.000000,0.099186,25.970845,2.945755,2091.597035,186.343278
905,2.342142,0.297159,0.015779,64.000000,0.099186,27.325414,6.286129,2093.939177,186.359056
906,2.315346,0.298994,0.084533,64.000000,0.099186,27.641657,1.173334,2096.254523,186.443590
907,2.339427,0.295076,0.121722,64.000000,0.099186,27.357127,0.814855,2098.593949,186.565312
908,2.298010,0.299921,0.110514,64.000000,0.099186,27.850181,0.897501,2100.891960,186.675826
909,2.096680,0.292962,0.330800,64.000000,0.099186,30.524443,0.299836,2102.988640,187.006626
910,2.387331,0.296220,0.136384,64.000000,0.099186,26.808177,0.727257,2105.375971,187.143010
911,2.136831,0.296212,0.372578,64.000000,0.099186,29.950895,0.266215,2107.512802,187.515588
912,2.330114,0.294080,0.144479,64.000000,0.099186,27.466462,0.686507,2109.842917,187.660067
913,2.254034,0.298151,0.267116,64.000000,0.099186,28.393543,0.371322,2112.096950,187.927183
914,2.572232,0.298054,0.001365,64.000000,0.099186,24.881113,72.665878,2114.669182,187.928548
915,2.432591,0.295247,0.001387,64.000000,0.099186,26.309398,71.520004,2117.101773,187.929934
916,2.378628,0.293614,0.092744,64.000000,0.099186,26.906263,1.069459,2119.480402,188.022678
917,2.228141,0.293950,0.193618,64.000000,0.099186,28.723490,0.512277,2121.708543,188.216296
918,2.198572,0.301507,0.259651,64.000000,0.099186,29.109800,0.381997,2123.907115,188.475947
919,2.485611,0.295106,0.119413,64.000000,0.099186,25.748193,0.830614,2126.392727,188.595360
920,2.529416,0.300151,0.001390,64.000000,0.099186,25.302286,71.361363,2128.922142,188.596750
921,2.299765,0.293704,0.088752,64.000000,0.099186,27.828930,1.117564,2131.221907,188.685501
922,2.304281,0.303933,0.295384,64.000000,0.099186,27.774392,0.335787,2133.526188,188.980885
923,2.142960,0.297444,0.259976,64.000000,0.099186,29.865234,0.381519,2135.669148,189.240862
924,2.430941,0.296295,0.001372,64.000000,0.099186,26.327256,72.282846,2138.100089,189.242234
925,2.512993,0.294838,0.033035,64.000000,0.099186,25.467638,3.002492,2140.613082,189.275269
926,2.121619,0.293580,0.469625,64.000000,0.099186,30.165643,0.211202,2142.734701,189.744894
927,2.122316,0.296170,0.386001,64.000000,0.099186,30.155734,0.256957,2144.857017,190.130895
928,2.436462,0.294685,0.134271,64.000000,0.099186,26.267599,0.738701,2147.293479,190.265166
929,2.570218,0.296932,0.148476,64.000000,0.099186,24.900612,0.668025,2149.863697,190.413642
930,2.392704,0.297335,0.130755,64.000000,0.099186,26.747983,0.758563,2152.256401,190.544397
931,2.589452,0.294378,0.040592,64.000000,0.099186,24.715655,2.443477,2154.845853,190.584989
932,2.465301,0.293474,0.242116,64.000000,0.099186,25.960321,0.409663,2157.311154,190.827105
933,2.036138,0.295564,0.528023,64.000000,0.099186,31.432052,0.187844,2159.347292,191.355128
934,2.394609,0.295920,0.063188,64.000000,0.099186,26.726699,1.569698,2161.741901,191.418316
935,2.017252,0.291407,0.718966,64.000000,0.099186,31.726329,0.137956,2163.759153,192.137282
936,2.336989,0.296142,0.120713,64.000000,0.099186,27.385665,0.821669,2166.096142,192.257995
937,2.343874,0.295853,0.197794,64.000000,0.099186,27.305220,0.501460,2168.440016,192.455789
938,2.430782,0.295806,0.243960,64.000000,0.099186,26.328975,0.406567,2170.870798,192.699749
939,2.723278,0.294649,0.001351,64.000000,0.099186,23.501091,73.418752,2173.594076,192.701100
940,2.358722,0.296047,0.210298,64.000000,0.099186,27.133339,0.471644,2175.952798,192.911398
941,2.588769,0.293255,0.079726,64.000000,0.099186,24.722176,1.244089,2178.541567,192.991124
942,2.320819,0.295931,0.250324,64.000000,0.099186,27.576477,0.396231,2180.862385,193.241448
943,2.301186,0.294903,0.156278,64.000000,0.099186,27.811746,0.634678,2183.163571,193.397725
944,2.393419,0.297753,0.169607,64.000000,0.099186,26.739992,0.584797,2185.556990,193.567333
945,2.157751,0.305872,0.266587,64.000000,0.099186,29.660508,0.372059,2187.714741,193.833919
946,2.537555,0.295273,0.087511,64.000000,0.099186,25.221129,1.133407,2190.252296,193.921430
947,2.179597,0.291846,0.330961,64.000000,0.099186,29.363227,0.299690,2192.431893,194.252392
948,2.245051,0.297791,0.273444,64.000000,0.099186,28.507143,0.362728,2194.676945,194.525836
949,2.385763,0.293392,0.144123,64.000000,0.099186,26.825798,0.688205,2197.062708,194.669959
950,2.198088,0.298326,0.359621,64.000000,0.099186,29.116216,0.275807,2199.260796,195.029580
951,2.300445,0.295006,0.175783,64.000000,0.099186,27.820705,0.564251,2201.561240,195.205363
952,2.363061,0.295372,0.048656,64.000000,0.099186,27.083513,2.038494,2203.924302,195.254019
953,2.441957,0.293789,0.111813,64.000000,0.099186,26.208491,0.887068,2206.366258,195.365833
954,2.254844,0.295008,0.177752,64.000000,0.099186,28.383340,0.558003,2208.621102,195.543584
955,2.298233,0.301110,0.195345,64.000000,0.099186,27.847482,0.507747,2210.919335,195.738930
956,2.378004,0.293820,0.130895,64.000000,0.099186,26.913323,0.757752,2213.297340,195.869825
957,2.507711,0.297408,0.001378,64.000000,0.099186,25.521286,71.965237,2215.805050,195.871203
958,2.389349,0.297369,0.111332,64.000000,0.099186,26.785544,0.890901,2218.194399,195.982535
959,2.706925,0.300849,0.247464,64.000000,0.099186,23.643062,0.400810,2220.901324,196.229999
960,2.465461,0.294744,0.001326,64.000000,0.099186,25.958636,74.817790,2223.366785,196.231324
961,2.237480,0.296308,0.189825,64.000000,0.099186,28.603612,0.522514,2225.604264,196.421149
962,2.566341,0.296384,0.073841,64.000000,0.099186,24.938228,1.343237,2228.170606,196.494990
963,2.395747,0.295092,0.114189,64.000000,0.099186,26.714006,0.868610,2230.566353,196.609179
964,2.395456,0.311514,0.302155,64.000000,0.099186,26.717254,0.328262,2232.961808,196.911334
965,2.156786,0.308102,0.262946,64.000000,0.099186,29.673782,0.377210,2235.118594,197.174281
966,2.323658,0.299000,0.017347,64.000000,0.099186,27.542778,5.717598,2237.442253,197.191628
967,2.304255,0.296618,0.145670,64.000000,0.099186,27.774698,0.680894,2239.746508,197.337298
968,2.234300,0.294932,0.226870,64.000000,0.099186,28.644315,0.437194,2241.980808,197.564168
969,2.262584,0.292786,0.116859,64.000000,0.099186,28.286244,0.848769,2244.243392,197.681027
970,2.315171,0.296801,0.180868,64.000000,0.099186,27.643752,0.548387,2246.558563,197.861895
971,2.436441,0.297025,0.142608,64.000000,0.099186,26.267821,0.695512,2248.995004,198.004503
972,2.235047,0.296656,0.231786,64.000000,0.099186,28.634748,0.427920,2251.230051,198.236290
973,2.127176,0.301894,0.419396,64.000000,0.099186,30.086840,0.236497,2253.357227,198.655685
974,2.172730,0.292463,0.506332,64.000000,0.099186,29.456033,0.195891,2255.529956,199.162018
975,2.262202,0.296655,0.100303,64.000000,0.099186,28.291019,0.988866,2257.792158,199.262320
976,2.422995,0.295600,0.001382,64.000000,0.099186,26.413596,71.762173,2260.215153,199.263702
977,2.256010,0.296965,0.166758,64.000000,0.099186,28.368671,0.594788,2262.471163,199.430461
978,2.396683,0.294303,0.073178,64.000000,0.099186,26.703578,1.355410,2264.867845,199.503639
979,2.225075,0.293639,0.247482,64.000000,0.099186,28.763078,0.400781,2267.092920,199.751120
980,2.259480,0.282478,0.622892,64.000000,0.099186,28.325096,0.159235,2269.352401,200.374013
981,2.152437,0.296035,0.313718,64.000000,0.099186,29.733739,0.316163,2271.504837,200.687731
982,2.450447,0.293146,0.040535,64.000000,0.099186,26.117682,2.446920,2273.955285,200.728266
983,2.246478,0.293727,0.373752,64.000000,0.099186,28.489034,0.265379,2276.201763,201.102018
984,2.416265,0.295596,0.025102,64.000000,0.099186,26.487156,3.951376,2278.618028,201.127119
985,2.314759,0.296285,0.062036,64.000000,0.099186,27.648662,1.598849,2280.932788,201.189155
986,2.821753,0.296562,0.225583,64.000000,0.099186,22.680933,0.439686,2283.754541,201.414738
987,2.281701,0.296650,0.196211,64.000000,0.099186,28.049251,0.505507,2286.036242,201.610949
988,2.295786,0.299922,0.235991,64.000000,0.099186,27.877160,0.420296,2288.332028,201.846940
989,2.209566,0.294314,0.190400,64.000000,0.099186,28.964959,0.520935,2290.541595,202.037340
990,2.357137,0.295424,0.107571,64.000000,0.099186,27.151584,0.922049,2292.898732,202.144911
991,2.442628,0.294996,0.147149,64.000000,0.099186,26.201291,0.674050,2295.341359,202.292060
992,2.246341,0.299015,0.231772,64.000000,0.099186,28.490772,0.427945,2297.587701,202.523833
993,2.448855,0.297999,0.064658,64.000000,0.099186,26.134667,1.534004,2300.036555,202.588491
994,2.133515,0.303221,0.304947,64.000000,0.099186,29.997450,0.325257,2302.170070,202.893438
995,2.484664,0.297351,0.026390,64.000000,0.099186,25.758014,3.758521,2304.654734,202.919827
996,2.354315,0.299755,0.196969,64.000000,0.099186,27.184129,0.503560,2307.009048,203.116797
997,2.084345,0.298729,0.426321,64.000000,0.099186,30.705082,0.232656,2309.093394,203.543118
998,2.515470,0.297582,0.088260,64.000000,0.099186,25.442564,1.123787,2311.608864,203.631378
999,2.512146,0.297817,0.001315,64.000000,0.099186,25.476223,75.429728,2314.121010,203.632693
1000,2.069428,0.294881,0.362079,64.000000,0.099186,30.926427,0.273935,2316.190438,203.994772
1001,2.391368,0.295546,0.023776,64.000000,0.099186,26.762929,4.171702,2318.581805,204.018548
1002,2.361989,0.294987,0.126953,64.000000,0.099186,27.095808,0.781282,2320.943794,204.145501
1003,2.556719,0.294742,0.543121,64.000000,0.099186,25.032087,0.182622,2323.500513,204.688622
1004,2.371101,0.297729,0.001355,64.000000,0.099186,26.991677,73.181218,2325.871614,204.689977
1005,2.429505,0.299291,0.186823,64.000000,0.099186,26.342814,0.530907,2328.301119,204.876801
1006,2.389085,0.296004,0.021973,64.000000,0.099186,26.788496,4.514041,2330.690204,204.898773
1007,2.197257,0.293213,0.215358,64.000000,0.099186,29.127224,0.460562,2332.887461,205.114132
1008,2.323765,0.291495,0.175774,64.000000,0.099186,27.541511,0.564281,2335.211226,205.289906
1009,2.315265,0.295126,0.207528,64.000000,0.099186,27.642628,0.477939,2337.526491,205.497434
1010,2.436664,0.293860,0.004529,64.000000,0.099186,26.265416,21.900916,2339.963155,205.501963
1011,2.253514,0.294495,0.116931,64.000000,0.099186,28.400088,0.848241,2342.216669,205.618894
1012,2.178335,0.294354,0.186959,64.000000,0.099186,29.380231,0.530521,2344.395005,205.805854
1013,2.330181,0.296448,0.069440,64.000000,0.099186,27.465681,1.428359,2346.725185,205.875294
1014,2.463139,0.300857,0.085709,64.000000,0.099186,25.983110,1.157235,2349.188324,205.961004
1015,2.416015,0.295073,0.110579,64.000000,0.099186,26.489897,0.896966,2351.604339,206.071583
1016,2.302989,0.295173,0.104301,64.000000,0.099186,27.789966,0.950956,2353.907329,206.175884
1017,2.462772,0.294475,0.080432,64.000000,0.099186,25.986982,1.233163,2356.370100,206.256316
1018,2.203156,0.295954,0.282463,64.000000,0.099186,29.049237,0.351147,2358.573256,206.538780
1019,2.183554,0.295651,0.328540,64.000000,0.099186,29.310012,0.301899,2360.756811,206.867319
1020,2.402136,0.294173,0.128783,64.000000,0.099186,26.642959,0.770177,2363.158946,206.996103
1021,2.445090,0.300485,0.009440,64.000000,0.099186,26.174907,10.507367,2365.604036,207.005542
1022,2.024518,0.294608,0.604377,64.000000,0.099186,31.612469,0.164113,2367.628554,207.609919
1023,2.355330,0.292856,0.144248,64.000000,0.099186,27.172418,0.687607,2369.983883,207.754167
1024,2.166498,0.296766,0.261635,64.000000,0.099186,29.540765,0.379101,2372.150381,208.015802
1025,2.458042,0.295711,0.198140,64.000000,0.099186,26.036982,0.500586,2374.608423,208.213942
1026,2.301583,0.295732,0.188918,64.000000,0.099186,27.806946,0.525020,2376.910007,208.402860
1027,2.430853,0.295845,0.088628,64.000000,0.099186,26.328204,1.119121,2379.340860,208.491489
1028,2.425421,0.297149,0.001340,64.000000,0.099186,26.387171,74.021184,2381.766281,208.492829
1029,2.270617,0.304904,0.242548,64.000000,0.099186,28.186176,0.408934,2384.036897,208.735376
1030,2.312805,0.296075,0.143899,64.000000,0.099186,27.672022,0.689272,2386.349703,208.879276
1031,2.211273,0.294217,0.244257,64.000000,0.099186,28.942605,0.406072,2388.560976,209.123533
1032,2.406155,0.296100,0.078878,64.000000,0.099186,26.598456,1.257464,2390.967130,209.202411
1033,2.282853,0.294162,0.209899,64.000000,0.099186,28.035089,0.472542,2393.249984,209.412309
1034,2.433298,0.294343,0.113245,64.000000,0.099186,26.301754,0.875850,2395.683282,209.525555
1035,2.425469,0.296681,0.074606,64.000000,0.099186,26.386654,1.329461,2398.108750,209.600161
1036,2.268568,0.295177,0.197710,64.000000,0.099186,28.211632,0.501674,2400.377318,209.797871
1037,2.184446,0.294192,0.208612,64.000000,0.099186,29.298042,0.475456,2402.561764,210.006483
1038,2.393024,0.295678,0.114940,64.000000,0.099186,26.744400,0.862939,2404.954789,210.121423
1039,2.234219,0.298794,0.170702,64.000000,0.099186,28.645362,0.581047,2407.189007,210.292125
1040,2.221144,0.295896,0.069476,64.000000,0.099186,28.813983,1.427621,2409.410151,210.361601
1041,2.165984,0.295399,0.241191,64.000000,0.099186,29.547774,0.411234,2411.576135,210.602792
1042,2.190362,0.293691,0.280549,64.000000,0.099186,29.218915,0.353543,2413.766497,210.883341
1043,2.487712,0.298823,0.039281,64.000000,0.099186,25.726446,2.525015,2416.254209,210.922622
1044,2.495628,0.295180,0.098602,64.000000,0.099186,25.644849,1.005920,2418.749837,211.021225
1045,2.087606,0.317957,0.318944,64.000000,0.099186,30.657126,0.310983,2420.837443,211.340168
1046,2.454233,0.294263,0.154111,64.000000,0.099186,26.077393,0.643599,2423.291676,211.494280
1047,2.296052,0.300077,0.114755,64.000000,0.099186,27.873932,0.864328,2425.587728,211.609035
1048,2.375033,0.294384,0.143761,64.000000,0.099186,26.946997,0.689936,2427.962761,211.752796
1049,2.447413,0.303001,0.266599,64.000000,0.099186,26.150061,0.372042,2430.410174,212.019394
1050,2.340901,0.296701,0.153196,64.000000,0.099186,27.339905,0.647445,2432.751075,212.172590
1051,2.321299,0.298082,0.160483,64.000000,0.099186,27.570769,0.618046,2435.072374,212.333073
1052,2.370104,0.297006,0.031874,64.000000,0.099186,27.003036,3.111838,2437.442478,212.364947
1053,2.451038,0.297853,0.049415,64.000000,0.099186,26.111390,2.007207,2439.893515,212.414362
1054,2.285754,0.295448,0.312370,64.000000,0.099186,27.999514,0.317527,2442.179269,212.726732
1055,2.293780,0.297717,0.248783,64.000000,0.099186,27.901547,0.398684,2444.473049,212.975516
1056,2.230174,0.294272,0.209019,64.000000,0.099186,28.697313,0.474531,2446.703223,213.184534
1057,2.343141,0.296477,0.166157,64.000000,0.099186,27.313764,0.596942,2449.046364,213.350691
1058,2.281935,0.300743,0.147686,64.000000,0.099186,28.046376,0.671599,2451.328298,213.498378
1059,2.296303,0.300396,0.348671,64.000000,0.099186,27.870884,0.284468,2453.624602,213.847049
1060,2.377368,0.301495,0.147560,64.000000,0.099186,26.920524,0.672175,2456.001970,213.994608
1061,2.175263,0.300993,0.200197,64.000000,0.099186,29.421736,0.495441,2458.177233,214.194806
1062,2.479029,0.298746,0.036358,64.000000,0.099186,25.816561,2.728033,2460.656261,214.231164
1063,2.093507,0.295278,0.315197,64.000000,0.099186,30.570718,0.314680,2462.749768,214.546360
1064,2.345091,0.299887,0.111605,64.000000,0.099186,27.291049,0.888726,2465.094859,214.657965
1065,2.538954,0.296845,0.001379,64.000000,0.099186,25.207233,71.924376,2467.633813,214.659344
1066,2.506189,0.299052,0.011967,64.000000,0.099186,25.536786,8.288612,2470.140002,214.671311
1067,2.286389,0.295516,0.207392,64.000000,0.099186,27.991740,0.478253,2472.426390,214.878703
1068,2.267668,0.295591,0.183712,64.000000,0.099186,28.222826,0.539899,2474.694058,215.062415
1069,2.461534,0.293146,0.026579,64.000000,0.099186,26.000051,3.731753,2477.155592,215.088993
1070,2.735408,0.305496,0.001488,64.000000,0.099186,23.396877,66.648799,2479.891000,215.090482
1071,2.249413,0.300235,0.210216,64.000000,0.099186,28.451869,0.471828,2482.140413,215.300698
1072,2.277885,0.299070,0.226935,64.000000,0.099186,28.096237,0.437067,2484.418298,215.527633
1073,2.204694,0.299335,0.278921,64.000000,0.099186,29.028968,0.355606,2486.622992,215.806554
1074,2.262975,0.292923,0.245982,64.000000,0.099186,28.281361,0.403224,2488.885967,216.052536
1075,2.268381,0.293258,0.230460,64.000000,0.099186,28.213951,0.430383,2491.154348,216.282996
1076,2.339531,0.294312,0.201595,64.000000,0.099186,27.355910,0.492007,2493.493879,216.484591
1077,2.421074,0.299082,1.095125,64.000000,0.099186,26.434549,0.090570,2495.914953,217.579716
1078,1.730065,0.296509,0.136199,64.000000,0.099186,36.992821,0.728245,2497.645018,217.715914
1079,2.370138,0.299048,0.129262,64.000000,0.099186,27.002647,0.767327,2500.015156,217.845176
1080,2.292700,0.296174,0.085064,64.000000,0.099186,27.914690,1.166021,2502.307856,217.930240
1081,2.238869,0.300737,0.152151,64.000000,0.099186,28.585856,0.651889,2504.546725,218.082391
1082,2.486674,0.295942,0.021242,64.000000,0.099186,25.737190,4.669340,2507.033399,218.103633
1083,2.293628,0.297216,0.217674,64.000000,0.099186,27.903394,0.455662,2509.327027,218.321307
1084,2.350572,0.305568,0.140677,64.000000,0.099186,27.227417,0.705064,2511.677599,218.461984
1085,2.140412,0.298151,0.292862,64.000000,0.099186,29.900779,0.338678,2513.818012,218.754846
1086,2.320227,0.301587,0.068944,64.000000,0.099186,27.583514,1.438635,2516.138238,218.823791
1087,2.297795,0.296634,0.107990,64.000000,0.099186,27.852794,0.918473,2518.436033,218.931781
1088,2.405024,0.297839,0.001353,64.000000,0.099186,26.610956,73.331902,2520.841057,218.933133
1089,2.411598,0.298120,0.039852,64.000000,0.099186,26.538415,2.488882,2523.252656,218.972985
1090,2.339399,0.300676,0.120288,64.000000,0.099186,27.357454,0.824568,2525.592055,219.093273
1091,2.238605,0.294122,0.262141,64.000000,0.099186,28.589232,0.378368,2527.830660,219.355415
1092,2.362146,0.297637,0.064017,64.000000,0.099186,27.094003,1.549378,2530.192806,219.419431
1093,2.430788,0.295255,0.049940,64.000000,0.099186,26.328911,1.986101,2532.623594,219.469372
1094,2.395355,0.295189,0.098706,64.000000,0.099186,26.718379,1.004861,2535.018949,219.568078
1095,2.545310,0.301384,0.001390,64.000000,0.099186,25.144286,71.381752,2537.564259,219.569467
1096,2.351843,0.297663,0.202325,64.000000,0.099186,27.212706,0.490231,2539.916101,219.771792
1097,2.441247,0.299162,0.105023,64.000000,0.099186,26.216107,0.944425,2542.357348,219.876815
1098,2.432769,0.297399,0.074173,64.000000,0.099186,26.307471,1.337222,2544.790117,219.950988
1099,2.185252,0.300055,0.001432,64.000000,0.099186,29.287240,69.257398,2546.975369,219.952420
