step,read_time_sec,compute_time_sec,write_time_sec,data_read_mb,data_written_mb,read_throughput_mb_s,write_throughput_mb_s,cumulative_read_time,cumulative_write_time
1,2.679283,0.151451,0.123219,64.000000,0.099186,23.886986,0.804959,2.679283,0.123219
2,2.255384,0.149190,0.176987,64.000000,0.099186,28.376543,0.560415,4.934667,0.300205
3,2.278236,0.149173,0.263937,64.000000,0.099186,28.091907,0.375794,7.212903,0.564142
4,2.252083,0.147891,0.280293,64.000000,0.099186,28.418132,0.353865,9.464987,0.844436
5,2.298329,0.149749,0.188395,64.000000,0.099186,27.846321,0.526478,11.763315,1.032831
6,2.016183,0.149562,0.380749,64.000000,0.099186,31.743155,0.260502,13.779498,1.413581
7,2.312850,0.149683,0.254839,64.000000,0.099186,27.671488,0.389211,16.092348,1.668419
8,2.219699,0.149795,0.233382,64.000000,0.099186,28.832737,0.424993,18.312047,1.901802
9,2.043469,0.148833,0.513889,64.000000,0.099186,31.319295,0.193010,20.355516,2.415691
10,2.240433,0.149789,0.302358,64.000000,0.099186,28.565905,0.328041,22.595949,2.718049
11,2.280802,0.150429,0.402627,64.000000,0.099186,28.060302,0.246347,24.876751,3.120676
12,2.007801,0.143532,0.535025,64.000000,0.099186,31.875664,0.185385,26.884552,3.655701
13,2.302480,0.149558,0.233546,64.000000,0.099186,27.796117,0.424695,29.187032,3.889248
14,2.051816,0.147664,0.331959,64.000000,0.099186,31.191875,0.298790,31.238849,4.221207
15,2.121794,0.147626,0.444452,64.000000,0.099186,30.163161,0.223164,33.360642,4.665659
16,2.218909,0.150896,0.418503,64.000000,0.099186,28.842998,0.237002,35.579552,5.084162
17,2.268558,0.149901,0.279588,64.000000,0.099186,28.211753,0.354758,37.848110,5.363750
18,2.075169,0.151215,0.454225,64.000000,0.099186,30.840868,0.218363,39.923278,5.817975
19,2.356018,0.149466,0.190246,64.000000,0.099186,27.164478,0.521355,42.279296,6.008222
20,2.310039,0.149814,0.193242,64.000000,0.099186,27.705160,0.513274,44.589335,6.201463
21,2.145101,0.149801,0.394787,64.000000,0.099186,29.835423,0.251239,46.734437,6.596250
22,2.116974,0.152441,0.390277,64.000000,0.099186,30.231830,0.254142,48.851411,6.986527
23,2.273049,0.148822,0.192488,64.000000,0.099186,28.156014,0.515285,51.124460,7.179015
24,2.164958,0.148892,0.251597,64.000000,0.099186,29.561780,0.394226,53.289417,7.430611
25,2.194486,0.151859,0.233647,64.000000,0.099186,29.164000,0.424512,55.483904,7.664259
26,2.272696,0.151528,0.301376,64.000000,0.099186,28.160389,0.329110,57.756599,7.965635
27,2.380346,0.147998,0.194550,64.000000,0.099186,26.886843,0.509822,60.136946,8.160185
28,2.047937,0.147691,0.372681,64.000000,0.099186,31.250967,0.266141,62.184882,8.532866
29,2.205118,0.151515,0.263738,64.000000,0.099186,29.023394,0.376077,64.390000,8.796604
30,2.334413,0.149624,0.110230,64.000000,0.099186,27.415890,0.899812,66.724413,8.906834
31,2.017996,0.153893,0.482179,64.000000,0.099186,31.714637,0.205704,68.742408,9.389013
32,2.236863,0.148798,0.263907,64.000000,0.099186,28.611503,0.375837,70.979271,9.652920
33,2.462780,0.147693,0.161445,64.000000,0.099186,25.986889,0.614362,73.442051,9.814365
34,2.096586,0.148211,0.401640,64.000000,0.099186,30.525813,0.246952,75.538638,10.216005
35,2.157098,0.147592,0.352305,64.000000,0.099186,29.669488,0.281534,77.695736,10.568310
36,2.154675,0.148254,0.252240,64.000000,0.099186,29.702854,0.393221,79.850411,10.820550
37,2.170855,0.148137,0.330822,64.000000,0.099186,29.481471,0.299817,82.021266,11.151371
38,2.184663,0.148917,0.212086,64.000000,0.099186,29.295136,0.467668,84.205929,11.363458
39,2.395073,0.150068,0.073396,64.000000,0.099186,26.721523,1.351383,86.601002,11.436854
40,2.158639,0.148302,0.347567,64.000000,0.099186,29.648309,0.285372,88.759641,11.784421
41,2.207245,0.148422,0.151689,64.000000,0.099186,28.995428,0.653879,90.966886,11.936110
42,2.343736,0.149878,0.186830,64.000000,0.099186,27.306830,0.530888,93.310622,12.122940
43,2.089631,0.150420,0.435059,64.000000,0.099186,30.627418,0.227983,95.400253,12.557999
44,2.172667,0.147412,0.335938,64.000000,0.099186,29.456881,0.295251,97.572920,12.893937
45,2.279804,0.148936,0.256133,64.000000,0.099186,28.072588,0.387244,99.852724,13.150070
46,2.243550,0.148383,0.240661,64.000000,0.099186,28.526219,0.412139,102.096274,13.390731
47,1.655804,0.143888,0.769746,64.000000,0.099186,38.651919,0.128855,103.752078,14.160477
48,2.284376,0.151105,0.163205,64.000000,0.099186,28.016407,0.607738,106.036454,14.323682
49,1.734887,0.145056,0.745807,64.000000,0.099186,36.890009,0.132991,107.771341,15.069489
50,2.229964,0.152071,0.267037,64.000000,0.099186,28.700018,0.371431,110.001304,15.336526
51,2.407243,0.153416,0.062845,64.000000,0.099186,26.586432,1.578269,112.408547,15.399371
52,2.192099,0.150464,0.184372,64.000000,0.099186,29.195768,0.537965,114.600646,15.583743
53,1.818750,0.144638,0.675091,64.000000,0.099186,35.189001,0.146922,116.419396,16.258834
54,2.289367,0.150155,0.119891,64.000000,0.099186,27.955330,0.827298,118.708763,16.378726
55,1.977238,0.148937,0.419534,64.000000,0.099186,32.368388,0.236420,120.686000,16.798259
56,2.415357,0.150156,0.137460,64.000000,0.099186,26.497115,0.721564,123.101358,16.935719
57,2.380958,0.150166,0.099277,64.000000,0.099186,26.879941,0.999081,125.482315,17.034996
58,2.279001,0.152936,0.221803,64.000000,0.099186,28.082483,0.447181,127.761316,17.256799
59,2.229902,0.151322,0.174388,64.000000,0.099186,28.700810,0.568765,129.991218,17.431187
60,2.414071,0.149660,0.218676,64.000000,0.099186,26.511236,0.453576,132.405289,17.649863
61,2.159192,0.151580,0.260524,64.000000,0.099186,29.640713,0.380717,134.564481,17.910387
62,2.224104,0.150628,0.258969,64.000000,0.099186,28.775637,0.383003,136.788585,18.169356
63,2.275497,0.149863,0.278662,64.000000,0.099186,28.125719,0.355936,139.064082,18.448018
64,2.392184,0.148556,0.087658,64.000000,0.099186,26.753796,1.131507,141.456266,18.535677
65,2.043771,0.147203,0.517539,64.000000,0.099186,31.314666,0.191649,143.500037,19.053216
66,2.102370,0.148797,0.376822,64.000000,0.099186,30.441836,0.263217,145.602407,19.430038
67,2.323145,0.148110,0.239862,64.000000,0.099186,27.548859,0.413513,147.925552,19.669899
68,2.144886,0.149367,0.251151,64.000000,0.099186,29.838412,0.394925,150.070438,19.921050
69,2.188423,0.150559,0.226952,64.000000,0.099186,29.244798,0.437035,152.258862,20.148002
70,2.144679,0.150876,0.177076,64.000000,0.099186,29.841301,0.560131,154.403540,20.325079
71,2.170503,0.148152,0.285171,64.000000,0.099186,29.486249,0.347812,156.574044,20.610250
72,2.287398,0.148580,0.344340,64.000000,0.099186,27.979392,0.288047,158.861441,20.954590
73,2.168495,0.148688,0.245113,64.000000,0.099186,29.513550,0.404653,161.029937,21.199703
74,2.231459,0.148789,0.304618,64.000000,0.099186,28.680793,0.325608,163.261395,21.504321
75,2.202960,0.148721,0.212434,64.000000,0.099186,29.051825,0.466901,165.464355,21.716756
76,2.279159,0.148900,0.277890,64.000000,0.099186,28.080530,0.356925,167.743514,21.994646
77,2.069791,0.149071,0.507368,64.000000,0.099186,30.921000,0.195491,169.813305,22.502014
78,2.368347,0.152339,0.140065,64.000000,0.099186,27.023062,0.708140,172.181653,22.642079
79,2.368911,0.148478,0.097242,64.000000,0.099186,27.016630,1.019989,174.550564,22.739321
80,2.346662,0.156274,0.289945,64.000000,0.099186,27.272786,0.342085,176.897225,23.029267
81,2.241636,0.152849,0.210364,64.000000,0.099186,28.550582,0.471496,179.138861,23.239631
82,2.092413,0.170022,0.378691,64.000000,0.099186,30.586703,0.261918,181.231274,23.618322
83,2.310148,0.148181,0.166456,64.000000,0.099186,27.703851,0.595868,183.541422,23.784778
84,2.244514,0.149475,0.161764,64.000000,0.099186,28.513971,0.613153,185.785935,23.946542
85,2.278402,0.148607,0.269497,64.000000,0.099186,28.089865,0.368041,188.064337,24.216039
86,2.139108,0.151767,0.427258,64.000000,0.099186,29.919009,0.232145,190.203446,24.643297
87,2.194913,0.147943,0.418222,64.000000,0.099186,29.158330,0.237161,192.398359,25.061519
88,2.130338,0.149129,0.325299,64.000000,0.099186,30.042177,0.304907,194.528697,25.386819
89,2.108885,0.152890,0.316803,64.000000,0.099186,30.347790,0.313084,196.637582,25.703622
90,2.304864,0.149922,0.249925,64.000000,0.099186,27.767368,0.396862,198.942446,25.953547
91,2.064302,0.149241,0.365781,64.000000,0.099186,31.003217,0.271162,201.006748,26.319328
92,2.212351,0.151937,0.175723,64.000000,0.099186,28.928500,0.564446,203.219099,26.495051
93,2.328923,0.149793,0.215235,64.000000,0.099186,27.480512,0.460826,205.548022,26.710286
94,2.231471,0.150736,0.299210,64.000000,0.099186,28.680634,0.331493,207.779493,27.009496
95,2.235174,0.148354,0.185869,64.000000,0.099186,28.633124,0.533634,210.014666,27.195365
96,2.206051,0.150940,0.281636,64.000000,0.099186,29.011111,0.352178,212.220718,27.477001
97,2.081605,0.151412,1.751608,64.000000,0.099186,30.745505,0.056626,214.302323,29.228609
98,2.264633,0.152130,0.166118,64.000000,0.099186,28.260648,0.597082,216.566956,29.394727
99,1.794584,0.146617,0.658040,64.000000,0.099186,35.662864,0.150729,218.361540,30.052768
100,1.977318,0.155766,0.507833,64.000000,0.099186,32.367077,0.195312,220.338858,30.560600
101,2.091103,0.148303,0.466235,64.000000,0.099186,30.605857,0.212738,222.429961,31.026835
102,2.354228,0.149121,0.487847,64.000000,0.099186,27.185129,0.203314,224.784189,31.514683
103,2.138584,0.148896,0.303819,64.000000,0.099186,29.926345,0.326464,226.922773,31.818501
104,2.112119,0.154509,0.301038,64.000000,0.099186,30.301316,0.329480,229.034892,32.119539
105,2.154157,0.148604,0.267446,64.000000,0.099186,29.709998,0.370864,231.189049,32.386985
106,2.213954,0.151245,0.198848,64.000000,0.099186,28.907555,0.498804,233.403003,32.585832
107,2.344219,0.150766,0.295109,64.000000,0.099186,27.301202,0.336099,235.747223,32.880942
108,2.289223,0.149333,0.239537,64.000000,0.099186,27.957086,0.414073,238.036445,33.120479
109,2.434165,0.148006,0.144658,64.000000,0.099186,26.292387,0.685658,240.470610,33.265137
110,2.288957,0.149674,0.111257,64.000000,0.099186,27.960339,0.891499,242.759567,33.376395
111,2.164383,0.148568,0.360668,64.000000,0.099186,29.569632,0.275006,244.923949,33.737062
112,2.326890,0.147193,0.176578,64.000000,0.099186,27.504524,0.561712,247.250839,33.913640
113,2.200094,0.159199,0.383754,64.000000,0.099186,29.089664,0.258462,249.450933,34.297394
114,2.340124,0.149866,0.077225,64.000000,0.099186,27.348981,1.284368,251.791057,34.374619
115,2.426062,0.149831,0.283565,64.000000,0.099186,26.380200,0.349782,254.217119,34.658184
116,2.088429,0.158683,0.442868,64.000000,0.099186,30.645045,0.223963,256.305548,35.101052
117,2.168657,0.144653,0.503393,64.000000,0.099186,29.511353,0.197035,258.474205,35.604445
118,2.394522,0.151189,0.182326,64.000000,0.099186,26.727668,0.544003,260.868727,35.786771
119,2.369561,0.148893,0.442638,64.000000,0.099186,27.009227,0.224079,263.238288,36.229409
120,2.106876,0.146118,0.520066,64.000000,0.099186,30.376725,0.190718,265.345164,36.749475
121,2.284518,0.147873,0.244929,64.000000,0.099186,28.014663,0.404958,267.629682,36.994404
122,2.154289,0.149541,0.348426,64.000000,0.099186,29.708173,0.284669,269.783971,37.342830
123,2.049361,0.150931,0.422038,64.000000,0.099186,31.229244,0.235017,271.833333,37.764867
124,2.238245,0.150635,0.409215,64.000000,0.099186,28.593825,0.242381,274.071578,38.174082
125,2.023944,0.149794,0.361560,64.000000,0.099186,31.621435,0.274328,276.095522,38.535642
126,2.070330,0.150784,0.447566,64.000000,0.099186,30.912944,0.221612,278.165852,38.983207
127,2.173425,0.151631,0.216662,64.000000,0.099186,29.446616,0.457791,280.339276,39.199869
128,2.387616,0.148379,0.119251,64.000000,0.099186,26.804976,0.831744,282.726893,39.319120
129,2.046863,0.149517,0.465714,64.000000,0.099186,31.267363,0.212976,284.773756,39.784834
130,2.257102,0.148785,0.260117,64.000000,0.099186,28.354942,0.381313,287.030858,40.044951
131,2.020403,0.147951,0.559144,64.000000,0.099186,31.676856,0.177389,289.051260,40.604095
132,2.352386,0.149823,0.162895,64.000000,0.099186,27.206421,0.608893,291.403646,40.766990
133,2.581354,0.149299,0.001269,64.000000,0.099186,24.793189,78.169213,293.985000,40.768259
134,2.195201,0.151697,0.236144,64.000000,0.099186,29.154507,0.420024,296.180201,41.004403
135,2.516280,0.150411,0.011331,64.000000,0.099186,25.434372,8.753224,298.696481,41.015734
136,2.526007,0.148885,0.190195,64.000000,0.099186,25.336426,0.521496,301.222488,41.205929
137,2.360099,0.149129,0.181463,64.000000,0.099186,27.117510,0.546589,303.582587,41.387392
138,2.251962,0.149081,0.352556,64.000000,0.099186,28.419667,0.281334,305.834549,41.739948
139,2.391089,0.149342,0.142525,64.000000,0.099186,26.766046,0.695919,308.225638,41.882473
140,2.225451,0.159853,0.438034,64.000000,0.099186,28.758222,0.226434,310.451088,42.320507
141,2.211318,0.149221,0.215273,64.000000,0.099186,28.942016,0.460745,312.662406,42.535780
142,2.518459,0.150587,0.195468,64.000000,0.099186,25.412361,0.507428,315.180866,42.731248
143,2.251931,0.150310,0.328996,64.000000,0.099186,28.420058,0.301481,317.432796,43.060244
144,2.176930,0.151616,0.390853,64.000000,0.099186,29.399196,0.253768,319.609727,43.451097
145,2.125949,0.161041,0.264623,64.000000,0.099186,30.104202,0.374820,321.735676,43.715720
146,2.309073,0.155002,0.302369,64.000000,0.099186,27.716751,0.328030,324.044749,44.018088
147,2.273526,0.151049,0.453165,64.000000,0.099186,28.150112,0.218874,326.318274,44.471254
148,2.149244,0.149656,0.337360,64.000000,0.099186,29.777907,0.294006,328.467519,44.808614
149,2.269714,0.149975,0.193176,64.000000,0.099186,28.197391,0.513448,330.737232,45.001790
150,2.078589,0.148967,0.390773,64.000000,0.099186,30.790117,0.253820,332.815821,45.392563
151,2.110627,0.152618,0.391484,64.000000,0.099186,30.322741,0.253359,334.926448,45.784047
152,2.202487,0.152125,0.358637,64.000000,0.099186,29.058056,0.276563,337.128936,46.142685
153,2.309441,0.151345,0.137255,64.000000,0.099186,27.712338,0.722642,339.438376,46.279939
154,2.032789,0.154600,0.488457,64.000000,0.099186,31.483831,0.203060,341.471166,46.768396
155,2.194815,0.151606,0.320261,64.000000,0.099186,29.159637,0.309703,343.665980,47.088657
156,2.027291,0.152722,0.431983,64.000000,0.099186,31.569216,0.229606,345.693272,47.520641
157,2.233842,0.149075,0.248117,64.000000,0.099186,28.650190,0.399755,347.927114,47.768757
158,2.318716,0.148274,0.186533,64.000000,0.099186,27.601481,0.531733,350.245830,47.955290
159,2.215397,0.149544,0.384207,64.000000,0.099186,28.888734,0.258157,352.461227,48.339498
160,1.869625,0.143569,0.612129,64.000000,0.099186,34.231455,0.162034,354.330852,48.951626
161,2.297087,0.150413,0.308051,64.000000,0.099186,27.861373,0.321979,356.627939,49.259677
162,2.253228,0.158982,0.276364,64.000000,0.099186,28.403700,0.358896,358.881167,49.536042
163,2.240173,0.286243,0.254970,64.000000,0.099186,28.569228,0.389010,361.121339,49.791012
164,2.389742,0.289263,0.095423,64.000000,0.099186,26.781134,1.039432,363.511081,49.886435
165,2.112648,0.301069,0.374952,64.000000,0.099186,30.293735,0.264530,365.623729,50.261387
166,2.303609,0.285659,0.084732,64.000000,0.099186,27.782495,1.170586,367.927338,50.346119
167,2.272174,0.285891,0.269719,64.000000,0.099186,28.166861,0.367738,370.199512,50.615838
168,2.314826,0.285765,0.117583,64.000000,0.099186,27.647866,0.843541,372.514338,50.733420
169,2.186965,0.287339,0.260547,64.000000,0.099186,29.264303,0.380683,374.701302,50.993968
170,2.219221,0.286659,0.170448,64.000000,0.099186,28.838943,0.581912,376.920524,51.164416
171,2.140351,0.285466,1.192268,64.000000,0.099186,29.901644,0.083191,379.060874,52.356684
172,1.847309,0.287614,0.572347,64.000000,0.099186,34.644994,0.173297,380.908183,52.929031
173,2.072940,0.286641,0.327644,64.000000,0.099186,30.874019,0.302725,382.981123,53.256674
174,2.253207,0.287704,0.128696,64.000000,0.099186,28.403957,0.770700,385.234331,53.385370
175,2.089182,0.287817,0.266506,64.000000,0.099186,30.634001,0.372172,387.323513,53.651876
176,2.461795,0.288698,0.001320,64.000000,0.099186,25.997289,75.166719,389.785308,53.653196
177,2.146241,0.304610,0.266808,64.000000,0.099186,29.819575,0.371750,391.931549,53.920004
178,2.291936,0.283236,0.197192,64.000000,0.099186,27.923988,0.502991,394.223485,54.117196
179,2.464616,0.285798,0.001291,64.000000,0.099186,25.967531,76.850558,396.688101,54.118486
180,2.193733,0.286051,0.187499,64.000000,0.099186,29.174019,0.528996,398.881834,54.305985
181,2.299895,0.282471,0.106029,64.000000,0.099186,27.827363,0.935460,401.181729,54.412014
182,2.245616,0.283232,0.200018,64.000000,0.099186,28.499975,0.495884,403.427345,54.612032
183,2.156156,0.285521,0.308871,64.000000,0.099186,29.682455,0.321124,405.583501,54.920904
184,2.123996,0.283941,0.492388,64.000000,0.099186,30.131883,0.201439,407.707497,55.413292
185,2.351038,0.282044,0.060777,64.000000,0.099186,27.222013,1.631961,410.058535,55.474069
186,2.430543,0.284918,0.092222,64.000000,0.099186,26.331565,1.075516,412.489078,55.566291
187,2.229415,0.283891,0.194668,64.000000,0.099186,28.707079,0.509513,414.718493,55.760959
188,2.422826,0.281525,0.001348,64.000000,0.099186,26.415439,73.554104,417.141319,55.762307
189,1.835338,0.279065,0.594797,64.000000,0.099186,34.870958,0.166756,418.976657,56.357104
190,2.329657,0.306839,0.427921,64.000000,0.099186,27.471861,0.231786,421.306314,56.785025
191,2.380501,0.286111,0.056146,64.000000,0.099186,26.885094,1.766557,423.686815,56.841172
192,2.376950,0.284036,0.029755,64.000000,0.099186,26.925259,3.333368,426.063765,56.870927
193,2.415231,0.284681,0.056627,64.000000,0.099186,26.498500,1.751576,428.478996,56.927554
194,2.501291,0.285283,0.001329,64.000000,0.099186,25.586790,74.641897,430.980287,56.928883
195,2.245658,0.285561,0.198247,64.000000,0.099186,28.499447,0.500314,433.225945,57.127130
196,2.315118,0.276256,0.206135,64.000000,0.099186,27.644383,0.481170,435.541062,57.333265
197,2.355337,0.275777,0.096348,64.000000,0.099186,27.172327,1.029459,437.896400,57.429612
198,2.485562,0.277219,0.113828,64.000000,0.099186,25.748699,0.871368,440.381962,57.543440
199,2.258573,0.277679,0.466964,64.000000,0.099186,28.336479,0.212406,442.640535,58.010404
200,2.298668,0.283930,0.160119,64.000000,0.099186,27.842207,0.619453,444.939203,58.170523
201,2.486056,0.281488,0.001314,64.000000,0.099186,25.743590,75.472488,447.425259,58.171837
202,2.314947,0.282977,0.082756,64.000000,0.099186,27.646425,1.198540,449.740206,58.254592
203,2.120661,0.285942,0.300995,64.000000,0.099186,30.179271,0.329527,451.860867,58.555587
204,2.402102,0.279137,0.085188,64.000000,0.099186,26.643334,1.164313,454.262968,58.640776
205,2.126949,0.286358,0.424379,64.000000,0.099186,30.090049,0.233720,456.389917,59.065155
206,2.306035,0.284839,0.030594,64.000000,0.099186,27.753268,3.242026,458.695952,59.095748
207,2.299659,0.285962,0.045661,64.000000,0.099186,27.830217,2.172217,460.995611,59.141410
208,2.153252,0.284573,0.267283,64.000000,0.099186,29.722490,0.371089,463.148862,59.408693
209,2.368335,0.285393,0.001347,64.000000,0.099186,27.023208,73.659802,465.517197,59.410040
210,2.343746,0.278008,0.076549,64.000000,0.099186,27.306714,1.295722,467.860943,59.486588
211,2.296080,0.275923,0.114172,64.000000,0.099186,27.873593,0.868743,470.157023,59.600760
212,2.327909,0.275118,0.208313,64.000000,0.099186,27.492487,0.476138,472.484932,59.809073
213,2.380121,0.283355,0.001397,64.000000,0.099186,26.889388,70.996652,474.865053,59.810470
214,2.358565,0.276272,0.011980,64.000000,0.099186,27.135145,8.279266,477.223618,59.822450
215,2.449469,0.284461,0.237488,64.000000,0.099186,26.128114,0.417647,479.673087,60.059938
216,2.228051,0.285481,0.254380,64.000000,0.099186,28.724655,0.389912,481.901138,60.314318
217,2.504568,0.278413,0.001415,64.000000,0.099186,25.553314,70.084087,484.405705,60.315733
218,2.155502,0.279010,0.251641,64.000000,0.099186,29.691456,0.394157,486.561207,60.567374
219,2.243747,0.281697,0.184123,64.000000,0.099186,28.523712,0.538695,488.804955,60.751497
220,2.193311,0.418281,0.323682,64.000000,0.099186,29.179627,0.306430,490.998266,61.075179
221,2.454731,0.279312,0.117681,64.000000,0.099186,26.072100,0.842840,493.452997,61.192860
222,2.240748,0.278939,0.206553,64.000000,0.099186,28.561890,0.480196,495.693745,61.399413
223,2.233502,0.276289,0.154928,64.000000,0.099186,28.654548,0.640206,497.927248,61.554341
224,2.350982,0.280190,0.060127,64.000000,0.099186,27.222662,1.649609,500.278230,61.614468
225,2.214062,0.278957,0.256159,64.000000,0.099186,28.906148,0.387205,502.492292,61.870627
226,2.351970,0.278410,0.202431,64.000000,0.099186,27.211226,0.489974,504.844262,62.073058
227,2.159188,0.290314,0.288885,64.000000,0.099186,29.640767,0.343340,507.003451,62.361943
228,2.327552,0.277867,0.280798,64.000000,0.099186,27.496701,0.353229,509.331003,62.642741
229,2.211989,0.283881,0.146421,64.000000,0.099186,28.933239,0.677403,511.542991,62.789162
230,2.064001,0.279289,0.369328,64.000000,0.099186,31.007735,0.268558,513.606993,63.158489
231,2.206814,0.294924,0.226926,64.000000,0.099186,29.001090,0.437084,515.813806,63.385416
232,2.247170,0.275336,0.251016,64.000000,0.099186,28.480270,0.395138,518.060976,63.636432
233,2.349441,0.274491,0.159423,64.000000,0.099186,27.240523,0.622157,520.410417,63.795854
234,2.092816,0.282333,0.450673,64.000000,0.099186,30.580808,0.220084,522.503233,64.246527
235,2.147281,0.275055,0.486266,64.000000,0.099186,29.805132,0.203975,524.650514,64.732793
236,2.480423,0.286596,0.082777,64.000000,0.099186,25.802055,1.198228,527.130937,64.815570
237,2.516284,0.283560,0.035350,64.000000,0.099186,25.434332,2.805846,529.647220,64.850920
238,2.189802,0.279085,0.117791,64.000000,0.099186,29.226391,0.842050,531.837022,64.968711
239,2.227180,0.278968,0.120240,64.000000,0.099186,28.735895,0.824901,534.064202,65.088951
240,2.360817,0.276304,0.078448,64.000000,0.099186,27.109263,1.264357,536.425018,65.167399
241,2.369606,0.299814,0.049504,64.000000,0.099186,27.008706,2.003577,538.794625,65.216903
242,2.438141,0.276667,0.172291,64.000000,0.099186,26.249506,0.575687,541.232766,65.389194
243,2.216270,0.285038,0.281781,64.000000,0.099186,28.877346,0.351996,543.449036,65.670976
244,2.237723,0.283581,0.145856,64.000000,0.099186,28.600500,0.680026,545.686759,65.816832
245,2.195887,0.277100,0.286811,64.000000,0.099186,29.145398,0.345824,547.882646,66.103643
246,2.181008,0.286032,0.188642,64.000000,0.099186,29.344235,0.525789,550.063654,66.292285
247,2.087514,0.303572,0.462843,64.000000,0.099186,30.658477,0.214297,552.151168,66.755128
248,2.188776,0.283631,0.167623,64.000000,0.099186,29.240083,0.591720,554.339944,66.922751
249,2.450959,0.280614,0.063362,64.000000,0.099186,26.112225,1.565392,556.790903,66.986113
250,2.341394,0.276426,0.055190,64.000000,0.099186,27.334145,1.797169,559.132297,67.041303
251,2.125719,0.293171,0.174251,64.000000,0.099186,30.107456,0.569212,561.258017,67.215554
252,2.332934,0.276783,0.166009,64.000000,0.099186,27.433272,0.597473,563.590950,67.381563
253,2.128403,0.275154,0.317214,64.000000,0.099186,30.069492,0.312678,565.719353,67.698778
254,2.296785,0.279643,0.143569,64.000000,0.099186,27.865034,0.690858,568.016138,67.842347
255,2.345075,0.275849,0.173532,64.000000,0.099186,27.291239,0.571572,570.361213,68.015879
256,2.388089,0.281260,0.046238,64.000000,0.099186,26.799674,2.145135,572.749302,68.062117
257,1.939220,0.269856,0.508291,64.000000,0.099186,33.002968,0.195136,574.688522,68.570408
258,2.318710,0.276478,0.283098,64.000000,0.099186,27.601556,0.350360,577.007231,68.853505
259,2.252199,0.275560,0.084617,64.000000,0.099186,28.416669,1.172177,579.259431,68.938122
260,2.406553,0.280611,0.189799,64.000000,0.099186,26.594055,0.522584,581.665984,69.127921
261,2.127553,0.275781,0.256442,64.000000,0.099186,30.081512,0.386778,583.793536,69.384363
262,2.339708,0.276960,0.072032,64.000000,0.099186,27.353839,1.376974,586.133244,69.456395
263,2.269339,0.275804,0.106601,64.000000,0.099186,28.202046,0.930440,588.402583,69.562996
264,2.128191,0.276139,0.291216,64.000000,0.099186,30.072488,0.340592,590.530774,69.854212
265,2.219953,0.275960,0.245056,64.000000,0.099186,28.829439,0.404749,592.750727,70.099268
266,2.369538,0.276685,0.200336,64.000000,0.099186,27.009480,0.495099,595.120266,70.299603
267,2.379168,0.274720,0.035692,64.000000,0.099186,26.900160,2.778932,597.499434,70.335295
268,2.004153,0.275863,0.347169,64.000000,0.099186,31.933686,0.285699,599.503587,70.682465
269,1.611204,0.269723,1.006180,64.000000,0.099186,39.721836,0.098577,601.114791,71.688644
270,2.070496,0.276038,0.415792,64.000000,0.099186,30.910464,0.238547,603.185288,72.104436
271,2.404219,0.275984,0.123414,64.000000,0.099186,26.619867,0.803685,605.589507,72.227850
272,2.284905,0.275643,0.184919,64.000000,0.099186,28.009914,0.536374,607.874412,72.412770
273,2.438690,0.276394,0.081719,64.000000,0.099186,26.243598,1.213744,610.313102,72.494489
274,2.068923,0.278275,0.451879,64.000000,0.099186,30.933969,0.219497,612.382025,72.946368
275,1.862771,0.272263,0.530137,64.000000,0.099186,34.357424,0.187095,614.244796,73.476506
276,2.393332,0.275888,0.001373,64.000000,0.099186,26.740964,72.237520,616.638128,73.477879
277,2.370421,0.277051,0.081221,64.000000,0.099186,26.999428,1.221183,619.008548,73.559100
278,2.442052,0.276660,0.166917,64.000000,0.099186,26.207465,0.594222,621.450601,73.726017
279,2.438926,0.276771,0.098990,64.000000,0.099186,26.241061,1.001977,623.889526,73.825007
280,2.144757,0.277696,0.394710,64.000000,0.099186,29.840206,0.251288,626.034284,74.219717
281,2.377789,0.286132,0.310165,64.000000,0.099186,26.915759,0.319785,628.412073,74.529882
282,2.016319,0.277665,0.329341,64.000000,0.099186,31.741005,0.301165,630.428392,74.859223
283,2.239487,0.278391,0.227804,64.000000,0.099186,28.577980,0.435401,632.667879,75.087026
284,2.042517,0.278696,0.280948,64.000000,0.099186,31.333884,0.353040,634.710396,75.367974
285,2.287525,0.279717,0.210159,64.000000,0.099186,27.977840,0.471956,636.997921,75.578134
286,2.198333,0.317075,0.246830,64.000000,0.099186,29.112972,0.401839,639.196253,75.824964
287,2.304921,0.276667,0.190561,64.000000,0.099186,27.766682,0.520495,641.501174,76.015525
288,2.488571,0.278947,0.001458,64.000000,0.099186,25.717566,68.025082,643.989746,76.016983
289,2.366664,0.286059,0.001321,64.000000,0.099186,27.042290,75.112358,646.356409,76.018303
290,2.224849,0.276196,0.240641,64.000000,0.099186,28.765994,0.412174,648.581258,76.258944
291,2.263670,0.278284,0.092745,64.000000,0.099186,28.272671,1.069451,650.844928,76.351689
292,2.361676,0.276098,0.066470,64.000000,0.099186,27.099393,1.492197,653.206605,76.418159
293,2.152024,0.296834,0.382061,64.000000,0.099186,29.739450,0.259608,655.358629,76.800219
294,2.177554,0.283977,0.210882,64.000000,0.099186,29.390777,0.470338,657.536182,77.011102
295,2.023660,0.278354,0.479631,64.000000,0.099186,31.625867,0.206796,659.559842,77.490733
296,2.093918,0.281286,0.366635,64.000000,0.099186,30.564710,0.270530,661.653760,77.857368
297,2.000599,0.275922,0.426375,64.000000,0.099186,31.990425,0.232626,663.654359,78.283743
298,2.050081,0.279165,0.496701,64.000000,0.099186,31.218280,0.199690,665.704440,78.780444
299,4.408190,0.283829,0.381438,64.000000,0.099186,14.518430,0.260031,670.112630,79.161882
300,2.369428,0.284052,0.213526,64.000000,0.099186,27.010737,0.464514,672.482058,79.375408
301,2.093796,0.278088,0.324608,64.000000,0.099186,30.566493,0.305556,674.575854,79.700016
302,2.151530,0.278671,0.288565,64.000000,0.099186,29.746276,0.343722,676.727384,79.988581
303,2.289051,0.295139,0.262821,64.000000,0.099186,27.959183,0.377390,679.016435,80.251401
304,2.243648,0.278758,0.222806,64.000000,0.099186,28.524975,0.445167,681.260083,80.474208
305,2.345342,0.279297,0.198425,64.000000,0.099186,27.288135,0.499867,683.605425,80.672632
306,2.349725,0.285623,0.117850,64.000000,0.099186,27.237229,0.841628,685.955150,80.790482
307,2.698027,0.278562,0.001393,64.000000,0.099186,23.721038,71.184670,688.653177,80.791876
308,2.514302,0.279432,0.011415,64.000000,0.099186,25.454379,8.689320,691.167479,80.803290
309,2.214923,0.276664,0.223006,64.000000,0.099186,28.894914,0.444768,693.382402,81.026296
310,2.448282,0.282855,0.207351,64.000000,0.099186,26.140775,0.478347,695.830684,81.233648
311,2.224756,0.282166,0.418390,64.000000,0.099186,28.767195,0.237065,698.055440,81.652038
312,2.108491,0.284493,0.802555,64.000000,0.099186,30.353456,0.123588,700.163932,82.454593
313,2.181550,0.287979,0.323378,64.000000,0.099186,29.336936,0.306718,702.345482,82.777971
314,2.567220,0.283803,0.001300,64.000000,0.099186,24.929688,76.271769,704.912702,82.779272
315,1.971456,0.268474,0.580257,64.000000,0.099186,32.463317,0.170934,706.884158,83.359529
316,2.458011,0.282840,0.277839,64.000000,0.099186,26.037316,0.356991,709.342169,83.637368
317,2.292295,0.279589,0.342893,64.000000,0.099186,27.919612,0.289262,711.634464,83.980261
318,2.210812,0.277916,0.159571,64.000000,0.099186,28.948641,0.621579,713.845276,84.139832
319,2.807411,0.278997,0.134000,64.000000,0.099186,22.796801,0.740195,716.652688,84.273832
320,2.307080,0.278044,0.184259,64.000000,0.099186,27.740696,0.538296,718.959767,84.458091
321,2.268934,0.281674,0.498126,64.000000,0.099186,28.207073,0.199118,721.228702,84.956217
322,2.218006,0.308019,0.379045,64.000000,0.099186,28.854742,0.261673,723.446708,85.335262
323,2.507672,0.279514,0.198664,64.000000,0.099186,25.521675,0.499264,725.954381,85.533926
324,2.161026,0.306941,0.378166,64.000000,0.099186,29.615557,0.262282,728.115407,85.912092
325,2.181519,0.301573,0.486334,64.000000,0.099186,29.337355,0.203946,730.296926,86.398426
326,2.599516,0.292150,0.297108,64.000000,0.099186,24.619971,0.333838,732.896442,86.695534
327,2.273006,0.280364,0.242626,64.000000,0.099186,28.156545,0.408802,735.169448,86.938160
328,2.472625,0.286721,0.001434,64.000000,0.099186,25.883424,69.176346,737.642073,86.939593
329,2.367011,0.286295,0.351843,64.000000,0.099186,27.038323,0.281904,740.009084,87.291437
330,2.454593,0.286019,0.251069,64.000000,0.099186,26.073565,0.395055,742.463677,87.542505
331,2.137366,0.282864,0.361214,64.000000,0.099186,29.943402,0.274591,744.601043,87.903719
332,2.387425,0.291993,0.453151,64.000000,0.099186,26.807120,0.218881,746.988468,88.356869
333,2.342310,0.279894,0.110573,64.000000,0.099186,27.323454,0.897019,749.330778,88.467442
334,2.024218,0.274103,0.629006,64.000000,0.099186,31.617154,0.157687,751.354996,89.096448
335,2.363790,0.277895,0.168957,64.000000,0.099186,27.075159,0.587048,753.718786,89.265405
336,1.935405,0.277922,0.561328,64.000000,0.099186,33.068017,0.176699,755.654191,89.826733
337,2.433533,0.278620,0.308310,64.000000,0.099186,26.299215,0.321708,758.087724,90.135043
338,2.147475,0.286842,0.206573,64.000000,0.099186,29.802449,0.480151,760.235198,90.341616
339,2.404053,0.285525,0.139968,64.000000,0.099186,26.621712,0.708633,762.639251,90.481584
340,2.366670,0.285973,0.398026,64.000000,0.099186,27.042212,0.249195,765.005921,90.879609
341,2.267163,0.280136,0.242671,64.000000,0.099186,28.229110,0.408727,767.273084,91.122280
342,3.004462,0.280536,0.001389,64.000000,0.099186,21.301650,71.398452,770.277547,91.123669
343,2.958817,0.280122,0.001481,64.000000,0.099186,21.630269,66.972459,773.236363,91.125150
344,2.525160,0.279791,0.045216,64.000000,0.099186,25.344928,2.193599,775.761523,91.170366
345,2.211319,0.278369,0.321034,64.000000,0.099186,28.942008,0.308958,777.972842,91.491400
346,2.288935,0.281164,0.592104,64.000000,0.099186,27.960603,0.167515,780.261777,92.083504
347,2.209151,0.279256,0.561318,64.000000,0.099186,28.970401,0.176702,782.470928,92.644821
348,2.158541,0.277832,0.374439,64.000000,0.099186,29.649663,0.264892,784.629469,93.019261
349,1.879527,0.271519,0.688931,64.000000,0.099186,34.051125,0.143971,786.508995,93.708192
350,2.121420,0.299386,0.278303,64.000000,0.099186,30.168470,0.356395,788.630415,93.986495
351,2.004220,0.280857,0.528863,64.000000,0.099186,31.932627,0.187546,790.634635,94.515358
352,2.367678,0.283879,0.055792,64.000000,0.099186,27.030703,1.777784,793.002313,94.571150
353,2.316864,0.280344,0.243172,64.000000,0.099186,27.623541,0.407884,795.319178,94.814322
354,2.277748,0.283206,0.886928,64.000000,0.099186,28.097930,0.111831,797.596925,95.701249
355,1.823221,0.297288,0.001358,64.000000,0.099186,35.102702,73.054927,799.420147,95.702607
356,2.458703,0.286138,0.335409,64.000000,0.099186,26.029985,0.295717,801.878850,96.038016
357,2.883074,0.284202,0.001385,64.000000,0.099186,22.198532,71.627122,804.761923,96.039401
358,2.146931,0.331134,0.479708,64.000000,0.099186,29.809995,0.206763,806.908854,96.519109
359,2.425036,0.286165,0.001369,64.000000,0.099186,26.391366,72.465569,809.333890,96.520477
360,2.274024,0.282420,0.170692,64.000000,0.099186,28.143942,0.581082,811.607914,96.691169
361,2.272255,0.291555,0.093696,64.000000,0.099186,28.165855,1.058589,813.880169,96.784865
362,2.131487,0.298714,0.236191,64.000000,0.099186,30.025987,0.419940,816.011656,97.021056
363,2.594313,0.283965,0.007389,64.000000,0.099186,24.669346,13.422806,818.605968,97.028445
364,2.259766,0.292579,0.302285,64.000000,0.099186,28.321517,0.328121,820.865734,97.330730
365,2.125681,0.281300,0.165758,64.000000,0.099186,30.107997,0.598377,822.991415,97.496488
366,2.415802,0.282349,0.257737,64.000000,0.099186,26.492233,0.384834,825.407218,97.754225
367,2.384784,0.280792,0.169325,64.000000,0.099186,26.836815,0.585774,827.792002,97.923550
368,2.358454,0.281231,0.279974,64.000000,0.099186,27.136425,0.354268,830.150455,98.203524
369,2.206574,0.282284,0.214449,64.000000,0.099186,29.004244,0.462516,832.357029,98.417973
370,2.014129,0.279975,0.750335,64.000000,0.099186,31.775521,0.132189,834.371158,99.168308
371,2.403557,0.290664,0.105736,64.000000,0.099186,26.627204,0.938056,836.774715,99.274043
372,2.063080,0.283648,0.620718,64.000000,0.099186,31.021580,0.159792,838.837795,99.894761
373,2.197960,0.283985,0.245169,64.000000,0.099186,29.117912,0.404561,841.035755,100.139930
374,2.251569,0.281089,0.494616,64.000000,0.099186,28.424623,0.200531,843.287324,100.634547
375,2.554515,0.288843,0.001371,64.000000,0.099186,25.053679,72.361420,845.841839,100.635917
376,2.105418,0.290943,0.342268,64.000000,0.099186,30.397768,0.289790,847.947256,100.978185
377,2.215742,0.291575,0.464732,64.000000,0.099186,28.884236,0.213426,850.162998,101.442917
378,2.457293,0.291187,0.047945,64.000000,0.099186,26.044921,2.068741,852.620291,101.490862
379,2.323210,0.292134,0.300888,64.000000,0.099186,27.548096,0.329645,854.943500,101.791749
380,2.544561,0.285108,0.106732,64.000000,0.099186,25.151687,0.929297,857.488061,101.898482
381,2.045284,0.287737,0.531420,64.000000,0.099186,31.291503,0.186643,859.533345,102.429901
382,2.466466,0.286352,0.080886,64.000000,0.099186,25.948054,1.226240,861.999811,102.510788
383,2.358385,0.288723,0.126876,64.000000,0.099186,27.137211,0.781758,864.358197,102.637663
384,2.076635,0.286142,0.451680,64.000000,0.099186,30.819091,0.219594,866.434831,103.089343
385,2.323138,0.288340,0.332308,64.000000,0.099186,27.548940,0.298476,868.757970,103.421650
386,2.147013,0.294033,0.182996,64.000000,0.099186,29.808849,0.542011,870.904983,103.604647
387,2.122920,0.280235,0.423916,64.000000,0.099186,30.147153,0.233976,873.027903,104.028562
388,2.101216,0.279293,0.669797,64.000000,0.099186,30.458560,0.148084,875.129119,104.698359
389,2.086475,0.287694,0.537179,64.000000,0.099186,30.673750,0.184642,877.215594,105.235538
390,2.033930,0.286345,0.433757,64.000000,0.099186,31.466181,0.228667,879.249523,105.669295
391,2.287523,0.287730,0.163260,64.000000,0.099186,27.977864,0.607535,881.537046,105.832554
392,2.431367,0.285478,0.244598,64.000000,0.099186,26.322645,0.405506,883.968413,106.077152
393,2.218487,0.284600,0.277381,64.000000,0.099186,28.848495,0.357580,886.186899,106.354534
394,2.401908,0.285439,0.245542,64.000000,0.099186,26.645480,0.403947,888.588808,106.600075
395,2.049438,0.281257,0.456421,64.000000,0.099186,31.228073,0.217312,890.638246,107.056496
396,2.586407,0.344734,0.436639,64.000000,0.099186,24.744753,0.227158,893.224652,107.493135
397,2.290067,0.294310,0.309719,64.000000,0.099186,27.946779,0.320245,895.514720,107.802854
398,2.283373,0.290196,0.215878,64.000000,0.099186,28.028708,0.459454,897.798093,108.018732
399,1.891543,0.281937,1.359888,64.000000,0.099186,33.834810,0.072937,899.689636,109.378620
400,2.335238,0.292575,0.109129,64.000000,0.099186,27.406199,0.908889,902.024874,109.487749
401,2.112339,0.291456,0.317524,64.000000,0.099186,30.298164,0.312373,904.137213,109.805272
402,1.982051,0.286649,0.731834,64.000000,0.099186,32.289788,0.135531,906.119264,110.537107
403,2.103311,0.291193,0.654619,64.000000,0.099186,30.428217,0.151517,908.222575,111.191726
404,2.467931,0.285763,0.291678,64.000000,0.099186,25.932656,0.340053,910.690506,111.483404
405,2.206884,0.282911,0.374975,64.000000,0.099186,29.000163,0.264514,912.897390,111.858379
406,2.301283,0.296361,0.220246,64.000000,0.099186,27.810570,0.450341,915.198673,112.078625
407,2.159670,0.280086,0.629920,64.000000,0.099186,29.634163,0.157458,917.358343,112.708545
408,2.321258,0.286772,0.057131,64.000000,0.099186,27.571253,1.736128,919.679601,112.765676
409,2.254812,0.284404,0.269657,64.000000,0.099186,28.383741,0.367823,921.934413,113.035332
410,2.258160,0.296297,0.466761,64.000000,0.099186,28.341655,0.212498,924.192573,113.502093
411,2.243039,0.285257,0.424806,64.000000,0.099186,28.532716,0.233485,926.435612,113.926899
412,2.425212,0.286428,0.053869,64.000000,0.099186,26.389445,1.841227,928.860824,113.980769
413,2.058274,0.282565,0.798055,64.000000,0.099186,31.094019,0.124285,930.919098,114.778824
414,1.998568,0.298262,0.426491,64.000000,0.099186,32.022932,0.232563,932.917666,115.205314
415,2.311390,0.286057,0.181225,64.000000,0.099186,27.688961,0.547309,935.229056,115.386539
416,2.260741,0.280885,0.419261,64.000000,0.099186,28.309305,0.236573,937.489797,115.805800
417,2.592864,0.285985,0.152401,64.000000,0.099186,24.683132,0.650821,940.082661,115.958202
418,2.964469,0.292076,0.001481,64.000000,0.099186,21.589029,66.962873,943.047130,115.959683
419,2.095332,0.287912,0.560670,64.000000,0.099186,30.544082,0.176906,945.142462,116.520353
420,2.373138,0.285806,0.054549,64.000000,0.099186,26.968509,1.818278,947.515600,116.574903
421,2.156275,0.288828,0.320143,64.000000,0.099186,29.680819,0.309817,949.671875,116.895046
422,2.067012,0.286410,0.585750,64.000000,0.099186,30.962572,0.169331,951.738886,117.480796
423,2.231042,0.289945,0.391604,64.000000,0.099186,28.686148,0.253281,953.969928,117.872400
424,2.273617,0.285480,0.164477,64.000000,0.099186,28.148979,0.603039,956.243545,118.036877
425,2.520211,0.294347,0.022719,64.000000,0.099186,25.394698,4.365792,958.763757,118.059596
426,2.357544,0.288408,0.110299,64.000000,0.099186,27.146893,0.899246,961.121301,118.169895
427,2.623204,0.289454,0.001389,64.000000,0.099186,24.397647,71.403900,963.744505,118.171284
428,1.918929,0.289580,0.383186,64.000000,0.099186,33.351942,0.258845,965.663433,118.554470
429,1.682928,0.284083,1.365933,64.000000,0.099186,38.028961,0.072614,967.346361,119.920403
430,2.570645,0.291091,0.001298,64.000000,0.099186,24.896478,76.419798,969.917006,119.921701
431,1.984294,0.310674,0.274388,64.000000,0.099186,32.253287,0.361481,971.901300,120.196089
432,1.991146,0.286816,0.714277,64.000000,0.099186,32.142289,0.138862,973.892446,120.910366
433,1.972984,0.286514,0.572641,64.000000,0.099186,32.438171,0.173208,975.865430,121.483007
434,2.187528,0.288567,0.257180,64.000000,0.099186,29.256766,0.385668,978.052958,121.740187
435,2.571170,0.286203,0.346468,64.000000,0.099186,24.891388,0.286277,980.624129,122.086654
436,2.650238,0.289689,0.001393,64.000000,0.099186,24.148774,71.205418,983.274367,122.088047
437,2.444797,0.287320,0.172669,64.000000,0.099186,26.178043,0.574429,985.719164,122.260716
438,2.408750,0.287875,0.066145,64.000000,0.099186,26.569792,1.499526,988.127914,122.326861
439,2.095621,0.286878,0.324729,64.000000,0.099186,30.539880,0.305442,990.223535,122.651590
440,2.262654,0.290018,0.333617,64.000000,0.099186,28.285365,0.297305,992.486189,122.985208
441,2.268394,0.294016,0.137269,64.000000,0.099186,28.213793,0.722566,994.754583,123.122477
442,2.554383,0.290463,0.001487,64.000000,0.099186,25.054970,66.705950,997.308967,123.123964
443,2.646028,0.287805,0.001372,64.000000,0.099186,24.187193,72.289484,999.954995,123.125336
444,1.815054,0.283391,0.971253,64.000000,0.099186,35.260666,0.102122,1001.770049,124.096589
445,2.224905,0.288336,0.321991,64.000000,0.099186,28.765274,0.308039,1003.994954,124.418580
446,2.329264,0.288897,0.387062,64.000000,0.099186,27.476488,0.256253,1006.324218,124.805642
447,2.394356,0.291853,0.118411,64.000000,0.099186,26.729529,0.837641,1008.718573,124.924053
448,2.269396,0.284598,0.767832,64.000000,0.099186,28.201338,0.129177,1010.987969,125.691885
449,2.433433,0.286173,0.014556,64.000000,0.099186,26.300288,6.813969,1013.421403,125.706442
450,2.366586,0.297069,0.001313,64.000000,0.099186,27.043174,75.547391,1015.787989,125.707754
451,2.028692,0.293228,0.453577,64.000000,0.099186,31.547414,0.218675,1017.816681,126.161331
452,2.534238,0.289332,0.044993,64.000000,0.099186,25.254136,2.204466,1020.350920,126.206324
453,2.022139,0.286230,0.403037,64.000000,0.099186,31.649657,0.246096,1022.373058,126.609362
454,1.989765,0.286150,0.599201,64.000000,0.099186,32.164599,0.165530,1024.362824,127.208563
455,2.885392,0.292037,0.001394,64.000000,0.099186,22.180695,71.174250,1027.248216,127.209956
456,2.035049,0.293947,0.398463,64.000000,0.099186,31.448869,0.248921,1029.283265,127.608419
457,1.865421,0.278824,0.755792,64.000000,0.099186,34.308601,0.131234,1031.148686,128.364212
458,2.339799,0.290872,0.110471,64.000000,0.099186,27.352773,0.897847,1033.488486,128.474683
459,2.174217,0.310778,0.308261,64.000000,0.099186,29.435887,0.321760,1035.662702,128.782943
460,2.611112,0.291454,0.001339,64.000000,0.099186,24.510628,74.078237,1038.273815,128.784282
461,2.430773,0.297311,0.272934,64.000000,0.099186,26.329070,0.363406,1040.704588,129.057217
462,2.307860,0.294549,0.271068,64.000000,0.099186,27.731319,0.365909,1043.012448,129.328284
463,2.500069,0.297848,0.275042,64.000000,0.099186,25.599293,0.360621,1045.512517,129.603326
464,2.307338,0.289030,0.060306,64.000000,0.099186,27.737598,1.644703,1047.819854,129.663632
465,2.522238,0.300738,0.316430,64.000000,0.099186,25.374294,0.313453,1050.342092,129.980062
466,3.391007,0.296250,0.166616,64.000000,0.099186,18.873450,0.595295,1053.733099,130.146679
467,2.251077,0.292021,0.314842,64.000000,0.099186,28.430832,0.315034,1055.984176,130.461521
468,2.438998,0.296185,0.659781,64.000000,0.099186,26.240287,0.150332,1058.423174,131.121301
469,2.509606,0.314189,0.890297,64.000000,0.099186,25.502006,0.111408,1060.932781,132.011598
470,2.278912,0.290179,0.430903,64.000000,0.099186,28.083575,0.230181,1063.211693,132.442502
471,2.337454,0.296530,0.207848,64.000000,0.099186,27.380216,0.477205,1065.549147,132.650349
472,2.750498,0.295809,0.001345,64.000000,0.099186,23.268517,73.754560,1068.299644,132.651694
473,2.210492,0.299052,0.130151,64.000000,0.099186,28.952827,0.762084,1070.510137,132.781845
474,2.197313,0.292555,0.323036,64.000000,0.099186,29.126488,0.307043,1072.707449,133.104881
475,2.256021,0.298327,0.618005,64.000000,0.099186,28.368531,0.160494,1074.963470,133.722886
476,2.282647,0.288065,0.399340,64.000000,0.099186,28.037630,0.248375,1077.246117,134.122226
477,2.431253,0.298126,0.001374,64.000000,0.099186,26.323876,72.188940,1079.677370,134.123600
478,2.232058,0.299050,0.471712,64.000000,0.099186,28.673084,0.210268,1081.909428,134.595312
479,2.618180,0.290164,0.001380,64.000000,0.099186,24.444463,71.850391,1084.527608,134.596692
480,2.344144,0.293087,0.118351,64.000000,0.099186,27.302074,0.838064,1086.871752,134.715043
481,2.434609,0.291627,0.143822,64.000000,0.099186,26.287588,0.689642,1089.306361,134.858866
482,2.383826,0.296074,0.343774,64.000000,0.099186,26.847595,0.288521,1091.690187,135.202639
483,2.346274,0.289847,0.090660,64.000000,0.099186,27.277296,1.094039,1094.036461,135.293300
484,2.279216,0.291576,0.213547,64.000000,0.099186,28.079831,0.464468,1096.315677,135.506847
485,2.253048,0.290443,0.187331,64.000000,0.099186,28.405962,0.529469,1098.568725,135.694178
486,2.408437,0.295403,0.001408,64.000000,0.099186,26.573245,70.435458,1100.977163,135.695586
487,2.185387,0.294385,0.184815,64.000000,0.099186,29.285435,0.536676,1103.162549,135.880402
488,2.336069,0.292282,0.124123,64.000000,0.099186,27.396456,0.799092,1105.498618,136.004525
489,2.172299,0.297286,0.305929,64.000000,0.099186,29.461874,0.324212,1107.670917,136.310454
490,2.267451,0.291886,0.360101,64.000000,0.099186,28.225523,0.275439,1109.938368,136.670556
491,2.304216,0.290691,0.062889,64.000000,0.099186,27.775173,1.577148,1112.242584,136.733445
492,2.024647,0.293643,0.346950,64.000000,0.099186,31.610453,0.285880,1114.267231,137.080395
493,2.324906,0.296001,0.100632,64.000000,0.099186,27.527998,0.985628,1116.592137,137.181027
494,2.094672,0.306566,0.420596,64.000000,0.099186,30.553715,0.235822,1118.686808,137.601624
495,2.266876,0.292161,0.447484,64.000000,0.099186,28.232684,0.221653,1120.953685,138.049107
496,2.486645,0.298607,0.001498,64.000000,0.099186,25.737485,66.192715,1123.440330,138.050606
497,2.386770,0.298879,0.049926,64.000000,0.099186,26.814487,1.986646,1125.827100,138.100532
498,2.199898,0.299750,0.193820,64.000000,0.099186,29.092253,0.511743,1128.026998,138.294352
499,2.092912,0.295935,0.343300,64.000000,0.099186,30.579410,0.288919,1130.119910,138.637651
500,1.980621,0.290514,0.387497,64.000000,0.099186,32.313095,0.255966,1132.100531,139.025148
501,2.371489,0.293147,0.392435,64.000000,0.099186,26.987259,0.252745,1134.472020,139.417583
502,2.611189,0.296321,0.001352,64.000000,0.099186,24.509909,73.371719,1137.083209,139.418935
503,2.320116,0.292586,0.246087,64.000000,0.099186,27.584830,0.403053,1139.403325,139.665022
504,2.448918,0.297579,0.089046,64.000000,0.099186,26.133989,1.113879,1141.852243,139.754067
505,2.162770,0.295814,0.264739,64.000000,0.099186,29.591688,0.374656,1144.015012,140.018806
506,2.284114,0.299235,0.342200,64.000000,0.099186,28.019613,0.289848,1146.299127,140.361006
507,2.527988,0.298745,0.077781,64.000000,0.099186,25.316573,1.275197,1148.827115,140.438787
508,2.341380,0.293687,0.422879,64.000000,0.099186,27.334308,0.234549,1151.168495,140.861666
509,2.150345,0.307311,0.251029,64.000000,0.099186,29.762666,0.395117,1153.318840,141.112695
510,2.134055,0.294589,0.237367,64.000000,0.099186,29.989859,0.417859,1155.452895,141.350062
511,2.086389,0.293088,0.674647,64.000000,0.099186,30.675008,0.147019,1157.539284,142.024709
512,1.821210,0.295567,0.678480,64.000000,0.099186,35.141468,0.146189,1159.360494,142.703188
513,2.332135,0.295684,0.134491,64.000000,0.099186,27.442670,0.737493,1161.692629,142.837679
514,2.017491,0.293721,0.533772,64.000000,0.099186,31.722566,0.185821,1163.710120,143.371451
515,2.389565,0.300493,0.042982,64.000000,0.099186,26.783114,2.307628,1166.099685,143.414433
516,2.029590,0.296880,0.681256,64.000000,0.099186,31.533469,0.145593,1168.129275,144.095689
517,2.188516,0.300426,0.265141,64.000000,0.099186,29.243562,0.374087,1170.317791,144.360830
518,2.168048,0.296540,0.247245,64.000000,0.099186,29.519643,0.401164,1172.485839,144.608075
519,2.154944,0.292794,0.604761,64.000000,0.099186,29.699152,0.164009,1174.640782,145.212836
520,2.513116,0.300500,0.072705,64.000000,0.099186,25.466388,1.364223,1177.153899,145.285541
521,2.337300,0.308130,0.001372,64.000000,0.099186,27.382023,72.288483,1179.491199,145.286913
522,2.680625,0.297517,0.081911,64.000000,0.099186,23.875026,1.210893,1182.171824,145.368825
523,2.489698,0.299900,0.001345,64.000000,0.099186,25.705929,73.740632,1184.661522,145.370170
524,2.193301,0.295057,0.170839,64.000000,0.099186,29.179767,0.580580,1186.854823,145.541009
525,2.242690,0.303372,0.564944,64.000000,0.099186,28.537162,0.175568,1189.097512,146.105953
526,2.615926,0.296792,0.001359,64.000000,0.099186,24.465520,72.965338,1191.713439,146.107313
527,1.874153,0.309791,0.527293,64.000000,0.099186,34.148765,0.188104,1193.587592,146.634606
528,2.199083,0.297765,0.185722,64.000000,0.099186,29.103040,0.534055,1195.786675,146.820328
529,2.001599,0.297724,0.879830,64.000000,0.099186,31.974439,0.112733,1197.788273,147.700158
530,2.302837,0.297956,0.127581,64.000000,0.099186,27.791808,0.777438,1200.091110,147.827739
531,2.343567,0.299064,0.262723,64.000000,0.099186,27.308801,0.377530,1202.434677,148.090462
532,2.049035,0.297043,0.332367,64.000000,0.099186,31.234212,0.298423,1204.483712,148.422829
533,2.312846,0.302122,0.086084,64.000000,0.099186,27.671536,1.152199,1206.796558,148.508913
534,1.961950,0.294313,0.491970,64.000000,0.099186,32.620611,0.201610,1208.758508,149.000883
535,1.991479,0.320405,0.468729,64.000000,0.099186,32.136918,0.211606,1210.749987,149.469612
536,2.377139,0.302152,0.001307,64.000000,0.099186,26.923120,75.909740,1213.127126,149.470919
537,2.133796,0.296907,0.370344,64.000000,0.099186,29.993492,0.267821,1215.260922,149.841262
538,2.150330,0.297259,0.412874,64.000000,0.099186,29.762870,0.240233,1217.411253,150.254136
539,2.254446,0.298426,0.281172,64.000000,0.099186,28.388348,0.352759,1219.665699,150.535308
540,2.373161,0.300801,0.630085,64.000000,0.099186,26.968254,0.157417,1222.038859,151.165393
541,2.272531,0.318840,0.371189,64.000000,0.099186,28.162429,0.267211,1224.311391,151.536582
542,2.011973,0.316989,0.323800,64.000000,0.099186,31.809565,0.306319,1226.323364,151.860381
543,2.339737,0.295280,0.135778,64.000000,0.099186,27.353500,0.730500,1228.663101,151.996159
544,2.095251,0.302964,0.369409,64.000000,0.099186,30.545260,0.268499,1230.758353,152.365569
545,2.141117,0.304965,0.352493,64.000000,0.099186,29.890935,0.281384,1232.899470,152.718062
546,2.335513,0.302300,0.155233,64.000000,0.099186,27.402969,0.638947,1235.234983,152.873295
547,2.565632,0.298278,0.091105,64.000000,0.099186,24.945122,1.088701,1237.800615,152.964400
548,2.040917,0.303455,0.326745,64.000000,0.099186,31.358455,0.303557,1239.841532,153.291146
549,2.497733,0.296561,0.001413,64.000000,0.099186,25.623235,70.200705,1242.339265,153.292558
550,2.281927,0.305414,0.150709,64.000000,0.099186,28.046468,0.658129,1244.621192,153.443267
551,2.136295,0.298794,0.422450,64.000000,0.099186,29.958413,0.234788,1246.757487,153.865717
552,2.342586,0.297549,0.057069,64.000000,0.099186,27.320241,1.737988,1249.100073,153.922786
553,2.283064,0.297485,0.501133,64.000000,0.099186,28.032504,0.197923,1251.383137,154.423919
554,2.127343,0.298454,0.648706,64.000000,0.099186,30.084473,0.152898,1253.510480,155.072625
555,2.124506,0.297304,0.330384,64.000000,0.099186,30.124648,0.300214,1255.634986,155.403009
556,2.251174,0.298610,0.239768,64.000000,0.099186,28.429607,0.413674,1257.886160,155.642778
557,2.170007,0.298128,0.156744,64.000000,0.099186,29.492988,0.632790,1260.056168,155.799521
558,2.467332,0.368493,0.294727,64.000000,0.099186,25.938948,0.336535,1262.523500,156.094249
559,2.327841,0.297945,0.262735,64.000000,0.099186,27.493282,0.377513,1264.851341,156.356984
560,2.130724,0.294713,0.778144,64.000000,0.099186,30.036739,0.127465,1266.982065,157.135127
561,2.184805,0.296770,0.533011,64.000000,0.099186,29.293235,0.186086,1269.166870,157.668139
562,2.293803,0.294686,0.109788,64.000000,0.099186,27.901262,0.903428,1271.460673,157.777927
563,2.166993,0.307637,0.340901,64.000000,0.099186,29.534010,0.290952,1273.627666,158.118829
564,1.829469,0.288938,0.757853,64.000000,0.099186,34.982829,0.130877,1275.457135,158.876682
565,2.353755,0.296083,0.228767,64.000000,0.099186,27.190600,0.433567,1277.810890,159.105450
566,2.193042,0.296193,0.290133,64.000000,0.099186,29.183211,0.341864,1280.003932,159.395582
567,2.129514,0.305874,0.282879,64.000000,0.099186,30.053812,0.350630,1282.133445,159.678461
568,2.285083,0.297895,0.193998,64.000000,0.099186,28.007734,0.511274,1284.418528,159.872459
569,2.388176,0.306144,0.309274,64.000000,0.099186,26.798695,0.320705,1286.806704,160.181734
570,2.266725,0.306750,0.394790,64.000000,0.099186,28.234569,0.251237,1289.073429,160.576523
571,2.218754,0.303765,0.345881,64.000000,0.099186,28.845020,0.286763,1291.292183,160.922405
572,2.218069,0.299167,0.762200,64.000000,0.099186,28.853922,0.130131,1293.510252,161.684604
573,2.328446,0.296481,0.131098,64.000000,0.099186,27.486146,0.756579,1295.838698,161.815702
574,2.508702,0.298910,0.001561,64.000000,0.099186,25.511202,63.554171,1298.347400,161.817263
575,2.143908,0.298124,0.478317,64.000000,0.099186,29.852029,0.207364,1300.491308,162.295580
576,1.950437,0.300330,0.664973,64.000000,0.099186,32.813166,0.149158,1302.441744,162.960553
577,2.332789,0.302003,0.080672,64.000000,0.099186,27.434975,1.229490,1304.774533,163.041225
578,2.368816,0.300683,0.006343,64.000000,0.099186,27.017718,15.637532,1307.143349,163.047568
579,2.079388,0.300867,0.372649,64.000000,0.099186,30.778292,0.266164,1309.222737,163.420218
580,2.415784,0.297770,0.477479,64.000000,0.099186,26.492434,0.207728,1311.638521,163.897696
581,1.943671,0.300049,0.722519,64.000000,0.099186,32.927376,0.137278,1313.582192,164.620215
582,2.389446,0.300585,0.048618,64.000000,0.099186,26.784452,2.040087,1315.971638,164.668834
583,2.365907,0.310815,0.380358,64.000000,0.099186,27.050940,0.260770,1318.337545,165.049192
584,2.399079,0.297637,0.016734,64.000000,0.099186,26.676905,5.927356,1320.736624,165.065925
585,2.533992,0.304025,0.001374,64.000000,0.099186,25.256589,72.195246,1323.270616,165.067299
586,2.283321,0.294580,0.433185,64.000000,0.099186,28.029350,0.228969,1325.553937,165.500484
587,2.364273,0.298869,0.384190,64.000000,0.099186,27.069636,0.258169,1327.918209,165.884675
588,1.944737,0.291643,0.471998,64.000000,0.099186,32.909340,0.210141,1329.862946,166.356673
589,2.232035,0.292581,0.362632,64.000000,0.099186,28.673387,0.273517,1332.094981,166.719305
590,2.304998,0.297016,0.086651,64.000000,0.099186,27.765748,1.144656,1334.399979,166.805956
591,2.499762,0.297127,0.019460,64.000000,0.099186,25.602435,5.096838,1336.899741,166.825417
592,2.381220,0.303488,0.073916,64.000000,0.099186,26.876974,1.341878,1339.280962,166.899332
593,2.948013,0.303845,0.001404,64.000000,0.099186,21.709540,70.660961,1342.228975,166.900736
594,2.336380,0.308772,0.348171,64.000000,0.099186,27.392801,0.284877,1344.565355,167.248907
595,2.483990,0.311814,0.468520,64.000000,0.099186,25.764998,0.211700,1347.049345,167.717428
596,2.383023,0.296225,0.405061,64.000000,0.099186,26.856640,0.244867,1349.432368,168.122488
597,1.985123,0.299592,0.605696,64.000000,0.099186,32.239811,0.163755,1351.417492,168.728184
598,2.688547,0.298455,0.180629,64.000000,0.099186,23.804682,0.549113,1354.106038,168.908814
599,2.281010,0.297193,0.189140,64.000000,0.099186,28.057752,0.524406,1356.387048,169.097953
600,2.282305,0.306812,0.255322,64.000000,0.099186,28.041822,0.388475,1358.669353,169.353275
601,2.120941,0.296800,0.210426,64.000000,0.099186,30.175292,0.471359,1360.790294,169.563700
602,2.385985,0.302706,0.094342,64.000000,0.099186,26.823298,1.051343,1363.176279,169.658043
603,2.295956,0.297370,0.167406,64.000000,0.099186,27.875095,0.592486,1365.472236,169.825449
604,2.126161,0.302062,0.218254,64.000000,0.099186,30.101200,0.454452,1367.598397,170.043703
605,2.597976,0.309077,0.001387,64.000000,0.099186,24.634562,71.528101,1370.196373,170.045090
606,2.248560,0.293654,0.566656,64.000000,0.099186,28.462656,0.175037,1372.444933,170.611746
607,2.462170,0.294980,0.088391,64.000000,0.099186,25.993328,1.122128,1374.907103,170.700136
608,2.227293,0.295770,0.337857,64.000000,0.099186,28.734433,0.293574,1377.134396,171.037994
609,2.253466,0.297865,0.385465,64.000000,0.099186,28.400695,0.257315,1379.387862,171.423459
610,2.232431,0.296189,0.270429,64.000000,0.099186,28.668296,0.366773,1381.620293,171.693888
611,2.037249,0.296647,0.547452,64.000000,0.099186,31.414913,0.181177,1383.657542,172.241340
612,2.331535,0.301524,0.233175,64.000000,0.099186,27.449730,0.425372,1385.989077,172.474515
613,2.245560,0.297020,0.143947,64.000000,0.099186,28.500690,0.689045,1388.234637,172.618462
614,2.055959,0.296140,0.446656,64.000000,0.099186,31.129022,0.222063,1390.290596,173.065118
615,2.480970,0.296204,0.116468,64.000000,0.099186,25.796367,0.851617,1392.771566,173.181586
616,2.513897,0.296031,0.131289,64.000000,0.099186,25.458482,0.755478,1395.285463,173.312875
617,2.172463,0.298942,0.280790,64.000000,0.099186,29.459644,0.353239,1397.457926,173.593665
618,2.247386,0.298538,0.226933,64.000000,0.099186,28.477534,0.437072,1399.705312,173.820598
619,2.102585,0.299743,0.704835,64.000000,0.099186,30.438715,0.140722,1401.807897,174.525433
620,2.265294,0.296817,0.078923,64.000000,0.099186,28.252408,1.256742,1404.073191,174.604356
621,2.405895,0.295060,0.743832,64.000000,0.099186,26.601332,0.133344,1406.479085,175.348188
622,2.142551,0.295071,0.171571,64.000000,0.099186,29.870937,0.578106,1408.621636,175.519759
623,2.534063,0.294881,0.001367,64.000000,0.099186,25.255883,72.581967,1411.155699,175.521125
624,2.628199,0.297924,0.031044,64.000000,0.099186,24.351275,3.194964,1413.783898,175.552170
625,2.598954,0.301540,0.001355,64.000000,0.099186,24.625290,73.203200,1416.382852,175.553525
626,2.029943,0.300304,0.474435,64.000000,0.099186,31.527982,0.209061,1418.412795,176.027960
627,2.101153,0.299504,0.448792,64.000000,0.099186,30.459462,0.221007,1420.513948,176.476752
628,2.270292,0.297627,0.306276,64.000000,0.099186,28.190202,0.323845,1422.784241,176.783027
629,2.520794,0.297744,0.001412,64.000000,0.099186,25.388824,70.221131,1425.305035,176.784440
630,2.212254,0.297865,0.215138,64.000000,0.099186,28.929768,0.461034,1427.517289,176.999578
631,2.492281,0.297308,0.154217,64.000000,0.099186,25.679284,0.643159,1430.009570,177.153794
632,2.137071,0.332238,0.368160,64.000000,0.099186,29.947538,0.269410,1432.146641,177.521955
633,2.115330,0.300125,0.322381,64.000000,0.099186,30.255327,0.307667,1434.261971,177.844336
634,2.318283,0.308227,0.108813,64.000000,0.099186,27.606641,0.911522,1436.580254,177.953149
635,2.231951,0.307847,0.222716,64.000000,0.099186,28.674468,0.445347,1438.812204,178.175866
636,2.309501,0.297260,0.191640,64.000000,0.099186,27.711614,0.517565,1441.121705,178.367505
637,2.166497,0.296990,0.201798,64.000000,0.099186,29.540771,0.491511,1443.288203,178.569303
638,2.560843,0.302328,0.210670,64.000000,0.099186,24.991773,0.470811,1445.849045,178.779973
639,2.046779,0.298770,0.293664,64.000000,0.099186,31.268635,0.337753,1447.895825,179.073638
640,2.405020,0.302567,0.045732,64.000000,0.099186,26.611001,2.168831,1450.300845,179.119370
641,2.073020,0.300675,0.925299,64.000000,0.099186,30.872831,0.107193,1452.373865,180.044670
642,2.124966,0.297176,0.181228,64.000000,0.099186,30.118124,0.547299,1454.498832,180.225898
643,2.466839,0.300532,0.001382,64.000000,0.099186,25.944136,71.759785,1456.965670,180.227280
644,2.215863,0.298021,0.290992,64.000000,0.099186,28.882658,0.340855,1459.181533,180.518272
645,2.100852,0.296542,0.225617,64.000000,0.099186,30.463833,0.439620,1461.282385,180.743889
646,1.877009,0.292779,0.510084,64.000000,0.099186,34.096803,0.194450,1463.159394,181.253973
647,2.665805,0.296792,0.234138,64.000000,0.099186,24.007761,0.423622,1465.825198,181.488110
648,2.184853,0.300006,0.352007,64.000000,0.099186,29.292595,0.281773,1468.010051,181.840117
649,2.399054,0.301082,0.198626,64.000000,0.099186,26.677183,0.499360,1470.409105,182.038743
650,2.290195,0.296583,0.055154,64.000000,0.099186,27.945220,1.798335,1472.699300,182.093897
651,2.062045,0.298935,0.246834,64.000000,0.099186,31.037155,0.401832,1474.761344,182.340731
652,2.381620,0.299410,0.057078,64.000000,0.099186,26.872461,1.737722,1477.142965,182.397810
653,2.251619,0.302724,0.121712,64.000000,0.099186,28.423993,0.814925,1479.394583,182.519521
654,2.604496,0.301652,0.078359,64.000000,0.099186,24.572889,1.265783,1481.999080,182.597881
655,2.374450,0.304172,0.007679,64.000000,0.099186,26.953611,12.916286,1484.373530,182.605560
656,2.598883,0.299169,0.001366,64.000000,0.099186,24.625963,72.624164,1486.972413,182.606926
657,2.235849,0.301060,0.257366,64.000000,0.099186,28.624469,0.385389,1489.208262,182.864291
658,2.568839,0.296363,0.217777,64.000000,0.099186,24.913980,0.455448,1491.777101,183.082068
659,2.344428,0.296726,0.143087,64.000000,0.099186,27.298765,0.693187,1494.121530,183.225155
660,2.385464,0.297267,0.080878,64.000000,0.099186,26.829165,1.226371,1496.506993,183.306032
661,2.092687,0.305260,0.506661,64.000000,0.099186,30.582692,0.195764,1498.599680,183.812693
662,2.355735,0.300928,0.053928,64.000000,0.099186,27.167738,1.839218,1500.955416,183.866621
663,2.684696,0.304553,0.001354,64.000000,0.099186,23.838822,73.263327,1503.640112,183.867975
664,2.182986,0.298230,0.318833,64.000000,0.099186,29.317646,0.311090,1505.823098,184.186808
665,2.184484,0.297236,0.318518,64.000000,0.099186,29.297538,0.311398,1508.007581,184.505326
666,2.127459,0.300393,0.449492,64.000000,0.099186,30.082832,0.220662,1510.135041,184.954818
667,2.518725,0.303345,0.111766,64.000000,0.099186,25.409684,0.887446,1512.653765,185.066584
668,2.380207,0.299313,0.206904,64.000000,0.099186,26.888419,0.479381,1515.033972,185.273488
669,2.457568,0.301192,0.045732,64.000000,0.099186,26.042007,2.168873,1517.491540,185.319219
670,2.396018,0.301048,0.057007,64.000000,0.099186,26.710985,1.739899,1519.887558,185.376226
671,2.530229,0.301230,0.102776,64.000000,0.099186,25.294155,0.965070,1522.417787,185.479002
672,1.912204,0.311483,0.524396,64.000000,0.099186,33.469232,0.189143,1524.329991,186.003398
673,2.147403,0.302498,0.147331,64.000000,0.099186,29.803447,0.673220,1526.477394,186.150729
674,2.484624,0.297991,0.001328,64.000000,0.099186,25.758429,74.700811,1528.962017,186.152057
675,2.383372,0.302398,0.105630,64.000000,0.099186,26.852716,0.938993,1531.345389,186.257687
676,2.035080,0.298344,0.621791,64.000000,0.099186,31.448400,0.159517,1533.380468,186.879478
677,2.432068,0.297838,0.113074,64.000000,0.099186,26.315049,0.877179,1535.812537,186.992551
678,2.363511,0.304432,0.052057,64.000000,0.099186,27.078358,1.905336,1538.176048,187.044608
679,2.093783,0.297424,0.308380,64.000000,0.099186,30.566682,0.321636,1540.269831,187.352988
680,2.408033,0.296693,0.076272,64.000000,0.099186,26.577704,1.300429,1542.677864,187.429260
681,2.194798,0.294948,0.325262,64.000000,0.099186,29.159858,0.304942,1544.872663,187.754522
682,2.360559,0.295995,0.220756,64.000000,0.099186,27.112223,0.449302,1547.233221,187.975277
683,2.201613,0.297146,0.196462,64.000000,0.099186,29.069591,0.504860,1549.434835,188.171740
684,2.354249,0.307037,0.192533,64.000000,0.099186,27.184885,0.515163,1551.789084,188.364273
685,2.152548,0.296460,0.220055,64.000000,0.099186,29.732208,0.450732,1553.941632,188.584328
686,2.514240,0.297292,0.038522,64.000000,0.099186,25.455006,2.574810,1556.455872,188.622850
687,2.174654,0.298516,0.204875,64.000000,0.099186,29.429973,0.484130,1558.630526,188.827724
688,2.341705,0.300010,0.028559,64.000000,0.099186,27.330516,3.473015,1560.972231,188.856283
689,2.196446,0.296313,0.274805,64.000000,0.099186,29.137980,0.360933,1563.168677,189.131088
690,2.215536,0.300075,0.160331,64.000000,0.099186,28.886910,0.618631,1565.384213,189.291419
691,2.280407,0.295939,0.155770,64.000000,0.099186,28.065166,0.636747,1567.664620,189.447189
692,2.388473,0.301913,0.126014,64.000000,0.099186,26.795368,0.787103,1570.053093,189.573203
693,2.448308,0.296008,0.097152,64.000000,0.099186,26.140507,1.020933,1572.501400,189.670355
694,2.004342,0.320661,0.403308,64.000000,0.099186,31.930674,0.245931,1574.505743,190.073663
695,2.370363,0.296631,0.127421,64.000000,0.099186,27.000085,0.778411,1576.876106,190.201084
696,2.326861,0.296577,0.175984,64.000000,0.099186,27.504863,0.563608,1579.202967,190.377068
697,2.376482,0.297124,0.070878,64.000000,0.099186,26.930569,1.399390,1581.579448,190.447946
698,2.318541,0.298353,0.075889,64.000000,0.099186,27.603565,1.306986,1583.897989,190.523835
699,2.205542,0.317314,0.514873,64.000000,0.099186,29.017806,0.192642,1586.103532,191.038708
700,2.311965,0.302933,0.186473,64.000000,0.099186,27.682076,0.531905,1588.415497,191.225181
701,2.225457,0.299647,0.327633,64.000000,0.099186,28.758140,0.302735,1590.640954,191.552814
702,2.245760,0.295822,0.569805,64.000000,0.099186,28.498149,0.174070,1592.886714,192.122619
703,2.088770,0.298280,0.310426,64.000000,0.099186,30.640040,0.319515,1594.975484,192.433045
704,1.985039,0.303452,0.339711,64.000000,0.099186,32.241179,0.291972,1596.960523,192.772756
705,2.326335,0.297078,0.297453,64.000000,0.099186,27.511083,0.333451,1599.286858,193.070210
706,2.102377,0.306287,0.196555,64.000000,0.099186,30.441737,0.504623,1601.389235,193.266764
707,2.243462,0.298435,0.132586,64.000000,0.099186,28.527336,0.748085,1603.632697,193.399351
708,2.163329,0.295403,0.457266,64.000000,0.099186,29.584040,0.216911,1605.796026,193.856617
709,2.543066,0.374524,0.001400,64.000000,0.099186,25.166476,70.834049,1608.339091,193.858017
710,2.344411,0.300314,0.094836,64.000000,0.099186,27.298965,1.045867,1610.683503,193.952853
711,2.226126,0.298067,0.060874,64.000000,0.099186,28.749491,1.629365,1612.909629,194.013727
712,2.180123,0.298180,0.340980,64.000000,0.099186,29.356137,0.290885,1615.089752,194.354707
713,2.295042,0.300988,0.219880,64.000000,0.099186,27.886198,0.451091,1617.384794,194.574587
714,2.261894,0.303552,0.411707,64.000000,0.099186,28.294866,0.240914,1619.646689,194.986294
715,2.330102,0.294748,0.108670,64.000000,0.099186,27.466606,0.912728,1621.976791,195.094964
716,2.581039,0.301335,0.001381,64.000000,0.099186,24.796215,71.811843,1624.557830,195.096345
717,2.349876,0.294273,0.145062,64.000000,0.099186,27.235476,0.683747,1626.907707,195.241407
718,2.223628,0.304298,0.240056,64.000000,0.099186,28.781790,0.413178,1629.131335,195.481464
719,2.490757,0.302538,0.001354,64.000000,0.099186,25.695002,73.239957,1631.622091,195.482818
720,2.285224,0.298833,0.535338,64.000000,0.099186,28.006004,0.185277,1633.907316,196.018156
721,2.140710,0.302747,0.622892,64.000000,0.099186,29.896627,0.159235,1636.048025,196.641047
722,2.216603,0.299651,0.304463,64.000000,0.099186,28.873011,0.325774,1638.264628,196.945510
723,1.977453,0.293096,0.445536,64.000000,0.099186,32.364872,0.222621,1640.242081,197.391046
724,1.786154,0.302780,0.640002,64.000000,0.099186,35.831172,0.154977,1642.028235,198.031049
725,2.216690,0.297124,0.378367,64.000000,0.099186,28.871877,0.262142,1644.244925,198.409415
726,2.875724,0.297995,0.001384,64.000000,0.099186,22.255263,71.656825,1647.120649,198.410800
727,2.196789,0.295537,0.450986,64.000000,0.099186,29.133431,0.219931,1649.317438,198.861785
728,2.284922,0.297172,0.105076,64.000000,0.099186,28.009710,0.943944,1651.602360,198.966862
729,2.191496,0.296895,0.313267,64.000000,0.099186,29.203796,0.316618,1653.793856,199.280129
730,2.328700,0.297748,0.160968,64.000000,0.099186,27.483145,0.616184,1656.122556,199.441097
731,2.355458,0.299861,0.191628,64.000000,0.099186,27.170934,0.517598,1658.478014,199.632724
732,2.060757,0.299448,0.391318,64.000000,0.099186,31.056544,0.253466,1660.538772,200.024042
733,2.298029,0.295284,0.131445,64.000000,0.099186,27.849948,0.754584,1662.836801,200.155487
734,2.101593,0.296276,0.579573,64.000000,0.099186,30.453095,0.171136,1664.938394,200.735060
735,2.400598,0.299424,0.144813,64.000000,0.099186,26.660020,0.684926,1667.338992,200.879873
736,2.289739,0.305893,0.081201,64.000000,0.099186,27.950784,1.221485,1669.628731,200.961074
737,2.218417,0.301701,0.279403,64.000000,0.099186,28.849394,0.354992,1671.847149,201.240477
738,2.395941,0.301387,0.034401,64.000000,0.099186,26.711843,2.883208,1674.243090,201.274879
739,2.645633,0.301333,0.021313,64.000000,0.099186,24.190811,4.653734,1676.888722,201.296192
740,2.344081,0.302466,0.085634,64.000000,0.099186,27.302815,1.158258,1679.232803,201.381826
741,2.445653,0.296060,0.192744,64.000000,0.099186,26.168882,0.514600,1681.678456,201.574569
742,2.370467,0.295647,0.097707,64.000000,0.099186,26.998905,1.015132,1684.048922,201.672277
743,2.387332,0.297563,0.064144,64.000000,0.099186,26.808171,1.546302,1686.436254,201.736421
744,2.263720,0.297003,0.082951,64.000000,0.099186,28.272053,1.195722,1688.699974,201.819371
745,2.368549,0.296704,0.635125,64.000000,0.099186,27.020763,0.156167,1691.068523,202.454497
746,2.096764,0.296466,0.400708,64.000000,0.099186,30.523221,0.247527,1693.165287,202.855205
747,2.145658,0.294836,0.331740,64.000000,0.099186,29.827676,0.298987,1695.310945,203.186945
748,2.044326,0.314417,0.399301,64.000000,0.099186,31.306167,0.248399,1697.355271,203.586246
749,2.131236,0.302926,0.520484,64.000000,0.099186,30.029527,0.190565,1699.486506,204.106730
750,2.238316,0.323171,0.504312,64.000000,0.099186,28.592926,0.196676,1701.724822,204.611042
751,2.164715,0.299537,0.411717,64.000000,0.099186,29.565087,0.240908,1703.889538,205.022759
752,2.131436,0.296505,0.378273,64.000000,0.099186,30.026699,0.262207,1706.020974,205.401032
753,2.397135,0.299183,0.177871,64.000000,0.099186,26.698538,0.557629,1708.418109,205.578903
754,2.042467,0.302086,0.394270,64.000000,0.099186,31.334660,0.251569,1710.460576,205.973173
755,2.272800,0.299181,0.096292,64.000000,0.099186,28.159104,1.030055,1712.733376,206.069465
756,2.420837,0.300394,0.075478,64.000000,0.099186,26.437134,1.314101,1715.154213,206.144943
757,2.273894,0.314283,0.323935,64.000000,0.099186,28.145549,0.306191,1717.428107,206.468878
758,2.511792,0.296357,0.160457,64.000000,0.099186,25.479814,0.618147,1719.939899,206.629335
759,2.401929,0.298387,0.198330,64.000000,0.099186,26.645256,0.500104,1722.341828,206.827665
760,2.210853,0.297480,0.254839,64.000000,0.099186,28.948105,0.389211,1724.552681,207.082504
761,2.497518,0.298578,0.001342,64.000000,0.099186,25.625440,73.910591,1727.050199,207.083846
762,2.572404,0.295716,0.021637,64.000000,0.099186,24.879451,4.584046,1729.622603,207.105483
763,2.209021,0.299780,0.340660,64.000000,0.099186,28.972110,0.291158,1731.831624,207.446144
764,2.306188,0.303159,0.232001,64.000000,0.099186,27.751425,0.427523,1734.137812,207.678145
765,2.553500,0.302953,0.026551,64.000000,0.099186,25.063634,3.735712,1736.691312,207.704696
766,2.741438,0.301872,0.001352,64.000000,0.099186,23.345416,73.387082,1739.432750,207.706047
767,2.159476,0.317966,0.469381,64.000000,0.099186,29.636825,0.211312,1741.592225,208.175429
768,2.178580,0.296917,0.452190,64.000000,0.099186,29.376933,0.219346,1743.770805,208.627619
769,2.317905,0.295604,0.363550,64.000000,0.099186,27.611140,0.272826,1746.088710,208.991169
770,2.243819,0.295942,0.131274,64.000000,0.099186,28.522798,0.755567,1748.332530,209.122443
771,2.243604,0.300385,0.228720,64.000000,0.099186,28.525527,0.433657,1750.576134,209.351163
772,2.484708,0.304822,0.001356,64.000000,0.099186,25.757552,73.123759,1753.060842,209.352519
773,2.237127,0.299282,0.853000,64.000000,0.099186,28.608117,0.116279,1755.297970,210.205519
774,2.291253,0.299229,0.210124,64.000000,0.099186,27.932320,0.472035,1757.589222,210.415643
775,2.114251,0.296987,0.436497,64.000000,0.099186,30.270770,0.227231,1759.703473,210.852141
776,2.259029,0.296560,0.163346,64.000000,0.099186,28.330759,0.607215,1761.962502,211.015486
777,2.552354,0.296987,0.097071,64.000000,0.099186,25.074890,1.021792,1764.514856,211.112557
778,2.325583,0.295538,0.001336,64.000000,0.099186,27.519975,74.239809,1766.840439,211.113893
779,1.933695,0.299531,0.356630,64.000000,0.099186,33.097262,0.278120,1768.774134,211.470522
780,2.497163,0.299731,0.001401,64.000000,0.099186,25.629087,70.783903,1771.271297,211.471924
781,2.246782,0.296873,0.305702,64.000000,0.099186,28.485189,0.324453,1773.518078,211.777626
782,2.451646,0.297769,0.048360,64.000000,0.099186,26.104912,2.050988,1775.969724,211.825986
783,2.005735,0.297850,0.487289,64.000000,0.099186,31.908503,0.203546,1777.975459,212.313275
784,2.345401,0.298024,0.084635,64.000000,0.099186,27.287441,1.171924,1780.320861,212.397910
785,2.170895,0.296570,0.224496,64.000000,0.099186,29.480932,0.441817,1782.491755,212.622405
786,2.194461,0.297182,0.347025,64.000000,0.099186,29.164339,0.285818,1784.686216,212.969431
787,2.183375,0.296159,0.265754,64.000000,0.099186,29.312412,0.373224,1786.869592,213.235185
788,2.190679,0.301073,0.991858,64.000000,0.099186,29.214685,0.100000,1789.060271,214.227042
789,2.124124,0.299633,0.383691,64.000000,0.099186,30.130065,0.258505,1791.184395,214.610733
790,2.247252,0.295996,0.155032,64.000000,0.099186,28.479222,0.639779,1793.431647,214.765764
791,2.496382,0.298738,0.001388,64.000000,0.099186,25.637098,71.435733,1795.928030,214.767153
792,2.096670,0.296463,0.675056,64.000000,0.099186,30.524596,0.146930,1798.024699,215.442209
793,2.304145,0.302613,0.152928,64.000000,0.099186,27.776034,0.648578,1800.328844,215.595137
794,2.088431,0.294694,0.325822,64.000000,0.099186,30.645015,0.304418,1802.417275,215.920959
795,2.116785,0.296831,0.385140,64.000000,0.099186,30.234527,0.257532,1804.534060,216.306099
796,2.265034,0.303090,0.111367,64.000000,0.099186,28.255649,0.890625,1806.799094,216.417465
797,2.705213,0.298702,0.001368,64.000000,0.099186,23.658030,72.495283,1809.504306,216.418834
798,2.088440,0.297102,0.272207,64.000000,0.099186,30.644876,0.364376,1811.592747,216.691041
799,2.331665,0.298510,0.266155,64.000000,0.099186,27.448203,0.372663,1813.924412,216.957196
800,2.341566,0.300682,0.087854,64.000000,0.099186,27.332139,1.128980,1816.265977,217.045050
801,2.088877,0.295308,0.427074,64.000000,0.099186,30.638470,0.232245,1818.354854,217.472125
802,2.417030,0.298182,0.564536,64.000000,0.099186,26.478779,0.175695,1820.771884,218.036660
803,2.331130,0.297411,0.268342,64.000000,0.099186,27.454493,0.369626,1823.103014,218.305002
804,2.246334,0.298946,0.327131,64.000000,0.099186,28.490860,0.303199,1825.349349,218.632133
805,2.079182,0.297403,0.492431,64.000000,0.099186,30.781337,0.201421,1827.428531,219.124564
806,2.323201,0.300174,0.331197,64.000000,0.099186,27.548195,0.299478,1829.751732,219.455761
807,2.010887,0.298450,0.428682,64.000000,0.099186,31.826752,0.231374,1831.762619,219.884443
808,2.263726,0.302618,0.357520,64.000000,0.099186,28.271978,0.277428,1834.026345,220.241963
809,2.234337,0.299489,0.226139,64.000000,0.099186,28.643846,0.438605,1836.260681,220.468102
810,2.189022,0.293308,0.214470,64.000000,0.099186,29.236794,0.462470,1838.449704,220.682572
811,2.211799,0.303784,0.195421,64.000000,0.099186,28.935716,0.507550,1840.661503,220.877993
812,2.217974,0.300422,0.207653,64.000000,0.099186,28.855162,0.477653,1842.879477,221.085646
813,2.223471,0.299367,0.212833,64.000000,0.099186,28.783823,0.466027,1845.102949,221.298479
814,2.425299,0.301061,0.001366,64.000000,0.099186,26.388503,72.612414,1847.528247,221.299845
815,2.364246,0.299447,0.067713,64.000000,0.099186,27.069941,1.464799,1849.892493,221.367558
816,2.548091,0.303282,0.133121,64.000000,0.099186,25.116846,0.745083,1852.440584,221.500678
817,2.238103,0.299172,0.356817,64.000000,0.099186,28.595642,0.277975,1854.678687,221.857495
818,2.296988,0.299194,0.144020,64.000000,0.099186,27.862577,0.688694,1856.975675,222.001515
819,2.044614,0.296882,0.290773,64.000000,0.099186,31.301755,0.341111,1859.020289,222.292289
820,2.359460,0.303224,0.089154,64.000000,0.099186,27.124849,1.112529,1861.379749,222.381442
821,2.613906,0.296969,0.001380,64.000000,0.099186,24.484429,71.861375,1863.993655,222.382823
822,2.608656,0.295517,0.064614,64.000000,0.099186,24.533708,1.535045,1866.602311,222.447437
823,2.268285,0.290938,0.605976,64.000000,0.099186,28.215148,0.163680,1868.870596,223.053413
824,2.663311,0.299894,0.001373,64.000000,0.099186,24.030236,72.255307,1871.533907,223.054786
825,2.153989,0.304636,0.420510,64.000000,0.099186,29.712316,0.235870,1873.687896,223.475296
826,1.862756,0.336975,0.756135,64.000000,0.099186,34.357694,0.131175,1875.550652,224.231432
827,2.772192,0.297971,0.001373,64.000000,0.099186,23.086422,72.223055,1878.322844,224.232805
828,2.028444,0.304917,0.288994,64.000000,0.099186,31.551285,0.343211,1880.351288,224.521799
829,2.239084,0.296423,0.734582,64.000000,0.099186,28.583115,0.135024,1882.590372,225.256381
830,2.341533,0.297244,0.071739,64.000000,0.099186,27.332520,1.382586,1884.931905,225.328121
831,2.446678,0.297220,0.270797,64.000000,0.099186,26.157918,0.366274,1887.378583,225.598918
832,2.240161,0.306365,0.348331,64.000000,0.099186,28.569374,0.284746,1889.618744,225.947249
833,2.078062,0.331991,0.233108,64.000000,0.099186,30.797922,0.425494,1891.696806,226.180357
834,2.423765,0.295301,0.637988,64.000000,0.099186,26.405205,0.155467,1894.120571,226.818345
835,2.312698,0.297725,0.089468,64.000000,0.099186,27.673303,1.108625,1896.433269,226.907813
836,2.519902,0.298004,0.159879,64.000000,0.099186,25.397810,0.620383,1898.953171,227.067691
837,2.434147,0.297041,0.032832,64.000000,0.099186,26.292576,3.021011,1901.387319,227.100523
838,2.313661,0.298465,0.287508,64.000000,0.099186,27.661782,0.344984,1903.700980,227.388032
839,2.466452,0.296950,0.050908,64.000000,0.099186,25.948204,1.948351,1906.167432,227.438940
840,2.221080,0.294701,0.205292,64.000000,0.099186,28.814808,0.483145,1908.388512,227.644232
841,1.951017,0.300746,0.419736,64.000000,0.099186,32.803405,0.236306,1910.339529,228.063968
842,2.095257,0.294380,0.557700,64.000000,0.099186,30.545183,0.177848,1912.434786,228.621668
843,2.273487,0.295379,0.176645,64.000000,0.099186,28.150595,0.561500,1914.708273,228.798312
844,2.491378,0.305018,0.033111,64.000000,0.099186,25.688598,2.995539,1917.199650,228.831423
845,2.410666,0.303036,0.172566,64.000000,0.099186,26.548681,0.574770,1919.610316,229.003990
846,2.457118,0.299551,0.210313,64.000000,0.099186,26.046770,0.471612,1922.067435,229.214303
847,2.484960,0.299716,0.389802,64.000000,0.099186,25.754938,0.254452,1924.552395,229.604105
848,2.173406,0.294757,0.218977,64.000000,0.099186,29.446863,0.452951,1926.725802,229.823082
849,2.368022,0.297062,0.089096,64.000000,0.099186,27.026777,1.113245,1929.093824,229.912178
850,2.142569,0.301098,0.266363,64.000000,0.099186,29.870684,0.372371,1931.236392,230.178542
851,2.284278,0.298819,0.384138,64.000000,0.099186,28.017604,0.258204,1933.520671,230.562679
852,2.283724,0.298137,0.131761,64.000000,0.099186,28.024401,0.752771,1935.804395,230.694440
853,2.438522,0.293617,0.112335,64.000000,0.099186,26.245411,0.882947,1938.242916,230.806775
854,2.273845,0.295786,0.184201,64.000000,0.099186,28.146162,0.538465,1940.516761,230.990977
855,2.327381,0.299398,0.265787,64.000000,0.099186,27.498723,0.373178,1942.844142,231.256764
856,2.002383,0.303451,13.583480,64.000000,0.099186,31.961916,0.007302,1944.846525,244.840243
857,2.219988,0.297133,0.315868,64.000000,0.099186,28.828980,0.314011,1947.066513,245.156111
858,1.894275,0.290890,0.679211,64.000000,0.099186,33.786016,0.146031,1948.960788,245.835323
859,2.278222,0.297447,0.247098,64.000000,0.099186,28.092078,0.401403,1951.239010,246.082421
860,2.393135,0.295214,0.135929,64.000000,0.099186,26.743168,0.729690,1953.632145,246.218350
861,2.056634,0.299118,0.319660,64.000000,0.099186,31.118803,0.310286,1955.688779,246.538010
862,2.350030,0.302879,0.059464,64.000000,0.099186,27.233697,1.667987,1958.038809,246.597474
863,2.495116,0.302132,0.120411,64.000000,0.099186,25.650105,0.823728,1960.533926,246.717885
864,2.188616,0.303529,0.254863,64.000000,0.099186,29.242228,0.389174,1962.722541,246.972748
865,1.904287,0.303330,0.757099,64.000000,0.099186,33.608374,0.131008,1964.626829,247.729848
866,2.287635,0.296237,0.456182,64.000000,0.099186,27.976497,0.217426,1966.914463,248.186029
867,2.400920,0.301389,0.142613,64.000000,0.099186,26.656444,0.695491,1969.315383,248.328642
868,2.388064,0.296005,0.190554,64.000000,0.099186,26.799956,0.520514,1971.703447,248.519196
869,2.299621,0.301892,0.472565,64.000000,0.099186,27.830674,0.209889,1974.003068,248.991761
870,2.448531,0.295937,7.273770,64.000000,0.099186,26.138119,0.013636,1976.451599,256.265531
871,2.156524,0.294536,0.275394,64.000000,0.099186,29.677393,0.360160,1978.608123,256.540925
872,2.535519,0.296411,8.676247,64.000000,0.099186,25.241379,0.011432,1981.143642,265.217172
873,2.625495,0.303385,0.001374,64.000000,0.099186,24.376354,72.202919,1983.769137,265.218546
874,2.117810,0.296659,0.311978,64.000000,0.099186,30.219902,0.317926,1985.886947,265.530524
875,2.293681,0.299732,0.129802,64.000000,0.099186,27.902750,0.764132,1988.180627,265.660326
876,2.170247,0.301348,0.344337,64.000000,0.099186,29.489729,0.288049,1990.350875,266.004663
877,2.289015,0.293812,0.089857,64.000000,0.099186,27.959619,1.103824,1992.639890,266.094520
878,2.289649,0.297599,0.122998,64.000000,0.099186,27.951886,0.806400,1994.929539,266.217518
879,2.236006,0.297569,1.014250,64.000000,0.099186,28.622468,0.097792,1997.165544,267.231768
880,2.278924,0.303356,0.556539,64.000000,0.099186,28.083435,0.178219,1999.444468,267.788307
881,2.077396,0.325694,0.437719,64.000000,0.099186,30.807803,0.226598,2001.521864,268.226026
882,3.068232,0.316066,0.265977,64.000000,0.099186,20.858918,0.372911,2004.590096,268.492003
883,2.439918,0.296081,0.074131,64.000000,0.099186,26.230394,1.337977,2007.030013,268.566134
884,2.423198,0.298241,0.127076,64.000000,0.099186,26.411376,0.780522,2009.453212,268.693211
885,2.518502,0.300027,0.038768,64.000000,0.099186,25.411933,2.558462,2011.971713,268.731978
886,2.511126,0.297889,0.069731,64.000000,0.099186,25.486579,1.422410,2014.482839,268.801709
887,2.241307,0.295287,0.077633,64.000000,0.099186,28.554771,1.277628,2016.724146,268.879342
888,2.373836,0.296839,0.078246,64.000000,0.099186,26.960580,1.267611,2019.097982,268.957588
889,1.995316,0.301312,0.438494,64.000000,0.099186,32.075114,0.226197,2021.093298,269.396082
890,2.162697,0.295665,0.345733,64.000000,0.099186,29.592684,0.286886,2023.255995,269.741816
891,2.364040,0.299219,0.153363,64.000000,0.099186,27.072303,0.646739,2025.620035,269.895179
892,2.118255,0.297498,0.414006,64.000000,0.099186,30.213551,0.239576,2027.738290,270.309185
893,2.201851,0.297835,0.123908,64.000000,0.099186,29.066457,0.800480,2029.940140,270.433093
894,2.167343,0.300142,0.527709,64.000000,0.099186,29.529243,0.187956,2032.107483,270.960802
895,2.679391,0.297570,0.001362,64.000000,0.099186,23.886020,72.812093,2034.786875,270.962164
896,2.277266,0.296262,0.435303,64.000000,0.099186,28.103875,0.227855,2037.064141,271.397467
897,2.474059,0.295381,0.219317,64.000000,0.099186,25.868423,0.452250,2039.538200,271.616783
898,2.457824,0.297797,0.154735,64.000000,0.099186,26.039293,0.641006,2041.996024,271.771518
899,2.501171,0.294663,0.238206,64.000000,0.099186,25.588010,0.416387,2044.497195,272.009724
900,2.603181,0.300603,0.001387,64.000000,0.099186,24.585308,71.522376,2047.100376,272.011111
901,2.358916,0.297294,0.309140,64.000000,0.099186,27.131110,0.320844,2049.459292,272.320251
902,2.283460,0.294402,0.123138,64.000000,0.099186,28.027643,0.805485,2051.742752,272.443390
903,2.249582,0.294632,0.435329,64.000000,0.099186,28.449734,0.227841,2053.992333,272.878719
904,2.355198,0.298598,0.001372,64.000000,0.099186,27.173936,72.304767,2056.347531,272.880091
905,2.224729,0.301010,0.237396,64.000000,0.099186,28.767546,0.417808,2058.572261,273.117487
906,2.218164,0.293774,0.249327,64.000000,0.099186,28.852696,0.397814,2060.790424,273.366814
907,2.092470,0.297010,0.575516,64.000000,0.099186,30.585868,0.172343,2062.882894,273.942331
908,2.234316,0.298258,0.342706,64.000000,0.099186,28.644113,0.289420,2065.117210,274.285037
909,2.055273,0.296437,0.452943,64.000000,0.099186,31.139411,0.218981,2067.172483,274.737979
910,2.513015,0.300625,0.223956,64.000000,0.099186,25.467414,0.442881,2069.685498,274.961936
911,2.341785,0.310119,0.071985,64.000000,0.099186,27.329574,1.377861,2072.027284,275.033921
912,2.355013,0.301089,0.062650,64.000000,0.099186,27.176068,1.583172,2074.382297,275.096571
913,2.419375,0.299566,0.136759,64.000000,0.099186,26.453112,0.725259,2076.801672,275.233330
914,2.462829,0.299095,0.043789,64.000000,0.099186,25.986380,2.265106,2079.264501,275.277119
915,2.276732,0.297512,0.383557,64.000000,0.099186,28.110469,0.258595,2081.541232,275.660676
916,1.993857,0.289620,0.551947,64.000000,0.099186,32.098584,0.179702,2083.535090,276.212623
917,2.397006,0.300329,0.089609,64.000000,0.099186,26.699970,1.106872,2085.932096,276.302232
918,2.133955,0.302199,0.321057,64.000000,0.099186,29.991257,0.308936,2088.066052,276.623289
919,2.240776,0.296654,0.365645,64.000000,0.099186,28.561540,0.271263,2090.306827,276.988934
920,2.382742,0.322279,0.307494,64.000000,0.099186,26.859813,0.322562,2092.689569,277.296428
921,2.082042,0.294868,0.329530,64.000000,0.099186,30.739057,0.300992,2094.771611,277.625958
922,2.130838,0.302182,0.498164,64.000000,0.099186,30.035131,0.199103,2096.902449,278.124122
923,2.122164,0.316471,0.392634,64.000000,0.099186,30.157896,0.252617,2099.024613,278.516756
924,2.295456,0.306132,9.358058,64.000000,0.099186,27.881166,0.010599,2101.320069,287.874814
925,2.375369,0.295272,0.098019,64.000000,0.099186,26.943188,1.011907,2103.695438,287.972832
926,2.115818,0.303753,0.223741,64.000000,0.099186,30.248346,0.443306,2105.811256,288.196574
927,2.413486,0.300030,0.001293,64.000000,0.099186,26.517658,76.684727,2108.224742,288.197867
928,2.146961,0.300791,0.362666,64.000000,0.099186,29.809571,0.273491,2110.371703,288.560533
929,2.392247,0.302426,0.113274,64.000000,0.099186,26.753087,0.875625,2112.763951,288.673808
930,2.090987,0.301215,0.485563,64.000000,0.099186,30.607555,0.204270,2114.854938,289.159371
931,2.843470,0.302911,0.475656,64.000000,0.099186,22.507712,0.208524,2117.698407,289.635028
932,2.395548,0.298789,0.058901,64.000000,0.099186,26.716222,1.683935,2120.093956,289.693929
933,2.280566,0.297185,0.173758,64.000000,0.099186,28.063209,0.570829,2122.374522,289.867686
934,2.354931,0.294732,0.074825,64.000000,0.099186,27.177020,1.325577,2124.729452,289.942511
935,2.404154,0.298611,0.363246,64.000000,0.099186,26.620595,0.273055,2127.133606,290.305757
936,2.159029,0.297887,0.352017,64.000000,0.099186,29.642956,0.281765,2129.292635,290.657774
937,2.110839,0.288411,0.646923,64.000000,0.099186,30.319694,0.153320,2131.403474,291.304697
938,2.267676,0.298285,0.205066,64.000000,0.099186,28.222729,0.483679,2133.671150,291.509762
939,2.289991,0.301647,0.112750,64.000000,0.099186,27.947707,0.879700,2135.961141,291.622512
940,2.208603,0.296278,0.291671,64.000000,0.099186,28.977589,0.340061,2138.169745,291.914183
941,2.593180,0.297846,0.001423,64.000000,0.099186,24.680120,69.723214,2140.762925,291.915606
942,2.296878,0.299055,0.121422,64.000000,0.099186,27.863907,0.816866,2143.059803,292.037028
943,2.190642,0.300249,0.219140,64.000000,0.099186,29.215180,0.452615,2145.250445,292.256168
944,2.379453,0.295107,0.184769,64.000000,0.099186,26.896935,0.536811,2147.629898,292.440937
945,2.292500,0.296243,0.235418,64.000000,0.099186,27.917116,0.421318,2149.922399,292.676355
946,2.342200,0.297289,0.170231,64.000000,0.099186,27.324741,0.582653,2152.264598,292.846586
947,2.318996,0.294140,0.731380,64.000000,0.099186,27.598156,0.135615,2154.583594,293.577966
948,2.206493,0.296848,0.275220,64.000000,0.099186,29.005305,0.360388,2156.790087,293.853186
949,2.385915,0.297530,0.041474,64.000000,0.099186,26.824085,2.391530,2159.176002,293.894659
950,2.182291,0.304314,0.202207,64.000000,0.099186,29.326981,0.490518,2161.358293,294.096866
951,2.276198,0.298030,0.233180,64.000000,0.099186,28.117056,0.425363,2163.634491,294.330046
952,2.279980,0.294251,0.259234,64.000000,0.099186,28.070428,0.382612,2165.914471,294.589279
953,2.306757,0.295377,0.147310,64.000000,0.099186,27.744577,0.673314,2168.221228,294.736590
954,2.151053,0.307731,0.298449,64.000000,0.099186,29.752875,0.332338,2170.372281,295.035038
955,2.391752,0.296155,0.200992,64.000000,0.099186,26.758626,0.493481,2172.764033,295.236031
956,1.911103,0.291394,8.786675,64.000000,0.099186,33.488506,0.011288,2174.675136,304.022706
957,2.173402,0.293903,0.374516,64.000000,0.099186,29.446920,0.264838,2176.848539,304.397221
958,2.145825,0.297701,0.328611,64.000000,0.099186,29.825359,0.301834,2178.994363,304.725832
959,2.913917,0.303995,0.142470,64.000000,0.099186,21.963563,0.696188,2181.908281,304.868302
960,2.501788,0.309345,0.312388,64.000000,0.099186,25.581708,0.317508,2184.410068,305.180691
961,2.392682,0.295442,0.204691,64.000000,0.099186,26.748232,0.484565,2186.802750,305.385381
962,2.412268,0.295309,0.310085,64.000000,0.099186,26.531044,0.319867,2189.215018,305.695466
963,2.473277,0.305049,0.001402,64.000000,0.099186,25.876605,70.766126,2191.688295,305.696868
964,2.267848,0.296297,0.093655,64.000000,0.099186,28.220589,1.059061,2193.956142,305.790522
965,2.421427,0.294355,0.006510,64.000000,0.099186,26.430696,15.236116,2196.377569,305.797032
966,2.493894,0.294697,0.048744,64.000000,0.099186,25.662677,2.034842,2198.871464,305.845776
967,2.199454,0.302675,0.179428,64.000000,0.099186,29.098136,0.552789,2201.070917,306.025204
968,2.470774,0.296046,0.215519,64.000000,0.099186,25.902811,0.460220,2203.541691,306.240723
969,2.211088,0.297097,0.321088,64.000000,0.099186,28.945020,0.308906,2205.752780,306.561811
970,2.291012,0.294735,0.243218,64.000000,0.099186,27.935254,0.407806,2208.043792,306.805029
971,2.491871,0.298700,0.132698,64.000000,0.099186,25.683510,0.747455,2210.535663,306.937727
972,2.224616,0.296523,0.108365,64.000000,0.099186,28.769013,0.915297,2212.760279,307.046092
973,2.492352,0.310807,0.211867,64.000000,0.099186,25.678560,0.468151,2215.252630,307.257959
974,2.130039,0.298596,0.456532,64.000000,0.099186,30.046403,0.217259,2217.382669,307.714491
975,2.367088,0.294746,0.049021,64.000000,0.099186,27.037439,2.023336,2219.749757,307.763512
976,2.307453,0.297038,0.171693,64.000000,0.099186,27.736206,0.577694,2222.057211,307.935205
977,2.195084,0.295391,0.398005,64.000000,0.099186,29.156058,0.249208,2224.252295,308.333211
978,2.146506,0.299514,0.248941,64.000000,0.099186,29.815902,0.398431,2226.398800,308.582152
979,2.235472,0.296882,0.136094,64.000000,0.099186,28.629307,0.728804,2228.634272,308.718246
980,2.249394,0.296307,0.293022,64.000000,0.099186,28.452109,0.338493,2230.883666,309.011268
981,2.359287,0.299585,0.121988,64.000000,0.099186,27.126841,0.813081,2233.242953,309.133256
982,2.267185,0.297937,0.080725,64.000000,0.099186,28.228834,1.228691,2235.510138,309.213981
983,2.135916,0.303955,0.577148,64.000000,0.099186,29.963727,0.171855,2237.646054,309.791129
984,2.513529,0.295092,0.093763,64.000000,0.099186,25.462207,1.057840,2240.159583,309.884892
985,2.416333,0.296010,0.188340,64.000000,0.099186,26.486414,0.526632,2242.575916,310.073232
986,2.258676,0.295357,0.878925,64.000000,0.099186,28.335187,0.112849,2244.834592,310.952156
987,1.845658,0.297078,0.001343,64.000000,0.099186,34.675972,73.838951,2246.680250,310.953500
988,2.402950,0.297963,0.090557,64.000000,0.099186,26.633928,1.095292,2249.083200,311.044056
989,2.165764,0.308434,0.315554,64.000000,0.099186,29.550775,0.314323,2251.248964,311.359610
990,2.502965,0.300674,0.001323,64.000000,0.099186,25.569675,74.964416,2253.751929,311.360933
991,2.486961,0.296636,0.022164,64.000000,0.099186,25.734219,4.475065,2256.238890,311.383097
992,1.974706,0.290544,0.482415,64.000000,0.099186,32.409887,0.205603,2258.213596,311.865513
993,2.607893,0.300529,0.001344,64.000000,0.099186,24.540882,73.776504,2260.821490,311.866857
994,2.157231,0.294422,0.613890,64.000000,0.099186,29.667668,0.161570,2262.978720,312.480747
995,2.261499,0.299293,0.288935,64.000000,0.099186,28.299810,0.343281,2265.240219,312.769682
996,2.560450,0.296859,0.001349,64.000000,0.099186,24.995610,73.544450,2267.800669,312.771031
997,2.148326,0.296212,0.281029,64.000000,0.099186,29.790642,0.352938,2269.948995,313.052060
998,2.245700,0.295736,0.212592,64.000000,0.099186,28.498915,0.466554,2272.194694,313.264652
999,1.871127,0.293422,0.530501,64.000000,0.099186,34.203992,0.186967,2274.065821,313.795153
1000,2.338440,0.297749,0.176494,64.000000,0.099186,27.368676,0.561979,2276.404261,313.971647
1001,2.276658,0.300434,0.164393,64.000000,0.099186,28.111378,0.603348,2278.680919,314.136039
1002,2.129976,0.299149,0.287393,64.000000,0.099186,30.047282,0.345123,2280.810895,314.423432
1003,2.139589,0.314360,0.250820,64.000000,0.099186,29.912287,0.395447,2282.950484,314.674252
1004,2.199356,0.321464,0.334895,64.000000,0.099186,29.099426,0.296170,2285.149840,315.009147
1005,2.422257,0.302442,0.074447,64.000000,0.099186,26.421635,1.332309,2287.572098,315.083594
1006,1.961572,0.299709,0.431279,64.000000,0.099186,32.626891,0.229981,2289.533670,315.514873
1007,2.351822,0.296853,0.039775,64.000000,0.099186,27.212941,2.493667,2291.885492,315.554648
1008,2.549835,0.297488,0.042312,64.000000,0.099186,25.099660,2.344151,2294.435327,315.596960
1009,2.321736,0.297219,0.178761,64.000000,0.099186,27.565584,0.554852,2296.757063,315.775722
1010,2.253570,0.295347,0.258421,64.000000,0.099186,28.399384,0.383815,2299.010633,316.034143
1011,2.277055,0.288953,0.800192,64.000000,0.099186,28.106475,0.123953,2301.287688,316.834335
1012,2.589070,0.298722,0.059031,64.000000,0.099186,24.719299,1.680224,2303.876759,316.893366
1013,2.218597,0.297654,0.151833,64.000000,0.099186,28.847058,0.653256,2306.095356,317.045199
1014,2.629659,0.304768,0.001395,64.000000,0.099186,24.337753,71.119388,2308.725015,317.046594
1015,2.280455,0.296669,0.147581,64.000000,0.099186,28.064575,0.672078,2311.005470,317.194175
1016,2.253077,0.294655,0.171377,64.000000,0.099186,28.405601,0.578759,2313.258547,317.365552
1017,2.139410,0.296543,0.206268,64.000000,0.099186,29.914792,0.480859,2315.397957,317.571820
1018,2.467405,0.302239,0.085287,64.000000,0.099186,25.938185,1.162961,2317.865361,317.657107
1019,2.289560,0.296519,0.095447,64.000000,0.099186,27.952965,1.039168,2320.154922,317.752555
1020,2.334579,0.295076,0.003031,64.000000,0.099186,27.413937,32.718902,2322.489500,317.755586
1021,2.175894,0.296369,0.429938,64.000000,0.099186,29.413197,0.230698,2324.665395,318.185524
1022,2.225721,0.317673,0.219698,64.000000,0.099186,28.754727,0.451465,2326.891116,318.405222
1023,2.496971,0.298167,0.001299,64.000000,0.099186,25.631053,76.384546,2329.388087,318.406521
1024,2.270922,0.295889,0.220853,64.000000,0.099186,28.182392,0.449103,2331.659008,318.627374
1025,2.276045,0.296868,0.178393,64.000000,0.099186,28.118953,0.555997,2333.935053,318.805767
1026,2.306424,0.301825,0.031498,64.000000,0.099186,27.748584,3.148939,2336.241477,318.837265
1027,1.980208,0.292110,0.411979,64.000000,0.099186,32.319830,0.240755,2338.221686,319.249244
1028,2.345548,0.295075,0.110819,64.000000,0.099186,27.285740,0.895026,2340.567233,319.360063
1029,2.574303,0.294975,0.001361,64.000000,0.099186,24.861103,72.885770,2343.141536,319.361424
1030,2.229666,0.292844,0.130487,64.000000,0.099186,28.703856,0.760122,2345.371201,319.491911
1031,2.367041,0.294520,0.180271,64.000000,0.099186,27.037975,0.550206,2347.738242,319.672181
1032,2.300563,0.293711,0.257371,64.000000,0.099186,27.819278,0.385381,2350.038805,319.929553
1033,2.517846,0.293395,0.181597,64.000000,0.099186,25.418553,0.546187,2352.556651,320.111150
1034,2.347809,0.298073,0.369513,64.000000,0.099186,27.259462,0.268424,2354.904460,320.480662
1035,2.369626,0.297524,0.052719,64.000000,0.099186,27.008487,1.881415,2357.274085,320.533381
1036,2.321284,0.294217,0.150299,64.000000,0.099186,27.570953,0.659924,2359.595369,320.683680
1037,2.259520,0.298234,0.529538,64.000000,0.099186,28.324595,0.187307,2361.854889,321.213218
1038,2.504798,0.296103,0.089466,64.000000,0.099186,25.550959,1.108646,2364.359688,321.302684
1039,2.287352,0.292841,0.278669,64.000000,0.099186,27.979951,0.355927,2366.647040,321.581353
1040,2.320383,0.295887,0.117300,64.000000,0.099186,27.581659,0.845575,2368.967422,321.698653
1041,2.215304,0.301137,0.090047,64.000000,0.099186,28.889942,1.101487,2371.182726,321.788701
1042,2.391455,0.295325,0.122574,64.000000,0.099186,26.761949,0.809196,2373.574181,321.911274
1043,2.310301,0.299926,0.079799,64.000000,0.099186,27.702024,1.242948,2375.884482,321.991073
1044,2.182940,0.292932,0.183868,64.000000,0.099186,29.318261,0.539442,2378.067422,322.174941
1045,2.277507,0.296251,0.439879,64.000000,0.099186,28.100907,0.225484,2380.344928,322.614820
1046,2.455927,0.300807,0.001361,64.000000,0.099186,26.059404,72.855254,2382.800856,322.616182
1047,2.478424,0.309009,0.271580,64.000000,0.099186,25.822866,0.365218,2385.279279,322.887761
1048,2.270673,0.295169,0.241675,64.000000,0.099186,28.185478,0.410410,2387.549952,323.129436
1049,2.176956,0.294088,0.181762,64.000000,0.099186,29.398843,0.545690,2389.726908,323.311199
1050,2.190538,0.294921,0.212604,64.000000,0.099186,29.216567,0.466530,2391.917446,323.523802
1051,2.242987,0.298140,0.144957,64.000000,0.099186,28.533375,0.684244,2394.160434,323.668760
1052,2.225555,0.293489,0.178613,64.000000,0.099186,28.756875,0.555313,2396.385989,323.847372
1053,2.385356,0.296193,0.059977,64.000000,0.099186,26.830381,1.653722,2398.771344,323.907350
1054,2.717469,0.293305,0.001370,64.000000,0.099186,23.551324,72.384973,2401.488813,323.908720
1055,1.918365,0.300206,0.596090,64.000000,0.099186,33.361750,0.166394,2403.407178,324.504810
1056,2.370788,0.293245,0.184219,64.000000,0.099186,26.995242,0.538412,2405.777966,324.689030
1057,2.441645,0.293013,0.129393,64.000000,0.099186,26.211840,0.766550,2408.219611,324.818422
1058,2.201943,0.301228,0.236109,64.000000,0.099186,29.065245,0.420085,2410.421553,325.054531
1059,2.114760,0.309834,0.197374,64.000000,0.099186,30.263477,0.502529,2412.536314,325.251905
1060,2.206172,0.299518,0.220531,64.000000,0.099186,29.009527,0.449761,2414.742485,325.472436
1061,1.932139,0.290233,0.440859,64.000000,0.099186,33.123914,0.224983,2416.674624,325.913295
1062,2.371727,0.297699,0.102420,64.000000,0.099186,26.984562,0.968423,2419.046351,326.015715
1063,2.098673,0.294670,0.316826,64.000000,0.099186,30.495463,0.313061,2421.145023,326.332541
1064,2.127544,0.290900,0.315929,64.000000,0.099186,30.081640,0.313950,2423.272567,326.648470
1065,2.246534,0.293947,0.301085,64.000000,0.099186,28.488326,0.329428,2425.519101,326.949555
1066,2.265038,0.297187,0.238871,64.000000,0.099186,28.255602,0.415228,2427.784139,327.188426
1067,2.014814,0.296102,0.627863,64.000000,0.099186,31.764711,0.157974,2429.798953,327.816289
1068,2.271400,0.295818,0.217238,64.000000,0.099186,28.176450,0.456578,2432.070354,328.033527
1069,2.988353,0.294380,0.001350,64.000000,0.099186,21.416481,73.484460,2435.058707,328.034876
1070,2.263010,0.295008,0.172568,64.000000,0.099186,28.280924,0.574764,2437.321716,328.207445
1071,2.182298,0.292600,0.162710,64.000000,0.099186,29.326881,0.609587,2439.504014,328.370155
1072,2.096658,0.307976,0.357620,64.000000,0.099186,30.524763,0.277350,2441.600673,328.727775
1073,1.926612,0.297107,0.702790,64.000000,0.099186,33.218942,0.141132,2443.527284,329.430565
1074,2.296424,0.296255,0.113783,64.000000,0.099186,27.869419,0.871714,2445.823708,329.544348
1075,2.576764,0.294004,0.019656,64.000000,0.099186,24.837353,5.046093,2448.400472,329.564004
1076,2.407326,0.302549,0.160353,64.000000,0.099186,26.585517,0.618546,2450.807798,329.724357
1077,2.398581,0.298221,0.001371,64.000000,0.099186,26.682443,72.340838,2453.206379,329.725728
1078,2.365819,0.300473,0.100715,64.000000,0.099186,27.051947,0.984818,2455.572198,329.826443
1079,2.125897,0.292549,0.450509,64.000000,0.099186,30.104938,0.220164,2457.698095,330.276953
1080,2.228409,0.293425,0.464180,64.000000,0.099186,28.720041,0.213680,2459.926504,330.741133
1081,2.143359,0.291572,0.344861,64.000000,0.099186,29.859672,0.287612,2462.069863,331.085993
1082,2.121885,0.295196,0.377040,64.000000,0.099186,30.161859,0.263065,2464.191748,331.463034
1083,2.318502,0.292592,0.213610,64.000000,0.099186,27.604031,0.464331,2466.510250,331.676644
1084,2.304456,0.291882,0.103994,64.000000,0.099186,27.772281,0.953762,2468.814706,331.780638
1085,2.291649,0.293310,0.062580,64.000000,0.099186,27.927488,1.584957,2471.106355,331.843218
1086,1.973146,0.299806,0.975613,64.000000,0.099186,32.435518,0.101665,2473.079501,332.818831
1087,2.365601,0.294881,0.060450,64.000000,0.099186,27.054430,1.640786,2475.445102,332.879281
1088,2.343582,0.292584,0.458309,64.000000,0.099186,27.308627,0.216417,2477.788684,333.337590
1089,2.223039,0.298321,0.441122,64.000000,0.099186,28.789424,0.224849,2480.011722,333.778712
1090,2.253154,0.300489,0.266525,64.000000,0.099186,28.404632,0.372145,2482.264876,334.045237
1091,2.163791,0.297387,0.774240,64.000000,0.099186,29.577725,0.128107,2484.428667,334.819477
1092,2.084052,0.298073,0.486109,64.000000,0.099186,30.709411,0.204041,2486.512718,335.305586
1093,2.272701,0.299301,0.305267,64.000000,0.099186,28.160330,0.324915,2488.785419,335.610853
1094,1.848920,0.294069,0.547629,64.000000,0.099186,34.614795,0.181119,2490.634339,336.158483
1095,2.209615,0.313338,0.417884,64.000000,0.099186,28.964319,0.237353,2492.843954,336.576366
1096,2.544391,0.295370,0.001395,64.000000,0.099186,25.153364,71.118725,2495.388346,336.577761
1097,2.465346,0.295416,0.024812,64.000000,0.099186,25.959845,3.997477,2497.853692,336.602573
1098,2.548165,0.294509,0.018700,64.000000,0.099186,25.116117,5.304076,2500.401856,336.621273
1099,2.240510,0.308697,0.207360,64.000000,0.099186,28.564925,0.478327,2502.642366,336.828633
1100,2.273639,0.299085,0.001358,64.000000,0.099186,28.148706,73.054658,2504.916006,336.829991
