step,read_time_sec,compute_time_sec,write_time_sec,data_read_mb,data_written_mb,read_throughput_mb_s,write_throughput_mb_s,cumulative_read_time,cumulative_write_time
1,3.225404,0.147223,0.267023,64.000000,0.099186,19.842476,0.371452,3.225404,0.267023
2,2.433004,0.148545,0.264490,64.000000,0.099186,26.304934,0.375009,5.658408,0.531512
3,2.271595,0.147771,0.283864,64.000000,0.099186,28.174040,0.349414,7.930002,0.815376
4,2.303129,0.145697,0.182752,64.000000,0.099186,27.788287,0.542736,10.233131,0.998128
5,2.302251,0.147878,0.262722,64.000000,0.099186,27.798881,0.377532,12.535382,1.260850
6,2.471772,0.149352,0.088587,64.000000,0.099186,25.892354,1.119640,15.007154,1.349437
7,2.235553,0.148611,0.201383,64.000000,0.099186,28.628261,0.492524,17.242707,1.550820
8,2.411163,0.147081,0.060149,64.000000,0.099186,26.543207,1.648999,19.653870,1.610969
9,2.437772,0.145066,0.083737,64.000000,0.099186,26.253478,1.184500,22.091643,1.694706
10,2.225970,0.146198,0.223310,64.000000,0.099186,28.751514,0.444163,24.317612,1.918016
11,2.206319,0.146982,0.300524,64.000000,0.099186,29.007592,0.330044,26.523931,2.218540
12,2.030879,0.172730,0.410148,64.000000,0.099186,31.513452,0.241830,28.554810,2.628687
13,2.428783,0.145854,0.125579,64.000000,0.099186,26.350647,0.789831,30.983593,2.754266
14,1.838223,0.144173,0.620721,64.000000,0.099186,34.816230,0.159792,32.821816,3.374987
15,2.397905,0.145811,0.153780,64.000000,0.099186,26.689970,0.644986,35.219721,3.528767
16,2.179894,0.145838,0.349860,64.000000,0.099186,29.359226,0.283502,37.399615,3.878627
17,2.428887,0.146044,0.104091,64.000000,0.099186,26.349520,0.952880,39.828501,3.982718
18,2.207739,0.145193,0.279866,64.000000,0.099186,28.988930,0.354405,42.036241,4.262584
19,2.150612,0.146145,0.302173,64.000000,0.099186,29.758977,0.328242,44.186852,4.564757
20,2.229279,0.146365,0.214973,64.000000,0.099186,28.708831,0.461388,46.416131,4.779730
21,2.298755,0.145074,0.365794,64.000000,0.099186,27.841162,0.271153,48.714886,5.145524
22,2.071509,0.146636,0.381495,64.000000,0.099186,30.895357,0.259993,50.786395,5.527018
23,2.354967,0.148234,0.166110,64.000000,0.099186,27.176604,0.597110,53.141361,5.693128
24,2.224463,0.146541,0.221950,64.000000,0.099186,28.770983,0.446884,55.365825,5.915078
25,2.262968,0.146519,0.215112,64.000000,0.099186,28.281442,0.461090,57.628793,6.130190
26,2.276207,0.145698,0.253203,64.000000,0.099186,28.116949,0.391725,59.905000,6.383393
27,2.299767,0.146280,0.205070,64.000000,0.099186,27.828905,0.483669,62.204767,6.588463
28,2.322880,0.145762,0.156430,64.000000,0.099186,27.551999,0.634061,64.527648,6.744893
29,2.343042,0.145109,0.193535,64.000000,0.099186,27.314915,0.512495,66.870690,6.938428
30,2.417543,0.146038,0.101584,64.000000,0.099186,26.473158,0.976396,69.288233,7.040012
31,2.359793,0.146343,0.131466,64.000000,0.099186,27.121018,0.754461,71.648026,7.171478
32,2.427064,0.144576,0.127031,64.000000,0.099186,26.369304,0.780798,74.075091,7.298509
33,2.168458,0.161761,0.397658,64.000000,0.099186,29.514059,0.249425,76.243549,7.696167
34,2.289736,0.146282,0.189029,64.000000,0.099186,27.950822,0.524714,78.533285,7.885196
35,2.265697,0.147990,0.242498,64.000000,0.099186,28.247382,0.409018,80.798981,8.127694
36,2.458927,0.149816,0.272417,64.000000,0.099186,26.027610,0.364096,83.257909,8.400111
37,2.424630,0.145279,0.187030,64.000000,0.099186,26.395777,0.530321,85.682539,8.587141
38,2.581337,0.145992,0.049990,64.000000,0.099186,24.793353,1.984121,88.263876,8.637131
39,2.161409,0.149135,0.301467,64.000000,0.099186,29.610320,0.329011,90.425285,8.938598
40,2.383807,0.146522,0.094388,64.000000,0.099186,26.847814,1.050835,92.809091,9.032986
41,2.357945,0.149433,0.142106,64.000000,0.099186,27.142282,0.697971,95.167036,9.175092
42,2.056144,0.148439,0.279251,64.000000,0.099186,31.126228,0.355185,97.223180,9.454343
43,2.351242,0.148444,0.145462,64.000000,0.099186,27.219662,0.681870,99.574421,9.599805
44,2.456673,0.146036,0.229579,64.000000,0.099186,26.051490,0.432035,102.031095,9.829383
45,1.985947,0.145753,0.445285,64.000000,0.099186,32.226433,0.222747,104.017042,10.274668
46,2.316890,0.147502,0.195443,64.000000,0.099186,27.623239,0.507494,106.333932,10.470110
47,2.259920,0.145452,0.118360,64.000000,0.099186,28.319589,0.838005,108.593852,10.588470
48,2.006313,0.150600,0.404944,64.000000,0.099186,31.899315,0.244937,110.600164,10.993414
49,2.296712,0.145492,0.185695,64.000000,0.099186,27.865919,0.534134,112.896877,11.179109
50,2.261852,0.146109,0.191712,64.000000,0.099186,28.295398,0.517369,115.158728,11.370821
51,2.296983,0.145816,0.264847,64.000000,0.099186,27.862640,0.374503,117.455711,11.635668
52,2.142380,0.145942,0.407748,64.000000,0.099186,29.873315,0.243253,119.598091,12.043416
53,2.119099,0.147018,0.418201,64.000000,0.099186,30.201522,0.237173,121.717190,12.461617
54,2.293403,0.146530,0.217172,64.000000,0.099186,27.906124,0.456716,124.010593,12.678789
55,2.377246,0.145679,0.232213,64.000000,0.099186,26.921909,0.427133,126.387839,12.911002
56,2.225010,0.147044,0.216697,64.000000,0.099186,28.763909,0.457717,128.612850,13.127699
57,2.276161,0.149009,0.253916,64.000000,0.099186,28.117521,0.390624,130.889011,13.381616
58,2.215777,0.145996,0.180291,64.000000,0.099186,28.883776,0.550145,133.104787,13.561906
59,2.302689,0.146803,0.181502,64.000000,0.099186,27.793587,0.546473,135.407477,13.743408
60,2.240388,0.147473,0.278830,64.000000,0.099186,28.566476,0.355722,137.647865,14.022238
61,2.301033,0.146137,0.227657,64.000000,0.099186,27.813598,0.435681,139.948898,14.249896
62,2.393039,0.148759,0.154752,64.000000,0.099186,26.744232,0.640936,142.341937,14.404647
63,2.300770,0.146618,0.236840,64.000000,0.099186,27.816774,0.418789,144.642707,14.641487
64,2.320616,0.148791,0.177268,64.000000,0.099186,27.578881,0.559526,146.963324,14.818755
65,2.647854,0.149195,0.003550,64.000000,0.099186,24.170516,27.937562,149.611178,14.822306
66,2.280686,0.148395,0.223911,64.000000,0.099186,28.061735,0.442970,151.891863,15.046217
67,2.441112,0.148275,0.257325,64.000000,0.099186,26.217562,0.385450,154.332975,15.303542
68,2.434296,0.148457,0.313111,64.000000,0.099186,26.290965,0.316776,156.767272,15.616653
69,2.173437,0.143360,0.646823,64.000000,0.099186,29.446449,0.153343,158.940709,16.263476
70,2.020921,0.145816,0.408400,64.000000,0.099186,31.668735,0.242864,160.961629,16.671876
71,2.514761,0.146864,0.201511,64.000000,0.099186,25.449737,0.492211,163.476390,16.873387
72,2.466871,0.146932,0.194077,64.000000,0.099186,25.943796,0.511064,165.943261,17.067464
73,2.349026,0.147061,0.233895,64.000000,0.099186,27.245334,0.424061,168.292287,17.301360
74,2.175849,0.146831,0.364828,64.000000,0.099186,29.413801,0.271870,170.468136,17.666188
75,2.642503,0.148806,0.379978,64.000000,0.099186,24.219464,0.261031,173.110639,18.046166
76,2.455585,0.148309,0.041510,64.000000,0.099186,26.063031,2.389435,175.566225,18.087676
77,2.213496,0.148058,0.375731,64.000000,0.099186,28.913542,0.263982,177.779720,18.463407
78,2.350044,0.148552,0.171159,64.000000,0.099186,27.233537,0.579497,180.129764,18.634566
79,2.330779,0.149114,0.189831,64.000000,0.099186,27.458636,0.522496,182.460543,18.824397
80,2.277901,0.144876,0.278685,64.000000,0.099186,28.096046,0.355907,184.738443,19.103081
81,2.397765,0.149022,0.040058,64.000000,0.099186,26.691527,2.476085,187.136208,19.143139
82,2.273048,0.148386,0.203129,64.000000,0.099186,28.156032,0.488291,189.409255,19.346268
83,2.111129,0.147166,0.345923,64.000000,0.099186,30.315537,0.286729,191.520384,19.692190
84,2.306961,0.145988,0.220771,64.000000,0.099186,27.742127,0.449270,193.827345,19.912961
85,2.272958,0.145583,0.313161,64.000000,0.099186,28.157144,0.316725,196.100303,20.226123
86,2.118226,0.148089,0.451480,64.000000,0.099186,30.213962,0.219691,198.218529,20.677602
87,2.231819,0.146881,0.257945,64.000000,0.099186,28.676161,0.384523,200.450348,20.935548
88,2.295409,0.146319,0.237795,64.000000,0.099186,27.881743,0.417107,202.745757,21.173343
89,2.599419,0.148039,0.110818,64.000000,0.099186,24.620888,0.895031,205.345175,21.284161
90,2.217281,0.146600,0.239064,64.000000,0.099186,28.864177,0.414893,207.562457,21.523225
91,2.500774,0.145183,0.051298,64.000000,0.099186,25.592074,1.933513,210.063231,21.574523
92,2.278730,0.145516,0.275632,64.000000,0.099186,28.085815,0.359849,212.341961,21.850155
93,2.396894,0.145484,0.070326,64.000000,0.099186,26.701225,1.410371,214.738855,21.920482
94,2.061056,0.145930,0.430213,64.000000,0.099186,31.052049,0.230551,216.799911,22.350694
95,2.213882,0.146316,0.313552,64.000000,0.099186,28.908502,0.316330,219.013792,22.664246
96,3.331660,0.146949,0.620725,64.000000,0.099186,19.209646,0.159790,222.345452,23.284971
97,2.947858,0.145239,0.273146,64.000000,0.099186,21.710676,0.363125,225.293310,23.558117
98,2.856686,0.147046,0.366520,64.000000,0.099186,22.403579,0.270615,228.149997,23.924637
99,2.350372,0.146613,0.310554,64.000000,0.099186,27.229727,0.319384,230.500369,24.235191
100,2.219263,0.147530,0.318733,64.000000,0.099186,28.838398,0.311188,232.719632,24.553924
101,2.586905,0.146208,0.216000,64.000000,0.099186,24.739984,0.459194,235.306538,24.769925
102,2.065038,0.139289,0.720980,64.000000,0.099186,30.992159,0.137571,237.371576,25.490904
103,2.005964,0.141184,2.288540,64.000000,0.099186,31.904859,0.043340,239.377540,27.779444
104,1.250736,0.145238,0.028786,64.000000,0.099186,51.169872,3.445673,240.628276,27.808230
105,2.387315,0.148406,0.285006,64.000000,0.099186,26.808355,0.348014,243.015592,28.093236
106,2.175665,0.142847,0.502449,64.000000,0.099186,29.416287,0.197405,245.191257,28.595685
107,2.202929,0.148421,0.245827,64.000000,0.099186,29.052229,0.403478,247.394187,28.841512
108,2.422555,0.146031,0.089446,64.000000,0.099186,26.418394,1.108888,249.816741,28.930958
109,2.620188,0.144774,0.158236,64.000000,0.099186,24.425733,0.626824,252.436929,29.089194
110,2.364163,0.145847,0.210817,64.000000,0.099186,27.070894,0.470483,254.801091,29.300012
111,2.444378,0.145819,0.175019,64.000000,0.099186,26.182526,0.566716,257.245470,29.475030
112,2.242332,0.146289,0.302377,64.000000,0.099186,28.541719,0.328021,259.487801,29.777408
113,2.456250,0.146053,0.263105,64.000000,0.099186,26.055983,0.376983,261.944051,30.040512
114,2.397405,0.145855,0.248798,64.000000,0.099186,26.695536,0.398660,264.341456,30.289311
115,2.423468,0.146127,0.059961,64.000000,0.099186,26.408437,1.654173,266.764924,30.349272
116,2.442246,0.145161,0.001299,64.000000,0.099186,26.205387,76.345271,269.207170,30.350571
117,2.371376,0.145957,0.273077,64.000000,0.099186,26.988554,0.363216,271.578545,30.623648
118,2.379317,0.146825,0.263667,64.000000,0.099186,26.898476,0.376178,273.957862,30.887316
119,2.662943,0.145993,0.259924,64.000000,0.099186,24.033557,0.381596,276.620805,31.147240
120,2.368164,0.145962,0.238069,64.000000,0.099186,27.025156,0.416627,278.988969,31.385308
121,2.433850,0.145960,0.090272,64.000000,0.099186,26.295787,1.098742,281.422819,31.475581
122,2.272912,0.145276,0.433500,64.000000,0.099186,28.157708,0.228803,283.695732,31.909080
123,2.337198,0.145668,0.203804,64.000000,0.099186,27.383216,0.486674,286.032930,32.112884
124,2.387771,0.146805,0.238649,64.000000,0.099186,26.803245,0.415614,288.420700,32.351533
125,2.265372,0.146312,0.226838,64.000000,0.099186,28.251434,0.437254,290.686072,32.578371
126,2.138086,0.138789,1.133302,64.000000,0.099186,29.933311,0.087519,292.824158,33.711674
127,2.414247,0.148792,0.284934,64.000000,0.099186,26.509306,0.348102,295.238405,33.996608
128,2.408817,0.147238,0.404213,64.000000,0.099186,26.569058,0.245381,297.647222,34.400820
129,2.401673,0.149393,0.189749,64.000000,0.099186,26.648089,0.522722,300.048895,34.590569
130,2.168575,0.147573,0.535411,64.000000,0.099186,29.512461,0.185252,302.217470,35.125980
131,2.365280,0.148471,0.336926,64.000000,0.099186,27.058111,0.294385,304.582750,35.462906
132,2.288765,0.165693,0.379231,64.000000,0.099186,27.962676,0.261545,306.871515,35.842138
133,2.626282,0.149090,0.090901,64.000000,0.099186,24.369047,1.091143,309.497798,35.933039
134,3.309820,0.147491,0.213189,64.000000,0.099186,19.336399,0.465250,312.807618,36.146227
135,2.486142,0.152687,0.090652,64.000000,0.099186,25.742701,1.094139,315.293759,36.236879
136,2.364253,0.146531,0.191830,64.000000,0.099186,27.069859,0.517051,317.658012,36.428709
137,2.498873,0.146190,0.387950,64.000000,0.099186,25.611548,0.255667,320.156885,36.816660
138,2.310490,0.148323,0.257303,64.000000,0.099186,27.699754,0.385483,322.467375,37.073963
139,2.485199,0.144894,0.264646,64.000000,0.099186,25.752470,0.374788,324.952574,37.338609
140,2.369438,0.146343,0.221286,64.000000,0.099186,27.010620,0.448226,327.322012,37.559895
141,2.342090,0.145832,0.332989,64.000000,0.099186,27.326018,0.297866,329.664102,37.892883
142,2.302331,0.147954,0.166999,64.000000,0.099186,27.797916,0.593930,331.966433,38.059883
143,2.065223,0.147786,0.495174,64.000000,0.099186,30.989390,0.200305,334.031656,38.555057
144,2.059291,0.156696,0.428788,64.000000,0.099186,31.078661,0.231317,336.090947,38.983845
145,2.474953,0.145362,0.150828,64.000000,0.099186,25.859082,0.657610,338.565899,39.134672
146,2.268607,0.145890,0.273950,64.000000,0.099186,28.211139,0.362059,340.834507,39.408622
147,1.797469,0.142014,0.589323,64.000000,0.099186,35.605629,0.168305,342.631975,39.997945
148,2.173477,0.152969,0.544709,64.000000,0.099186,29.445912,0.182090,344.805452,40.542654
149,2.143902,0.145457,0.416075,64.000000,0.099186,29.852113,0.238385,346.949354,40.958728
150,2.259110,0.148667,0.352725,64.000000,0.099186,28.329741,0.281199,349.208464,41.311453
151,2.746514,0.145932,0.150558,64.000000,0.099186,23.302270,0.658790,351.954977,41.462011
152,2.574624,0.148015,0.184112,64.000000,0.099186,24.858002,0.538726,354.529601,41.646123
153,2.414756,0.148523,0.223193,64.000000,0.099186,26.503708,0.444395,356.944358,41.869316
154,2.241355,0.146569,0.296422,64.000000,0.099186,28.554158,0.334610,359.185712,42.165738
155,2.713504,0.146302,0.201554,64.000000,0.099186,23.585736,0.492105,361.899217,42.367292
156,2.371684,0.145588,0.229972,64.000000,0.099186,26.985045,0.431295,364.270901,42.597265
157,2.478431,0.150947,0.001482,64.000000,0.099186,25.822794,66.944207,366.749331,42.598746
158,3.357024,0.146062,0.226493,64.000000,0.099186,19.064502,0.437921,370.106356,42.825239
159,2.330895,0.145049,0.317814,64.000000,0.099186,27.457264,0.312088,372.437251,43.143053
160,2.564657,0.148794,0.209786,64.000000,0.099186,24.954602,0.472795,375.001908,43.352839
161,2.303425,0.156297,0.447840,64.000000,0.099186,27.784714,0.221476,377.305333,43.800679
162,2.228406,0.149570,0.320086,64.000000,0.099186,28.720086,0.309873,379.533738,44.120765
163,2.217839,0.291246,0.232767,64.000000,0.099186,28.856925,0.426117,381.751577,44.353532
164,2.143883,0.287513,0.272670,64.000000,0.099186,29.852374,0.363758,383.895460,44.626202
165,2.510465,0.282704,0.019999,64.000000,0.099186,25.493283,4.959505,386.405925,44.646201
166,2.347040,0.283477,0.148290,64.000000,0.099186,27.268389,0.668864,388.752965,44.794491
167,2.218056,0.284038,0.285026,64.000000,0.099186,28.854094,0.347989,390.971021,45.079517
168,2.504281,0.283946,0.182076,64.000000,0.099186,25.556237,0.544750,393.475302,45.261593
169,2.397063,0.283696,0.158005,64.000000,0.099186,26.699335,0.627739,395.872366,45.419598
170,2.167896,0.283382,0.323223,64.000000,0.099186,29.521709,0.306866,398.040262,45.742821
171,2.393602,0.282818,0.082839,64.000000,0.099186,26.737949,1.197329,400.433864,45.825660
172,2.201798,0.285784,0.317797,64.000000,0.099186,29.067153,0.312105,402.635662,46.143457
173,2.418342,0.286548,0.001343,64.000000,0.099186,26.464412,73.834279,405.054004,46.144801
174,2.532839,0.289882,0.135270,64.000000,0.099186,25.268090,0.733246,407.586843,46.280071
175,2.383394,0.289263,0.275643,64.000000,0.099186,26.852468,0.359834,409.970236,46.555714
176,1.960642,0.289711,0.488574,64.000000,0.099186,32.642364,0.203011,411.930879,47.044288
177,2.253021,0.287629,0.180801,64.000000,0.099186,28.406303,0.548591,414.183900,47.225089
178,2.141319,0.281981,0.298400,64.000000,0.099186,29.888120,0.332393,416.325219,47.523489
179,2.260051,0.280163,0.208122,64.000000,0.099186,28.317939,0.476576,418.585270,47.731610
180,3.089827,0.279086,0.285311,64.000000,0.099186,20.713137,0.347642,421.675097,48.016921
181,2.651772,0.278425,0.041938,64.000000,0.099186,24.134808,2.365038,424.326868,48.058860
182,2.399011,0.278127,0.081391,64.000000,0.099186,26.677659,1.218635,426.725879,48.140251
183,2.433346,0.278433,0.258869,64.000000,0.099186,26.301232,0.383151,429.159226,48.399120
184,2.415634,0.277519,0.202568,64.000000,0.099186,26.494076,0.489643,431.574860,48.601688
185,2.047880,0.280305,0.314130,64.000000,0.099186,31.251824,0.315748,433.622740,48.915818
186,2.657003,0.277414,0.131407,64.000000,0.099186,24.087293,0.754802,436.279743,49.047224
187,2.328529,0.280021,0.086794,64.000000,0.099186,27.485162,1.142779,438.608272,49.134018
188,1.998522,0.277048,0.430132,64.000000,0.099186,32.023658,0.230594,440.606794,49.564150
189,2.650788,0.279102,0.072576,64.000000,0.099186,24.143764,1.366643,443.257583,49.636727
190,2.412071,0.281431,0.195788,64.000000,0.099186,26.533219,0.506598,445.669653,49.832515
191,2.528865,0.280409,0.001402,64.000000,0.099186,25.307799,70.767843,448.198518,49.833916
192,2.371672,0.280461,0.346379,64.000000,0.099186,26.985182,0.286351,450.570190,50.180295
193,2.441310,0.284069,0.131611,64.000000,0.099186,26.215429,0.753627,453.011500,50.311907
194,2.093937,0.287415,0.442642,64.000000,0.099186,30.564430,0.224077,455.105438,50.754548
195,2.554033,0.276647,0.172224,64.000000,0.099186,25.058411,0.575914,457.659470,50.926772
196,2.119193,0.275113,0.433256,64.000000,0.099186,30.200182,0.228932,459.778663,51.360028
197,2.506528,0.282507,0.106069,64.000000,0.099186,25.533330,0.935110,462.285190,51.466096
198,2.297825,0.278645,0.088555,64.000000,0.099186,27.852423,1.120050,464.583016,51.554651
199,2.428237,0.278470,0.001431,64.000000,0.099186,26.356568,69.290976,467.011253,51.556083
200,2.155868,0.275171,0.234339,64.000000,0.099186,29.686422,0.423259,469.167121,51.790422
201,2.407698,0.275893,0.190151,64.000000,0.099186,26.581405,0.521616,471.574819,51.980573
202,2.348238,0.273467,0.159118,64.000000,0.099186,27.254477,0.623349,473.923057,52.139691
203,2.368512,0.273333,0.171275,64.000000,0.099186,27.021181,0.579104,476.291569,52.310966
204,2.181384,0.279950,0.247968,64.000000,0.099186,29.339166,0.399995,478.472954,52.558934
205,2.045979,0.282392,0.382091,64.000000,0.099186,31.280869,0.259587,480.518933,52.941025
206,2.015039,0.272112,0.535032,64.000000,0.099186,31.761167,0.185383,482.533972,53.476057
207,2.609512,0.274413,0.001447,64.000000,0.099186,24.525662,68.538150,485.143484,53.477504
208,2.107422,0.278964,0.390297,64.000000,0.099186,30.368865,0.254129,487.250905,53.867801
209,2.507752,0.273815,0.146800,64.000000,0.099186,25.520864,0.675655,489.758657,54.014601
210,1.821558,0.267593,0.688949,64.000000,0.099186,35.134764,0.143967,491.580215,54.703550
211,2.267471,0.273478,0.287117,64.000000,0.099186,28.225277,0.345454,493.847686,54.990668
212,2.551072,0.274363,0.001373,64.000000,0.099186,25.087497,72.223476,496.398757,54.992041
213,3.356131,0.273379,0.169188,64.000000,0.099186,19.069578,0.586247,499.754888,55.161229
214,2.189409,0.275795,0.356869,64.000000,0.099186,29.231636,0.277934,501.944297,55.518098
215,2.348813,0.275589,0.285742,64.000000,0.099186,27.247810,0.347117,504.293110,55.803840
216,2.321655,0.281796,0.156191,64.000000,0.099186,27.566536,0.635029,506.614765,55.960031
217,2.437510,0.273696,0.265669,64.000000,0.099186,26.256298,0.373344,509.052276,56.225700
218,2.360480,0.278750,0.115703,64.000000,0.099186,27.113129,0.857248,511.412756,56.341403
219,2.674298,0.275302,0.139211,64.000000,0.099186,23.931513,0.712488,514.087054,56.480614
220,2.453297,0.275100,0.108921,64.000000,0.099186,26.087344,0.910623,516.540351,56.589535
221,2.326416,0.274460,0.113970,64.000000,0.099186,27.510125,0.870279,518.866767,56.703505
222,2.134092,0.296876,0.364552,64.000000,0.099186,29.989335,0.272076,521.000859,57.068057
223,2.252813,0.274848,0.159339,64.000000,0.099186,28.408924,0.622483,523.253672,57.227396
224,2.400000,0.279709,0.181417,64.000000,0.099186,26.666662,0.546728,525.653672,57.408813
225,2.343794,0.274410,0.096576,64.000000,0.099186,27.306150,1.027021,527.997467,57.505390
226,3.224191,0.275504,0.141540,64.000000,0.099186,19.849938,0.700763,531.221658,57.646930
227,2.389315,0.272433,0.080938,64.000000,0.099186,26.785921,1.225461,533.610973,57.727867
228,2.547794,0.272961,0.046361,64.000000,0.099186,25.119768,2.139434,536.158767,57.774228
229,2.276973,0.276380,0.164677,64.000000,0.099186,28.107491,0.602307,538.435740,57.938905
230,2.152292,0.274428,0.261930,64.000000,0.099186,29.735744,0.378673,540.588032,58.200835
231,2.353058,0.273610,0.058909,64.000000,0.099186,27.198647,1.683722,542.941090,58.259744
232,2.185644,0.322516,0.382850,64.000000,0.099186,29.281988,0.259073,545.126734,58.642594
233,1.994277,0.278187,0.415664,64.000000,0.099186,32.091838,0.238621,547.121011,59.058258
234,2.325137,0.277648,0.156404,64.000000,0.099186,27.525256,0.634165,549.446148,59.214661
235,2.330034,0.273950,0.162903,64.000000,0.099186,27.467408,0.608864,551.776182,59.377565
236,2.341324,0.282047,0.130534,64.000000,0.099186,27.334965,0.759846,554.117506,59.508099
237,2.289615,0.302782,0.270770,64.000000,0.099186,27.952298,0.366311,556.407121,59.778869
238,2.200194,0.274434,0.371876,64.000000,0.099186,29.088350,0.266718,558.607315,60.150744
239,2.254081,0.280857,0.111448,64.000000,0.099186,28.392946,0.889974,560.861396,60.262192
240,2.269649,0.281221,0.288689,64.000000,0.099186,28.198192,0.343573,563.131045,60.550882
241,2.407838,0.274638,0.045571,64.000000,0.099186,26.579859,2.176514,565.538883,60.596453
242,2.236414,0.274208,0.183353,64.000000,0.099186,28.617242,0.540957,567.775297,60.779805
243,2.629452,0.275259,0.065968,64.000000,0.099186,24.339676,1.503543,570.404749,60.845773
244,2.385928,0.274172,0.001287,64.000000,0.099186,26.823946,77.038284,572.790676,60.847061
245,2.542237,0.272824,0.110209,64.000000,0.099186,25.174678,0.899977,575.332913,60.957270
246,2.324345,0.278416,0.320009,64.000000,0.099186,27.534633,0.309947,577.657259,61.277279
247,2.263915,0.273891,0.235434,64.000000,0.099186,28.269609,0.421289,579.921174,61.512713
248,2.690217,0.275019,0.020401,64.000000,0.099186,23.789905,4.861930,582.611391,61.533114
249,2.503866,0.281805,0.286075,64.000000,0.099186,25.560474,0.346714,585.115257,61.819189
250,2.420660,0.273894,0.044670,64.000000,0.099186,26.439075,2.220406,587.535917,61.863859
251,2.337736,0.273143,0.108794,64.000000,0.099186,27.376910,0.911689,589.873653,61.972652
252,2.421205,0.274475,0.060143,64.000000,0.099186,26.433115,1.649171,592.294858,62.032795
253,2.366996,0.282624,0.116304,64.000000,0.099186,27.038486,0.852819,594.661855,62.149099
254,2.533240,0.275778,0.061356,64.000000,0.099186,25.264086,1.616573,597.195095,62.210455
255,2.329352,0.275385,0.104685,64.000000,0.099186,27.475448,0.947468,599.524447,62.315140
256,2.361123,0.276219,0.219571,64.000000,0.099186,27.105749,0.451727,601.885570,62.534711
257,3.434054,0.276360,0.175120,64.000000,0.099186,18.636865,0.566388,605.319624,62.709831
258,2.439363,0.278899,0.001370,64.000000,0.099186,26.236353,72.403942,607.758987,62.711201
259,2.210280,0.275359,0.279455,64.000000,0.099186,28.955612,0.354927,609.969267,62.990655
260,2.279940,0.275316,0.153182,64.000000,0.099186,28.070913,0.647503,612.249207,63.143838
261,2.538588,0.281614,0.196844,64.000000,0.099186,25.210868,0.503881,614.787795,63.340682
262,2.515789,0.281170,0.185617,64.000000,0.099186,25.439333,0.534357,617.303584,63.526299
263,2.860255,0.274927,0.488408,64.000000,0.099186,22.375624,0.203080,620.163840,64.014707
264,2.430633,0.276051,0.088999,64.000000,0.099186,26.330590,1.114460,622.594473,64.103706
265,2.299950,0.283330,0.149685,64.000000,0.099186,27.826695,0.662631,624.894422,64.253391
266,2.196627,0.293332,0.231817,64.000000,0.099186,29.135580,0.427864,627.091049,64.485208
267,2.325436,0.275122,0.146524,64.000000,0.099186,27.521726,0.676925,629.416485,64.631732
268,2.248831,0.282703,0.305723,64.000000,0.099186,28.459235,0.324431,631.665315,64.937455
269,2.418604,0.284035,0.035643,64.000000,0.099186,26.461540,2.782778,634.083920,64.973098
270,2.131214,0.296269,0.369527,64.000000,0.099186,30.029829,0.268413,636.215134,65.342625
271,2.462673,0.276197,0.090186,64.000000,0.099186,25.988018,1.099795,638.677808,65.432810
272,2.225006,0.271465,0.587450,64.000000,0.099186,28.763967,0.168841,640.902814,66.020261
273,2.142175,0.276928,0.268183,64.000000,0.099186,29.876180,0.369844,643.044988,66.288444
274,2.090460,0.287922,0.496080,64.000000,0.099186,30.615276,0.199940,645.135448,66.784523
275,2.146687,0.276038,0.267693,64.000000,0.099186,29.813381,0.370521,647.282135,67.052217
276,2.403603,0.277048,0.123989,64.000000,0.099186,26.626695,0.799956,649.685738,67.176206
277,2.631136,0.286135,0.215643,64.000000,0.099186,24.324098,0.459955,652.316874,67.391848
278,2.294498,0.284514,0.219806,64.000000,0.099186,27.892807,0.451242,654.611372,67.611655
279,2.353216,0.276852,0.152903,64.000000,0.099186,27.196827,0.648687,656.964588,67.764558
280,2.316737,0.277148,0.158148,64.000000,0.099186,27.625066,0.627173,659.281324,67.922705
281,2.733346,0.285223,0.712874,64.000000,0.099186,23.414526,0.139135,662.014670,68.635579
282,2.209661,0.284372,0.508380,64.000000,0.099186,28.963724,0.195102,664.224331,69.143959
283,2.259016,0.276559,0.129902,64.000000,0.099186,28.330924,0.763544,666.483346,69.273861
284,2.365881,0.276447,0.127570,64.000000,0.099186,27.051230,0.777504,668.849228,69.401430
285,2.416851,0.275434,0.183796,64.000000,0.099186,26.480734,0.539653,671.266079,69.585226
286,2.144235,0.277323,0.279139,64.000000,0.099186,29.847472,0.355328,673.410314,69.864366
287,2.431565,0.281642,0.168729,64.000000,0.099186,26.320500,0.587841,675.841879,70.033095
288,1.960508,0.277247,0.476881,64.000000,0.099186,32.644603,0.207989,677.802387,70.509975
289,8.711665,0.278596,0.470497,64.000000,0.099186,7.346471,0.210811,686.514052,70.980472
290,2.765527,0.280987,0.150538,64.000000,0.099186,23.142063,0.658876,689.279579,71.131010
291,3.226284,0.281405,0.001408,64.000000,0.099186,19.837062,70.465081,692.505863,71.132418
292,2.239938,0.271293,0.786375,64.000000,0.099186,28.572213,0.126131,694.745802,71.918792
293,2.430604,0.276767,0.459720,64.000000,0.099186,26.330908,0.215753,697.176406,72.378513
294,2.720637,0.276841,0.181400,64.000000,0.099186,23.523906,0.546780,699.897042,72.559913
295,2.183694,0.277095,0.435264,64.000000,0.099186,29.308132,0.227875,702.080737,72.995176
296,2.851241,0.276641,0.238137,64.000000,0.099186,22.446369,0.416508,704.931977,73.233313
297,2.565720,0.275864,0.088171,64.000000,0.099186,24.944269,1.124923,707.497697,73.321484
298,2.568471,0.279809,0.021952,64.000000,0.099186,24.917549,4.518332,710.066168,73.343436
299,2.394414,0.280869,0.418888,64.000000,0.099186,26.728882,0.236784,712.460581,73.762324
300,2.667313,0.277172,0.184372,64.000000,0.099186,23.994184,0.537967,715.127894,73.946696
301,2.758435,0.276327,0.293880,64.000000,0.099186,23.201558,0.337505,717.886330,74.240576
302,2.727167,0.278578,0.240706,64.000000,0.099186,23.467577,0.412063,720.613497,74.481282
303,2.336516,0.279706,0.105357,64.000000,0.099186,27.391214,0.941431,722.950012,74.586638
304,2.028338,0.308322,0.439250,64.000000,0.099186,31.552932,0.225808,724.978350,75.025888
305,2.666088,0.279665,0.139278,64.000000,0.099186,24.005212,0.712144,727.644438,75.165166
306,2.500679,0.286978,0.270328,64.000000,0.099186,25.593050,0.366910,730.145117,75.435493
307,2.482442,0.281463,0.141712,64.000000,0.099186,25.781070,0.699911,732.627558,75.577206
308,2.950028,0.277031,0.205734,64.000000,0.099186,21.694706,0.482108,735.577587,75.782940
309,2.430219,0.294168,0.249184,64.000000,0.099186,26.335078,0.398043,738.007806,76.032123
310,2.584470,0.277458,0.169027,64.000000,0.099186,24.763302,0.586804,740.592275,76.201151
311,2.576789,0.277393,0.237058,64.000000,0.099186,24.837111,0.418403,743.169064,76.438209
312,2.576416,0.276567,0.195251,64.000000,0.099186,24.840711,0.507993,745.745480,76.633460
313,2.301248,0.283306,0.394008,64.000000,0.099186,27.810996,0.251736,748.046728,77.027467
314,2.610018,0.277531,0.155830,64.000000,0.099186,24.520907,0.636502,750.656746,77.183297
315,2.518790,0.276939,0.156867,64.000000,0.099186,25.409029,0.632294,753.175536,77.340164
316,2.506904,0.277483,0.001310,64.000000,0.099186,25.529500,75.724692,755.682439,77.341474
317,2.958563,0.279238,0.117691,64.000000,0.099186,21.632124,0.842769,758.641002,77.459164
318,2.515912,0.277281,0.011747,64.000000,0.099186,25.438095,8.443839,761.156914,77.470911
319,2.680119,0.278300,0.014018,64.000000,0.099186,23.879540,7.075602,763.837032,77.484929
320,2.381600,0.277175,0.149667,64.000000,0.099186,26.872690,0.662712,766.218633,77.634596
321,2.514125,0.277413,0.111162,64.000000,0.099186,25.456174,0.892264,768.732757,77.745758
322,2.433905,0.277318,0.372087,64.000000,0.099186,26.295189,0.266567,771.166663,78.117844
323,2.753478,0.281471,0.001416,64.000000,0.099186,23.243328,70.034304,773.920141,78.119261
324,2.439846,0.286269,0.204401,64.000000,0.099186,26.231167,0.485251,776.359987,78.323662
325,2.793996,0.277840,0.041033,64.000000,0.099186,22.906262,2.417206,779.153982,78.364695
326,2.255241,0.281367,0.293923,64.000000,0.099186,28.378340,0.337455,781.409224,78.658619
327,2.709386,0.285267,0.092112,64.000000,0.099186,23.621584,1.076797,784.118610,78.750731
328,2.290493,0.285052,0.230606,64.000000,0.099186,27.941579,0.430111,786.409103,78.981336
329,2.756703,0.279299,0.231594,64.000000,0.099186,23.216140,0.428275,789.165806,79.212930
330,2.485774,0.284365,0.160722,64.000000,0.099186,25.746504,0.617128,791.651581,79.373652
331,2.941167,0.282644,0.001364,64.000000,0.099186,21.760068,72.693624,794.592748,79.375017
332,2.230707,0.296105,0.400652,64.000000,0.099186,28.690462,0.247561,796.823454,79.775669
333,3.150716,0.277312,0.001436,64.000000,0.099186,20.312842,69.068683,799.974171,79.777105
334,2.430091,0.291751,0.221289,64.000000,0.099186,26.336467,0.448218,802.404261,79.998394
335,2.410070,0.280989,0.091708,64.000000,0.099186,26.555246,1.081545,804.814331,80.090102
336,2.457573,0.295567,0.256469,64.000000,0.099186,26.041956,0.386736,807.271904,80.346571
337,2.794604,0.279231,0.133687,64.000000,0.099186,22.901274,0.741925,810.066508,80.480258
338,3.095045,0.278889,0.147715,64.000000,0.099186,20.678211,0.671470,813.161553,80.627973
339,2.487551,0.278994,0.040422,64.000000,0.099186,25.728120,2.453736,815.649104,80.668396
340,2.379014,0.305046,0.429789,64.000000,0.099186,26.901897,0.230778,818.028118,81.098184
341,2.755980,0.284313,0.024471,64.000000,0.099186,23.222230,4.053269,820.784098,81.122655
342,2.395021,0.278405,0.335735,64.000000,0.099186,26.722102,0.295430,823.179120,81.458389
343,2.480750,0.286288,0.137009,64.000000,0.099186,25.798651,0.723937,825.659869,81.595398
344,2.586161,0.278611,0.107934,64.000000,0.099186,24.747109,0.918947,828.246030,81.703333
345,2.927617,0.281636,0.001338,64.000000,0.099186,21.860784,74.128839,831.173647,81.704671
346,2.698713,0.279638,0.122005,64.000000,0.099186,23.715007,0.812969,833.872360,81.826675
347,2.979886,0.285130,0.080076,64.000000,0.099186,21.477333,1.238644,836.852246,81.906751
348,2.113172,0.266645,1.731353,64.000000,0.099186,30.286228,0.057288,838.965418,83.638104
349,2.500797,0.279610,0.084072,64.000000,0.099186,25.591837,1.179770,841.466215,83.722176
350,2.737788,0.324275,0.343821,64.000000,0.099186,23.376533,0.288481,844.204003,84.065998
351,3.038840,0.278778,0.091861,64.000000,0.099186,21.060671,1.079742,847.242843,84.157859
352,2.249798,0.279081,0.233192,64.000000,0.099186,28.446995,0.425340,849.492641,84.391051
353,2.350792,0.279926,0.125268,64.000000,0.099186,27.224869,0.791789,851.843433,84.516319
354,2.774849,0.285690,0.195986,64.000000,0.099186,23.064322,0.506086,854.618282,84.712305
355,2.184068,0.313148,0.690058,64.000000,0.099186,29.303118,0.143736,856.802349,85.402363
356,2.289622,0.311855,0.249156,64.000000,0.099186,27.952216,0.398088,859.091971,85.651519
357,2.646484,0.287471,0.188215,64.000000,0.099186,24.183030,0.526981,861.738455,85.839734
358,2.472630,0.284792,0.139574,64.000000,0.099186,25.883371,0.710631,864.211085,85.979309
359,2.497270,0.279073,0.162036,64.000000,0.099186,25.627989,0.612121,866.708355,86.141345
360,2.030522,0.296998,0.421241,64.000000,0.099186,31.518990,0.235461,868.738877,86.562586
361,2.634629,0.286023,0.088868,64.000000,0.099186,24.291842,1.116102,871.373506,86.651454
362,2.396641,0.284775,0.092092,64.000000,0.099186,26.704038,1.077031,873.770147,86.743546
363,2.289484,0.280951,0.275075,64.000000,0.099186,27.953903,0.360578,876.059631,87.018621
364,2.354543,0.280918,0.272718,64.000000,0.099186,27.181497,0.363695,878.414174,87.291339
365,2.572512,0.279634,0.162265,64.000000,0.099186,24.878403,0.611259,880.986686,87.453604
366,2.562002,0.282657,0.395467,64.000000,0.099186,24.980465,0.250807,883.548688,87.849070
367,2.582840,0.280972,0.308231,64.000000,0.099186,24.778923,0.321791,886.131528,88.157302
368,2.611733,0.284055,0.176299,64.000000,0.099186,24.504803,0.562602,888.743261,88.333600
369,2.480703,0.287105,0.209878,64.000000,0.099186,25.799138,0.472588,891.223964,88.543478
370,2.424201,0.280660,0.200285,64.000000,0.099186,26.400448,0.495225,893.648165,88.743763
371,2.509611,0.284934,0.314132,64.000000,0.099186,25.501958,0.315747,896.157777,89.057895
372,2.611504,0.285643,0.001355,64.000000,0.099186,24.506952,73.213034,898.769280,89.059249
373,2.523502,0.281399,0.001420,64.000000,0.099186,25.361583,69.845321,901.292782,89.060669
374,2.476303,0.279470,0.061592,64.000000,0.099186,25.844980,1.610374,903.769085,89.122261
375,2.193245,0.288321,0.437910,64.000000,0.099186,29.180505,0.226498,905.962330,89.560171
376,2.291126,0.285203,0.139648,64.000000,0.099186,27.933862,0.710255,908.253456,89.699820
377,2.614163,0.281079,0.075259,64.000000,0.099186,24.482025,1.317921,910.867619,89.775079
378,2.595087,0.284259,0.387150,64.000000,0.099186,24.661989,0.256195,913.462706,90.162229
379,2.901297,0.284398,0.227710,64.000000,0.099186,22.059101,0.435581,916.364003,90.389939
380,2.324813,0.286649,0.392387,64.000000,0.099186,27.529100,0.252775,918.688815,90.782327
381,2.307382,0.285930,0.227180,64.000000,0.099186,27.737065,0.436597,920.996197,91.009506
382,2.394629,0.309311,0.465389,64.000000,0.099186,26.726474,0.213125,923.390827,91.474895
383,2.367625,0.300306,0.510475,64.000000,0.099186,27.031305,0.194301,925.758452,91.985370
384,2.858658,0.281569,0.389003,64.000000,0.099186,22.388129,0.254975,928.617110,92.374373
385,2.714948,0.281635,0.082863,64.000000,0.099186,23.573197,1.196987,931.332058,92.457236
386,2.351526,0.286011,0.163692,64.000000,0.099186,27.216373,0.605930,933.683583,92.620928
387,2.138284,0.281057,0.494078,64.000000,0.099186,29.930538,0.200750,935.821867,93.115006
388,2.216218,0.281279,0.500590,64.000000,0.099186,28.878031,0.198138,938.038085,93.615596
389,2.489044,0.281832,0.057148,64.000000,0.099186,25.712682,1.735602,940.527129,93.672744
390,2.185710,0.272067,0.784634,64.000000,0.099186,29.281099,0.126410,942.712839,94.457378
391,2.229203,0.285040,0.299529,64.000000,0.099186,28.709818,0.331140,944.942042,94.756906
392,2.217366,0.281099,0.626913,64.000000,0.099186,28.863069,0.158213,947.159408,95.383819
393,2.701747,0.286856,0.001471,64.000000,0.099186,23.688373,67.441775,949.861156,95.385290
394,2.258639,0.283887,0.208543,64.000000,0.099186,28.335651,0.475614,952.119795,95.593833
395,2.618373,0.281136,0.101571,64.000000,0.099186,24.442662,0.976516,954.738167,95.695404
396,2.361460,0.281903,0.170992,64.000000,0.099186,27.101873,0.580061,957.099628,95.866396
397,2.362350,0.282364,0.183381,64.000000,0.099186,27.091669,0.540872,959.461978,96.049778
398,2.464760,0.287600,0.174550,64.000000,0.099186,25.966018,0.568238,961.926737,96.224328
399,2.422948,0.281384,0.249453,64.000000,0.099186,26.414107,0.397614,964.349685,96.473781
400,2.352805,0.285515,0.164298,64.000000,0.099186,27.201571,0.603694,966.702490,96.638079
401,2.803888,0.281472,0.001357,64.000000,0.099186,22.825448,73.067305,969.506378,96.639436
402,2.488258,0.281268,0.122085,64.000000,0.099186,25.720811,0.812432,971.994636,96.761522
403,3.094605,0.281322,0.145046,64.000000,0.099186,20.681156,0.683825,975.089241,96.906568
404,2.800179,0.305943,0.325301,64.000000,0.099186,22.855680,0.304905,977.889420,97.231868
405,2.834027,0.287107,0.143115,64.000000,0.099186,22.582710,0.693049,980.723446,97.374984
406,2.628890,0.281772,0.041647,64.000000,0.099186,24.344871,2.381574,983.352337,97.416631
407,2.416395,0.283782,0.152716,64.000000,0.099186,26.485735,0.649482,985.768732,97.569346
408,2.534990,0.281924,0.053952,64.000000,0.099186,25.246651,1.838400,988.303722,97.623299
409,2.299775,0.286513,0.454114,64.000000,0.099186,27.828804,0.218416,990.603497,98.077413
410,2.297099,0.282450,0.145175,64.000000,0.099186,27.861229,0.683218,992.900596,98.222587
411,2.748110,0.284692,0.001399,64.000000,0.099186,23.288730,70.909503,995.648706,98.223986
412,2.361015,0.288718,0.131147,64.000000,0.099186,27.106991,0.756297,998.009721,98.355133
413,2.307657,0.282099,0.542006,64.000000,0.099186,27.733757,0.182998,1000.317378,98.897139
414,2.827619,0.286770,0.166234,64.000000,0.099186,22.633880,0.596664,1003.144997,99.063373
415,2.267101,0.281630,0.152641,64.000000,0.099186,28.229887,0.649798,1005.412098,99.216014
416,2.959417,0.284946,0.223912,64.000000,0.099186,21.625880,0.442968,1008.371515,99.439926
417,2.308964,0.281405,0.481268,64.000000,0.099186,27.718053,0.206093,1010.680480,99.921194
418,2.499582,0.292774,0.132196,64.000000,0.099186,25.604286,0.750296,1013.180061,100.053389
419,2.179751,0.281823,0.507544,64.000000,0.099186,29.361148,0.195423,1015.359813,100.560934
420,2.169564,0.285082,0.404523,64.000000,0.099186,29.499008,0.245192,1017.529377,100.965457
421,2.453867,0.283868,0.093021,64.000000,0.099186,26.081279,1.066276,1019.983245,101.058478
422,2.094957,0.277581,0.609448,64.000000,0.099186,30.549551,0.162747,1022.078202,101.667925
423,2.486404,0.283778,0.141235,64.000000,0.099186,25.739980,0.702275,1024.564606,101.809161
424,2.161854,0.283212,0.613558,64.000000,0.099186,29.604221,0.161657,1026.726460,102.422719
425,2.357942,0.288470,0.177545,64.000000,0.099186,27.142313,0.558653,1029.084402,102.600264
426,3.619651,0.282435,0.155713,64.000000,0.099186,17.681261,0.636980,1032.704053,102.755977
427,2.210050,0.282089,0.682592,64.000000,0.099186,28.958626,0.145308,1034.914103,103.438568
428,2.735499,0.283016,0.069883,64.000000,0.099186,23.396094,1.419310,1037.649602,103.508452
429,2.402725,0.286072,0.300929,64.000000,0.099186,26.636419,0.329600,1040.052328,103.809380
430,2.326724,0.288337,0.154853,64.000000,0.099186,27.506488,0.640518,1042.379052,103.964233
431,2.645635,0.292467,0.372002,64.000000,0.099186,24.190792,0.266628,1045.024686,104.336235
432,2.402468,0.296973,0.277642,64.000000,0.099186,26.639274,0.357244,1047.427154,104.613877
433,2.439756,0.285349,0.180409,64.000000,0.099186,26.232127,0.549783,1049.866911,104.794286
434,2.007338,0.285008,0.370208,64.000000,0.099186,31.883024,0.267920,1051.874248,105.164494
435,2.431120,0.283385,0.177985,64.000000,0.099186,26.325316,0.557271,1054.305368,105.342479
436,2.180506,0.282197,0.407607,64.000000,0.099186,29.350980,0.243337,1056.485875,105.750086
437,2.266653,0.283825,0.542008,64.000000,0.099186,28.235468,0.182997,1058.752527,106.292094
438,2.302329,0.287009,0.196519,64.000000,0.099186,27.797937,0.504713,1061.054857,106.488613
439,2.347687,0.283716,0.497291,64.000000,0.099186,27.260872,0.199453,1063.402544,106.985904
440,2.756368,0.282787,0.406571,64.000000,0.099186,23.218960,0.243957,1066.158912,107.392475
441,2.677765,0.284758,0.001372,64.000000,0.099186,23.900527,72.296176,1068.836677,107.393847
442,2.196028,0.285162,0.332207,64.000000,0.099186,29.143526,0.298566,1071.032705,107.726054
443,2.913707,0.285980,0.050965,64.000000,0.099186,21.965146,1.946149,1073.946412,107.777020
444,2.349779,0.286760,0.469902,64.000000,0.099186,27.236606,0.211078,1076.296191,108.246922
445,2.398223,0.283384,0.206636,64.000000,0.099186,26.686422,0.480003,1078.694414,108.453558
446,3.712012,0.290381,0.001430,64.000000,0.099186,17.241325,69.374869,1082.406426,108.454987
447,2.615742,0.283561,0.205657,64.000000,0.099186,24.467246,0.482289,1085.022168,108.660644
448,2.218091,0.292043,0.335577,64.000000,0.099186,28.853644,0.295568,1087.240258,108.996221
449,2.278059,0.283602,0.287630,64.000000,0.099186,28.094095,0.344838,1089.518317,109.283851
450,2.607061,0.284460,0.194985,64.000000,0.099186,24.548715,0.508686,1092.125378,109.478836
451,2.125044,0.286736,0.511753,64.000000,0.099186,30.117019,0.193816,1094.250423,109.990589
452,2.310026,0.282570,0.494105,64.000000,0.099186,27.705316,0.200739,1096.560449,110.484694
453,2.621764,0.283972,0.124408,64.000000,0.099186,24.411042,0.797265,1099.182213,110.609101
454,2.426260,0.286420,0.090244,64.000000,0.099186,26.378047,1.099085,1101.608473,110.699346
455,2.543238,0.292219,0.026958,64.000000,0.099186,25.164767,3.679293,1104.151711,110.726303
456,2.299863,0.299542,0.410976,64.000000,0.099186,27.827747,0.241342,1106.451574,111.137280
457,2.353947,0.285084,0.082258,64.000000,0.099186,27.188375,1.205787,1108.805521,111.219538
458,2.227502,0.285532,0.335752,64.000000,0.099186,28.731732,0.295415,1111.033024,111.555290
459,2.717351,0.291930,0.500079,64.000000,0.099186,23.552353,0.198340,1113.750374,112.055369
460,2.652188,0.284792,0.098051,64.000000,0.099186,24.131023,1.011571,1116.402562,112.153420
461,2.420224,0.286243,0.154863,64.000000,0.099186,26.443837,0.640476,1118.822786,112.308283
462,2.425679,0.281002,0.482531,64.000000,0.099186,26.384369,0.205554,1121.248464,112.790814
463,2.132724,0.284340,0.375067,64.000000,0.099186,30.008576,0.264448,1123.381188,113.165881
464,3.250798,0.291777,0.279254,64.000000,0.099186,19.687471,0.355181,1126.631986,113.445136
465,2.313912,0.285921,0.143150,64.000000,0.099186,27.658786,0.692879,1128.945898,113.588286
466,2.335100,0.285484,0.127875,64.000000,0.099186,27.407824,0.775646,1131.280998,113.716161
467,2.388175,0.291695,0.281274,64.000000,0.099186,26.798705,0.352632,1133.669173,113.997435
468,2.324856,0.286267,0.216147,64.000000,0.099186,27.528582,0.458882,1135.994029,114.213582
469,2.216776,0.286015,0.128732,64.000000,0.099186,28.870761,0.770482,1138.210805,114.342314
470,2.677518,0.287873,0.075204,64.000000,0.099186,23.902730,1.318891,1140.888324,114.417518
471,3.417031,0.287141,0.001361,64.000000,0.099186,18.729713,72.855575,1144.305354,114.418879
472,2.224385,0.287585,0.391770,64.000000,0.099186,28.772002,0.253174,1146.529739,114.810649
473,2.657398,0.286272,0.001392,64.000000,0.099186,24.083711,71.255191,1149.187137,114.812041
474,2.526417,0.293073,0.001377,64.000000,0.099186,25.332317,72.048983,1151.713554,114.813418
475,2.139460,0.285318,0.441134,64.000000,0.099186,29.914089,0.224843,1153.853014,115.254552
476,2.394960,0.287209,0.230910,64.000000,0.099186,26.722785,0.429543,1156.247974,115.485462
477,2.435185,0.284942,0.001367,64.000000,0.099186,26.281367,72.576497,1158.683159,115.486829
478,2.854999,0.287456,0.073110,64.000000,0.099186,22.416817,1.356659,1161.538159,115.559939
479,2.606404,0.292573,0.163482,64.000000,0.099186,24.554904,0.606707,1164.144563,115.723422
480,2.268491,0.285462,0.209615,64.000000,0.099186,28.212583,0.473182,1166.413054,115.933036
481,2.595421,0.288641,0.043197,64.000000,0.099186,24.658815,2.296112,1169.008475,115.976234
482,2.283323,0.287057,0.230784,64.000000,0.099186,28.029319,0.429778,1171.291798,116.207018
483,2.342149,0.274454,0.747562,64.000000,0.099186,27.325336,0.132679,1173.633947,116.954580
484,2.652650,0.288323,0.339469,64.000000,0.099186,24.126816,0.292180,1176.286597,117.294049
485,2.393159,0.288893,0.204018,64.000000,0.099186,26.742892,0.486162,1178.679756,117.498067
486,2.337137,0.298160,0.283488,64.000000,0.099186,27.383933,0.349877,1181.016893,117.781555
487,2.296820,0.289989,0.315442,64.000000,0.099186,27.864614,0.314435,1183.313713,118.096997
488,2.312794,0.286877,0.155493,64.000000,0.099186,27.672155,0.637879,1185.626507,118.252491
489,2.293078,0.288558,0.393713,64.000000,0.099186,27.910084,0.251925,1187.919585,118.646203
490,2.770244,0.287386,0.087640,64.000000,0.099186,23.102661,1.131739,1190.689829,118.733844
491,2.139944,0.293630,0.327410,64.000000,0.099186,29.907320,0.302941,1192.829773,119.061254
492,2.469884,0.302598,0.327814,64.000000,0.099186,25.912144,0.302568,1195.299657,119.389068
493,2.392590,0.286975,0.295748,64.000000,0.099186,26.749251,0.335374,1197.692248,119.684815
494,2.390025,0.291382,0.349044,64.000000,0.099186,26.777965,0.284164,1200.082273,120.033860
495,2.299812,0.299964,0.259143,64.000000,0.099186,27.828362,0.382747,1202.382085,120.293002
496,2.377150,0.301062,0.269646,64.000000,0.099186,26.922999,0.367837,1204.759234,120.562649
497,2.906103,0.286725,0.151433,64.000000,0.099186,22.022616,0.654981,1207.665338,120.714082
498,2.034257,0.290143,0.481789,64.000000,0.099186,31.461113,0.205870,1209.699595,121.195871
499,2.578822,0.290275,0.257357,64.000000,0.099186,24.817530,0.385402,1212.278417,121.453229
500,2.659598,0.289454,0.033865,64.000000,0.099186,24.063788,2.928855,1214.938015,121.487094
501,2.240343,0.284964,0.458837,64.000000,0.099186,28.567052,0.216168,1217.178359,121.945930
502,2.404108,0.305315,0.428005,64.000000,0.099186,26.621096,0.231740,1219.582467,122.373935
503,2.290316,0.287798,0.317188,64.000000,0.099186,27.943737,0.312704,1221.872783,122.691123
504,2.596592,0.285957,0.188148,64.000000,0.099186,24.647689,0.527171,1224.469376,122.879271
505,2.230604,0.286625,0.366140,64.000000,0.099186,28.691780,0.270896,1226.699980,123.245411
506,2.171837,0.286522,0.318820,64.000000,0.099186,29.468146,0.311103,1228.871816,123.564231
507,2.485863,0.294045,0.070588,64.000000,0.099186,25.745584,1.405147,1231.357680,123.634819
508,2.303365,0.289367,0.118780,64.000000,0.099186,27.785439,0.835039,1233.661044,123.753599
509,2.452979,0.295232,0.065365,64.000000,0.099186,26.090724,1.517421,1236.114023,123.818964
510,2.407652,0.289531,0.285312,64.000000,0.099186,26.581912,0.347640,1238.521676,124.104276
511,2.239944,0.290752,0.305198,64.000000,0.099186,28.572146,0.324989,1240.761619,124.409474
512,2.355391,0.288728,0.197692,64.000000,0.099186,27.171707,0.501719,1243.117011,124.607166
513,2.364781,0.287891,0.234840,64.000000,0.099186,27.063822,0.422355,1245.481791,124.842007
514,2.285006,0.294020,0.180818,64.000000,0.099186,28.008673,0.548542,1247.766798,125.022824
515,2.385697,0.286967,0.156563,64.000000,0.099186,26.826537,0.633520,1250.152495,125.179387
516,2.510701,0.287681,0.240456,64.000000,0.099186,25.490888,0.412491,1252.663196,125.419844
517,2.352796,0.294107,0.235909,64.000000,0.099186,27.201675,0.420441,1255.015992,125.655753
518,2.560641,0.289857,0.049320,64.000000,0.099186,24.993740,2.011078,1257.576634,125.705073
519,2.143449,0.295792,0.303187,64.000000,0.099186,29.858419,0.327144,1259.720083,126.008260
520,2.073711,0.295197,0.359075,64.000000,0.099186,30.862543,0.276226,1261.793794,126.367335
521,2.455171,0.289992,0.187431,64.000000,0.099186,26.067430,0.529188,1264.248965,126.554766
522,2.484732,0.289054,0.110058,64.000000,0.099186,25.757305,0.901218,1266.733697,126.664823
523,2.318150,0.287241,0.274360,64.000000,0.099186,27.608226,0.361518,1269.051847,126.939183
524,2.178006,0.294189,0.270366,64.000000,0.099186,29.384675,0.366858,1271.229853,127.209549
525,2.389916,0.289613,0.080774,64.000000,0.099186,26.779187,1.227949,1273.619768,127.290322
526,2.585444,0.287413,0.148487,64.000000,0.099186,24.753968,0.667975,1276.205212,127.438810
527,2.479199,0.290087,0.001315,64.000000,0.099186,25.814788,75.452278,1278.684412,127.440124
528,2.419341,0.292406,0.261082,64.000000,0.099186,26.453482,0.379904,1281.103753,127.701206
529,2.534957,0.289338,0.001441,64.000000,0.099186,25.246976,68.844753,1283.638710,127.702647
530,2.272462,0.290240,0.172376,64.000000,0.099186,28.163281,0.575406,1285.911172,127.875023
531,2.417767,0.294158,0.227722,64.000000,0.099186,26.470704,0.435557,1288.328940,128.102744
532,2.315153,0.295438,0.149333,64.000000,0.099186,27.643966,0.664194,1290.644092,128.252077
533,2.432706,0.290966,0.086049,64.000000,0.099186,26.308158,1.152663,1293.076798,128.338127
534,2.459433,0.288905,0.069122,64.000000,0.099186,26.022256,1.434933,1295.536231,128.407249
535,2.322709,0.290049,0.146166,64.000000,0.099186,27.554037,0.678583,1297.858939,128.553415
536,2.616354,0.293254,0.045666,64.000000,0.099186,24.461526,2.171979,1300.475293,128.599081
537,2.260135,0.290913,0.306153,64.000000,0.099186,28.316889,0.323975,1302.735428,128.905234
538,2.320659,0.289886,0.123661,64.000000,0.099186,27.578368,0.802078,1305.056088,129.028896
539,2.350825,0.295963,0.258130,64.000000,0.099186,27.224489,0.384248,1307.406912,129.287026
540,2.441014,0.290376,0.054598,64.000000,0.099186,26.218608,1.816664,1309.847927,129.341623
541,2.368370,0.290336,0.232704,64.000000,0.099186,27.022800,0.426232,1312.216297,129.574328
542,2.428829,0.288847,0.059869,64.000000,0.099186,26.350144,1.656713,1314.645126,129.634197
543,2.392216,0.295119,0.062722,64.000000,0.099186,26.753442,1.581350,1317.037342,129.696919
544,2.565860,0.289150,0.109869,64.000000,0.099186,24.942903,0.902762,1319.603202,129.806789
545,2.366198,0.287966,0.106841,64.000000,0.099186,27.047609,0.928348,1321.969400,129.913630
546,2.255628,0.289842,0.328918,64.000000,0.099186,28.373479,0.301552,1324.225028,130.242548
547,2.090306,0.304832,0.491636,64.000000,0.099186,30.617526,0.201747,1326.315334,130.734183
548,2.351397,0.288006,0.132856,64.000000,0.099186,27.217862,0.746568,1328.666731,130.867039
549,2.318205,0.288832,0.219497,64.000000,0.099186,27.607572,0.451879,1330.984935,131.086536
550,2.256913,0.289886,0.171680,64.000000,0.099186,28.357324,0.577736,1333.241848,131.258217
551,2.347511,0.288092,0.117100,64.000000,0.099186,27.262924,0.847021,1335.589358,131.375316
552,2.165423,0.301564,0.377398,64.000000,0.099186,29.555433,0.262815,1337.754781,131.752715
553,2.521831,0.297176,0.227924,64.000000,0.099186,25.378384,0.435172,1340.276612,131.980638
554,2.351369,0.290823,0.120046,64.000000,0.099186,27.218189,0.826230,1342.627981,132.100685
555,2.512945,0.289083,0.029450,64.000000,0.099186,25.468130,3.367977,1345.140926,132.130134
556,2.330093,0.294839,0.273966,64.000000,0.099186,27.466714,0.362038,1347.471019,132.404100
557,2.359885,0.289013,0.194628,64.000000,0.099186,27.119963,0.509617,1349.830904,132.598729
558,2.335207,0.288731,0.263176,64.000000,0.099186,27.406560,0.376880,1352.166111,132.861905
559,2.315016,0.290135,0.075748,64.000000,0.099186,27.645596,1.309421,1354.481127,132.937653
560,2.528535,0.288332,0.001378,64.000000,0.099186,25.311095,71.964923,1357.009663,132.939031
561,2.414920,0.289795,0.124036,64.000000,0.099186,26.501913,0.799653,1359.424583,133.063067
562,2.143779,0.289022,0.342993,64.000000,0.099186,29.853819,0.289177,1361.568362,133.406061
563,2.415318,0.294097,0.165780,64.000000,0.099186,26.497548,0.598297,1363.983680,133.571841
564,2.009563,0.286988,0.665988,64.000000,0.099186,31.847714,0.148931,1365.993243,134.237829
565,2.499764,0.289902,0.006704,64.000000,0.099186,25.602419,14.794609,1368.493007,134.244533
566,2.397500,0.290363,0.244467,64.000000,0.099186,26.694475,0.405724,1370.890507,134.489000
567,2.294759,0.289768,0.204255,64.000000,0.099186,27.889644,0.485598,1373.185265,134.693255
568,2.400595,0.291134,0.088956,64.000000,0.099186,26.660054,1.114997,1375.585861,134.782212
569,2.376727,0.289654,0.117328,64.000000,0.099186,26.927792,0.845373,1377.962587,134.899540
570,2.367945,0.289693,0.185065,64.000000,0.099186,27.027660,0.535951,1380.330532,135.084605
571,2.712689,0.293690,0.107167,64.000000,0.099186,23.592823,0.925529,1383.043221,135.191772
572,2.405958,0.288796,0.141076,64.000000,0.099186,26.600628,0.703068,1385.449180,135.332848
573,2.418242,0.299819,0.321018,64.000000,0.099186,26.465509,0.308973,1387.867421,135.653865
574,2.523092,0.289871,0.191542,64.000000,0.099186,25.365698,0.517829,1390.390514,135.845407
575,2.290149,0.289191,0.201022,64.000000,0.099186,27.945774,0.493409,1392.680663,136.046429
576,2.425840,0.289770,0.192290,64.000000,0.099186,26.382613,0.515813,1395.106503,136.238720
577,2.403382,0.289784,0.204815,64.000000,0.099186,26.629144,0.484271,1397.509885,136.443535
578,2.477034,0.289468,0.008830,64.000000,0.099186,25.837348,11.233440,1399.986920,136.452364
579,2.183225,0.304263,0.275912,64.000000,0.099186,29.314432,0.359484,1402.170145,136.728276
580,2.546044,0.288276,0.001373,64.000000,0.099186,25.137035,72.235994,1404.716189,136.729649
581,2.319204,0.291860,0.104998,64.000000,0.099186,27.595673,0.944644,1407.035393,136.834648
582,2.334520,0.293848,0.126549,64.000000,0.099186,27.414631,0.783777,1409.369913,136.961196
583,2.242443,0.294026,1.006912,64.000000,0.099186,28.540307,0.098505,1411.612355,137.968108
584,1.652460,0.289826,0.001438,64.000000,0.099186,38.730140,68.971233,1413.264815,137.969546
585,2.448028,0.294332,0.005833,64.000000,0.099186,26.143494,17.005568,1415.712843,137.975379
586,2.184528,0.290339,0.262845,64.000000,0.099186,29.296940,0.377355,1417.897371,138.238223
587,2.116303,0.295135,0.382583,64.000000,0.099186,30.241412,0.259254,1420.013675,138.620806
588,1.994297,0.289702,0.510334,64.000000,0.099186,32.091515,0.194355,1422.007971,139.131140
589,2.224759,0.288747,0.323951,64.000000,0.099186,28.767162,0.306176,1424.232730,139.455091
590,2.197738,0.288656,0.239030,64.000000,0.099186,29.120850,0.414952,1426.430468,139.694121
591,2.394913,0.289752,0.068024,64.000000,0.099186,26.723310,1.458107,1428.825381,139.762145
592,2.278191,0.292930,0.132446,64.000000,0.099186,28.092466,0.748878,1431.103572,139.894591
593,2.383567,0.289194,0.168644,64.000000,0.099186,26.850516,0.588136,1433.487139,140.063236
594,3.098297,0.290841,0.001431,64.000000,0.099186,20.656507,69.291169,1436.585436,140.064667
595,3.358587,0.294890,0.001432,64.000000,0.099186,19.055634,69.254448,1439.944023,140.066099
596,3.321145,0.287998,0.098193,64.000000,0.099186,19.270463,1.010110,1443.265168,140.164293
597,2.075871,0.305495,0.398164,64.000000,0.099186,30.830429,0.249109,1445.341039,140.562456
598,1.909011,0.295892,0.517173,64.000000,0.099186,33.525213,0.191785,1447.250050,141.079629
599,2.150376,0.288880,0.327667,64.000000,0.099186,29.762240,0.302704,1449.400426,141.407296
600,2.345607,0.287973,0.073858,64.000000,0.099186,27.285051,1.342930,1451.746032,141.481154
601,2.204045,0.294950,0.455613,64.000000,0.099186,29.037522,0.217698,1453.950077,141.936766
602,2.432084,0.289717,0.014985,64.000000,0.099186,26.314881,6.619147,1456.382161,141.951751
603,2.457953,0.291248,0.010483,64.000000,0.099186,26.037928,9.461185,1458.840114,141.962235
604,2.441595,0.290163,0.139901,64.000000,0.099186,26.212369,0.708974,1461.281709,142.102135
605,2.324784,0.289477,0.272754,64.000000,0.099186,27.529439,0.363646,1463.606493,142.374890
606,2.325771,0.298287,0.181196,64.000000,0.099186,27.517751,0.547395,1465.932265,142.556086
607,2.385350,0.289986,0.109939,64.000000,0.099186,26.830449,0.902191,1468.317614,142.666025
608,2.407331,0.289718,0.102777,64.000000,0.099186,26.585462,0.965055,1470.724945,142.768802
609,2.227565,0.293989,0.175908,64.000000,0.099186,28.730923,0.563851,1472.952510,142.944711
610,2.186277,0.293913,0.303048,64.000000,0.099186,29.273509,0.327295,1475.138787,143.247758
611,2.255498,0.294448,0.092090,64.000000,0.099186,28.375112,1.077055,1477.394285,143.339848
612,2.257850,0.287711,0.204531,64.000000,0.099186,28.345552,0.484943,1479.652135,143.544379
613,2.480272,0.288530,0.034031,64.000000,0.099186,25.803619,2.914538,1482.132407,143.578411
614,2.269712,0.288081,0.277273,64.000000,0.099186,28.197411,0.357720,1484.402119,143.855684
615,2.696411,0.286436,0.176652,64.000000,0.099186,23.735257,0.561478,1487.098530,144.032335
616,2.695478,0.281619,0.556864,64.000000,0.099186,23.743472,0.178115,1489.794007,144.589199
617,2.776359,0.289343,0.001336,64.000000,0.099186,23.051776,74.261709,1492.570366,144.590535
618,2.234732,0.291582,0.337846,64.000000,0.099186,28.638778,0.293584,1494.805098,144.928380
619,2.695041,0.291644,0.236094,64.000000,0.099186,23.747321,0.420113,1497.500139,145.164474
620,2.481518,0.289238,0.079650,64.000000,0.099186,25.790665,1.245270,1499.981657,145.244124
621,2.609576,0.289237,0.060431,64.000000,0.099186,24.525062,1.641299,1502.591233,145.304555
622,2.108420,0.293886,0.395869,64.000000,0.099186,30.354483,0.250552,1504.699653,145.700425
623,2.629910,0.294673,0.025676,64.000000,0.099186,24.335436,3.863005,1507.329562,145.726101
624,2.326965,0.291910,0.184106,64.000000,0.099186,27.503634,0.538743,1509.656528,145.910207
625,2.349379,0.294785,0.261498,64.000000,0.099186,27.241237,0.379299,1512.005907,146.171705
626,2.369109,0.288855,0.370913,64.000000,0.099186,27.014370,0.267410,1514.375016,146.542617
627,2.521406,0.288271,0.063340,64.000000,0.099186,25.382662,1.565919,1516.896423,146.605958
628,2.112953,0.286480,0.592753,64.000000,0.099186,30.289359,0.167331,1519.009376,147.198711
629,2.253581,0.293501,0.203036,64.000000,0.099186,28.399241,0.488515,1521.262957,147.401747
630,2.450502,0.296857,0.119302,64.000000,0.099186,26.117094,0.831389,1523.713459,147.521048
631,2.275726,0.289004,0.292044,64.000000,0.099186,28.122892,0.339626,1525.989186,147.813092
632,2.363032,0.288670,0.148483,64.000000,0.099186,27.083844,0.667995,1528.352218,147.961575
633,2.597403,0.289253,0.001371,64.000000,0.099186,24.639999,72.334823,1530.949621,147.962946
634,2.438988,0.290474,0.043929,64.000000,0.099186,26.240390,2.257853,1533.388609,148.006876
635,2.320659,0.289032,0.130097,64.000000,0.099186,27.578368,0.762400,1535.709268,148.136973
636,2.365719,0.293511,0.145860,64.000000,0.099186,27.053085,0.680007,1538.074987,148.282833
637,2.506329,0.288752,0.185692,64.000000,0.099186,25.535353,0.534143,1540.581317,148.468525
638,2.371801,0.288647,0.175317,64.000000,0.099186,26.983717,0.565753,1542.953117,148.643841
639,2.149081,0.289825,0.451750,64.000000,0.099186,29.780172,0.219560,1545.102198,149.095591
640,2.301230,0.288987,0.125922,64.000000,0.099186,27.811216,0.787679,1547.403428,149.221513
641,2.300622,0.288037,0.245455,64.000000,0.099186,27.818570,0.404090,1549.704050,149.466968
642,2.479754,0.290318,0.019120,64.000000,0.099186,25.809015,5.187509,1552.183803,149.486088
643,2.273467,0.289793,0.226100,64.000000,0.099186,28.150844,0.438682,1554.457270,149.712188
644,2.217724,0.287834,0.181206,64.000000,0.099186,28.858421,0.547366,1556.674993,149.893394
645,2.074883,0.320095,0.363646,64.000000,0.099186,30.845114,0.272754,1558.749876,150.257040
646,2.128605,0.302280,0.268710,64.000000,0.099186,30.066637,0.369119,1560.878481,150.525750
647,2.270827,0.288521,0.211778,64.000000,0.099186,28.183568,0.468348,1563.149308,150.737528
648,2.270160,0.286294,0.253654,64.000000,0.099186,28.191848,0.391028,1565.419468,150.991183
649,2.200081,0.288850,0.194446,64.000000,0.099186,29.089841,0.510095,1567.619549,151.185629
650,2.496639,0.293784,0.001389,64.000000,0.099186,25.634465,71.403643,1570.116188,151.187018
651,2.492802,0.289003,0.001394,64.000000,0.099186,25.673919,71.137088,1572.608990,151.188412
652,2.239244,0.291019,0.267255,64.000000,0.099186,28.581077,0.371129,1574.848233,151.455667
653,2.459996,0.288974,0.040031,64.000000,0.099186,26.016300,2.477733,1577.308230,151.495698
654,2.454080,0.289746,0.002182,64.000000,0.099186,26.079015,45.450854,1579.762310,151.497880
655,2.349229,0.290928,0.068736,64.000000,0.099186,27.242983,1.443001,1582.111539,151.566616
656,2.469588,0.289720,0.096028,64.000000,0.099186,25.915255,1.032880,1584.581127,151.662644
657,2.453645,0.290652,0.006022,64.000000,0.099186,26.083643,16.470478,1587.034772,151.668666
658,2.371339,0.289495,0.052489,64.000000,0.099186,26.988972,1.889650,1589.406111,151.721155
659,2.444095,0.290391,0.100110,64.000000,0.099186,26.185565,0.990772,1591.850205,151.821265
660,2.337225,0.287991,0.141774,64.000000,0.099186,27.382905,0.699608,1594.187430,151.963039
661,2.393779,0.288674,0.200196,64.000000,0.099186,26.735966,0.495443,1596.581209,152.163235
662,2.226341,0.289870,0.213065,64.000000,0.099186,28.746719,0.465521,1598.807550,152.376300
663,2.259780,0.289726,0.184168,64.000000,0.099186,28.321346,0.538563,1601.067330,152.560467
664,2.654462,0.291919,0.093168,64.000000,0.099186,24.110346,1.064590,1603.721792,152.653635
665,2.168156,0.302005,0.253216,64.000000,0.099186,29.518176,0.391705,1605.889948,152.906851
666,2.310483,0.293291,0.128256,64.000000,0.099186,27.699830,0.773344,1608.200431,153.035107
667,2.300054,0.295484,0.191722,64.000000,0.099186,27.825434,0.517342,1610.500485,153.226829
668,2.434890,0.291528,0.167321,64.000000,0.099186,26.284558,0.592787,1612.935375,153.394151
669,2.271550,0.305390,0.454948,64.000000,0.099186,28.174596,0.218016,1615.206925,153.849099
670,2.352706,0.300582,0.129996,64.000000,0.099186,27.202717,0.762994,1617.559631,153.979095
671,2.242655,0.294285,0.247759,64.000000,0.099186,28.537604,0.400333,1619.802286,154.226854
672,2.487990,0.294612,0.036801,64.000000,0.099186,25.723580,2.695224,1622.290276,154.263654
673,2.450642,0.289006,0.117258,64.000000,0.099186,26.115604,0.845879,1624.740918,154.380912
674,2.347312,0.295508,0.160183,64.000000,0.099186,27.265227,0.619205,1627.088230,154.541095
675,2.000285,0.290587,0.446189,64.000000,0.099186,31.995435,0.222296,1629.088515,154.987284
676,2.336084,0.288945,0.139659,64.000000,0.099186,27.396271,0.710199,1631.424600,155.126943
677,2.472976,0.295137,0.014252,64.000000,0.099186,25.879753,6.959557,1633.897575,155.141195
678,2.336688,0.290920,0.086792,64.000000,0.099186,27.389193,1.142800,1636.234263,155.227987
679,2.330443,0.289049,0.092482,64.000000,0.099186,27.462589,1.072489,1638.564706,155.320469
680,2.235515,0.288699,0.193959,64.000000,0.099186,28.628756,0.511377,1640.800221,155.514428
681,2.344694,0.288197,0.192787,64.000000,0.099186,27.295676,0.514484,1643.144915,155.707215
682,2.302939,0.289986,0.147228,64.000000,0.099186,27.790580,0.673687,1645.447853,155.854444
683,2.367376,0.289292,0.076547,64.000000,0.099186,27.034147,1.295750,1647.815230,155.930991
684,2.138233,0.290393,0.371706,64.000000,0.099186,29.931259,0.266839,1649.953462,156.302697
685,2.042446,0.289163,0.492968,64.000000,0.099186,31.334977,0.201202,1651.995908,156.795665
686,2.080320,0.291810,0.320706,64.000000,0.099186,30.764498,0.309273,1654.076228,157.116371
687,2.100390,0.296748,0.346103,64.000000,0.099186,30.470529,0.286579,1656.176619,157.462475
688,2.183598,0.295155,0.316090,64.000000,0.099186,29.309420,0.313790,1658.360217,157.778565
689,2.291147,0.290382,0.167541,64.000000,0.099186,27.933608,0.592008,1660.651364,157.946106
690,2.258437,0.289389,0.241001,64.000000,0.099186,28.338177,0.411558,1662.909801,158.187107
691,2.390943,0.289728,0.054689,64.000000,0.099186,26.767684,1.813645,1665.300744,158.241796
692,2.334870,0.294947,0.125227,64.000000,0.099186,27.410517,0.792049,1667.635614,158.367023
693,2.468020,0.292709,0.098067,64.000000,0.099186,25.931722,1.011408,1670.103634,158.465090
694,2.196966,0.295125,0.327786,64.000000,0.099186,29.131086,0.302593,1672.300600,158.792877
695,2.395070,0.291056,0.047456,64.000000,0.099186,26.721553,2.090069,1674.695670,158.840332
696,2.413256,0.291096,0.102004,64.000000,0.099186,26.520186,0.972369,1677.108926,158.942337
697,2.451418,0.289872,0.088134,64.000000,0.099186,26.107336,1.125397,1679.560345,159.030471
698,2.166518,0.292183,0.330343,64.000000,0.099186,29.540486,0.300251,1681.726863,159.360814
699,2.304023,0.293883,0.165533,64.000000,0.099186,27.777495,0.599191,1684.030886,159.526348
700,2.082168,0.296453,0.341994,64.000000,0.099186,30.737193,0.290023,1686.113054,159.868341
701,2.200062,0.293223,0.249960,64.000000,0.099186,29.090087,0.396808,1688.313116,160.118301
702,2.440263,0.291491,0.137556,64.000000,0.099186,26.226683,0.721058,1690.753379,160.255857
703,2.431842,0.293933,0.101417,64.000000,0.099186,26.317495,0.977999,1693.185222,160.357274
704,2.135151,0.311087,0.273418,64.000000,0.099186,29.974465,0.362763,1695.320372,160.630693
705,2.106185,0.288164,1.388336,64.000000,0.099186,30.386698,0.071442,1697.426557,162.019029
706,1.375681,0.289081,0.112786,64.000000,0.099186,46.522402,0.879416,1698.802238,162.131815
707,2.293164,0.287995,0.184441,64.000000,0.099186,27.909033,0.537765,1701.095403,162.316256
708,2.258171,0.288719,0.087301,64.000000,0.099186,28.341525,1.136140,1703.353573,162.403557
709,2.393166,0.290470,0.102007,64.000000,0.099186,26.742813,0.972348,1705.746740,162.505563
710,2.158153,0.285943,0.457209,64.000000,0.099186,29.654985,0.216938,1707.904893,162.962772
711,2.507596,0.289285,0.095375,64.000000,0.099186,25.522456,1.039953,1710.412489,163.058147
712,2.357983,0.289396,0.040656,64.000000,0.099186,27.141836,2.439661,1712.770472,163.098803
713,2.321368,0.289226,0.045920,64.000000,0.099186,27.569947,2.159952,1715.091840,163.144723
714,2.302922,0.303233,0.338931,64.000000,0.099186,27.790776,0.292643,1717.394763,163.483655
715,2.217583,0.293156,0.207663,64.000000,0.099186,28.860253,0.477629,1719.612345,163.691318
716,2.274187,0.293148,0.173147,64.000000,0.099186,28.141919,0.572842,1721.886533,163.864465
717,2.253257,0.290607,0.194230,64.000000,0.099186,28.403331,0.510663,1724.139790,164.058695
718,2.311899,0.295209,0.149238,64.000000,0.099186,27.682868,0.664618,1726.451689,164.207932
719,2.446032,0.290770,0.031379,64.000000,0.099186,26.164824,3.160952,1728.897721,164.239311
720,2.236906,0.289283,0.205769,64.000000,0.099186,28.610948,0.482025,1731.134627,164.445080
721,2.272572,0.290251,0.139917,64.000000,0.099186,28.161922,0.708894,1733.407199,164.584996
722,2.233351,0.289062,0.080629,64.000000,0.099186,28.656490,1.230155,1735.640550,164.665625
723,2.378553,0.289847,0.166621,64.000000,0.099186,26.907117,0.595280,1738.019103,164.832246
724,2.328822,0.289171,0.081898,64.000000,0.099186,27.481704,1.211087,1740.347925,164.914144
725,2.284516,0.294412,0.249816,64.000000,0.099186,28.014683,0.397037,1742.632442,165.163960
726,2.611738,0.291466,0.001300,64.000000,0.099186,24.504755,76.313904,1745.244180,165.165260
727,2.388661,0.294778,0.220705,64.000000,0.099186,26.793255,0.449404,1747.632840,165.385965
728,2.583613,0.290636,0.001298,64.000000,0.099186,24.771515,76.410849,1750.216453,165.387263
729,2.203510,0.290606,0.295327,64.000000,0.099186,29.044565,0.335852,1752.419963,165.682590
730,2.442146,0.290998,0.123470,64.000000,0.099186,26.206463,0.803320,1754.862109,165.806060
731,2.468102,0.288320,0.191663,64.000000,0.099186,25.930855,0.517502,1757.330211,165.997723
732,2.319596,0.289207,0.135552,64.000000,0.099186,27.591009,0.731716,1759.649808,166.133275
733,2.344781,0.293468,0.640783,64.000000,0.099186,27.294661,0.154789,1761.994588,166.774058
734,2.056871,0.289316,0.065669,64.000000,0.099186,31.115222,1.510403,1764.051460,166.839727
735,2.380287,0.289630,0.086889,64.000000,0.099186,26.887517,1.141518,1766.431746,166.926616
736,2.144352,0.297088,0.365386,64.000000,0.099186,29.845851,0.271456,1768.576098,167.292002
737,2.299211,0.287399,0.105606,64.000000,0.099186,27.835633,0.939206,1770.875309,167.397608
738,2.365218,0.289894,1.092249,64.000000,0.099186,27.058813,0.090809,1773.240527,168.489857
739,1.666365,0.290631,0.080772,64.000000,0.099186,38.406944,1.227977,1774.906893,168.570629
740,2.355933,0.288374,0.134050,64.000000,0.099186,27.165456,0.739918,1777.262826,168.704679
741,2.094512,0.301582,0.346037,64.000000,0.099186,30.556038,0.286634,1779.357338,169.050716
742,2.483490,0.287953,0.097106,64.000000,0.099186,25.770186,1.021416,1781.840828,169.147822
743,2.370699,0.288090,0.070624,64.000000,0.099186,26.996257,1.404421,1784.211527,169.218446
744,2.259123,0.295024,0.167082,64.000000,0.099186,28.329574,0.593637,1786.470651,169.385528
745,2.385158,0.292690,0.036521,64.000000,0.099186,26.832605,2.715893,1788.855809,169.422049
746,2.557465,0.290733,0.090051,64.000000,0.099186,25.024781,1.101438,1791.413274,169.512100
747,2.433850,0.294401,0.132279,64.000000,0.099186,26.295782,0.749825,1793.847124,169.644379
748,2.064602,0.302735,0.650738,64.000000,0.099186,30.998717,0.152421,1795.911726,170.295116
749,2.205787,0.287930,0.241759,64.000000,0.099186,29.014583,0.410267,1798.117513,170.536876
750,2.377718,0.288641,0.114441,64.000000,0.099186,26.916568,0.866700,1800.495231,170.651317
751,2.255392,0.293242,0.249095,64.000000,0.099186,28.376445,0.398185,1802.750622,170.900412
752,2.354855,0.295301,0.149468,64.000000,0.099186,27.177894,0.663591,1805.105477,171.049880
753,2.315009,0.288367,0.069926,64.000000,0.099186,27.645678,1.418433,1807.420487,171.119807
754,2.323177,0.293735,0.079107,64.000000,0.099186,27.548487,1.253828,1809.743663,171.198913
755,2.448766,0.294759,0.125647,64.000000,0.099186,26.135611,0.789399,1812.192429,171.324560
756,2.203753,0.295467,0.260835,64.000000,0.099186,29.041370,0.380263,1814.396182,171.585395
757,2.208360,0.296307,0.247680,64.000000,0.099186,28.980777,0.400460,1816.604543,171.833075
758,2.184108,0.298452,0.352084,64.000000,0.099186,29.302584,0.281711,1818.788650,172.185159
759,2.576434,0.287883,0.131558,64.000000,0.099186,24.840539,0.753936,1821.365084,172.316716
760,2.300444,0.288827,0.156497,64.000000,0.099186,27.820722,0.633790,1823.665528,172.473213
761,2.395225,0.288438,0.112637,64.000000,0.099186,26.719833,0.880579,1826.060752,172.585850
762,2.353610,0.287958,0.085264,64.000000,0.099186,27.192265,1.163282,1828.414363,172.671114
763,2.282213,0.288715,0.133492,64.000000,0.099186,28.042957,0.743008,1830.696575,172.804607
764,1.992161,0.293437,0.689918,64.000000,0.099186,32.125923,0.143765,1832.688736,173.494525
765,2.533552,0.289798,0.001342,64.000000,0.099186,25.260973,73.912574,1835.222289,173.495866
766,2.259397,0.289457,0.050605,64.000000,0.099186,28.326140,1.960002,1837.481686,173.546471
767,2.342934,0.295346,0.096915,64.000000,0.099186,27.316172,1.023436,1839.824620,173.643386
768,2.384529,0.291042,0.082231,64.000000,0.099186,26.839680,1.206186,1842.209149,173.725617
769,2.365428,0.288684,0.013552,64.000000,0.099186,27.056414,7.319127,1844.574577,173.739169
770,2.812593,0.290288,0.074486,64.000000,0.099186,22.754804,1.331613,1847.387170,173.813654
771,2.368852,0.291930,0.071151,64.000000,0.099186,27.017302,1.394011,1849.756023,173.884806
772,2.151955,0.290920,0.292241,64.000000,0.099186,29.740405,0.339398,1851.907977,174.177046
773,2.269120,0.296316,0.228634,64.000000,0.099186,28.204761,0.433820,1854.177098,174.405680
774,2.368822,0.289643,0.159950,64.000000,0.099186,27.017653,0.620106,1856.545919,174.565630
775,2.357594,0.290472,0.128992,64.000000,0.099186,27.146325,0.768931,1858.903513,174.694622
776,2.350025,0.288289,0.162330,64.000000,0.099186,27.233753,0.611014,1861.253538,174.856952
777,2.407665,0.296127,0.016402,64.000000,0.099186,26.581770,6.047339,1863.661203,174.873354
778,2.136924,0.289673,0.391982,64.000000,0.099186,29.949592,0.253037,1865.798127,175.265335
779,2.262707,0.290031,0.227497,64.000000,0.099186,28.284709,0.435988,1868.060833,175.492832
780,1.973501,0.284337,0.512863,64.000000,0.099186,32.429684,0.193397,1870.034334,176.005695
781,2.321089,0.288481,0.161950,64.000000,0.099186,27.573261,0.612448,1872.355423,176.167645
782,2.390097,0.287990,0.102037,64.000000,0.099186,26.777152,0.972060,1874.745520,176.269682
783,2.348041,0.292779,0.311112,64.000000,0.099186,27.256769,0.318812,1877.093561,176.580793
784,2.300618,0.293845,0.146595,64.000000,0.099186,27.818610,0.676599,1879.394179,176.727388
785,2.485363,0.288873,0.124104,64.000000,0.099186,25.750766,0.799219,1881.879542,176.851492
786,2.239021,0.302125,0.272281,64.000000,0.099186,28.583917,0.364278,1884.118564,177.123773
787,2.195006,0.296201,0.256900,64.000000,0.099186,29.157096,0.386088,1886.313570,177.380673
788,2.465709,0.287901,0.147790,64.000000,0.099186,25.956022,0.671127,1888.779279,177.528463
789,2.324019,0.289467,0.165285,64.000000,0.099186,27.538501,0.600090,1891.103298,177.693748
790,2.374249,0.295020,0.175553,64.000000,0.099186,26.955895,0.564991,1893.477546,177.869302
791,2.146109,0.288758,0.337539,64.000000,0.099186,29.821413,0.293850,1895.623655,178.206840
792,2.500317,0.295414,0.045073,64.000000,0.099186,25.596752,2.200567,1898.123973,178.251913
793,2.321498,0.289951,0.238204,64.000000,0.099186,27.568404,0.416391,1900.445471,178.490117
794,2.128937,0.290977,0.242137,64.000000,0.099186,30.061952,0.409628,1902.574408,178.732254
795,2.156486,0.289055,0.333256,64.000000,0.099186,29.677917,0.297627,1904.730893,179.065510
796,2.431660,0.290063,0.119012,64.000000,0.099186,26.319473,0.833415,1907.162553,179.184522
797,2.366619,0.291290,0.100902,64.000000,0.099186,27.042800,0.982988,1909.529172,179.285424
798,2.835500,0.289255,0.001348,64.000000,0.099186,22.570974,73.593616,1912.364672,179.286772
799,2.442649,0.290881,0.070561,64.000000,0.099186,26.201061,1.405684,1914.807321,179.357333
800,2.229048,0.291724,0.344296,64.000000,0.099186,28.711814,0.288083,1917.036369,179.701628
801,2.367637,0.303112,0.163589,64.000000,0.099186,27.031165,0.606312,1919.404006,179.865217
802,2.365875,0.288104,0.157034,64.000000,0.099186,27.051299,0.631622,1921.769881,180.022251
803,2.420316,0.288387,0.088247,64.000000,0.099186,26.442833,1.123954,1924.190197,180.110498
804,2.549928,0.290128,0.179229,64.000000,0.099186,25.098748,0.553404,1926.740125,180.289727
805,2.459156,0.289618,0.047893,64.000000,0.099186,26.025187,2.070979,1929.199281,180.337620
806,2.071956,0.296458,0.524113,64.000000,0.099186,30.888694,0.189245,1931.271237,180.861734
807,2.265446,0.289891,0.250799,64.000000,0.099186,28.250506,0.395480,1933.536683,181.112533
808,2.355112,0.288835,0.301848,64.000000,0.099186,27.174931,0.328595,1935.891795,181.414381
809,2.234801,0.290120,0.343536,64.000000,0.099186,28.637895,0.288720,1938.126596,181.757918
810,2.349377,0.289307,0.079946,64.000000,0.099186,27.241263,1.240664,1940.475973,181.837863
811,2.343877,0.289438,0.139550,64.000000,0.099186,27.305187,0.710754,1942.819850,181.977414
812,2.230522,0.287826,0.195003,64.000000,0.099186,28.692838,0.508638,1945.050372,182.172417
813,2.341073,0.288863,0.119962,64.000000,0.099186,27.337896,0.826809,1947.391444,182.292379
814,2.410562,0.288939,0.244850,64.000000,0.099186,26.549822,0.405089,1949.802007,182.537229
815,2.122433,0.287507,0.372788,64.000000,0.099186,30.154078,0.266065,1951.924439,182.910017
816,2.154892,0.287953,0.243361,64.000000,0.099186,29.699868,0.407567,1954.079331,183.153378
817,2.404121,0.289988,0.058425,64.000000,0.099186,26.620955,1.697671,1956.483452,183.211803
818,2.306418,0.294481,0.102762,64.000000,0.099186,27.748661,0.965204,1958.789870,183.314565
819,2.242755,0.289596,0.351482,64.000000,0.099186,28.536330,0.282193,1961.032625,183.666047
820,2.331953,0.290405,0.224799,64.000000,0.099186,27.444805,0.441220,1963.364578,183.890846
821,2.281821,0.289604,0.168843,64.000000,0.099186,28.047777,0.587446,1965.646399,184.059688
822,2.378008,0.287945,0.094003,64.000000,0.099186,26.913287,1.055138,1968.024406,184.153691
823,2.085842,0.290698,0.391887,64.000000,0.099186,30.683053,0.253098,1970.110248,184.545578
824,2.313360,0.289161,0.100309,64.000000,0.099186,27.665388,0.988805,1972.423608,184.645887
825,2.482537,0.288365,0.202179,64.000000,0.099186,25.780075,0.490585,1974.906145,184.848066
826,2.094682,0.294670,0.291458,64.000000,0.099186,30.553568,0.340309,1977.000827,185.139524
827,2.135960,0.298222,0.362446,64.000000,0.099186,29.963109,0.273657,1979.136787,185.501970
828,2.342259,0.289637,0.091697,64.000000,0.099186,27.324047,1.081673,1981.479046,185.593667
829,2.334148,0.290150,0.124151,64.000000,0.099186,27.419001,0.798912,1983.813194,185.717818
830,2.286576,0.290371,0.138364,64.000000,0.099186,27.989443,0.716849,1986.099770,185.856182
831,2.373429,0.294678,0.044409,64.000000,0.099186,26.965204,2.233474,1988.473199,185.900591
832,2.406895,0.294164,0.098850,64.000000,0.099186,26.590276,1.003396,1990.880094,185.999441
833,2.176450,0.289831,0.194753,64.000000,0.099186,29.405679,0.509290,1993.056545,186.194194
834,2.218690,0.294243,0.173089,64.000000,0.099186,28.845848,0.573033,1995.275235,186.367284
835,2.536574,0.295675,0.001367,64.000000,0.099186,25.230882,72.559029,1997.811809,186.368651
836,2.442716,0.290101,0.126658,64.000000,0.099186,26.200348,0.783102,2000.254525,186.495308
837,2.542718,0.290884,0.001395,64.000000,0.099186,25.169916,71.116686,2002.797243,186.496703
838,2.279451,0.289567,0.169705,64.000000,0.099186,28.076930,0.584460,2005.076694,186.666409
839,2.377189,0.289300,0.129134,64.000000,0.099186,26.922549,0.768087,2007.453884,186.795542
840,2.272087,0.287451,0.232531,64.000000,0.099186,28.167939,0.426550,2009.725970,187.028073
841,2.356350,0.289210,0.103129,64.000000,0.099186,27.160648,0.961770,2012.082320,187.131202
842,2.525144,0.290515,0.018715,64.000000,0.099186,25.345089,5.299726,2014.607465,187.149917
843,2.095535,0.288480,0.397140,64.000000,0.099186,30.541123,0.249750,2016.703000,187.547057
844,2.438021,0.293839,0.066122,64.000000,0.099186,26.250800,1.500041,2019.141021,187.613179
845,2.245367,0.289407,0.354346,64.000000,0.099186,28.503138,0.279913,2021.386387,187.967525
846,2.248367,0.288327,0.242006,64.000000,0.099186,28.465100,0.409848,2023.634755,188.209531
847,2.378753,0.291546,0.075505,64.000000,0.099186,26.904848,1.313641,2026.013508,188.285036
848,2.088559,0.290996,0.355040,64.000000,0.099186,30.643133,0.279366,2028.102067,188.640076
849,2.322840,0.293206,0.176500,64.000000,0.099186,27.552482,0.561959,2030.424907,188.816576
850,2.209645,0.291945,0.180557,64.000000,0.099186,28.963922,0.549332,2032.634553,188.997133
851,2.138893,0.294368,0.334112,64.000000,0.099186,29.922015,0.296865,2034.773446,189.331245
852,2.515237,0.293666,0.001323,64.000000,0.099186,25.444923,74.960450,2037.288682,189.332568
853,2.174753,0.292489,0.342633,64.000000,0.099186,29.428626,0.289482,2039.463436,189.675201
854,2.071826,0.306848,0.374115,64.000000,0.099186,30.890628,0.265121,2041.535262,190.049317
855,2.393292,0.288959,0.125488,64.000000,0.099186,26.741408,0.790404,2043.928554,190.174804
856,2.317301,0.288659,0.133748,64.000000,0.099186,27.618333,0.741589,2046.245855,190.308552
857,2.293357,0.288841,0.230016,64.000000,0.099186,27.906691,0.431212,2048.539212,190.538569
858,2.281810,0.294859,0.237864,64.000000,0.099186,28.047914,0.416985,2050.821021,190.776433
859,2.232005,0.295472,0.170765,64.000000,0.099186,28.673774,0.580834,2053.053026,190.947198
860,2.282644,0.288726,0.245249,64.000000,0.099186,28.037662,0.404429,2055.335670,191.192447
861,2.334139,0.291798,0.201548,64.000000,0.099186,27.419099,0.492121,2057.669810,191.393995
862,2.336113,0.289129,0.123824,64.000000,0.099186,27.395934,0.801026,2060.005923,191.517818
863,2.299999,0.288973,0.227680,64.000000,0.099186,27.826094,0.435638,2062.305922,191.745498
864,2.201325,0.305436,0.408044,64.000000,0.099186,29.073404,0.243076,2064.507247,192.153542
865,2.277823,0.295257,0.257859,64.000000,0.099186,28.097006,0.384652,2066.785069,192.411401
866,2.086493,0.297024,0.805320,64.000000,0.099186,30.673479,0.123163,2068.871563,193.216722
867,2.038850,0.292797,0.001505,64.000000,0.099186,31.390251,65.898677,2070.910412,193.218227
868,2.055769,0.308975,0.350693,64.000000,0.099186,31.131904,0.282829,2072.966181,193.568919
869,2.353872,0.290255,0.139841,64.000000,0.099186,27.189245,0.709275,2075.320053,193.708761
870,2.386301,0.293029,0.018882,64.000000,0.099186,26.819753,5.252951,2077.706354,193.727643
871,2.092838,0.290772,0.315516,64.000000,0.099186,30.580489,0.314361,2079.799191,194.043158
872,1.961936,0.285251,0.591045,64.000000,0.099186,32.620847,0.167815,2081.761127,194.634203
873,2.406559,0.289007,0.100070,64.000000,0.099186,26.593993,0.991164,2084.167686,194.734273
874,2.298451,0.291514,0.148793,64.000000,0.099186,27.844837,0.666603,2086.466137,194.883066
875,2.345258,0.289031,0.159611,64.000000,0.099186,27.289106,0.621423,2088.811395,195.042677
876,2.844784,0.289759,0.001377,64.000000,0.099186,22.497314,72.019581,2091.656179,195.044055
877,2.144572,0.293617,0.249100,64.000000,0.099186,29.842787,0.398178,2093.800751,195.293154
878,2.393406,0.289509,0.071621,64.000000,0.099186,26.740133,1.384875,2096.194157,195.364775
879,2.181949,0.291724,0.184609,64.000000,0.099186,29.331574,0.537274,2098.376106,195.549385
880,2.180184,0.300901,0.207306,64.000000,0.099186,29.355316,0.478452,2100.556290,195.756691
881,2.178743,0.289009,0.162014,64.000000,0.099186,29.374737,0.612207,2102.735033,195.918704
882,2.365473,0.290442,0.024060,64.000000,0.099186,27.055898,4.122495,2105.100507,195.942764
883,2.255662,0.288459,0.149402,64.000000,0.099186,28.373046,0.663887,2107.356168,196.092166
884,2.387542,0.290510,0.031814,64.000000,0.099186,26.805812,3.117723,2109.743710,196.123979
885,2.261018,0.287651,0.265545,64.000000,0.099186,28.305830,0.373519,2112.004729,196.389524
886,2.246441,0.287801,0.247446,64.000000,0.099186,28.489514,0.400839,2114.251169,196.636970
887,2.270910,0.291934,0.082505,64.000000,0.099186,28.182534,1.202177,2116.522079,196.719476
888,2.122557,0.289538,0.289206,64.000000,0.099186,30.152307,0.342960,2118.644637,197.008681
889,1.983674,0.299194,0.506089,64.000000,0.099186,32.263362,0.195985,2120.628311,197.514771
890,2.122097,0.290243,0.375009,64.000000,0.099186,30.158842,0.264489,2122.750408,197.889780
891,2.062410,0.303311,0.437980,64.000000,0.099186,31.031661,0.226462,2124.812818,198.327760
892,2.210960,0.288829,0.224315,64.000000,0.099186,28.946707,0.442173,2127.023778,198.552074
893,2.337861,0.294271,0.056403,64.000000,0.099186,27.375447,1.758528,2129.361639,198.608477
894,2.538001,0.290929,0.001407,64.000000,0.099186,25.216695,70.517634,2131.899640,198.609884
895,1.978488,0.284865,0.482152,64.000000,0.099186,32.347942,0.205715,2133.878128,199.092035
896,2.405289,0.288413,0.306088,64.000000,0.099186,26.608026,0.324044,2136.283417,199.398123
897,2.895828,0.288366,0.222620,64.000000,0.099186,22.100761,0.445540,2139.179245,199.620743
898,2.173439,0.289697,0.344551,64.000000,0.099186,29.446416,0.287870,2141.352684,199.965293
899,2.161914,0.289491,0.304519,64.000000,0.099186,29.603397,0.325714,2143.514598,200.269812
900,2.345651,0.291816,0.090596,64.000000,0.099186,27.284539,1.094812,2145.860249,200.360409
901,2.290451,0.290415,0.219692,64.000000,0.099186,27.942098,0.451478,2148.150700,200.580100
902,2.396137,0.288527,0.282486,64.000000,0.099186,26.709655,0.351118,2150.546837,200.862586
903,2.451803,0.288263,0.001430,64.000000,0.099186,26.103244,69.384623,2152.998640,200.864016
904,2.377054,0.290190,0.099347,64.000000,0.099186,26.924080,0.998374,2155.375694,200.963363
905,2.262888,0.290849,0.223115,64.000000,0.099186,28.282440,0.444551,2157.638582,201.186478
906,2.290068,0.290233,0.188223,64.000000,0.099186,27.946765,0.526959,2159.928651,201.374701
907,2.218825,0.299944,0.336183,64.000000,0.099186,28.844101,0.295036,2162.147475,201.710884
908,2.286436,0.290289,0.162471,64.000000,0.099186,27.991160,0.610484,2164.433911,201.873355
909,2.220947,0.291368,0.263092,64.000000,0.099186,28.816534,0.377001,2166.654858,202.136447
910,2.427894,0.290403,0.051425,64.000000,0.099186,26.360296,1.928751,2169.082752,202.187872
911,2.321191,0.288386,0.109677,64.000000,0.099186,27.572058,0.904349,2171.403943,202.297548
912,2.190945,0.294860,0.193951,64.000000,0.099186,29.211144,0.511396,2173.594887,202.491500
913,2.413624,0.293216,0.094370,64.000000,0.099186,26.516146,1.051035,2176.008511,202.585870
914,2.319978,0.289479,0.092099,64.000000,0.099186,27.586464,1.076945,2178.328490,202.677969
915,2.288205,0.290013,0.231710,64.000000,0.099186,27.969517,0.428061,2180.616695,202.909679
916,2.330420,0.288358,0.082861,64.000000,0.099186,27.462867,1.197013,2182.947115,202.992540
917,2.500735,0.288647,0.013294,64.000000,0.099186,25.592478,7.460962,2185.447849,203.005834
918,2.287428,0.288927,0.146892,64.000000,0.099186,27.979021,0.675229,2187.735277,203.152726
919,2.439786,0.289185,0.125788,64.000000,0.099186,26.231811,0.788518,2190.175063,203.278514
920,2.231151,0.289209,0.154202,64.000000,0.099186,28.684749,0.643223,2192.406214,203.432716
921,2.341805,0.293240,0.131218,64.000000,0.099186,27.329344,0.755887,2194.748019,203.563934
922,2.368229,0.290217,0.044902,64.000000,0.099186,27.024418,2.208949,2197.116248,203.608835
923,2.199993,0.299619,0.285133,64.000000,0.099186,29.091003,0.347859,2199.316241,203.893968
924,2.381852,0.290452,0.144212,64.000000,0.099186,26.869849,0.687779,2201.698093,204.038180
925,2.344550,0.292127,0.001328,64.000000,0.099186,27.297351,74.681350,2204.042642,204.039508
926,2.079748,0.305153,0.408391,64.000000,0.099186,30.772959,0.242870,2206.122390,204.447899
927,2.063830,0.296725,0.355049,64.000000,0.099186,31.010308,0.279358,2208.186220,204.802948
928,2.476090,0.288892,0.074805,64.000000,0.099186,25.847198,1.325930,2210.662311,204.877753
929,2.220352,0.291705,0.138250,64.000000,0.099186,28.824262,0.717439,2212.882663,205.016003
930,2.314372,0.295637,0.167071,64.000000,0.099186,27.653285,0.593675,2215.197035,205.183074
931,2.452272,0.290221,0.015991,64.000000,0.099186,26.098250,6.202577,2217.649307,205.199065
932,2.093451,0.295076,0.410757,64.000000,0.099186,30.571536,0.241471,2219.742757,205.609822
933,2.459633,0.289847,0.167035,64.000000,0.099186,26.020138,0.593805,2222.202391,205.776857
934,2.258042,0.290032,0.208732,64.000000,0.099186,28.343144,0.475184,2224.460432,205.985588
935,2.489958,0.296373,0.744996,64.000000,0.099186,25.703244,0.133136,2226.950390,206.730585
936,1.697358,0.291593,0.191491,64.000000,0.099186,37.705650,0.517967,2228.647749,206.922076
937,2.359881,0.288579,0.199939,64.000000,0.099186,27.120011,0.496082,2231.007630,207.122014
938,2.145005,0.289276,0.300759,64.000000,0.099186,29.836760,0.329786,2233.152635,207.422773
939,2.290262,0.287566,0.262449,64.000000,0.099186,27.944402,0.377924,2235.442897,207.685223
940,2.276027,0.290024,0.319332,64.000000,0.099186,28.119171,0.310605,2237.718924,208.004554
941,2.140873,0.289773,0.372052,64.000000,0.099186,29.894350,0.266592,2239.859797,208.376606
942,2.472923,0.293888,0.001365,64.000000,0.099186,25.880307,72.679242,2242.332719,208.377971
943,2.323838,0.288941,0.199830,64.000000,0.099186,27.540651,0.496352,2244.656557,208.577801
944,2.227262,0.292386,0.268425,64.000000,0.099186,28.734837,0.369511,2246.883819,208.846225
945,2.250446,0.305047,0.262918,64.000000,0.099186,28.438802,0.377250,2249.134265,209.109143
946,2.262642,0.288675,0.192892,64.000000,0.099186,28.285522,0.514204,2251.396907,209.302035
947,2.422869,0.288186,0.046184,64.000000,0.099186,26.414966,2.147619,2253.819776,209.348220
948,1.974178,0.292920,0.397795,64.000000,0.099186,32.418550,0.249340,2255.793954,209.746014
949,2.166414,0.311647,0.359378,64.000000,0.099186,29.541908,0.275993,2257.960368,210.105392
950,1.998174,0.288814,0.354924,64.000000,0.099186,32.029250,0.279457,2259.958541,210.460317
951,2.351615,0.293818,0.182713,64.000000,0.099186,27.215337,0.542852,2262.310157,210.643030
952,2.505508,0.287837,0.001438,64.000000,0.099186,25.543719,68.974590,2264.815665,210.644468
953,2.052015,0.292808,0.371114,64.000000,0.099186,31.188850,0.267266,2266.867680,211.015581
954,2.113181,0.290523,0.324925,64.000000,0.099186,30.286098,0.305258,2268.980861,211.340506
955,2.313354,0.289288,0.068842,64.000000,0.099186,27.665463,1.440786,2271.294215,211.409347
956,2.323316,0.287901,0.144692,64.000000,0.099186,27.546829,0.685499,2273.617531,211.554039
957,2.295954,0.289349,0.186970,64.000000,0.099186,27.875119,0.530491,2275.913485,211.741009
958,2.282689,0.289910,0.097582,64.000000,0.099186,28.037104,1.016433,2278.196175,211.838591
959,2.316734,0.288330,0.184172,64.000000,0.099186,27.625093,0.538551,2280.512909,212.022763
960,2.516669,0.289697,0.108815,64.000000,0.099186,25.430438,0.911508,2283.029578,212.131579
961,2.247130,0.291788,0.290909,64.000000,0.099186,28.480777,0.340952,2285.276708,212.422487
962,2.341110,0.288409,0.236495,64.000000,0.099186,27.337461,0.419400,2287.617818,212.658982
963,2.251504,0.293981,0.212403,64.000000,0.099186,28.425441,0.466972,2289.869322,212.871384
964,2.335016,0.293138,0.099502,64.000000,0.099186,27.408801,0.996820,2292.204338,212.970887
965,2.364919,0.292864,0.101389,64.000000,0.099186,27.062242,0.978271,2294.569257,213.072276
966,2.105537,0.290087,0.372151,64.000000,0.099186,30.396046,0.266521,2296.674794,213.444427
967,2.104010,0.303199,0.312543,64.000000,0.099186,30.418100,0.317351,2298.778805,213.756970
968,2.355137,0.290370,0.122385,64.000000,0.099186,27.174642,0.810439,2301.133941,213.879355
969,2.242939,0.292581,0.171584,64.000000,0.099186,28.533997,0.578062,2303.376880,214.050939
970,2.562027,0.288616,0.001371,64.000000,0.099186,24.980218,72.331183,2305.938907,214.052310
971,2.048150,0.290820,0.323084,64.000000,0.099186,31.247704,0.306998,2307.987058,214.375394
972,2.174929,0.295118,0.199871,64.000000,0.099186,29.426253,0.496250,2310.161986,214.575265
973,2.240246,0.290537,0.195108,64.000000,0.099186,28.568293,0.508364,2312.402232,214.770373
974,2.335805,0.296392,0.001396,64.000000,0.099186,27.399546,71.044047,2314.738037,214.771769
975,2.370130,0.291043,0.152531,64.000000,0.099186,27.002737,0.650268,2317.108167,214.924300
976,1.933847,0.290848,0.486892,64.000000,0.099186,33.094650,0.203712,2319.042015,215.411192
977,2.327198,0.292236,0.080076,64.000000,0.099186,27.500882,1.238652,2321.369213,215.491268
978,2.233430,0.295517,0.268003,64.000000,0.099186,28.655478,0.370093,2323.602643,215.759271
979,2.168366,0.288284,0.258477,64.000000,0.099186,29.515313,0.383732,2325.771009,216.017748
980,2.252961,0.289320,0.251604,64.000000,0.099186,28.407062,0.394215,2328.023969,216.269351
981,2.189730,0.290262,0.235844,64.000000,0.099186,29.227350,0.420558,2330.213699,216.505195
982,2.268934,0.288025,0.154452,64.000000,0.099186,28.207085,0.642180,2332.482633,216.659647
983,2.367830,0.289675,0.069190,64.000000,0.099186,27.028972,1.433526,2334.850462,216.728837
984,2.195950,0.291142,0.312181,64.000000,0.099186,29.144558,0.317720,2337.046413,217.041018
985,2.301148,0.291292,0.164852,64.000000,0.099186,27.812204,0.601667,2339.347561,217.205870
986,2.315555,0.289303,0.083886,64.000000,0.099186,27.639158,1.182394,2341.663116,217.289756
987,2.308975,0.289709,0.168237,64.000000,0.099186,27.717925,0.589561,2343.972091,217.457993
988,2.134960,0.288382,0.374665,64.000000,0.099186,29.977142,0.264732,2346.107051,217.832658
989,2.365594,0.288846,0.166285,64.000000,0.099186,27.054516,0.596482,2348.472645,217.998943
990,1.946044,0.295747,0.606459,64.000000,0.099186,32.887233,0.163549,2350.418689,218.605401
991,2.362872,0.293613,0.054245,64.000000,0.099186,27.085685,1.828488,2352.781561,218.659646
992,2.058115,0.290276,0.363514,64.000000,0.099186,31.096422,0.272853,2354.839676,219.023160
993,2.267169,0.282706,0.574600,64.000000,0.099186,28.229039,0.172617,2357.106845,219.597760
994,2.626924,0.288650,0.001393,64.000000,0.099186,24.363098,71.193919,2359.733768,219.599154
995,2.473047,0.290421,0.149595,64.000000,0.099186,25.879005,0.663032,2362.206815,219.748748
996,2.326519,0.288965,0.154993,64.000000,0.099186,27.508908,0.639940,2364.533334,219.903741
997,2.279463,0.289188,0.152239,64.000000,0.099186,28.076784,0.651515,2366.812798,220.055980
998,2.438012,0.289014,0.225465,64.000000,0.099186,26.250899,0.439917,2369.250809,220.281445
999,2.218497,0.294609,0.193410,64.000000,0.099186,28.848359,0.512828,2371.469307,220.474855
1000,2.292627,0.293740,0.170702,64.000000,0.099186,27.915571,0.581049,2373.761934,220.645556
1001,2.093372,0.296595,0.352069,64.000000,0.099186,30.572689,0.281723,2375.855306,220.997626
1002,2.591117,0.289268,0.001495,64.000000,0.099186,24.699774,66.323330,2378.446422,220.999121
1003,2.432465,0.291633,0.037389,64.000000,0.099186,26.310756,2.652833,2380.878888,221.036510
1004,2.316079,0.289258,0.121563,64.000000,0.099186,27.632911,0.815923,2383.194966,221.158073
1005,2.400893,0.289177,0.036114,64.000000,0.099186,26.656747,2.746481,2385.595860,221.194187
1006,2.380261,0.288938,0.134843,64.000000,0.099186,26.887805,0.735564,2387.976121,221.329030
1007,2.149332,0.290623,0.364436,64.000000,0.099186,29.776690,0.272163,2390.125453,221.693466
1008,2.226764,0.289620,0.210508,64.000000,0.099186,28.741261,0.471175,2392.352217,221.903974
1009,2.085151,0.287932,0.304004,64.000000,0.099186,30.693216,0.326265,2394.437368,222.207978
1010,2.288329,0.288033,0.137593,64.000000,0.099186,27.968004,0.720866,2396.725697,222.345571
1011,2.210552,0.288960,0.209287,64.000000,0.099186,28.952046,0.473923,2398.936249,222.554858
1012,2.469978,0.287708,0.001408,64.000000,0.099186,25.911158,70.425305,2401.406228,222.556266
1013,2.198048,0.292855,0.218817,64.000000,0.099186,29.116747,0.453283,2403.604275,222.775083
1014,2.246402,0.288487,0.195585,64.000000,0.099186,28.490007,0.507124,2405.850677,222.970668
1015,2.273030,0.288704,0.228473,64.000000,0.099186,28.156246,0.434126,2408.123707,223.199141
1016,2.261330,0.286882,0.358019,64.000000,0.099186,28.301931,0.277041,2410.385037,223.557160
1017,2.204778,0.294706,0.219016,64.000000,0.099186,29.027864,0.452871,2412.589815,223.776176
1018,2.233028,0.291763,0.152249,64.000000,0.099186,28.660639,0.651473,2414.822843,223.928424
1019,2.562594,0.295344,0.003288,64.000000,0.099186,24.974696,30.163023,2417.385437,223.931713
1020,2.329679,0.290988,0.178188,64.000000,0.099186,27.471599,0.556636,2419.715116,224.109901
1021,2.404111,0.294960,0.156216,64.000000,0.099186,26.621064,0.634929,2422.119227,224.266117
1022,2.158434,0.295649,0.195182,64.000000,0.099186,29.651129,0.508171,2424.277661,224.461299
1023,2.337748,0.294487,0.093907,64.000000,0.099186,27.376772,1.056210,2426.615409,224.555206
1024,2.249045,0.290273,0.227361,64.000000,0.099186,28.456517,0.436249,2428.864454,224.782567
1025,2.449164,0.293474,0.121840,64.000000,0.099186,26.131365,0.814066,2431.313618,224.904407
1026,2.183285,0.305808,0.262635,64.000000,0.099186,29.313632,0.377657,2433.496903,225.167042
1027,2.388221,0.288719,0.140103,64.000000,0.099186,26.798184,0.707951,2435.885124,225.307145
1028,2.385590,0.287425,0.123939,64.000000,0.099186,26.827749,0.800282,2438.270714,225.431083
1029,2.339141,0.294087,0.048196,64.000000,0.099186,27.360475,2.057987,2440.609855,225.479279
1030,2.315243,0.288648,0.166599,64.000000,0.099186,27.642885,0.595359,2442.925098,225.645878
1031,2.199237,0.289971,0.227574,64.000000,0.099186,29.101005,0.435841,2445.124335,225.873451
1032,2.368430,0.289168,0.161986,64.000000,0.099186,27.022123,0.612311,2447.492764,226.035438
1033,2.376369,0.294827,0.136966,64.000000,0.099186,26.931844,0.724166,2449.869133,226.172403
1034,2.444232,0.293698,0.078646,64.000000,0.099186,26.184092,1.261170,2452.313366,226.251049
1035,2.448943,0.290927,0.092134,64.000000,0.099186,26.133725,1.076537,2454.762308,226.343184
1036,2.300570,0.289230,0.116810,64.000000,0.099186,27.819194,0.849125,2457.062878,226.459993
1037,2.286016,0.287994,0.206241,64.000000,0.099186,27.996299,0.480922,2459.348895,226.666235
1038,2.436362,0.290047,0.148426,64.000000,0.099186,26.268677,0.668251,2461.785256,226.814661
1039,2.338824,0.291214,0.104606,64.000000,0.099186,27.364174,0.948187,2464.124081,226.919267
1040,2.399738,0.290254,0.123297,64.000000,0.099186,26.669582,0.804446,2466.523819,227.042564
1041,2.379949,0.290129,0.031196,64.000000,0.099186,26.891331,3.179475,2468.903768,227.073760
1042,2.412831,0.289221,0.162388,64.000000,0.099186,26.524856,0.610797,2471.316599,227.236147
1043,2.419638,0.287807,0.019487,64.000000,0.099186,26.450239,5.089818,2473.736237,227.255634
1044,2.122431,0.289789,0.356839,64.000000,0.099186,30.154101,0.277957,2475.858668,227.612473
1045,2.196202,0.288320,0.213154,64.000000,0.099186,29.141220,0.465325,2478.054870,227.825628
1046,2.229133,0.291337,0.246935,64.000000,0.099186,28.710709,0.401669,2480.284003,228.072562
1047,2.270205,0.288865,0.350303,64.000000,0.099186,28.191282,0.283143,2482.554209,228.422865
1048,2.450453,0.288431,0.039804,64.000000,0.099186,26.117621,2.491885,2485.004661,228.462669
1049,2.097978,0.291585,0.292783,64.000000,0.099186,30.505559,0.338769,2487.102640,228.755452
1050,2.099178,0.306279,0.361165,64.000000,0.099186,30.488131,0.274628,2489.201817,229.116617
1051,2.365863,0.296548,0.129452,64.000000,0.099186,27.051438,0.766201,2491.567680,229.246069
1052,2.411188,0.289020,0.047743,64.000000,0.099186,26.542930,2.077496,2493.978869,229.293812
1053,2.705782,0.292574,0.001412,64.000000,0.099186,23.653052,70.250873,2496.684651,229.295224
1054,2.141486,0.291008,0.203277,64.000000,0.099186,29.885783,0.487936,2498.826137,229.498500
1055,2.265100,0.291312,0.144532,64.000000,0.099186,28.254817,0.686258,2501.091237,229.643032
1056,2.288835,0.290601,0.128854,64.000000,0.099186,27.961827,0.769752,2503.380072,229.771886
1057,2.525964,0.289354,0.131114,64.000000,0.099186,25.336857,0.756488,2505.906037,229.903000
1058,2.398885,0.289790,0.056254,64.000000,0.099186,26.679065,1.763172,2508.304921,229.959254
1059,2.166715,0.289023,0.287240,64.000000,0.099186,29.537798,0.345307,2510.471637,230.246494
1060,2.161887,0.290447,0.364472,64.000000,0.099186,29.603769,0.272136,2512.633524,230.610966
1061,2.303557,0.291436,0.232891,64.000000,0.099186,27.783115,0.425891,2514.937081,230.843857
1062,2.439236,0.289922,0.056297,64.000000,0.099186,26.237729,1.761845,2517.376316,230.900153
1063,2.419938,0.294461,0.114327,64.000000,0.099186,26.446955,0.867563,2519.796255,231.014480
1064,2.224964,0.296382,0.245110,64.000000,0.099186,28.764513,0.404659,2522.021219,231.259590
1065,2.354924,0.295640,0.075485,64.000000,0.099186,27.177102,1.313985,2524.376142,231.335075
1066,1.963962,0.282300,0.611992,64.000000,0.099186,32.587191,0.162071,2526.340104,231.947067
1067,2.364501,0.291806,0.092939,64.000000,0.099186,27.067024,1.067212,2528.704605,232.040006
1068,2.315233,0.290976,0.188075,64.000000,0.099186,27.643004,0.527375,2531.019838,232.228081
1069,2.462870,0.295105,0.085334,64.000000,0.099186,25.985945,1.162323,2533.482708,232.313415
1070,2.386144,0.294015,0.059711,64.000000,0.099186,26.821511,1.661105,2535.868852,232.373126
1071,2.376700,0.293649,0.041007,64.000000,0.099186,26.928094,2.418761,2538.245552,232.414133
1072,2.441903,0.293202,0.001422,64.000000,0.099186,26.209065,69.767108,2540.687455,232.415554
1073,2.196602,0.294268,0.291642,64.000000,0.099186,29.135909,0.340095,2542.884058,232.707197
1074,2.306521,0.288652,0.198172,64.000000,0.099186,27.747411,0.500506,2545.190579,232.905368
1075,2.296465,0.290408,0.257991,64.000000,0.099186,27.868922,0.384455,2547.487044,233.163359
1076,2.447958,0.288801,0.043852,64.000000,0.099186,26.144234,2.261847,2549.935002,233.207211
1077,2.472238,0.294042,0.003661,64.000000,0.099186,25.887472,27.090644,2552.407241,233.210872
1078,2.203967,0.288177,0.228103,64.000000,0.099186,29.038550,0.434829,2554.611208,233.438975
1079,2.457385,0.288385,0.151613,64.000000,0.099186,26.043942,0.654205,2557.068593,233.590588
1080,2.079549,0.288637,0.399229,64.000000,0.099186,30.775901,0.248444,2559.148142,233.989817
1081,2.121086,0.288208,0.461161,64.000000,0.099186,30.173227,0.215079,2561.269228,234.450978
1082,2.171690,0.290059,0.395903,64.000000,0.099186,29.470137,0.250531,2563.440918,234.846882
1083,2.366967,0.288911,0.085527,64.000000,0.099186,27.038825,1.159707,2565.807884,234.932408
1084,2.131542,0.288598,0.389796,64.000000,0.099186,30.025207,0.254456,2567.939427,235.322204
1085,2.276210,0.289518,0.159300,64.000000,0.099186,28.116918,0.622635,2570.215636,235.481505
1086,2.256438,0.288863,0.207423,64.000000,0.099186,28.363294,0.478182,2572.472074,235.688928
1087,2.154246,0.294140,0.322978,64.000000,0.099186,29.708770,0.307098,2574.626320,236.011906
1088,2.328525,0.288500,0.158105,64.000000,0.099186,27.485207,0.627341,2576.954845,236.170011
1089,2.262308,0.289511,0.189223,64.000000,0.099186,28.289689,0.524175,2579.217154,236.359234
1090,2.103747,0.290030,0.316846,64.000000,0.099186,30.421915,0.313041,2581.320900,236.676080
1091,2.387155,0.291862,0.207933,64.000000,0.099186,26.810162,0.477008,2583.708055,236.884013
1092,2.401311,0.290840,0.179876,64.000000,0.099186,26.652107,0.551413,2586.109366,237.063889
1093,2.281918,0.289686,0.182935,64.000000,0.099186,28.046585,0.542192,2588.391284,237.246824
1094,3.175826,0.287774,0.224331,64.000000,0.099186,20.152236,0.442142,2591.567110,237.471155
1095,2.174699,0.300378,0.315177,64.000000,0.099186,29.429366,0.314699,2593.741809,237.786332
1096,2.295059,0.290287,0.174995,64.000000,0.099186,27.885988,0.566792,2596.036868,237.961327
1097,2.108209,0.296027,0.277349,64.000000,0.099186,30.357527,0.357621,2598.145077,238.238677
1098,2.073733,0.290474,0.491276,64.000000,0.099186,30.862222,0.201895,2600.218809,238.729953
1099,1.824712,0.294448,0.455502,64.000000,0.099186,35.074031,0.217751,2602.043521,239.185455
