step,read_time_sec,compute_time_sec,write_time_sec,data_read_mb,data_written_mb,read_throughput_mb_s,write_throughput_mb_s,cumulative_read_time,cumulative_write_time
1,2.752626,0.152809,0.239605,64.000000,0.099186,23.250523,0.413956,2.752626,0.239605
2,2.477991,0.148361,0.213027,64.000000,0.099186,25.827375,0.465604,5.230617,0.452631
3,2.453661,0.150124,0.053241,64.000000,0.099186,26.083474,1.862960,7.684278,0.505872
4,2.340934,0.147519,0.260389,64.000000,0.099186,27.339519,0.380915,10.025212,0.766261
5,2.283787,0.148446,0.218529,64.000000,0.099186,28.023629,0.453879,12.308999,0.984790
6,2.260212,0.150001,0.224656,64.000000,0.099186,28.315927,0.441502,14.569211,1.209446
7,2.304137,0.152733,0.159456,64.000000,0.099186,27.776130,0.622029,16.873348,1.368902
8,2.368413,0.148898,0.155379,64.000000,0.099186,27.022310,0.638347,19.241761,1.524281
9,2.251835,0.149788,0.248971,64.000000,0.099186,28.421268,0.398383,21.493596,1.773252
10,2.045562,0.173596,0.371503,64.000000,0.099186,31.287241,0.266986,23.539158,2.144755
11,2.347856,0.149469,0.180536,64.000000,0.099186,27.258907,0.549398,25.887014,2.325291
12,2.081185,0.172978,0.310813,64.000000,0.099186,30.751712,0.319118,27.968199,2.636104
13,2.228660,0.149944,0.197549,64.000000,0.099186,28.716813,0.502082,30.196859,2.833653
14,2.070076,0.149467,0.311648,64.000000,0.099186,30.916744,0.318263,32.266935,3.145301
15,2.310537,0.149315,0.279740,64.000000,0.099186,27.699191,0.354564,34.577471,3.425041
16,2.332536,0.147885,0.213577,64.000000,0.099186,27.437948,0.464404,36.910007,3.638618
17,2.290364,0.150153,0.218569,64.000000,0.099186,27.943151,0.453797,39.200372,3.857187
18,2.224437,0.148351,0.214091,64.000000,0.099186,28.771322,0.463288,41.424809,4.071278
19,2.268552,0.148046,0.175672,64.000000,0.099186,28.211834,0.564610,43.693361,4.246950
20,2.245600,0.149969,0.289418,64.000000,0.099186,28.500173,0.342709,45.938961,4.536367
21,2.268357,0.148839,0.343551,64.000000,0.099186,28.214252,0.288708,48.207318,4.879918
22,2.151656,0.149128,0.325815,64.000000,0.099186,29.744531,0.304424,50.358974,5.205733
23,2.307027,0.149400,0.179429,64.000000,0.099186,27.741332,0.552787,52.666001,5.385162
24,2.379310,0.153426,0.127118,64.000000,0.099186,26.898558,0.780266,55.045311,5.512280
25,2.284293,0.149010,0.302401,64.000000,0.099186,28.017416,0.327995,57.329604,5.814681
26,2.364512,0.150118,0.182575,64.000000,0.099186,27.066897,0.543261,59.694116,5.997256
27,2.227291,0.150929,0.227425,64.000000,0.099186,28.734464,0.436126,61.921407,6.224681
28,2.448317,0.154684,0.105600,64.000000,0.099186,26.140405,0.939260,64.369724,6.330281
29,2.313364,0.148241,0.216114,64.000000,0.099186,27.665338,0.458951,66.683088,6.546395
30,2.283896,0.150564,0.207955,64.000000,0.099186,28.022295,0.476958,68.966984,6.754351
31,2.380121,0.151779,0.122099,64.000000,0.099186,26.889394,0.812341,71.347104,6.876450
32,2.164754,0.151738,0.297765,64.000000,0.099186,29.564562,0.333101,73.511858,7.174215
33,2.299980,0.148499,0.553309,64.000000,0.099186,27.826328,0.179259,75.811838,7.727525
34,2.259855,0.147888,0.234160,64.000000,0.099186,28.320403,0.423582,78.071693,7.961685
35,2.315768,0.150809,0.168387,64.000000,0.099186,27.636618,0.589037,80.387461,8.130071
36,2.306688,0.159743,0.487662,64.000000,0.099186,27.745408,0.203391,82.694149,8.617733
37,2.485634,0.153685,0.233813,64.000000,0.099186,25.747953,0.424210,85.179784,8.851546
38,2.533067,0.150027,0.135887,64.000000,0.099186,25.265819,0.729917,87.712850,8.987433
39,2.043524,0.148370,0.462983,64.000000,0.099186,31.318450,0.214232,89.756374,9.450416
40,2.347337,0.149840,0.099476,64.000000,0.099186,27.264938,0.997084,92.103711,9.549892
41,2.276311,0.147966,0.103644,64.000000,0.099186,28.115665,0.956991,94.380022,9.653536
42,2.275842,0.152009,0.112180,64.000000,0.099186,28.121456,0.884168,96.655865,9.765716
43,2.334043,0.150522,0.171556,64.000000,0.099186,27.420231,0.578156,98.989908,9.937271
44,2.216231,0.149128,0.313337,64.000000,0.099186,28.877853,0.316547,101.206139,10.250608
45,1.989987,0.172182,0.380352,64.000000,0.099186,32.161016,0.260774,103.196126,10.630961
46,2.233263,0.151282,0.313155,64.000000,0.099186,28.657617,0.316731,105.429389,10.944116
47,2.330286,0.151083,0.147080,64.000000,0.099186,27.464439,0.674366,107.759675,11.091196
48,2.187223,0.151397,0.361480,64.000000,0.099186,29.260851,0.274389,109.946898,11.452676
49,2.384120,0.149305,0.195106,64.000000,0.099186,26.844291,0.508368,112.331017,11.647782
50,2.225908,0.148497,0.255313,64.000000,0.099186,28.752306,0.388488,114.556926,11.903095
51,2.262982,0.148728,0.277017,64.000000,0.099186,28.281267,0.358050,116.819908,12.180112
52,2.225889,0.150951,0.272897,64.000000,0.099186,28.752562,0.363456,119.045796,12.453009
53,2.440545,0.149331,0.159658,64.000000,0.099186,26.223647,0.621240,121.486342,12.612667
54,2.045959,0.150794,0.472945,64.000000,0.099186,31.281169,0.209720,123.532301,13.085612
55,2.149651,0.150841,0.307240,64.000000,0.099186,29.772278,0.322829,125.681952,13.392853
56,2.342789,0.151290,0.122676,64.000000,0.099186,27.317870,0.808521,128.024741,13.515528
57,2.321755,0.151989,0.207125,64.000000,0.099186,27.565358,0.478869,130.346495,13.722654
58,2.313207,0.153178,0.184011,64.000000,0.099186,27.667221,0.539022,132.659702,13.906665
59,2.396277,0.149175,0.232125,64.000000,0.099186,26.708094,0.427295,135.055979,14.138790
60,2.181238,0.149462,0.297210,64.000000,0.099186,29.341137,0.333723,137.237217,14.436001
61,2.469921,0.150402,0.146199,64.000000,0.099186,25.911758,0.678431,139.707138,14.582200
62,2.291143,0.149579,0.288306,64.000000,0.099186,27.933656,0.344030,141.998281,14.870505
63,2.215741,0.148523,0.305073,64.000000,0.099186,28.884244,0.325122,144.214022,15.175578
64,2.249342,0.152860,0.222156,64.000000,0.099186,28.452767,0.446469,146.463364,15.397734
65,2.362032,0.150351,0.284620,64.000000,0.099186,27.095314,0.348485,148.825396,15.682355
66,2.313606,0.151139,0.202811,64.000000,0.099186,27.662445,0.489056,151.139002,15.885166
67,2.499753,0.150199,0.212814,64.000000,0.099186,25.602525,0.466069,153.638756,16.097980
68,2.618067,0.147213,0.159254,64.000000,0.099186,24.445516,0.622814,156.256823,16.257234
69,2.470862,0.151501,0.147785,64.000000,0.099186,25.901888,0.671148,158.727685,16.405020
70,1.976643,0.147314,0.569065,64.000000,0.099186,32.378134,0.174296,160.704328,16.974085
71,2.845934,0.163033,0.311685,64.000000,0.099186,22.488221,0.318225,163.550262,17.285770
72,2.612934,0.148875,0.129692,64.000000,0.099186,24.493541,0.764783,166.163196,17.415462
73,2.203071,0.151087,0.284788,64.000000,0.099186,29.050355,0.348280,168.366267,17.700250
74,2.144871,0.149266,0.269177,64.000000,0.099186,29.838630,0.368479,170.511138,17.969426
75,2.596527,0.147864,0.195221,64.000000,0.099186,24.648311,0.508070,173.107664,18.164647
76,2.195888,0.149156,0.350700,64.000000,0.099186,29.145388,0.282823,175.303552,18.515347
77,2.430731,0.151494,0.240850,64.000000,0.099186,26.329530,0.411816,177.734283,18.756197
78,2.301489,0.149520,0.248078,64.000000,0.099186,27.808087,0.399818,180.035772,19.004275
79,2.184923,0.148302,0.397615,64.000000,0.099186,29.291647,0.249452,182.220695,19.401889
80,2.309220,0.149789,0.180329,64.000000,0.099186,27.714988,0.550027,184.529915,19.582219
81,2.301428,0.149716,0.172122,64.000000,0.099186,27.808818,0.576255,186.831343,19.754340
82,2.138933,0.157348,0.358242,64.000000,0.099186,29.921459,0.276868,188.970276,20.112583
83,2.000844,0.147001,0.480631,64.000000,0.099186,31.986505,0.206366,190.971120,20.593214
84,2.230598,0.148327,0.242996,64.000000,0.099186,28.691860,0.408179,193.201718,20.836210
85,2.311912,0.149173,0.300152,64.000000,0.099186,27.682711,0.330452,195.513630,21.136363
86,2.476380,0.153210,0.165244,64.000000,0.099186,25.844176,0.600239,197.990010,21.301607
87,1.909584,0.145855,0.585229,64.000000,0.099186,33.515156,0.169482,199.899594,21.886835
88,2.369523,0.152505,0.244471,64.000000,0.099186,27.009651,0.405717,202.269117,22.131306
89,2.344680,0.145950,0.486984,64.000000,0.099186,27.295840,0.203674,204.613797,22.618291
90,2.332596,0.148292,0.264292,64.000000,0.099186,27.437238,0.375289,206.946393,22.882583
91,2.465267,0.148083,0.074402,64.000000,0.099186,25.960677,1.333108,209.411660,22.956985
92,2.337782,0.149174,0.159489,64.000000,0.099186,27.376376,0.621900,211.749442,23.116473
93,2.171246,0.150770,0.287730,64.000000,0.099186,29.476168,0.344719,213.920688,23.404203
94,2.361317,0.151837,0.260856,64.000000,0.099186,27.103513,0.380232,216.282005,23.665059
95,2.158087,0.148774,0.361073,64.000000,0.099186,29.655900,0.274697,218.440092,24.026133
96,2.140499,0.149600,0.496482,64.000000,0.099186,29.899567,0.199777,220.580591,24.522615
97,2.459857,0.152297,0.139770,64.000000,0.099186,26.017768,0.709635,223.040449,24.662385
98,2.419924,0.150980,0.296401,64.000000,0.099186,26.447110,0.334634,225.460373,24.958787
99,2.601551,0.149097,0.026607,64.000000,0.099186,24.600705,3.727797,228.061924,24.985394
100,2.321141,0.148018,0.283045,64.000000,0.099186,27.572647,0.350425,230.383065,25.268439
101,2.366106,0.151771,0.269894,64.000000,0.099186,27.048665,0.367500,232.749171,25.538332
102,2.410481,0.150045,0.300215,64.000000,0.099186,26.550716,0.330383,235.159652,25.838547
103,1.893455,0.143840,0.571333,64.000000,0.099186,33.800646,0.173605,237.053107,26.409880
104,2.288191,0.151140,0.277197,64.000000,0.099186,27.969695,0.357817,239.341298,26.687077
105,2.270137,0.148946,0.413829,64.000000,0.099186,28.192126,0.239679,241.611435,27.100906
106,2.084717,0.148866,0.359915,64.000000,0.099186,30.699610,0.275581,243.696152,27.460821
107,2.277829,0.149939,0.267131,64.000000,0.099186,28.096925,0.371301,245.973981,27.727952
108,1.979899,0.151487,0.486717,64.000000,0.099186,32.324876,0.203786,247.953881,28.214669
109,2.449641,0.150608,0.190300,64.000000,0.099186,26.126281,0.521209,250.403521,28.404968
110,2.367472,0.151357,0.349242,64.000000,0.099186,27.033059,0.284003,252.770993,28.754210
111,2.300498,0.147290,0.223965,64.000000,0.099186,27.820062,0.442864,255.071491,28.978175
112,2.343325,0.148133,0.231176,64.000000,0.099186,27.311621,0.429049,257.414816,29.209351
113,2.314648,0.148202,0.204325,64.000000,0.099186,27.649994,0.485433,259.729464,29.413676
114,2.350054,0.153810,0.092552,64.000000,0.099186,27.233413,1.071680,262.079518,29.506228
115,2.372158,0.150353,0.199932,64.000000,0.099186,26.979656,0.496097,264.451676,29.706160
116,2.224907,0.150869,0.217817,64.000000,0.099186,28.765248,0.455363,266.676583,29.923977
117,2.373224,0.152774,0.049583,64.000000,0.099186,26.967532,2.000401,269.049807,29.973560
118,2.266676,0.154474,0.288192,64.000000,0.099186,28.235182,0.344166,271.316483,30.261753
119,2.860394,0.149326,0.073757,64.000000,0.099186,22.374538,1.344764,274.176877,30.335510
120,2.355936,0.149916,0.212806,64.000000,0.099186,27.165422,0.466086,276.532813,30.548316
121,2.357693,0.150986,0.144057,64.000000,0.099186,27.145178,0.688517,278.890506,30.692373
122,2.358084,0.151116,0.369452,64.000000,0.099186,27.140678,0.268467,281.248590,31.061826
123,2.240663,0.150940,0.331236,64.000000,0.099186,28.562980,0.299442,283.489253,31.393061
124,2.293953,0.152448,0.215685,64.000000,0.099186,27.899442,0.459865,285.783206,31.608746
125,3.114634,0.151141,0.351776,64.000000,0.099186,20.548160,0.281957,288.897840,31.960522
126,2.528877,0.149412,1.391351,64.000000,0.099186,25.307678,0.071288,291.426717,33.351873
127,1.321146,0.150186,0.001423,64.000000,0.099186,48.442804,69.714981,292.747862,33.353296
128,2.276592,0.163755,0.569502,64.000000,0.099186,28.112190,0.174163,295.024455,33.922798
129,2.534459,0.148590,0.047607,64.000000,0.099186,25.251940,2.083443,297.558913,33.970404
130,2.079371,0.166103,0.364065,64.000000,0.099186,30.778539,0.272440,299.638284,34.334470
131,2.426831,0.150238,0.244538,64.000000,0.099186,26.371839,0.405605,302.065115,34.579008
132,2.244599,0.147958,0.258829,64.000000,0.099186,28.512891,0.383211,304.309714,34.837836
133,2.544666,0.147792,0.166308,64.000000,0.099186,25.150652,0.596400,306.854380,35.004144
134,2.321067,0.149203,0.234456,64.000000,0.099186,27.573530,0.423047,309.175447,35.238600
135,2.286129,0.149873,0.312303,64.000000,0.099186,27.994924,0.317596,311.461575,35.550903
136,2.419175,0.147656,0.190220,64.000000,0.099186,26.455303,0.521428,313.880750,35.741123
137,2.546080,0.149760,0.127969,64.000000,0.099186,25.136682,0.775079,316.426830,35.869091
138,2.380089,0.151662,0.191054,64.000000,0.099186,26.889747,0.519150,318.806919,36.060146
139,2.388430,0.151683,0.168531,64.000000,0.099186,26.795847,0.588531,321.195349,36.228677
140,2.412899,0.148561,0.175164,64.000000,0.099186,26.524112,0.566248,323.608248,36.403841
141,2.453352,0.149445,0.267748,64.000000,0.099186,26.086762,0.370445,326.061599,36.671589
142,2.420694,0.149465,0.102929,64.000000,0.099186,26.438702,0.963637,328.482293,36.774517
143,2.179246,0.148301,0.399056,64.000000,0.099186,29.367949,0.248551,330.661540,37.173574
144,1.999549,0.152143,0.430325,64.000000,0.099186,32.007220,0.230491,332.661089,37.603899
145,2.471736,0.151216,0.205825,64.000000,0.099186,25.892738,0.481895,335.132824,37.809723
146,2.340160,0.151111,0.187696,64.000000,0.099186,27.348552,0.528439,337.472985,37.997419
147,1.835021,0.145624,0.765643,64.000000,0.099186,34.876978,0.129546,339.308006,38.763063
148,2.139417,0.150524,0.425678,64.000000,0.099186,29.914685,0.233007,341.447423,39.188741
149,2.381025,0.148480,0.320704,64.000000,0.099186,26.879175,0.309276,343.828449,39.509444
150,2.325538,0.147836,0.162526,64.000000,0.099186,27.520517,0.610277,346.153987,39.671970
151,2.266511,0.147283,0.281524,64.000000,0.099186,28.237234,0.352319,348.420497,39.953494
152,2.432469,0.146676,0.252102,64.000000,0.099186,26.310720,0.393436,350.852966,40.205596
153,2.461082,0.150267,0.166413,64.000000,0.099186,26.004817,0.596021,353.314048,40.372009
154,2.157090,0.151068,0.311453,64.000000,0.099186,29.669598,0.318462,355.471139,40.683462
155,2.465497,0.151297,0.244741,64.000000,0.099186,25.958257,0.405268,357.936636,40.928203
156,2.197747,0.151342,0.373133,64.000000,0.099186,29.120736,0.265819,360.134382,41.301336
157,2.275970,0.148701,0.230794,64.000000,0.099186,28.119882,0.429759,362.410352,41.532131
158,2.336560,0.147674,0.381556,64.000000,0.099186,27.390694,0.259951,364.746912,41.913687
159,2.028675,0.187929,0.388597,64.000000,0.099186,31.547678,0.255241,366.775587,42.302283
160,2.487671,0.149563,0.267785,64.000000,0.099186,25.726876,0.370393,369.263258,42.570069
161,2.380164,0.147538,0.208581,64.000000,0.099186,26.888902,0.475527,371.643422,42.778650
162,2.355720,0.149742,0.291286,64.000000,0.099186,27.167915,0.340511,373.999142,43.069936
163,2.477367,0.293496,0.001362,64.000000,0.099186,25.833880,72.846746,376.476509,43.071297
164,1.918297,0.295225,0.437476,64.000000,0.099186,33.362933,0.226723,378.394806,43.508773
165,2.318256,0.289243,0.160435,64.000000,0.099186,27.606964,0.618233,380.713061,43.669208
166,2.283488,0.292678,0.122721,64.000000,0.099186,28.027302,0.808222,382.996549,43.791929
167,2.280835,0.294286,0.059369,64.000000,0.099186,28.059902,1.670666,385.277384,43.851298
168,2.544357,0.288361,0.026938,64.000000,0.099186,25.153705,3.681947,387.821741,43.878237
169,2.181333,0.287574,0.245183,64.000000,0.099186,29.339854,0.404538,390.003074,44.123420
170,2.319089,0.287510,0.257979,64.000000,0.099186,27.597045,0.384473,392.322163,44.381399
171,2.406653,0.286435,0.051707,64.000000,0.099186,26.592947,1.918236,394.728816,44.433106
172,2.329611,0.285652,0.228516,64.000000,0.099186,27.472395,0.434043,397.058427,44.661622
173,2.472842,0.283745,0.039712,64.000000,0.099186,25.881151,2.497612,399.531269,44.701334
174,2.442284,0.293158,0.052729,64.000000,0.099186,26.204975,1.881035,401.973554,44.754064
175,2.225502,0.285001,0.143555,64.000000,0.099186,28.757557,0.690925,404.199056,44.897619
176,2.179890,0.287826,0.229278,64.000000,0.099186,29.359280,0.432602,406.378946,45.126897
177,2.318637,0.298210,0.276490,64.000000,0.099186,27.602422,0.358732,408.697583,45.403387
178,2.324491,0.286699,0.086721,64.000000,0.099186,27.532904,1.143736,411.022074,45.490108
179,3.027196,0.292604,0.470550,64.000000,0.099186,21.141679,0.210787,414.049270,45.960657
180,2.275664,0.290795,0.199520,64.000000,0.099186,28.123657,0.497123,416.324934,46.160177
181,2.347692,0.283914,0.066224,64.000000,0.099186,27.260816,1.497734,418.672626,46.226401
182,2.396707,0.288378,0.001362,64.000000,0.099186,26.703301,72.829308,421.069334,46.227763
183,2.560665,0.284188,0.065033,64.000000,0.099186,24.993507,1.525153,423.629999,46.292796
184,2.380734,0.284509,0.043805,64.000000,0.099186,26.882465,2.264247,426.010733,46.336602
185,2.102988,0.286290,0.363103,64.000000,0.099186,30.432883,0.273162,428.113721,46.699704
186,2.726345,0.283245,0.100365,64.000000,0.099186,23.474655,0.988248,430.840066,46.800070
187,1.824055,0.274089,0.604778,64.000000,0.099186,35.086658,0.164004,432.664121,47.404847
188,2.292313,0.280161,0.158936,64.000000,0.099186,27.919393,0.624064,434.956434,47.563783
189,2.153892,0.281874,0.363916,64.000000,0.099186,29.713650,0.272552,437.110327,47.927699
190,2.496397,0.279728,0.077762,64.000000,0.099186,25.636950,1.275505,439.606723,48.005461
191,2.406242,0.279547,0.030438,64.000000,0.099186,26.597490,3.258658,442.012966,48.035898
192,2.506647,0.279465,0.133208,64.000000,0.099186,25.532115,0.744597,444.519613,48.169106
193,2.619715,0.278874,0.001274,64.000000,0.099186,24.430134,77.862943,447.139328,48.170380
194,2.196546,0.346083,0.414124,64.000000,0.099186,29.136655,0.239508,449.335874,48.584504
195,3.135174,0.280024,0.045984,64.000000,0.099186,20.413541,2.156983,452.471048,48.630488
196,2.239701,0.306226,0.256822,64.000000,0.099186,28.575239,0.386205,454.710749,48.887310
197,2.379847,0.278117,0.095950,64.000000,0.099186,26.892488,1.033721,457.090596,48.983260
198,2.419287,0.277237,0.002492,64.000000,0.099186,26.454074,39.801599,459.509883,48.985752
199,2.326982,0.278894,0.101580,64.000000,0.099186,27.503436,0.976436,461.836865,49.087332
200,2.342089,0.283213,0.078769,64.000000,0.099186,27.326036,1.259194,464.178954,49.166101
201,2.413033,0.281137,0.147533,64.000000,0.099186,26.522640,0.672297,466.591986,49.313634
202,2.283283,0.285086,0.118330,64.000000,0.099186,28.029811,0.838211,468.875270,49.431965
203,2.344802,0.277760,0.077498,64.000000,0.099186,27.294414,1.279851,471.220072,49.509463
204,2.054794,0.280528,0.250435,64.000000,0.099186,31.146675,0.396055,473.274866,49.759898
205,2.377807,0.278248,0.103201,64.000000,0.099186,26.915556,0.961091,475.652673,49.863099
206,2.190624,0.277694,0.302237,64.000000,0.099186,29.215418,0.328172,477.843297,50.165336
207,2.345620,0.276997,0.106731,64.000000,0.099186,27.284892,0.929307,480.188918,50.272068
208,2.359917,0.277258,0.113272,64.000000,0.099186,27.119600,0.875641,482.548834,50.385340
209,2.221841,0.284640,0.500919,64.000000,0.099186,28.804938,0.198008,484.770676,50.886259
210,2.268746,0.284597,0.147081,64.000000,0.099186,28.209419,0.674364,487.039421,51.033339
211,2.229993,0.279041,1.064308,64.000000,0.099186,28.699645,0.093193,489.269414,52.097648
212,1.583956,0.279028,0.093169,64.000000,0.099186,40.405173,1.064577,490.853370,52.190817
213,5.033112,0.283232,0.174391,64.000000,0.099186,12.715791,0.568757,495.886482,52.365208
214,2.261400,0.286583,0.231867,64.000000,0.099186,28.301055,0.427770,498.147881,52.597075
215,2.322545,0.278757,0.228470,64.000000,0.099186,27.555981,0.434132,500.470426,52.825545
216,2.537055,0.274871,0.068501,64.000000,0.099186,25.226103,1.447945,503.007481,52.894046
217,2.379513,0.276749,0.112322,64.000000,0.099186,26.896264,0.883049,505.386993,53.006369
218,2.349755,0.277423,0.116151,64.000000,0.099186,27.236879,0.853942,507.736749,53.122519
219,2.363680,0.276841,0.119694,64.000000,0.099186,27.076422,0.828662,510.100429,53.242213
220,2.183628,0.275313,0.274673,64.000000,0.099186,29.309015,0.361106,512.284057,53.516886
221,2.294686,0.279404,0.137977,64.000000,0.099186,27.890528,0.718857,514.578743,53.654863
222,2.338101,0.278769,0.156206,64.000000,0.099186,27.372636,0.634967,516.916844,53.811070
223,2.251281,0.279397,0.127186,64.000000,0.099186,28.428263,0.779849,519.168125,53.938256
224,2.073876,0.284904,0.373067,64.000000,0.099186,30.860095,0.265866,521.242001,54.311322
225,2.262736,0.277065,0.106371,64.000000,0.099186,28.284337,0.932450,523.504737,54.417694
226,2.313910,0.276701,0.109071,64.000000,0.099186,27.658811,0.909372,525.818647,54.526765
227,2.276835,0.277332,0.177715,64.000000,0.099186,28.109195,0.558119,528.095482,54.704479
228,2.361427,0.276506,0.105487,64.000000,0.099186,27.102259,0.940266,530.456909,54.809966
229,2.763197,0.275781,0.167286,64.000000,0.099186,23.161580,0.592913,533.220106,54.977252
230,2.366795,0.274463,0.114096,64.000000,0.099186,27.040783,0.869323,535.586901,55.091348
231,1.849652,0.264976,3.092702,64.000000,0.099186,34.601105,0.032071,537.436553,58.184050
232,2.103431,0.279487,0.246642,64.000000,0.099186,30.426482,0.402145,539.539984,58.430692
233,2.334627,0.276372,0.150844,64.000000,0.099186,27.413371,0.657540,541.874611,58.581536
234,2.382863,0.278140,0.092749,64.000000,0.099186,26.858450,1.069399,544.257474,58.674285
235,2.194294,0.275856,0.171132,64.000000,0.099186,29.166556,0.579587,546.451768,58.845417
236,2.212782,0.277939,0.148832,64.000000,0.099186,28.922862,0.666428,548.664550,58.994250
237,2.402996,0.277971,0.347287,64.000000,0.099186,26.633418,0.285602,551.067546,59.341537
238,2.311975,0.275656,0.190643,64.000000,0.099186,27.681963,0.520271,553.379521,59.532180
239,1.983868,0.279350,0.359438,64.000000,0.099186,32.260211,0.275947,555.363389,59.891618
240,2.315490,0.276564,0.086454,64.000000,0.099186,27.639939,1.147266,557.678879,59.978072
241,2.435218,0.276378,0.072732,64.000000,0.099186,26.281011,1.363726,560.114097,60.050804
242,2.062781,0.276721,0.358428,64.000000,0.099186,31.026080,0.276725,562.176878,60.409232
243,2.086645,0.277545,0.410617,64.000000,0.099186,30.671246,0.241554,564.263523,60.819848
244,2.607672,0.277392,0.001338,64.000000,0.099186,24.542966,74.102533,566.871195,60.821187
245,2.328330,0.281958,0.050573,64.000000,0.099186,27.487517,1.961228,569.199524,60.871760
246,2.407149,0.277494,0.045335,64.000000,0.099186,26.587472,2.187821,571.606673,60.917096
247,2.409351,0.281949,0.073126,64.000000,0.099186,26.563170,1.356368,574.016024,60.990222
248,3.096343,0.287087,0.466880,64.000000,0.099186,20.669544,0.212444,577.112367,61.457102
249,2.202559,0.277499,0.540720,64.000000,0.099186,29.057113,0.183433,579.314926,61.997822
250,2.206191,0.260558,1.680979,64.000000,0.099186,29.009278,0.059005,581.521117,63.678801
251,2.105338,0.280145,0.383589,64.000000,0.099186,30.398923,0.258574,583.626454,64.062390
252,2.378441,0.283317,0.163850,64.000000,0.099186,26.908377,0.605347,586.004896,64.226240
253,2.348103,0.277115,0.069950,64.000000,0.099186,27.256041,1.417947,588.352999,64.296190
254,2.446886,0.274870,0.174197,64.000000,0.099186,26.155689,0.569390,590.799886,64.470387
255,2.376426,0.275288,0.088265,64.000000,0.099186,26.931198,1.123732,593.176312,64.558652
256,2.405151,0.274545,0.059176,64.000000,0.099186,26.609551,1.676113,595.581463,64.617828
257,2.226408,0.278384,0.159412,64.000000,0.099186,28.745851,0.622199,597.807871,64.777240
258,2.399786,0.274706,0.087389,64.000000,0.099186,26.669040,1.134999,600.207658,64.864628
259,2.389480,0.277764,0.001465,64.000000,0.099186,26.784065,67.688977,602.597138,64.866094
260,2.189568,0.277724,0.257044,64.000000,0.099186,29.229516,0.385871,604.786706,65.123138
261,2.136733,0.279194,0.211573,64.000000,0.099186,29.952265,0.468803,606.923439,65.334711
262,2.394671,0.275611,0.158549,64.000000,0.099186,26.726005,0.625587,609.318111,65.493259
263,2.302782,0.275273,0.184880,64.000000,0.099186,27.792468,0.536488,611.620893,65.678139
264,2.146324,0.275093,0.352349,64.000000,0.099186,29.818428,0.281499,613.767216,66.030488
265,2.152194,0.276300,0.307370,64.000000,0.099186,29.737096,0.322692,615.919411,66.337858
266,2.343859,0.279422,0.158671,64.000000,0.099186,27.305393,0.625106,618.263270,66.496528
267,2.412399,0.275522,0.247765,64.000000,0.099186,26.529612,0.400323,620.675668,66.744293
268,2.392467,0.283282,0.007771,64.000000,0.099186,26.750634,12.764095,623.068135,66.752064
269,2.210347,0.281804,0.183786,64.000000,0.099186,28.954731,0.539683,625.278482,66.935850
270,2.242804,0.276292,0.195555,64.000000,0.099186,28.535712,0.507202,627.521286,67.131405
271,2.029342,0.269225,0.664002,64.000000,0.099186,31.537310,0.149376,629.550628,67.795407
272,2.384922,0.275493,0.195636,64.000000,0.099186,26.835264,0.506993,631.935550,67.991042
273,2.304400,0.275139,0.097768,64.000000,0.099186,27.772957,1.014504,634.239950,68.088810
274,2.416445,0.276221,0.065989,64.000000,0.099186,26.485184,1.503069,636.656395,68.154799
275,2.196257,0.274820,0.242903,64.000000,0.099186,29.140482,0.408335,638.852652,68.397703
276,2.427467,0.283092,0.058675,64.000000,0.099186,26.364926,1.690423,641.280120,68.456378
277,2.467958,0.276479,0.117538,64.000000,0.099186,25.932370,0.843860,643.748078,68.573916
278,2.310476,0.277227,0.057116,64.000000,0.099186,27.699921,1.736565,646.058554,68.631032
279,2.435058,0.277726,0.128222,64.000000,0.099186,26.282745,0.773546,648.493611,68.759255
280,1.937221,0.284494,0.501400,64.000000,0.099186,33.037020,0.197818,650.430832,69.260655
281,2.194247,0.278770,0.320132,64.000000,0.099186,29.167176,0.309828,652.625080,69.580787
282,2.104176,0.271822,0.718189,64.000000,0.099186,30.415711,0.138106,654.729255,70.298976
283,2.093901,0.276855,0.382963,64.000000,0.099186,30.564965,0.258996,656.823156,70.681939
284,2.039778,0.301075,0.365300,64.000000,0.099186,31.375956,0.271519,658.862935,71.047239
285,2.332219,0.280226,0.149105,64.000000,0.099186,27.441673,0.665210,661.195154,71.196343
286,2.467397,0.285854,0.001356,64.000000,0.099186,25.938262,73.168639,663.662551,71.197699
287,2.528421,0.286037,0.001378,64.000000,0.099186,25.312236,71.997259,666.190973,71.199077
288,2.247990,0.289858,0.246542,64.000000,0.099186,28.469879,0.402308,668.438962,71.445619
289,2.312678,0.288587,0.092163,64.000000,0.099186,27.673548,1.076207,670.751640,71.537782
290,2.303023,0.278417,0.092098,64.000000,0.099186,27.789566,1.076964,673.054663,71.629879
291,2.375894,0.278166,0.161211,64.000000,0.099186,26.937234,0.615254,675.430556,71.791091
292,2.370527,0.280125,0.099427,64.000000,0.099186,26.998213,0.997578,677.801084,71.890517
293,2.857392,0.296097,0.048093,64.000000,0.099186,22.398044,2.062393,680.658476,71.938610
294,2.300074,0.283130,0.158366,64.000000,0.099186,27.825197,0.626307,682.958550,72.096976
295,2.290049,0.283591,0.223545,64.000000,0.099186,27.946999,0.443696,685.248599,72.320521
296,2.313162,0.278028,0.111758,64.000000,0.099186,27.667758,0.887505,687.561760,72.432280
297,2.253192,0.277465,0.076427,64.000000,0.099186,28.404147,1.297788,689.814953,72.508707
298,2.134148,0.294348,0.241771,64.000000,0.099186,29.988552,0.410247,691.949100,72.750478
299,2.295426,0.276987,0.333750,64.000000,0.099186,27.881538,0.297187,694.244526,73.084228
300,2.637553,0.278134,0.084976,64.000000,0.099186,24.264918,1.167227,696.882079,73.169203
301,2.381899,0.278421,0.148743,64.000000,0.099186,26.869319,0.666826,699.263978,73.317947
302,2.435191,0.279002,0.158760,64.000000,0.099186,26.281309,0.624753,701.699168,73.476707
303,2.444695,0.284374,0.001464,64.000000,0.099186,26.179132,67.727339,704.143864,73.478171
304,2.446510,0.278340,1.916631,64.000000,0.099186,26.159715,0.051750,706.590373,75.394803
305,1.176406,0.281843,0.001389,64.000000,0.099186,54.402996,71.406573,707.766779,75.396192
306,2.107578,0.279540,0.379087,64.000000,0.099186,30.366611,0.261644,709.874357,75.775279
307,2.327835,0.277367,0.065148,64.000000,0.099186,27.493356,1.522470,712.202192,75.840427
308,3.299108,0.287531,0.084019,64.000000,0.099186,19.399184,1.180520,715.501300,75.924445
309,2.643212,0.283853,0.084841,64.000000,0.099186,24.212963,1.169076,718.144512,76.009287
310,2.211717,0.286124,0.366830,64.000000,0.099186,28.936796,0.270386,720.356229,76.376117
311,2.304948,0.279339,0.200308,64.000000,0.099186,27.766349,0.495168,722.661178,76.576425
312,2.414815,0.280135,0.260845,64.000000,0.099186,26.503067,0.380248,725.075992,76.837270
313,2.269992,0.285271,0.176792,64.000000,0.099186,28.193936,0.561032,727.345984,77.014062
314,2.411842,0.280954,0.279296,64.000000,0.099186,26.535739,0.355128,729.757826,77.293358
315,2.305236,0.285922,0.160897,64.000000,0.099186,27.762885,0.616456,732.063062,77.454255
316,2.539447,0.286462,0.001326,64.000000,0.099186,25.202335,74.808140,734.602509,77.455581
317,2.277850,0.286944,0.525056,64.000000,0.099186,28.096668,0.188905,736.880359,77.980637
318,1.875811,0.281521,0.564299,64.000000,0.099186,34.118570,0.175769,738.756170,78.544936
319,2.340012,0.283965,0.176712,64.000000,0.099186,27.350288,0.561287,741.096182,78.721647
320,2.439359,0.286643,0.071178,64.000000,0.099186,26.236404,1.393495,743.535541,78.792825
321,2.265555,0.282132,0.110461,64.000000,0.099186,28.249151,0.897923,745.801096,78.903287
322,2.321166,0.280999,0.320944,64.000000,0.099186,27.572344,0.309044,748.122262,79.224231
323,2.140872,0.279671,0.353586,64.000000,0.099186,29.894359,0.280514,750.263135,79.577817
324,2.536232,0.283898,0.001350,64.000000,0.099186,25.234288,73.453005,752.799366,79.579168
325,2.298200,0.286186,0.287563,64.000000,0.099186,27.847877,0.344919,755.097567,79.866731
326,2.655103,0.288228,0.001360,64.000000,0.099186,24.104530,72.909183,757.752669,79.868091
327,2.340286,0.284181,0.085078,64.000000,0.099186,27.347087,1.165826,760.092955,79.953169
328,2.294078,0.286970,0.110296,64.000000,0.099186,27.897920,0.899267,762.387033,80.063465
329,2.507781,0.280851,0.001603,64.000000,0.099186,25.520571,61.866438,764.894814,80.065069
330,2.214281,0.288453,0.367945,64.000000,0.099186,28.903290,0.269568,767.109094,80.433013
331,2.477392,0.281784,0.001364,64.000000,0.099186,25.833620,72.695489,769.586486,80.434378
332,2.203326,0.286566,0.204039,64.000000,0.099186,29.046998,0.486114,771.789812,80.638416
333,2.502893,0.289903,0.064410,64.000000,0.099186,25.570410,1.539916,774.292705,80.702826
334,2.282615,0.287020,0.128168,64.000000,0.099186,28.038013,0.773873,776.575321,80.830994
335,2.056768,0.281876,0.374433,64.000000,0.099186,31.116788,0.264897,778.632088,81.205427
336,2.122766,0.292091,0.296685,64.000000,0.099186,30.149340,0.334314,780.754854,81.502112
337,2.385447,0.280634,0.241557,64.000000,0.099186,26.829355,0.410611,783.140301,81.743669
338,2.284035,0.288962,0.141604,64.000000,0.099186,28.020588,0.700444,785.424336,81.885273
339,2.282832,0.283259,0.100274,64.000000,0.099186,28.035347,0.989145,787.707168,81.985548
340,2.476318,0.280992,0.121163,64.000000,0.099186,25.844827,0.818617,790.183486,82.106711
341,2.351650,0.283767,0.101107,64.000000,0.099186,27.214935,0.980997,792.535136,82.207818
342,2.416346,0.284443,0.149849,64.000000,0.099186,26.486271,0.661908,794.951482,82.357667
343,2.196117,0.289161,0.230602,64.000000,0.099186,29.142346,0.430118,797.147599,82.588268
344,2.175241,0.286633,0.281645,64.000000,0.099186,29.422026,0.352166,799.322840,82.869913
345,2.304440,0.283317,0.194689,64.000000,0.099186,27.772473,0.509459,801.627280,83.064602
346,2.278236,0.288543,0.180236,64.000000,0.099186,28.091906,0.550311,803.905517,83.244838
347,2.567791,0.287728,0.001302,64.000000,0.099186,24.924142,76.164354,806.473308,83.246141
348,2.133495,0.283496,0.560739,64.000000,0.099186,29.997722,0.176884,808.606803,83.806880
349,2.325686,0.281014,0.056801,64.000000,0.099186,27.518763,1.746209,810.932489,83.863680
350,2.630919,0.286226,0.001374,64.000000,0.099186,24.326098,72.212539,813.563408,83.865054
351,1.886229,0.281763,0.555414,64.000000,0.099186,33.930141,0.178580,815.449637,84.420468
352,2.215208,0.281862,0.182090,64.000000,0.099186,28.891187,0.544709,817.664845,84.602558
353,2.060021,0.296401,0.338574,64.000000,0.099186,31.067638,0.292952,819.724867,84.941132
354,2.219976,0.280664,0.195225,64.000000,0.099186,28.829146,0.508059,821.944842,85.136357
355,2.328372,0.282440,0.058380,64.000000,0.099186,27.487013,1.698959,824.273215,85.194738
356,2.798989,0.283157,0.171937,64.000000,0.099186,22.865400,0.576873,827.072204,85.366675
357,2.366312,0.288486,0.154468,64.000000,0.099186,27.046304,0.642112,829.438516,85.521143
358,2.429697,0.283100,0.031909,64.000000,0.099186,26.340737,3.108354,831.868212,85.553053
359,2.391654,0.283076,0.001341,64.000000,0.099186,26.759729,73.953355,834.259866,85.554394
360,2.404323,0.280629,0.038511,64.000000,0.099186,26.618721,2.575512,836.664189,85.592905
361,2.390657,0.282920,0.085414,64.000000,0.099186,26.770879,1.161235,839.054846,85.678319
362,2.379564,0.284265,0.069938,64.000000,0.099186,26.895684,1.418201,841.434410,85.748257
363,2.150128,0.284488,0.177032,64.000000,0.099186,29.765665,0.560271,843.584539,85.925289
364,2.446950,0.283821,0.069112,64.000000,0.099186,26.155005,1.435138,846.031489,85.994402
365,2.305345,0.288076,0.190006,64.000000,0.099186,27.761566,0.522013,848.336834,86.184408
366,2.313378,0.294667,0.248151,64.000000,0.099186,27.665177,0.399700,850.650212,86.432559
367,2.435323,0.285142,0.007487,64.000000,0.099186,26.279876,13.247129,853.085536,86.440046
368,2.242203,0.299024,0.207672,64.000000,0.099186,28.543351,0.477609,855.327739,86.647718
369,2.404446,0.285525,0.055861,64.000000,0.099186,26.617360,1.775569,857.732185,86.703579
370,2.508637,0.282135,0.001322,64.000000,0.099186,25.511863,75.034624,860.240822,86.704901
371,2.415599,0.283330,0.126433,64.000000,0.099186,26.494467,0.784497,862.656420,86.831334
372,2.336261,0.282626,0.083133,64.000000,0.099186,27.394204,1.193103,864.992681,86.914467
373,2.296085,0.283269,0.017575,64.000000,0.099186,27.873528,5.643555,867.288766,86.932042
374,2.483611,0.282671,0.124074,64.000000,0.099186,25.768928,0.799408,869.772378,87.056116
375,2.488163,0.283780,0.001387,64.000000,0.099186,25.721790,71.507835,872.260540,87.057503
376,2.039107,0.289104,0.400355,64.000000,0.099186,31.386295,0.247745,874.299647,87.457858
377,2.340381,0.282290,0.248118,64.000000,0.099186,27.345972,0.399754,876.640028,87.705975
378,2.384390,0.283303,0.037071,64.000000,0.099186,26.841247,2.675561,879.024418,87.743046
379,2.468869,0.292462,0.179068,64.000000,0.099186,25.922803,0.553899,881.493287,87.922115
380,2.424067,0.280960,0.114678,64.000000,0.099186,26.401905,0.864910,883.917355,88.036793
381,2.339177,0.283599,0.082540,64.000000,0.099186,27.360050,1.201665,886.256532,88.119333
382,2.428763,0.282931,0.001359,64.000000,0.099186,26.350863,72.969364,888.685295,88.120692
383,2.199813,0.289818,0.163330,64.000000,0.099186,29.093386,0.607275,890.885107,88.284022
384,2.636169,0.283468,0.151940,64.000000,0.099186,24.277653,0.652799,893.521276,88.435961
385,2.525056,0.282357,0.146330,64.000000,0.099186,25.345977,0.677822,896.046332,88.582292
386,2.397989,0.290912,0.023302,64.000000,0.099186,26.689031,4.256516,898.444321,88.605594
387,2.401640,0.291780,0.001379,64.000000,0.099186,26.648458,71.937834,900.845961,88.606973
388,2.228479,0.283339,0.296742,64.000000,0.099186,28.719145,0.334250,903.074439,88.903714
389,2.346557,0.283002,0.099504,64.000000,0.099186,27.273998,0.996807,905.420997,89.003218
390,2.397216,0.283525,0.001316,64.000000,0.099186,26.697636,75.345841,907.818213,89.004534
391,2.300317,0.285033,0.166195,64.000000,0.099186,27.822255,0.596804,910.118530,89.170730
392,2.491169,0.286281,0.186186,64.000000,0.099186,25.690747,0.532725,912.609699,89.356916
393,2.449970,0.286848,0.255293,64.000000,0.099186,26.122772,0.388519,915.059669,89.612208
394,2.210464,0.289477,0.150779,64.000000,0.099186,28.953202,0.657824,917.270132,89.762987
395,2.205291,0.285950,0.219235,64.000000,0.099186,29.021116,0.452418,919.475423,89.982222
396,2.231878,0.286290,0.114614,64.000000,0.099186,28.675399,0.865390,921.707301,90.096836
397,2.490027,0.291751,0.039533,64.000000,0.099186,25.702530,2.508937,924.197328,90.136369
398,2.328263,0.287332,0.211842,64.000000,0.099186,27.488309,0.468207,926.525591,90.348211
399,2.617192,0.289616,0.224763,64.000000,0.099186,24.453693,0.441292,929.142783,90.572974
400,2.394807,0.293355,0.043051,64.000000,0.099186,26.724491,2.303941,931.537590,90.616025
401,2.409939,0.282975,0.001560,64.000000,0.099186,26.556694,63.566105,933.947528,90.617585
402,2.536226,0.287293,0.089389,64.000000,0.099186,25.234348,1.109600,936.483754,90.706974
403,2.311857,0.285872,0.240342,64.000000,0.099186,27.683375,0.412687,938.795611,90.947316
404,2.317154,0.286356,0.252718,64.000000,0.099186,27.620088,0.392476,941.112765,91.200034
405,2.245990,0.285531,0.232427,64.000000,0.099186,28.495231,0.426741,943.358755,91.432461
406,2.418009,0.285609,0.066266,64.000000,0.099186,26.468058,1.496794,945.776764,91.498726
407,2.324393,0.285013,0.060098,64.000000,0.099186,27.534072,1.650396,948.101156,91.558824
408,2.675159,0.291367,0.001416,64.000000,0.099186,23.923808,70.058346,950.776316,91.560240
409,2.248045,0.285731,0.254546,64.000000,0.099186,28.469179,0.389658,953.024361,91.814786
410,2.200255,0.291545,0.185144,64.000000,0.099186,29.087537,0.535723,955.224616,91.999930
411,2.186802,0.301352,0.213097,64.000000,0.099186,29.266485,0.465450,957.411418,92.213027
412,2.347200,0.294086,0.159358,64.000000,0.099186,27.266535,0.622409,959.758617,92.372385
413,2.279434,0.292668,0.181791,64.000000,0.099186,28.077151,0.545605,962.038051,92.554176
414,2.206482,0.286044,0.298307,64.000000,0.099186,29.005443,0.332496,964.244533,92.852484
415,1.879720,0.286104,0.485455,64.000000,0.099186,34.047633,0.204316,966.124253,93.337938
416,2.911640,0.289886,0.041607,64.000000,0.099186,21.980739,2.383899,969.035893,93.379545
417,2.361749,0.290157,0.052332,64.000000,0.099186,27.098559,1.895320,971.397642,93.431877
418,3.059970,0.287712,0.146569,64.000000,0.099186,20.915236,0.676721,974.457612,93.578445
419,2.367578,0.289793,0.140663,64.000000,0.099186,27.031847,0.705130,976.825190,93.719109
420,2.150879,0.293881,0.255341,64.000000,0.099186,29.755274,0.388446,978.976069,93.974449
421,2.239846,0.291552,0.086129,64.000000,0.099186,28.573390,1.151603,981.215916,94.060578
422,2.231761,0.284962,0.273645,64.000000,0.099186,28.676909,0.362462,983.447676,94.334223
423,2.120420,0.284555,0.418676,64.000000,0.099186,30.182704,0.236904,985.568096,94.752899
424,2.285438,0.286644,0.168351,64.000000,0.099186,28.003387,0.589163,987.853534,94.921250
425,2.420541,0.287932,0.037985,64.000000,0.099186,26.440373,2.611182,990.274075,94.959235
426,3.035573,0.289396,0.201005,64.000000,0.099186,21.083335,0.493451,993.309648,95.160239
427,2.458881,0.287012,0.029908,64.000000,0.099186,26.028104,3.316363,995.768528,95.190147
428,2.176180,0.296255,0.266401,64.000000,0.099186,29.409338,0.372318,997.944708,95.456548
429,2.094071,0.296363,0.319643,64.000000,0.099186,30.562483,0.310303,1000.038779,95.776191
430,2.156100,0.287270,0.204096,64.000000,0.099186,29.683228,0.485977,1002.194878,95.980287
431,2.172874,0.305273,0.354490,64.000000,0.099186,29.454074,0.279799,1004.367753,96.334777
432,2.352384,0.286839,0.072293,64.000000,0.099186,27.206438,1.371997,1006.720137,96.407070
433,2.424635,0.288634,0.068168,64.000000,0.099186,26.395724,1.455019,1009.144772,96.475238
434,2.304472,0.287793,0.039950,64.000000,0.099186,27.772087,2.482780,1011.449244,96.515188
435,2.128578,0.287406,0.328159,64.000000,0.099186,30.067024,0.302249,1013.577822,96.843347
436,2.375385,0.287929,0.150303,64.000000,0.099186,26.943006,0.659907,1015.953207,96.993650
437,2.398098,0.289045,0.074142,64.000000,0.099186,26.687814,1.337792,1018.351305,97.067792
438,2.275169,0.288247,0.114619,64.000000,0.099186,28.129781,0.865354,1020.626474,97.182411
439,2.161112,0.286308,0.485672,64.000000,0.099186,29.614381,0.204224,1022.787586,97.668083
440,2.315541,0.288871,0.132241,64.000000,0.099186,27.639334,0.750039,1025.103126,97.800324
441,2.237840,0.289118,0.107751,64.000000,0.099186,28.599010,0.920513,1027.340966,97.908074
442,2.187729,0.311947,0.268317,64.000000,0.099186,29.254084,0.369659,1029.528695,98.176392
443,2.789595,0.295062,0.031979,64.000000,0.099186,22.942400,3.101631,1032.318290,98.208370
444,2.272788,0.293993,0.137115,64.000000,0.099186,28.159247,0.723375,1034.591078,98.345486
445,2.212561,0.292487,0.231113,64.000000,0.099186,28.925756,0.429166,1036.803639,98.576599
446,2.317518,0.294499,0.300968,64.000000,0.099186,27.615752,0.329556,1039.121157,98.877568
447,2.142755,0.290589,0.226816,64.000000,0.099186,29.868090,0.437296,1041.263912,99.104384
448,2.120772,0.294545,0.268284,64.000000,0.099186,30.177695,0.369705,1043.384683,99.372668
449,2.319231,0.296670,0.142753,64.000000,0.099186,27.595354,0.694809,1045.703914,99.515421
450,2.580266,0.297139,0.063915,64.000000,0.099186,24.803649,1.551838,1048.284180,99.579336
451,2.102086,0.297164,0.304503,64.000000,0.099186,30.445954,0.325730,1050.386265,99.883839
452,2.012382,0.290621,0.564227,64.000000,0.099186,31.803108,0.175791,1052.398647,100.448066
453,2.245999,0.297597,0.189786,64.000000,0.099186,28.495116,0.522621,1054.644646,100.637852
454,2.283089,0.291995,0.105549,64.000000,0.099186,28.032203,0.939715,1056.927735,100.743401
455,2.223708,0.313956,0.226887,64.000000,0.099186,28.780755,0.437161,1059.151443,100.970288
456,2.493122,0.295495,0.037841,64.000000,0.099186,25.670624,2.621152,1061.644565,101.008128
457,2.273176,0.291538,0.112536,64.000000,0.099186,28.154435,0.881372,1063.917742,101.120664
458,2.290254,0.292435,0.264170,64.000000,0.099186,27.944495,0.375463,1066.207996,101.384834
459,2.577002,0.297300,0.102817,64.000000,0.099186,24.835057,0.964684,1068.784998,101.487651
460,2.346840,0.292271,0.083945,64.000000,0.099186,27.270709,1.181553,1071.131839,101.571596
461,2.123204,0.291455,0.234149,64.000000,0.099186,30.143126,0.423602,1073.255042,101.805745
462,2.243747,0.291678,0.331830,64.000000,0.099186,28.523715,0.298906,1075.498789,102.137575
463,2.320372,0.293500,0.082987,64.000000,0.099186,27.581780,1.195205,1077.819162,102.220562
464,2.191460,0.278568,1.864936,64.000000,0.099186,29.204281,0.053185,1080.010621,104.085497
465,2.204225,0.290762,0.161160,64.000000,0.099186,29.035145,0.615449,1082.214846,104.246658
466,2.248086,0.295478,0.160273,64.000000,0.099186,28.468657,0.618856,1084.462933,104.406930
467,2.633182,0.290515,0.154041,64.000000,0.099186,24.305197,0.643895,1087.096115,104.560971
468,2.300652,0.289159,0.086053,64.000000,0.099186,27.818206,1.152608,1089.396766,104.647024
469,2.261977,0.296477,0.064057,64.000000,0.099186,28.293838,1.548413,1091.658743,104.711081
470,2.405149,0.298255,0.048182,64.000000,0.099186,26.609581,2.058562,1094.063892,104.759263
471,2.352806,0.292628,0.228901,64.000000,0.099186,27.201558,0.433313,1096.416698,104.988164
472,1.837318,0.288525,0.665145,64.000000,0.099186,34.833384,0.149119,1098.254016,105.653309
473,2.437786,0.291027,0.073446,64.000000,0.099186,26.253332,1.350459,1100.691802,105.726755
474,2.099426,0.292864,0.335392,64.000000,0.099186,30.484518,0.295731,1102.791228,106.062147
475,2.143873,0.300212,0.535917,64.000000,0.099186,29.852519,0.185077,1104.935101,106.598064
476,2.088311,0.300203,0.483289,64.000000,0.099186,30.646777,0.205231,1107.023412,107.081353
477,2.289189,0.302377,0.141524,64.000000,0.099186,27.957499,0.700840,1109.312601,107.222878
478,2.199672,0.294190,0.301567,64.000000,0.099186,29.095243,0.328902,1111.512273,107.524445
479,2.571918,0.298369,0.122837,64.000000,0.099186,24.884148,0.807458,1114.084191,107.647282
480,2.097755,0.302144,0.370252,64.000000,0.099186,30.508813,0.267888,1116.181946,108.017534
481,2.315910,0.303159,0.111246,64.000000,0.099186,27.634930,0.891594,1118.497856,108.128780
482,2.288081,0.299077,0.099644,64.000000,0.099186,27.971042,0.995406,1120.785936,108.228423
483,2.276211,0.301990,0.114372,64.000000,0.099186,28.116901,0.867226,1123.062147,108.342795
484,2.548056,0.297113,0.205416,64.000000,0.099186,25.117190,0.482854,1125.610203,108.548211
485,2.287581,0.296778,0.200612,64.000000,0.099186,27.977148,0.494416,1127.897784,108.748823
486,2.270686,0.293310,0.315177,64.000000,0.099186,28.185317,0.314699,1130.168470,109.064000
487,2.374981,0.294494,0.091489,64.000000,0.099186,26.947589,1.084134,1132.543451,109.155489
488,2.133566,0.291376,0.331602,64.000000,0.099186,29.996731,0.299112,1134.677017,109.487091
489,2.125896,0.291935,0.377881,64.000000,0.099186,30.104960,0.262479,1136.802912,109.864972
490,2.887976,0.292151,0.058445,64.000000,0.099186,22.160851,1.697077,1139.690888,109.923417
491,2.281956,0.292749,0.185956,64.000000,0.099186,28.046109,0.533385,1141.972844,110.109373
492,2.522593,0.298930,0.070435,64.000000,0.099186,25.370716,1.408197,1144.495438,110.179808
493,2.223840,0.295456,0.187448,64.000000,0.099186,28.779046,0.529138,1146.719278,110.367256
494,2.197952,0.294423,0.326304,64.000000,0.099186,29.118022,0.303968,1148.917229,110.693560
495,2.544954,0.293039,0.135431,64.000000,0.099186,25.147798,0.732374,1151.462184,110.828991
496,2.445991,0.295491,0.209119,64.000000,0.099186,26.165266,0.474303,1153.908175,111.038110
497,2.662968,0.295170,0.024594,64.000000,0.099186,24.033330,4.033013,1156.571143,111.062703
498,2.392381,0.300073,0.011503,64.000000,0.099186,26.751588,8.622392,1158.963524,111.074207
499,2.325162,0.304846,0.106209,64.000000,0.099186,27.524965,0.933878,1161.288686,111.180415
500,2.383013,0.295387,0.019289,64.000000,0.099186,26.856759,5.142026,1163.671699,111.199705
501,2.252426,0.301250,0.170143,64.000000,0.099186,28.413810,0.582958,1165.924125,111.369847
502,2.333939,0.296675,0.161933,64.000000,0.099186,27.421455,0.612513,1168.258064,111.531780
503,2.272763,0.300269,0.132817,64.000000,0.099186,28.159556,0.746785,1170.530827,111.664597
504,2.478253,0.294525,0.069233,64.000000,0.099186,25.824646,1.432640,1173.009080,111.733830
505,2.085767,0.302253,0.232021,64.000000,0.099186,30.684154,0.427488,1175.094847,111.965851
506,2.546459,0.295529,0.129115,64.000000,0.099186,25.132936,0.768196,1177.641306,112.094966
507,2.432516,0.302989,0.013632,64.000000,0.099186,26.310207,7.276190,1180.073822,112.108598
508,2.069897,0.304028,0.314887,64.000000,0.099186,30.919415,0.314989,1182.143719,112.423485
509,2.330426,0.296253,0.044995,64.000000,0.099186,27.462788,2.204373,1184.474145,112.468480
510,2.579722,0.296958,0.081594,64.000000,0.099186,24.808873,1.215598,1187.053867,112.550075
511,2.247853,0.301541,0.264486,64.000000,0.099186,28.471613,0.375015,1189.301720,112.814560
512,2.252846,0.300186,0.139154,64.000000,0.099186,28.408505,0.712779,1191.554567,112.953714
513,2.096180,0.293204,0.306565,64.000000,0.099186,30.531732,0.323540,1193.650747,113.260279
514,2.311006,0.295524,0.190698,64.000000,0.099186,27.693569,0.520121,1195.961753,113.450977
515,2.255330,0.298416,0.203242,64.000000,0.099186,28.377227,0.488018,1198.217082,113.654219
516,2.766152,0.298784,0.174973,64.000000,0.099186,23.136831,0.566866,1200.983235,113.829192
517,2.220169,0.297149,0.186753,64.000000,0.099186,28.826635,0.531109,1203.203404,114.015944
518,2.339428,0.297819,0.106440,64.000000,0.099186,27.357116,0.931850,1205.542831,114.122384
519,2.193589,0.296267,0.315071,64.000000,0.099186,29.175932,0.314805,1207.736420,114.437455
520,2.359116,0.301273,0.055245,64.000000,0.099186,27.128807,1.795383,1210.095536,114.492700
521,2.132205,0.298828,0.282173,64.000000,0.099186,30.015876,0.351507,1212.227741,114.774873
522,2.344394,0.297418,0.123064,64.000000,0.099186,27.299161,0.805972,1214.572136,114.897937
523,2.392520,0.297874,0.074323,64.000000,0.099186,26.750034,1.334524,1216.964656,114.972260
524,2.234065,0.298466,0.175720,64.000000,0.099186,28.647332,0.564454,1219.198721,115.147980
525,2.349815,0.298655,0.146643,64.000000,0.099186,27.236192,0.676378,1221.548535,115.294623
526,2.469236,0.297432,0.133981,64.000000,0.099186,25.918943,0.740300,1224.017772,115.428603
527,2.386150,0.301270,0.108493,64.000000,0.099186,26.821453,0.914219,1226.403921,115.537096
528,2.479904,0.298147,0.166156,64.000000,0.099186,25.807450,0.596945,1228.883826,115.703252
529,2.410649,0.305640,0.068879,64.000000,0.099186,26.548871,1.440009,1231.294474,115.772131
530,2.344205,0.301429,0.130364,64.000000,0.099186,27.301366,0.760840,1233.638679,115.902494
531,2.126255,0.298014,0.330539,64.000000,0.099186,30.099869,0.300073,1235.764934,116.233034
532,2.408692,0.301340,0.052372,64.000000,0.099186,26.570437,1.893875,1238.173626,116.285406
533,1.978690,0.303206,0.485766,64.000000,0.099186,32.344629,0.204185,1240.152317,116.771172
534,2.355946,0.297505,0.091681,64.000000,0.099186,27.165305,1.081858,1242.508263,116.862853
535,2.202610,0.296725,0.265291,64.000000,0.099186,29.056443,0.373876,1244.710872,117.128144
536,2.335387,0.297088,0.106221,64.000000,0.099186,27.404447,0.933772,1247.046260,117.234365
537,2.429026,0.296397,0.143018,64.000000,0.099186,26.348010,0.693522,1249.475286,117.377382
538,1.994951,0.306665,0.383647,64.000000,0.099186,32.080987,0.258534,1251.470237,117.761030
539,2.231056,0.297993,0.176201,64.000000,0.099186,28.685967,0.562914,1253.701293,117.937230
540,2.218445,0.298100,0.119886,64.000000,0.099186,28.849032,0.827338,1255.919738,118.057116
541,2.413984,0.296794,0.060145,64.000000,0.099186,26.512190,1.649125,1258.333722,118.117261
542,2.465597,0.297803,0.317784,64.000000,0.099186,25.957202,0.312117,1260.799319,118.435045
543,2.311166,0.297874,0.181056,64.000000,0.099186,27.691646,0.547821,1263.110486,118.616101
544,2.185864,0.299444,0.431690,64.000000,0.099186,29.279045,0.229762,1265.296349,119.047791
545,2.272476,0.297891,0.273821,64.000000,0.099186,28.163108,0.362229,1267.568826,119.321612
546,2.212898,0.299141,0.358672,64.000000,0.099186,28.921353,0.276536,1269.781724,119.680285
547,2.175748,0.300930,0.218404,64.000000,0.099186,29.415167,0.454141,1271.957472,119.898688
548,2.406637,0.297333,0.001295,64.000000,0.099186,26.593128,76.586672,1274.364109,119.899983
549,2.152383,0.306786,0.422117,64.000000,0.099186,29.734484,0.234973,1276.516492,120.322100
550,2.275622,0.296430,0.206780,64.000000,0.099186,28.124184,0.479669,1278.792113,120.528880
551,2.188284,0.299100,0.178818,64.000000,0.099186,29.246661,0.554674,1280.980397,120.707699
552,2.076814,0.299647,0.520485,64.000000,0.099186,30.816436,0.190565,1283.057211,121.228183
553,2.471763,0.302382,0.113631,64.000000,0.099186,25.892453,0.872876,1285.528974,121.341815
554,2.468227,0.299911,0.001454,64.000000,0.099186,25.929539,68.203393,1287.997201,121.343269
555,2.398030,0.301955,0.582066,64.000000,0.099186,26.688578,0.170403,1290.395231,121.925335
556,1.852133,0.298840,0.110224,64.000000,0.099186,34.554754,0.899855,1292.247364,122.035560
557,2.260385,0.302206,0.155152,64.000000,0.099186,28.313766,0.639282,1294.507748,122.190712
558,2.434104,0.296116,0.104269,64.000000,0.099186,26.293041,0.951254,1296.941853,122.294980
559,2.226121,0.299092,0.105479,64.000000,0.099186,28.749555,0.940334,1299.167974,122.400460
560,2.307282,0.297318,0.077496,64.000000,0.099186,27.738263,1.279879,1301.475256,122.477956
561,2.303711,0.297245,0.115135,64.000000,0.099186,27.781263,0.861473,1303.778967,122.593091
562,2.396778,0.298272,0.062069,64.000000,0.099186,26.702511,1.597983,1306.175746,122.655161
563,2.413737,0.305229,0.033960,64.000000,0.099186,26.514902,2.920659,1308.589483,122.689121
564,2.129211,0.292525,0.663602,64.000000,0.099186,30.058088,0.149466,1310.718693,123.352723
565,2.258168,0.299347,0.202809,64.000000,0.099186,28.341555,0.489062,1312.976861,123.555531
566,2.389904,0.300798,0.252434,64.000000,0.099186,26.779323,0.392918,1315.366765,123.807965
567,2.181486,0.320176,0.267922,64.000000,0.099186,29.337794,0.370205,1317.548251,124.075887
568,2.287708,0.298999,0.096808,64.000000,0.099186,27.975597,1.024563,1319.835960,124.172695
569,2.188659,0.307023,0.277397,64.000000,0.099186,29.241648,0.357559,1322.024619,124.450092
570,2.242293,0.297523,0.130498,64.000000,0.099186,28.542217,0.760057,1324.266911,124.580590
571,2.106682,0.297752,0.154651,64.000000,0.099186,30.379523,0.641355,1326.373593,124.735241
572,2.582240,0.297290,0.001349,64.000000,0.099186,24.784686,73.504173,1328.955833,124.736590
573,2.314684,0.297515,0.225538,64.000000,0.099186,27.649567,0.439775,1331.270517,124.962128
574,2.241860,0.297227,0.151589,64.000000,0.099186,28.547719,0.654306,1333.512377,125.113718
575,2.191254,0.298297,0.241774,64.000000,0.099186,29.207025,0.410242,1335.703631,125.355492
576,2.451950,0.305604,0.099278,64.000000,0.099186,26.101671,0.999069,1338.155581,125.454771
577,2.304828,0.302863,0.153670,64.000000,0.099186,27.767796,0.645448,1340.460409,125.608441
578,2.301712,0.296250,0.124657,64.000000,0.099186,27.805393,0.795671,1342.762121,125.733097
579,2.069963,0.311755,0.248517,64.000000,0.099186,30.918434,0.399112,1344.832084,125.981614
580,2.249476,0.301542,0.304689,64.000000,0.099186,28.451073,0.325531,1347.081559,126.286304
581,1.947404,0.293091,0.472668,64.000000,0.099186,32.864259,0.209843,1349.028964,126.758971
582,2.431437,0.296543,0.133771,64.000000,0.099186,26.321888,0.741463,1351.460400,126.892742
583,2.196847,0.296435,0.229071,64.000000,0.099186,29.132663,0.432992,1353.657247,127.121813
584,2.176084,0.295141,0.203626,64.000000,0.099186,29.410629,0.487098,1355.833331,127.325439
585,1.953629,0.298735,0.481990,64.000000,0.099186,32.759553,0.205784,1357.786960,127.807429
586,2.174712,0.305709,0.199802,64.000000,0.099186,29.429183,0.496420,1359.961672,128.007231
587,2.200949,0.302685,0.161881,64.000000,0.099186,29.078365,0.612707,1362.162621,128.169113
588,2.734101,0.300770,0.001442,64.000000,0.099186,23.408057,68.778968,1364.896722,128.170555
589,2.626026,0.299628,0.073596,64.000000,0.099186,24.371424,1.347717,1367.522749,128.244150
590,2.052456,0.301738,0.229447,64.000000,0.099186,31.182153,0.432283,1369.575205,128.473597
591,2.420708,0.297279,0.001385,64.000000,0.099186,26.438544,71.600597,1371.995913,128.474982
592,2.159252,0.299254,0.286183,64.000000,0.099186,29.639889,0.346582,1374.155165,128.761165
593,2.324082,0.300850,0.061303,64.000000,0.099186,27.537755,1.617958,1376.479247,128.822469
594,2.803482,0.307329,0.374708,64.000000,0.099186,22.828752,0.264702,1379.282729,129.197177
595,3.177267,0.300932,0.001390,64.000000,0.099186,20.143101,71.334880,1382.459996,129.198567
596,3.393498,0.297630,0.059766,64.000000,0.099186,18.859595,1.659577,1385.853494,129.258333
597,2.175761,0.304143,0.231224,64.000000,0.099186,29.414999,0.428960,1388.029255,129.489557
598,2.462175,0.301097,0.001317,64.000000,0.099186,25.993283,75.304482,1390.491429,129.490874
599,2.310138,0.301376,0.070249,64.000000,0.099186,27.703974,1.411917,1392.801567,129.561124
600,2.446469,0.298340,0.050789,64.000000,0.099186,26.160154,1.952891,1395.248036,129.611913
601,2.344476,0.306121,0.055519,64.000000,0.099186,27.298207,1.786521,1397.592512,129.667432
602,2.264626,0.298232,0.203704,64.000000,0.099186,28.260743,0.486911,1399.857138,129.871136
603,2.261315,0.299919,0.110566,64.000000,0.099186,28.302120,0.897073,1402.118453,129.981703
604,2.282269,0.303217,0.088517,64.000000,0.099186,28.042266,1.120534,1404.400722,130.070219
605,2.383807,0.299131,0.093252,64.000000,0.099186,26.847808,1.063629,1406.784529,130.163472
606,2.182578,0.296682,0.235413,64.000000,0.099186,29.323118,0.421327,1408.967107,130.398885
607,2.291000,0.296361,0.166113,64.000000,0.099186,27.935404,0.597100,1411.258107,130.564998
608,2.239239,0.295955,0.180852,64.000000,0.099186,28.581144,0.548436,1413.497345,130.745850
609,2.082031,0.303826,0.319455,64.000000,0.099186,30.739219,0.310485,1415.579376,131.065305
610,2.534994,0.301706,0.066714,64.000000,0.099186,25.246609,1.486732,1418.114370,131.132019
611,2.170920,0.302822,0.205821,64.000000,0.099186,29.480594,0.481905,1420.285290,131.337839
612,2.171909,0.297576,0.246588,64.000000,0.099186,29.467165,0.402233,1422.457198,131.584428
613,2.137039,0.296148,0.235547,64.000000,0.099186,29.947984,0.421088,1424.594237,131.819974
614,2.159731,0.301364,0.229537,64.000000,0.099186,29.633316,0.432112,1426.753968,132.049512
615,2.575868,0.300038,0.196104,64.000000,0.099186,24.845992,0.505782,1429.329837,132.245616
616,3.618623,0.298286,0.081170,64.000000,0.099186,17.686284,1.221957,1432.948460,132.326786
617,2.926197,0.298024,0.126307,64.000000,0.099186,21.871388,0.785275,1435.874657,132.453093
618,2.075404,0.334639,0.435686,64.000000,0.099186,30.837364,0.227655,1437.950062,132.888779
619,2.687748,0.294756,0.224791,64.000000,0.099186,23.811756,0.441235,1440.637810,133.113570
620,2.581966,0.297619,0.164562,64.000000,0.099186,24.787316,0.602728,1443.219775,133.278132
621,2.240007,0.303206,0.179768,64.000000,0.099186,28.571342,0.551745,1445.459782,133.457900
622,2.160400,0.298022,0.148663,64.000000,0.099186,29.624140,0.667187,1447.620182,133.606563
623,2.347394,0.297861,0.039908,64.000000,0.099186,27.264276,2.485379,1449.967576,133.646471
624,2.274265,0.297630,0.151460,64.000000,0.099186,28.140956,0.654867,1452.241842,133.797930
625,2.380191,0.299408,0.084626,64.000000,0.099186,26.888594,1.172054,1454.622033,133.882556
626,2.225724,0.303052,0.195989,64.000000,0.099186,28.754687,0.506080,1456.847757,134.078545
627,2.410167,0.314896,0.297083,64.000000,0.099186,26.554181,0.333866,1459.257924,134.375628
628,2.317496,0.300097,0.034695,64.000000,0.099186,27.616015,2.858786,1461.575420,134.410323
629,2.364403,0.299239,0.058079,64.000000,0.099186,27.068139,1.707790,1463.939823,134.468402
630,2.294657,0.302484,0.081624,64.000000,0.099186,27.890884,1.215156,1466.234480,134.550026
631,2.386700,0.295020,0.102322,64.000000,0.099186,26.815265,0.969351,1468.621180,134.652348
632,2.192083,0.294094,0.119470,64.000000,0.099186,29.195971,0.830213,1470.813263,134.771818
633,2.347265,0.295391,0.095216,64.000000,0.099186,27.265770,1.041696,1473.160529,134.867034
634,2.221996,0.298437,0.239816,64.000000,0.099186,28.802929,0.413592,1475.382525,135.106850
635,2.421413,0.297662,0.151145,64.000000,0.099186,26.430845,0.656232,1477.803938,135.257995
636,2.047574,0.298959,0.466764,64.000000,0.099186,31.256505,0.212497,1479.851512,135.724758
637,2.276174,0.298930,0.148531,64.000000,0.099186,28.117359,0.667778,1482.127686,135.873290
638,2.128474,0.298850,0.280902,64.000000,0.099186,30.068489,0.353098,1484.256160,136.154192
639,2.229869,0.298705,0.227264,64.000000,0.099186,28.701234,0.436435,1486.486029,136.381456
640,2.396834,0.299016,0.086449,64.000000,0.099186,26.701891,1.147332,1488.882863,136.467905
641,1.981878,0.294313,0.427438,64.000000,0.099186,32.292597,0.232048,1490.864742,136.895343
642,2.315122,0.300823,0.129259,64.000000,0.099186,27.644330,0.767344,1493.179864,137.024602
643,2.238925,0.297997,0.134208,64.000000,0.099186,28.585147,0.739049,1495.418789,137.158809
644,2.205276,0.301131,0.136024,64.000000,0.099186,29.021311,0.729181,1497.624065,137.294833
645,2.276037,0.302286,0.095452,64.000000,0.099186,28.119052,1.039117,1499.900102,137.390285
646,2.236227,0.302440,0.089706,64.000000,0.099186,28.619629,1.105675,1502.136329,137.479991
647,2.221658,0.297274,0.140808,64.000000,0.099186,28.807314,0.704407,1504.357987,137.620799
648,2.347089,0.294121,0.035370,64.000000,0.099186,27.267815,2.804221,1506.705077,137.656169
649,2.092263,0.300135,0.235762,64.000000,0.099186,30.588887,0.420703,1508.797340,137.891932
650,2.265153,0.298952,0.194435,64.000000,0.099186,28.254163,0.510124,1511.062493,138.086367
651,2.442700,0.297796,0.005246,64.000000,0.099186,26.200515,18.908274,1513.505193,138.091612
652,2.440275,0.295563,0.034902,64.000000,0.099186,26.226548,2.841824,1515.945468,138.126515
653,2.347690,0.299261,0.087478,64.000000,0.099186,27.260834,1.133836,1518.293159,138.213993
654,2.230217,0.311140,0.174687,64.000000,0.099186,28.696757,0.567793,1520.523376,138.388680
655,2.258745,0.299650,0.190600,64.000000,0.099186,28.334313,0.520389,1522.782121,138.579279
656,2.489176,0.299885,0.053604,64.000000,0.099186,25.711317,1.850338,1525.271298,138.632884
657,2.396112,0.298566,0.020608,64.000000,0.099186,26.709942,4.812929,1527.667409,138.653492
658,2.276541,0.297764,0.095347,64.000000,0.099186,28.112825,1.040258,1529.943950,138.748839
659,2.066570,0.298523,0.277560,64.000000,0.099186,30.969189,0.357349,1532.010520,139.026400
660,2.336771,0.297238,0.063224,64.000000,0.099186,27.388218,1.568805,1534.347291,139.089624
661,2.206064,0.296163,0.196357,64.000000,0.099186,29.010938,0.505131,1536.553356,139.285981
662,2.134764,0.300518,0.354780,64.000000,0.099186,29.979899,0.279570,1538.688120,139.640761
663,2.335495,0.301263,0.089594,64.000000,0.099186,27.403187,1.107064,1541.023614,139.730355
664,1.846382,0.297423,0.583203,64.000000,0.099186,34.662392,0.170071,1542.869996,140.313558
665,2.261161,0.301634,0.235212,64.000000,0.099186,28.304046,0.421687,1545.131157,140.548770
666,2.274144,0.302158,0.162720,64.000000,0.099186,28.142462,0.609551,1547.405300,140.711489
667,2.376011,0.306424,0.092060,64.000000,0.099186,26.935900,1.077411,1549.781312,140.803549
668,2.423933,0.300521,0.001346,64.000000,0.099186,26.403368,73.700797,1552.205245,140.804895
669,2.239088,0.297313,0.154270,64.000000,0.099186,28.583063,0.642938,1554.444333,140.959165
670,2.278218,0.301817,0.111577,64.000000,0.099186,28.092138,0.888948,1556.722551,141.070741
671,2.171531,0.301093,0.251465,64.000000,0.099186,29.472296,0.394432,1558.894081,141.322207
672,2.368579,0.303953,0.001346,64.000000,0.099186,27.020424,73.669650,1561.262660,141.323553
673,2.246835,0.302570,0.159443,64.000000,0.099186,28.484508,0.622077,1563.509495,141.482996
674,2.281223,0.300153,0.128982,64.000000,0.099186,28.055127,0.768988,1565.790718,141.611979
675,2.004952,0.298563,0.332029,64.000000,0.099186,31.920967,0.298727,1567.795670,141.944008
676,2.212207,0.301158,0.164489,64.000000,0.099186,28.930383,0.602995,1570.007877,142.108497
677,2.194900,0.306059,0.214525,64.000000,0.099186,29.158498,0.462351,1572.202778,142.323022
678,2.354333,0.296744,0.022346,64.000000,0.099186,27.183918,4.438588,1574.557111,142.345368
679,2.268259,0.303487,0.115012,64.000000,0.099186,28.215479,0.862394,1576.825369,142.460381
680,2.011713,0.300258,0.403301,64.000000,0.099186,31.813689,0.245935,1578.837082,142.863682
681,1.890940,0.329367,0.439142,64.000000,0.099186,33.845598,0.225863,1580.728022,143.302824
682,2.044233,0.299123,0.414157,64.000000,0.099186,31.307579,0.239489,1582.772256,143.716981
683,2.348986,0.298949,0.010246,64.000000,0.099186,27.245794,9.680690,1585.121242,143.727227
684,2.224063,0.300144,0.188197,64.000000,0.099186,28.776159,0.527031,1587.345305,143.915424
685,2.322190,0.296828,0.083425,64.000000,0.099186,27.560186,1.188918,1589.667496,143.998849
686,2.344819,0.298570,0.016273,64.000000,0.099186,27.294222,6.095213,1592.012314,144.015122
687,2.187429,0.298856,0.155525,64.000000,0.099186,29.258097,0.637748,1594.199743,144.170648
688,2.226871,0.296453,0.127837,64.000000,0.099186,28.739882,0.775881,1596.426614,144.298484
689,2.321161,0.297334,0.083403,64.000000,0.099186,27.572404,1.189234,1598.747775,144.381887
690,2.332666,0.298627,0.136267,64.000000,0.099186,27.436423,0.727879,1601.080441,144.518154
691,2.039433,0.296860,0.356094,64.000000,0.099186,31.381277,0.278538,1603.119873,144.874249
692,2.298607,0.299834,0.135363,64.000000,0.099186,27.842949,0.732743,1605.418480,145.009611
693,2.373862,0.298719,0.052813,64.000000,0.099186,26.960284,1.878062,1607.792343,145.062424
694,2.206496,0.297366,0.167127,64.000000,0.099186,29.005261,0.593478,1609.998839,145.229551
695,2.439102,0.296965,0.001406,64.000000,0.099186,26.239162,70.548280,1612.437941,145.230957
696,2.294263,0.294379,0.165349,64.000000,0.099186,27.895672,0.599859,1614.732204,145.396306
697,2.399585,0.298371,0.044021,64.000000,0.099186,26.671284,2.253145,1617.131788,145.440327
698,2.000975,0.298341,0.373045,64.000000,0.099186,31.984408,0.265882,1619.132763,145.813372
699,2.505008,0.297746,0.001384,64.000000,0.099186,25.548817,71.652994,1621.637772,145.814756
700,2.078346,0.307013,0.307015,64.000000,0.099186,30.793712,0.323066,1623.716118,146.121771
701,2.095858,0.303525,0.257965,64.000000,0.099186,30.536426,0.384494,1625.811976,146.379736
702,2.470753,0.299969,0.001349,64.000000,0.099186,25.903039,73.508586,1628.282728,146.381085
703,2.205281,0.299592,0.186256,64.000000,0.099186,29.021249,0.532523,1630.488009,146.567341
704,1.808840,0.302016,0.574105,64.000000,0.099186,35.381786,0.172766,1632.296849,147.141447
705,2.217654,0.297573,0.344086,64.000000,0.099186,28.859330,0.288259,1634.514503,147.485533
706,2.484475,0.296052,0.001392,64.000000,0.099186,25.759970,71.269630,1636.998978,147.486925
707,2.066643,0.298321,0.308428,64.000000,0.099186,30.968102,0.321585,1639.065621,147.795353
708,2.275772,0.298853,0.137412,64.000000,0.099186,28.122325,0.721813,1641.341393,147.932765
709,2.323815,0.299278,0.061056,64.000000,0.099186,27.540919,1.624509,1643.665208,147.993821
710,2.080963,0.297517,0.257675,64.000000,0.099186,30.754988,0.384927,1645.746171,148.251496
711,2.304017,0.299568,0.217058,64.000000,0.099186,27.777578,0.456957,1648.050188,148.468553
712,2.359526,0.304045,0.200394,64.000000,0.099186,27.124090,0.494956,1650.409714,148.668947
713,2.167398,0.298874,0.194388,64.000000,0.099186,29.528501,0.510247,1652.577111,148.863335
714,2.178870,0.298562,0.153411,64.000000,0.099186,29.373028,0.646536,1654.755981,149.016746
715,2.439243,0.303765,0.001443,64.000000,0.099186,26.237650,68.739453,1657.195224,149.018189
716,2.170145,0.298237,0.252012,64.000000,0.099186,29.491123,0.393576,1659.365368,149.270201
717,2.395465,0.304312,0.008982,64.000000,0.099186,26.717155,11.042826,1661.760833,149.279183
718,2.282415,0.303741,0.079700,64.000000,0.099186,28.040469,1.244483,1664.043248,149.358884
719,2.409645,0.300726,0.063411,64.000000,0.099186,26.559927,1.564176,1666.452894,149.422295
720,2.300436,0.301561,0.146329,64.000000,0.099186,27.820818,0.677829,1668.753329,149.568623
721,2.341515,0.297877,0.146998,64.000000,0.099186,27.332734,0.674742,1671.094844,149.715622
722,2.120376,0.297886,0.260571,64.000000,0.099186,30.183333,0.380648,1673.215220,149.976193
723,2.249241,0.298901,0.151058,64.000000,0.099186,28.454038,0.656608,1675.464461,150.127251
724,2.187275,0.296362,0.153334,64.000000,0.099186,29.260148,0.646862,1677.651736,150.280585
725,2.037303,0.300688,0.372424,64.000000,0.099186,31.414086,0.266326,1679.689039,150.653009
726,2.319207,0.299156,0.140887,64.000000,0.099186,27.595634,0.704012,1682.008246,150.793895
727,2.464789,0.298401,0.033552,64.000000,0.099186,25.965711,2.956186,1684.473035,150.827447
728,2.425545,0.301625,0.091620,64.000000,0.099186,26.385821,1.082578,1686.898580,150.919068
729,2.343483,0.297800,0.010990,64.000000,0.099186,27.309775,9.025075,1689.242064,150.930058
730,2.360023,0.298447,0.132491,64.000000,0.099186,27.118382,0.748623,1691.602086,151.062549
731,2.221012,0.300334,0.175027,64.000000,0.099186,28.815698,0.566689,1693.823098,151.237576
732,2.241816,0.297047,0.094797,64.000000,0.099186,28.548281,1.046302,1696.064914,151.332373
733,2.256232,0.295815,0.169516,64.000000,0.099186,28.365881,0.585111,1698.321146,151.501889
734,2.191095,0.302027,0.178076,64.000000,0.099186,29.209136,0.556987,1700.512241,151.679965
735,2.183747,0.302119,0.196998,64.000000,0.099186,29.307425,0.503488,1702.695988,151.876962
736,2.283884,0.299563,0.127379,64.000000,0.099186,28.022436,0.778665,1704.979872,152.004342
737,1.897046,0.311852,0.422005,64.000000,0.099186,33.736669,0.235035,1706.876918,152.426347
738,2.204248,0.297026,0.209956,64.000000,0.099186,29.034849,0.472414,1709.081166,152.636303
739,2.214687,0.301668,0.142186,64.000000,0.099186,28.897995,0.697577,1711.295852,152.778489
740,2.440690,0.301603,0.001435,64.000000,0.099186,26.222098,69.129530,1713.736542,152.779924
741,2.370518,0.296470,0.050374,64.000000,0.099186,26.998317,1.968983,1716.107060,152.830298
742,2.437243,0.300876,0.001294,64.000000,0.099186,26.259174,76.621815,1718.544304,152.831593
743,2.329860,0.299727,0.056950,64.000000,0.099186,27.469464,1.741621,1720.874163,152.888543
744,2.250948,0.305044,0.173037,64.000000,0.099186,28.432466,0.573207,1723.125111,153.061580
745,2.254294,0.297455,0.090387,64.000000,0.099186,28.390267,1.097353,1725.379405,153.151967
746,2.331530,0.299727,0.001448,64.000000,0.099186,27.449790,68.482169,1727.710935,153.153415
747,2.374528,0.299148,0.001342,64.000000,0.099186,26.952723,73.918523,1730.085463,153.154757
748,2.288001,0.297911,0.082169,64.000000,0.099186,27.972014,1.207102,1732.373464,153.236925
749,1.992515,0.310492,0.330422,64.000000,0.099186,32.120209,0.300179,1734.365979,153.567347
750,2.101525,0.307474,0.301047,64.000000,0.099186,30.454081,0.329470,1736.467504,153.868394
751,2.417321,0.297715,0.030370,64.000000,0.099186,26.475588,3.265967,1738.884825,153.898764
752,2.383875,0.298969,0.001344,64.000000,0.099186,26.847043,73.797747,1741.268700,153.900108
753,2.321365,0.299030,0.028046,64.000000,0.099186,27.569985,3.536557,1743.590065,153.928154
754,2.363708,0.309018,0.057902,64.000000,0.099186,27.076108,1.712991,1745.953773,153.986056
755,2.468634,0.295985,0.001404,64.000000,0.099186,25.925269,70.634493,1748.422407,153.987460
756,2.414792,0.302598,0.001345,64.000000,0.099186,26.503321,73.717066,1750.837199,153.988806
757,2.471486,0.298005,0.001324,64.000000,0.099186,25.895350,74.896375,1753.308685,153.990130
758,2.205190,0.304439,0.175272,64.000000,0.099186,29.022447,0.565896,1755.513874,154.165403
759,1.857520,0.327812,0.470754,64.000000,0.099186,34.454546,0.210696,1757.371394,154.636156
760,2.003942,0.298189,0.395823,64.000000,0.099186,31.937051,0.250582,1759.375336,155.031979
761,2.519095,0.296928,0.050454,64.000000,0.099186,25.405945,1.965855,1761.894432,155.082433
762,2.173339,0.297800,0.290598,64.000000,0.099186,29.447782,0.341317,1764.067770,155.373031
763,2.286543,0.301092,0.130559,64.000000,0.099186,27.989856,0.759701,1766.354313,155.503590
764,2.088245,0.299543,0.266463,64.000000,0.099186,30.647742,0.372231,1768.442558,155.770053
765,2.358136,0.299633,0.034074,64.000000,0.099186,27.140076,2.910907,1770.800694,155.804127
766,2.322481,0.298605,0.065920,64.000000,0.099186,27.556739,1.504637,1773.123175,155.870048
767,2.269466,0.301629,0.284371,64.000000,0.099186,28.200471,0.348791,1775.392641,156.154419
768,2.298331,0.297148,0.116428,64.000000,0.099186,27.846296,0.851907,1777.690972,156.270847
769,2.306840,0.297929,0.033348,64.000000,0.099186,27.743578,2.974243,1779.997812,156.304195
770,2.119474,0.300566,0.314433,64.000000,0.099186,30.196171,0.315444,1782.117286,156.618628
771,2.351316,0.298405,0.109873,64.000000,0.099186,27.218800,0.902734,1784.468602,156.728501
772,2.056718,0.300938,0.394012,64.000000,0.099186,31.117542,0.251733,1786.525320,157.122513
773,2.211066,0.296321,0.265613,64.000000,0.099186,28.945319,0.373422,1788.736385,157.388126
774,2.496001,0.295708,0.001357,64.000000,0.099186,25.641020,73.094443,1791.232386,157.389483
775,2.350524,0.297202,0.011987,64.000000,0.099186,27.227973,8.274700,1793.582910,157.401470
776,2.256848,0.297076,0.114852,64.000000,0.099186,28.358137,0.863599,1795.839757,157.516322
777,2.391200,0.297888,0.099318,64.000000,0.099186,26.764808,0.998675,1798.230957,157.615639
778,2.311076,0.298579,0.156283,64.000000,0.099186,27.692730,0.634656,1800.542033,157.771922
779,2.100884,0.298115,0.212722,64.000000,0.099186,30.463363,0.466270,1802.642917,157.984644
780,2.337160,0.302528,0.095435,64.000000,0.099186,27.383665,1.039299,1804.980077,158.080080
781,2.308300,0.298206,0.080032,64.000000,0.099186,27.726028,1.239322,1807.288377,158.160112
782,2.362968,0.297653,0.134473,64.000000,0.099186,27.084587,0.737590,1809.651345,158.294585
783,2.344371,0.298259,0.046974,64.000000,0.099186,27.299433,2.111495,1811.995716,158.341559
784,2.376935,0.299097,0.068597,64.000000,0.099186,26.925432,1.445932,1814.372651,158.410156
785,2.296251,0.297260,0.191548,64.000000,0.099186,27.871521,0.517813,1816.668902,158.601703
786,2.199159,0.296848,0.232849,64.000000,0.099186,29.102034,0.425966,1818.868061,158.834553
787,2.161591,0.297693,0.178824,64.000000,0.099186,29.607828,0.554657,1821.029651,159.013377
788,2.336159,0.296680,0.124214,64.000000,0.099186,27.395397,0.798507,1823.365810,159.137591
789,2.459946,0.296923,0.001356,64.000000,0.099186,26.016826,73.154122,1825.825756,159.138947
790,2.479850,0.296998,0.001348,64.000000,0.099186,25.808008,73.565560,1828.305607,159.140295
791,2.092867,0.309071,0.339182,64.000000,0.099186,30.580061,0.292427,1830.398474,159.479477
792,2.377738,0.299687,0.125119,64.000000,0.099186,26.916340,0.792734,1832.776212,159.604596
793,2.275832,0.302698,0.037162,64.000000,0.099186,28.121586,2.669033,1835.052044,159.641758
794,2.206915,0.297482,0.229029,64.000000,0.099186,28.999758,0.433072,1837.258959,159.870787
795,2.063917,0.299075,0.334883,64.000000,0.099186,31.009000,0.296181,1839.322875,160.205670
796,2.358553,0.298623,0.062165,64.000000,0.099186,27.135280,1.595526,1841.681429,160.267835
797,2.237149,0.300103,0.122668,64.000000,0.099186,28.607841,0.808573,1843.918577,160.390503
798,2.326260,0.298434,0.333335,64.000000,0.099186,27.511977,0.297557,1846.244837,160.723837
799,2.276824,0.298879,0.170318,64.000000,0.099186,28.109336,0.582358,1848.521661,160.894155
800,2.299500,0.296800,0.186288,64.000000,0.099186,27.832137,0.532434,1850.821161,161.080443
801,2.290884,0.298652,0.199556,64.000000,0.099186,27.936818,0.497033,1853.112044,161.279999
802,2.158844,0.301950,0.272802,64.000000,0.099186,29.645497,0.363582,1855.270888,161.552801
803,2.188795,0.297556,0.307972,64.000000,0.099186,29.239830,0.322062,1857.459683,161.860773
804,2.288878,0.300708,0.218442,64.000000,0.099186,27.961292,0.454061,1859.748562,162.079215
805,2.392256,0.302668,0.049105,64.000000,0.099186,26.752995,2.019866,1862.140817,162.128320
806,2.273270,0.296737,0.150999,64.000000,0.099186,28.153283,0.656863,1864.414087,162.279319
807,2.257669,0.296086,0.125645,64.000000,0.099186,28.347827,0.789413,1866.671756,162.404964
808,2.080867,0.296879,0.242425,64.000000,0.099186,30.756414,0.409141,1868.752622,162.647389
809,2.208703,0.300720,0.231268,64.000000,0.099186,28.976285,0.428879,1870.961325,162.878657
810,2.042875,0.303775,0.291630,64.000000,0.099186,31.328394,0.340109,1873.004200,163.170287
811,2.366260,0.297357,0.050968,64.000000,0.099186,27.046900,1.946042,1875.370460,163.221255
812,2.126858,0.311177,0.308331,64.000000,0.099186,30.091339,0.321686,1877.497318,163.529586
813,2.416774,0.299623,0.086662,64.000000,0.099186,26.481581,1.144510,1879.914092,163.616249
814,2.190891,0.309768,0.260335,64.000000,0.099186,29.211854,0.380993,1882.104984,163.876584
815,2.157126,0.297931,0.136956,64.000000,0.099186,29.669107,0.724216,1884.262110,164.013540
816,2.335642,0.302878,0.048127,64.000000,0.099186,27.401461,2.060907,1886.597752,164.061667
817,2.335117,0.298887,0.032159,64.000000,0.099186,27.407623,3.084208,1888.932868,164.093827
818,2.400320,0.295485,0.001374,64.000000,0.099186,26.663114,72.185368,1891.333188,164.095201
819,2.238260,0.303086,0.134070,64.000000,0.099186,28.593642,0.739808,1893.571448,164.229271
820,2.322322,0.294485,0.076043,64.000000,0.099186,27.558624,1.304343,1895.893770,164.305313
821,2.191683,0.296737,0.133274,64.000000,0.099186,29.201297,0.744224,1898.085454,164.438588
822,2.393671,0.298741,0.001381,64.000000,0.099186,26.737171,71.806385,1900.479125,164.439969
823,2.127978,0.295178,0.260891,64.000000,0.099186,30.075498,0.380182,1902.607103,164.700860
824,2.404713,0.296520,0.029683,64.000000,0.099186,26.614399,3.341506,1905.011816,164.730543
825,2.362815,0.301170,0.194567,64.000000,0.099186,27.086336,0.509778,1907.374631,164.925110
826,2.209067,0.297986,0.221094,64.000000,0.099186,28.971508,0.448614,1909.583698,165.146204
827,2.193916,0.301261,0.179256,64.000000,0.099186,29.171583,0.553320,1911.777614,165.325460
828,1.967152,0.298649,0.458179,64.000000,0.099186,32.534343,0.216479,1913.744766,165.783638
829,2.384212,0.300033,0.136591,64.000000,0.099186,26.843247,0.726152,1916.128978,165.920230
830,2.326118,0.299657,0.082752,64.000000,0.099186,27.513651,1.198588,1918.455096,166.002982
831,2.163060,0.299271,0.222215,64.000000,0.099186,29.587710,0.446351,1920.618157,166.225197
832,2.416360,0.300715,0.024712,64.000000,0.099186,26.486116,4.013753,1923.034517,166.249909
833,2.121018,0.295088,0.239654,64.000000,0.099186,30.174191,0.413872,1925.155535,166.489562
834,2.268195,0.295943,0.178770,64.000000,0.099186,28.216263,0.554825,1927.423730,166.668332
835,2.262625,0.298655,0.145914,64.000000,0.099186,28.285734,0.679758,1929.686355,166.814246
836,2.349895,0.299062,0.106114,64.000000,0.099186,27.235265,0.934712,1932.036250,166.920360
837,2.190967,0.297193,0.244230,64.000000,0.099186,29.210848,0.406116,1934.227217,167.164590
838,2.362988,0.298135,0.005945,64.000000,0.099186,27.084351,16.682866,1936.590205,167.170535
839,2.304498,0.298535,0.166586,64.000000,0.099186,27.771769,0.595405,1938.894703,167.337121
840,2.352543,0.295680,0.049843,64.000000,0.099186,27.204606,1.989970,1941.247246,167.386964
841,2.344235,0.295399,0.065700,64.000000,0.099186,27.301021,1.509689,1943.591481,167.452663
842,2.283898,0.297797,0.147224,64.000000,0.099186,28.022272,0.673707,1945.875378,167.599887
843,2.290751,0.304496,0.074494,64.000000,0.099186,27.938430,1.331459,1948.166130,167.674382
844,2.396158,0.304538,0.022237,64.000000,0.099186,26.709423,4.460489,1950.562288,167.696618
845,2.216884,0.302116,0.200409,64.000000,0.099186,28.869348,0.494916,1952.779172,167.897028
846,2.128754,0.304298,0.281390,64.000000,0.099186,30.064528,0.352486,1954.907927,168.178417
847,2.355769,0.303444,0.076975,64.000000,0.099186,27.167351,1.288540,1957.263695,168.255393
848,2.367744,0.302950,0.073270,64.000000,0.099186,27.029953,1.353706,1959.631439,168.328663
849,2.111088,0.298012,0.299925,64.000000,0.099186,30.316118,0.330702,1961.742527,168.628588
850,2.078557,0.297957,0.291067,64.000000,0.099186,30.790594,0.340766,1963.821084,168.919655
851,2.112365,0.298334,0.238933,64.000000,0.099186,30.297799,0.415121,1965.933449,169.158588
852,2.122709,0.301772,0.254326,64.000000,0.099186,30.150148,0.389995,1968.056158,169.412914
853,2.368315,0.297613,0.001321,64.000000,0.099186,27.023430,75.100813,1970.424473,169.414235
854,2.513535,0.297344,0.001377,64.000000,0.099186,25.462149,72.027322,1972.938008,169.415612
855,2.227148,0.298399,0.217939,64.000000,0.099186,28.736308,0.455109,1975.165156,169.633551
856,2.304789,0.296194,0.141398,64.000000,0.099186,27.768270,0.701464,1977.469945,169.774949
857,2.319368,0.298150,0.074805,64.000000,0.099186,27.593722,1.325921,1979.789313,169.849755
858,2.292997,0.298308,0.125835,64.000000,0.099186,27.911075,0.788220,1982.082310,169.975590
859,2.215944,0.299796,0.137744,64.000000,0.099186,28.881595,0.720074,1984.298254,170.113334
860,2.300251,0.298648,0.159363,64.000000,0.099186,27.823049,0.622389,1986.598505,170.272698
861,2.455673,0.297919,0.001446,64.000000,0.099186,26.062101,68.590855,1989.054178,170.274144
862,2.362809,0.300558,0.065612,64.000000,0.099186,27.086403,1.511697,1991.416987,170.339756
863,2.339056,0.299885,0.018271,64.000000,0.099186,27.361462,5.428634,1993.756043,170.358027
864,2.393457,0.295840,0.131692,64.000000,0.099186,26.739565,0.753167,1996.149500,170.489719
865,2.394142,0.298811,0.053174,64.000000,0.099186,26.731920,1.865293,1998.543642,170.542893
866,2.289510,0.297904,0.096452,64.000000,0.099186,27.953585,1.028348,2000.833151,170.639345
867,2.252453,0.296666,0.145770,64.000000,0.099186,28.413467,0.680427,2003.085604,170.785115
868,2.280182,0.296258,0.155767,64.000000,0.099186,28.067941,0.636760,2005.365786,170.940882
869,2.257674,0.303643,0.169816,64.000000,0.099186,28.347761,0.584079,2007.623460,171.110698
870,2.246873,0.297611,0.160640,64.000000,0.099186,28.484026,0.617441,2009.870333,171.271338
871,2.415266,0.297681,0.007489,64.000000,0.099186,26.498111,13.244062,2012.285600,171.278827
872,2.148730,0.308369,0.229453,64.000000,0.099186,29.785035,0.432272,2014.434330,171.508280
873,2.346596,0.306450,0.071862,64.000000,0.099186,27.273547,1.380220,2016.780926,171.580143
874,2.264196,0.301395,0.079940,64.000000,0.099186,28.266103,1.240761,2019.045122,171.660082
875,2.289121,0.302101,0.152519,64.000000,0.099186,27.958330,0.650318,2021.334243,171.812601
876,2.315369,0.302210,0.085574,64.000000,0.099186,27.641388,1.159071,2023.649612,171.898175
877,2.203605,0.296744,0.105129,64.000000,0.099186,29.043312,0.943472,2025.853217,172.003304
878,2.471939,0.296536,0.001412,64.000000,0.099186,25.890609,70.231225,2028.325156,172.004716
879,2.235308,0.297660,0.092437,64.000000,0.099186,28.631403,1.073007,2030.560464,172.097153
880,2.212444,0.302741,0.226020,64.000000,0.099186,28.927282,0.438837,2032.772908,172.323173
881,2.330692,0.299410,0.058959,64.000000,0.099186,27.459656,1.682273,2035.103600,172.382133
882,2.317759,0.296362,0.063406,64.000000,0.099186,27.612876,1.564308,2037.421359,172.445538
883,2.419666,0.299286,0.048427,64.000000,0.099186,26.449927,2.048173,2039.841026,172.493965
884,2.395573,0.298663,0.001332,64.000000,0.099186,26.715946,74.463866,2042.236599,172.495297
885,2.269915,0.297661,0.146567,64.000000,0.099186,28.194892,0.676728,2044.506513,172.641864
886,2.246315,0.297413,0.136215,64.000000,0.099186,28.491101,0.728159,2046.752829,172.778078
887,2.252742,0.300723,0.088152,64.000000,0.099186,28.409817,1.125165,2049.005571,172.866231
888,2.326667,0.298544,0.075040,64.000000,0.099186,27.507165,1.321783,2051.332238,172.941270
889,2.361278,0.295117,0.084456,64.000000,0.099186,27.103963,1.174415,2053.693516,173.025726
890,2.410117,0.303950,0.038259,64.000000,0.099186,26.554727,2.592498,2056.103633,173.063985
891,2.325917,0.295867,0.156723,64.000000,0.099186,27.516035,0.632875,2058.429550,173.220708
892,2.327498,0.296853,0.107954,64.000000,0.099186,27.497343,0.918778,2060.757047,173.328662
893,2.186633,0.302835,0.226477,64.000000,0.099186,29.268743,0.437952,2062.943680,173.555139
894,2.240233,0.300103,0.177542,64.000000,0.099186,28.568452,0.558663,2065.183914,173.732680
895,2.264626,0.296508,0.118697,64.000000,0.099186,28.260734,0.835623,2067.448540,173.851377
896,2.323809,0.294457,0.096841,64.000000,0.099186,27.540985,1.024211,2069.772349,173.948218
897,2.425687,0.298614,0.001423,64.000000,0.099186,26.384276,69.691224,2072.198037,173.949642
898,2.235200,0.298903,0.163303,64.000000,0.099186,28.632782,0.607375,2074.433237,174.112944
899,2.352686,0.304250,0.044052,64.000000,0.099186,27.202955,2.251584,2076.785922,174.156996
900,2.267145,0.295954,0.137227,64.000000,0.099186,28.229342,0.722790,2079.053067,174.294222
901,2.268556,0.298086,0.186812,64.000000,0.099186,28.211782,0.530939,2081.321623,174.481035
902,2.360246,0.297737,0.148086,64.000000,0.099186,27.115823,0.669786,2083.681868,174.629120
903,2.265719,0.297834,0.163916,64.000000,0.099186,28.247106,0.605103,2085.947587,174.793036
904,2.305045,0.302439,0.161058,64.000000,0.099186,27.765188,0.615841,2088.252632,174.954094
905,2.363125,0.299250,0.161535,64.000000,0.099186,27.082787,0.614020,2090.615756,175.115630
906,2.302981,0.303215,0.196629,64.000000,0.099186,27.790069,0.504432,2092.918737,175.312259
907,1.787083,0.301813,0.643417,64.000000,0.099186,35.812545,0.154155,2094.705821,175.955676
908,2.491053,0.299395,0.001351,64.000000,0.099186,25.691947,73.391589,2097.196873,175.957027
909,2.201515,0.301903,0.130518,64.000000,0.099186,29.070896,0.759941,2099.398388,176.087545
910,2.272483,0.302426,0.162332,64.000000,0.099186,28.163033,0.611008,2101.670871,176.249877
911,2.396238,0.303170,0.032668,64.000000,0.099186,26.708530,3.036135,2104.067109,176.282546
912,2.275042,0.301321,0.139586,64.000000,0.099186,28.131353,0.710571,2106.342150,176.422132
913,2.285347,0.298561,0.121233,64.000000,0.099186,28.004495,0.818143,2108.627498,176.543365
914,2.262293,0.295430,0.154392,64.000000,0.099186,28.289880,0.642431,2110.889791,176.697757
915,2.224769,0.298934,0.117226,64.000000,0.099186,28.767036,0.846106,2113.114560,176.814983
916,2.427363,0.297599,0.001300,64.000000,0.099186,26.366066,76.305684,2115.541922,176.816283
917,2.407965,0.296682,0.024506,64.000000,0.099186,26.578461,4.047369,2117.949887,176.840789
918,2.037300,0.300105,0.385633,64.000000,0.099186,31.414122,0.257203,2119.987187,177.226422
919,2.208522,0.299473,0.195627,64.000000,0.099186,28.978654,0.507017,2122.195709,177.422048
920,2.243954,0.298435,0.214209,64.000000,0.099186,28.521090,0.463035,2124.439663,177.636257
921,2.191949,0.299980,0.118502,64.000000,0.099186,29.197760,0.836996,2126.631612,177.754759
922,2.313035,0.298692,0.129935,64.000000,0.099186,27.669276,0.763351,2128.944647,177.884694
923,2.274782,0.294133,0.103237,64.000000,0.099186,28.134567,0.960761,2131.219429,177.987931
924,2.264574,0.296155,0.079345,64.000000,0.099186,28.261392,1.250056,2133.484002,178.067276
925,2.381422,0.296969,0.038797,64.000000,0.099186,26.874704,2.556552,2135.865424,178.106073
926,2.371667,0.299192,0.118615,64.000000,0.099186,26.985240,0.836197,2138.237091,178.224688
927,2.141906,0.306584,0.241226,64.000000,0.099186,29.879925,0.411174,2140.378997,178.465915
928,2.358744,0.299966,0.037537,64.000000,0.099186,27.133089,2.642348,2142.737740,178.503452
929,2.214416,0.296433,0.147847,64.000000,0.099186,28.901531,0.670870,2144.952156,178.651299
930,2.369850,0.299641,0.001359,64.000000,0.099186,27.005929,72.977955,2147.322006,178.652658
931,2.272592,0.296121,0.175806,64.000000,0.099186,28.161674,0.564178,2149.594598,178.828464
932,2.147357,0.299374,0.237216,64.000000,0.099186,29.804087,0.418124,2151.741955,179.065680
933,2.368415,0.307412,0.001323,64.000000,0.099186,27.022294,74.964586,2154.110369,179.067003
934,2.384270,0.298170,0.033540,64.000000,0.099186,26.842596,2.957275,2156.494639,179.100543
935,2.198651,0.296682,0.179255,64.000000,0.099186,29.108759,0.553324,2158.693290,179.279798
936,2.227536,0.299609,0.128746,64.000000,0.099186,28.731302,0.770400,2160.920826,179.408544
937,2.412636,0.303216,0.091265,64.000000,0.099186,26.527000,1.086790,2163.333462,179.499809
938,2.256245,0.302039,0.166415,64.000000,0.099186,28.365709,0.596015,2165.589708,179.666224
939,2.251297,0.302994,0.116288,64.000000,0.099186,28.428052,0.852933,2167.841005,179.782512
940,2.253677,0.303997,0.184358,64.000000,0.099186,28.398030,0.538006,2170.094683,179.966870
941,2.066028,0.304753,0.280090,64.000000,0.099186,30.977320,0.354122,2172.160710,180.246960
942,2.344535,0.304648,0.131954,64.000000,0.099186,27.297524,0.751668,2174.505245,180.378914
943,2.141212,0.304470,0.307338,64.000000,0.099186,29.889612,0.322726,2176.646457,180.686252
944,2.441649,0.300568,0.040842,64.000000,0.099186,26.211789,2.428501,2179.088107,180.727095
945,2.379655,0.296697,0.057469,64.000000,0.099186,26.894650,1.725911,2181.467762,180.784564
946,2.337177,0.297031,0.111975,64.000000,0.099186,27.383460,0.885787,2183.804939,180.896538
947,2.340494,0.297738,0.062761,64.000000,0.099186,27.344654,1.580384,2186.145433,180.959299
948,2.082963,0.297787,0.240068,64.000000,0.099186,30.725462,0.413158,2188.228396,181.199367
949,2.312294,0.300812,0.104863,64.000000,0.099186,27.678138,0.945866,2190.540691,181.304230
950,2.115371,0.299131,0.320590,64.000000,0.099186,30.254743,0.309386,2192.656061,181.624820
951,2.297688,0.300783,0.108600,64.000000,0.099186,27.854081,0.913314,2194.953750,181.733420
952,2.326807,0.297160,0.143812,64.000000,0.099186,27.505504,0.689694,2197.280557,181.877231
953,2.116632,0.296463,0.217816,64.000000,0.099186,30.236723,0.455366,2199.397188,182.095047
954,2.009038,0.294583,0.365514,64.000000,0.099186,31.856050,0.271360,2201.406226,182.460561
955,2.338462,0.298811,0.078478,64.000000,0.099186,27.368417,1.263876,2203.744688,182.539039
956,2.282388,0.296873,0.171377,64.000000,0.099186,28.040802,0.578759,2206.027076,182.710415
957,2.370244,0.303116,0.135619,64.000000,0.099186,27.001443,0.731355,2208.397320,182.846035
958,2.324116,0.297171,0.049611,64.000000,0.099186,27.537353,1.999259,2210.721436,182.895646
959,2.075636,0.301881,0.315349,64.000000,0.099186,30.833923,0.314528,2212.797072,183.210995
960,2.261268,0.300315,0.141374,64.000000,0.099186,28.302704,0.701585,2215.058340,183.352369
961,2.325768,0.297664,0.079643,64.000000,0.099186,27.517791,1.245386,2217.384108,183.432012
962,2.121322,0.295355,0.188395,64.000000,0.099186,30.169867,0.526478,2219.505430,183.620407
963,2.143362,0.311388,0.241014,64.000000,0.099186,29.859637,0.411536,2221.648791,183.861421
964,2.271470,0.297679,0.195114,64.000000,0.099186,28.175584,0.508348,2223.920262,184.056535
965,2.046368,0.296667,1.137030,64.000000,0.099186,31.274929,0.087232,2225.966629,185.193565
966,1.663473,0.302305,0.001363,64.000000,0.099186,38.473721,72.770318,2227.630102,185.194928
967,2.042359,0.297355,0.323663,64.000000,0.099186,31.336315,0.306448,2229.672461,185.518591
968,2.372727,0.297122,0.133718,64.000000,0.099186,26.973185,0.741752,2232.045188,185.652310
969,2.078333,0.299162,0.352460,64.000000,0.099186,30.793904,0.281410,2234.123521,186.004770
970,2.554187,0.299273,0.001432,64.000000,0.099186,25.056900,69.274812,2236.677708,186.006202
971,2.108263,0.300339,0.264923,64.000000,0.099186,30.356750,0.374395,2238.785971,186.271125
972,2.285166,0.300825,0.128468,64.000000,0.099186,28.006717,0.772067,2241.071137,186.399593
973,2.047949,0.299559,0.286858,64.000000,0.099186,31.250772,0.345767,2243.119086,186.686451
974,2.382659,0.300249,0.048406,64.000000,0.099186,26.860747,2.049027,2245.501745,186.734857
975,2.220290,0.297563,0.234083,64.000000,0.099186,28.825060,0.423721,2247.722036,186.968941
976,1.912155,0.299536,0.540569,64.000000,0.099186,33.470092,0.183484,2249.634190,187.509510
977,2.027397,0.304318,0.435106,64.000000,0.099186,31.567579,0.227958,2251.661587,187.944616
978,2.327239,0.300632,0.070598,64.000000,0.099186,27.500402,1.404937,2253.988826,188.015214
979,2.109766,0.299136,0.256518,64.000000,0.099186,30.335123,0.386663,2256.098591,188.271732
980,2.293395,0.299235,0.097546,64.000000,0.099186,27.906223,1.016811,2258.391987,188.369278
981,2.267780,0.304815,0.136429,64.000000,0.099186,28.221430,0.727014,2260.659767,188.505708
982,2.338804,0.298105,0.042190,64.000000,0.099186,27.364413,2.350959,2262.998571,188.547897
983,2.445821,0.299955,0.027580,64.000000,0.099186,26.167086,3.596303,2265.444392,188.575477
984,2.322159,0.304265,0.051068,64.000000,0.099186,27.560562,1.942218,2267.766550,188.626545
985,2.144331,0.302461,0.172454,64.000000,0.099186,29.846136,0.575145,2269.910881,188.798999
986,2.393267,0.304055,0.001328,64.000000,0.099186,26.741694,74.662405,2272.304148,188.800328
987,2.085442,0.303287,0.228239,64.000000,0.099186,30.688939,0.434570,2274.389590,189.028567
988,2.038684,0.306506,0.427973,64.000000,0.099186,31.392799,0.231757,2276.428274,189.456540
989,2.278386,0.299917,0.197803,64.000000,0.099186,28.090058,0.501438,2278.706660,189.654343
990,2.055660,0.306572,0.366588,64.000000,0.099186,31.133553,0.270565,2280.762320,190.020932
991,2.139917,0.297391,0.150059,64.000000,0.099186,29.907702,0.660980,2282.902237,190.170991
992,2.198700,0.295990,0.242362,64.000000,0.099186,29.108110,0.409248,2285.100937,190.413352
993,2.408949,0.299890,0.046221,64.000000,0.099186,26.567602,2.145885,2287.509886,190.459574
994,2.315732,0.297359,0.129233,64.000000,0.099186,27.637053,0.767495,2289.825618,190.588807
995,2.325688,0.297958,0.105215,64.000000,0.099186,27.518735,0.942701,2292.151306,190.694022
996,2.330783,0.297990,0.106630,64.000000,0.099186,27.458588,0.930188,2294.482089,190.800652
997,2.352348,0.297883,0.059697,64.000000,0.099186,27.206863,1.661497,2296.834436,190.860349
998,2.203820,0.299950,0.139915,64.000000,0.099186,29.040480,0.708900,2299.038257,191.000264
999,2.095656,0.303275,0.217490,64.000000,0.099186,30.539368,0.456049,2301.133913,191.217754
1000,2.415476,0.296438,0.095207,64.000000,0.099186,26.495808,1.041788,2303.549389,191.312961
1001,2.311979,0.297348,0.099066,64.000000,0.099186,27.681916,1.001212,2305.861368,191.412027
1002,2.408995,0.301075,0.090305,64.000000,0.099186,26.567092,1.098345,2308.270363,191.502332
1003,2.160400,0.296998,0.264593,64.000000,0.099186,29.624147,0.374862,2310.430763,191.766925
1004,2.136148,0.295776,0.160858,64.000000,0.099186,29.960469,0.616605,2312.566911,191.927783
1005,2.159543,0.299117,0.183403,64.000000,0.099186,29.635896,0.540809,2314.726454,192.111186
1006,2.372171,0.298654,0.101370,64.000000,0.099186,26.979509,0.978452,2317.098625,192.212556
1007,2.207104,0.300227,0.167150,64.000000,0.099186,28.997277,0.593395,2319.305729,192.379707
1008,2.156170,0.300032,0.252386,64.000000,0.099186,29.682259,0.392994,2321.461899,192.632092
1009,2.346096,0.295909,0.032467,64.000000,0.099186,27.279366,3.055000,2323.807994,192.664559
1010,2.362625,0.297419,0.092976,64.000000,0.099186,27.088512,1.066791,2326.170620,192.757535
1011,2.221809,0.300804,0.214255,64.000000,0.099186,28.805361,0.462934,2328.392428,192.971790
1012,2.450604,0.298827,0.001403,64.000000,0.099186,26.116013,70.681858,2330.843032,192.973194
1013,2.275331,0.298263,0.036616,64.000000,0.099186,28.127771,2.708813,2333.118363,193.009810
1014,2.343188,0.298934,0.156492,64.000000,0.099186,27.313219,0.633809,2335.461551,193.166301
1015,2.187731,0.301929,0.200018,64.000000,0.099186,29.254051,0.495886,2337.649282,193.366319
1016,2.217013,0.297541,0.164895,64.000000,0.099186,28.867668,0.601511,2339.866295,193.531213
1017,2.292141,0.298965,0.144671,64.000000,0.099186,27.921496,0.685595,2342.158436,193.675885
1018,2.038962,0.291376,0.496404,64.000000,0.099186,31.388517,0.199809,2344.197398,194.172288
1019,2.494103,0.297086,0.001351,64.000000,0.099186,25.660525,73.408101,2346.691502,194.173640
1020,2.296986,0.299046,0.067904,64.000000,0.099186,27.862601,1.460689,2348.988488,194.241543
1021,2.087549,0.295485,0.317957,64.000000,0.099186,30.657956,0.311948,2351.076037,194.559500
1022,2.177574,0.298427,0.193228,64.000000,0.099186,29.390508,0.513310,2353.253611,194.752728
1023,2.258982,0.298070,0.072373,64.000000,0.099186,28.331347,1.370479,2355.512593,194.825101
1024,1.963047,0.303455,0.440065,64.000000,0.099186,32.602374,0.225389,2357.475640,195.265166
1025,2.302726,0.303372,0.112533,64.000000,0.099186,27.793146,0.881395,2359.778366,195.377699
1026,2.377277,0.300506,0.037746,64.000000,0.099186,26.921561,2.627712,2362.155643,195.415446
1027,2.484204,0.296917,0.029858,64.000000,0.099186,25.762781,3.321878,2364.639847,195.445304
1028,2.388357,0.296918,0.029030,64.000000,0.099186,26.796666,3.416701,2367.028203,195.474334
1029,2.242162,0.297798,0.124335,64.000000,0.099186,28.543876,0.797729,2369.270366,195.598669
1030,2.382492,0.297057,0.033970,64.000000,0.099186,26.862630,2.919785,2371.652858,195.632639
1031,1.999374,0.291443,0.480801,64.000000,0.099186,32.010016,0.206293,2373.652232,196.113440
1032,2.209625,0.299420,0.225211,64.000000,0.099186,28.964194,0.440413,2375.861857,196.338651
1033,2.395239,0.302601,0.032571,64.000000,0.099186,26.719673,3.045248,2378.257096,196.371222
1034,2.197303,0.309831,0.284220,64.000000,0.099186,29.126620,0.348976,2380.454398,196.655442
1035,2.257366,0.297604,0.162770,64.000000,0.099186,28.351633,0.609364,2382.711764,196.818212
1036,2.130834,0.298270,0.233243,64.000000,0.099186,30.035185,0.425248,2384.842598,197.051455
1037,2.144045,0.300627,0.272786,64.000000,0.099186,29.850121,0.363603,2386.986643,197.324241
1038,2.375024,0.297365,0.044985,64.000000,0.099186,26.947097,2.204852,2389.361667,197.369226
1039,2.341871,0.298556,0.047404,64.000000,0.099186,27.328581,2.092332,2391.703537,197.416631
1040,2.206612,0.313179,0.231993,64.000000,0.099186,29.003740,0.427539,2393.910149,197.648624
1041,2.345898,0.296747,0.111843,64.000000,0.099186,27.281668,0.886831,2396.256047,197.760467
1042,2.258491,0.296787,0.168945,64.000000,0.099186,28.337509,0.587090,2398.514538,197.929412
1043,2.333127,0.296339,0.082636,64.000000,0.099186,27.430993,1.200275,2400.847665,198.012048
1044,2.182267,0.300524,0.173157,64.000000,0.099186,29.327296,0.572809,2403.029932,198.185205
1045,2.279974,0.297745,0.205387,64.000000,0.099186,28.070501,0.482922,2405.309906,198.390592
1046,2.367867,0.298078,0.041452,64.000000,0.099186,27.028544,2.392769,2407.677773,198.432044
1047,2.343326,0.297946,0.062684,64.000000,0.099186,27.311612,1.582306,2410.021099,198.494729
1048,2.296426,0.298180,0.183276,64.000000,0.099186,27.869392,0.541183,2412.317525,198.678005
1049,2.224014,0.297134,0.117677,64.000000,0.099186,28.776793,0.842864,2414.541539,198.795682
1050,2.400961,0.297814,0.001388,64.000000,0.099186,26.655995,71.478359,2416.942500,198.797070
1051,2.189677,0.303181,0.186835,64.000000,0.099186,29.228059,0.530873,2419.132177,198.983905
1052,2.436252,0.299267,0.052654,64.000000,0.099186,26.269863,1.883739,2421.568428,199.036559
1053,2.391519,0.298836,0.058476,64.000000,0.099186,26.761236,1.696178,2423.959947,199.095035
1054,2.228903,0.301360,0.166659,64.000000,0.099186,28.713671,0.595142,2426.188851,199.261694
1055,2.194733,0.298505,0.142344,64.000000,0.099186,29.160722,0.696804,2428.383584,199.404038
1056,2.400001,0.301541,0.039001,64.000000,0.099186,26.666655,2.543165,2430.783585,199.443039
1057,2.408070,0.299999,0.001491,64.000000,0.099186,26.577297,66.531624,2433.191655,199.444530
1058,2.375801,0.295060,0.052339,64.000000,0.099186,26.938279,1.895076,2435.567456,199.496869
1059,2.104794,0.297710,0.225119,64.000000,0.099186,30.406776,0.440593,2437.672251,199.721988
1060,2.205776,0.298579,0.184021,64.000000,0.099186,29.014736,0.538992,2439.878026,199.906009
1061,2.413880,0.296876,0.042584,64.000000,0.099186,26.513329,2.329206,2442.291906,199.948593
1062,2.278215,0.297890,0.065645,64.000000,0.099186,28.092171,1.510950,2444.570121,200.014238
1063,2.416131,0.300342,0.001409,64.000000,0.099186,26.488632,70.416106,2446.986252,200.015646
1064,2.241384,0.298245,0.280650,64.000000,0.099186,28.553791,0.353415,2449.227636,200.296296
1065,2.258392,0.297740,0.168362,64.000000,0.099186,28.338742,0.589124,2451.486028,200.464658
1066,2.091467,0.298394,0.327102,64.000000,0.099186,30.600525,0.303227,2453.577495,200.791759
1067,1.920768,0.299868,0.537761,64.000000,0.099186,33.320002,0.184442,2455.498264,201.329520
1068,2.269413,0.300739,0.173229,64.000000,0.099186,28.201130,0.572570,2457.767676,201.502750
1069,2.183673,0.299470,0.225709,64.000000,0.099186,29.308413,0.439442,2459.951350,201.728459
1070,2.320192,0.297577,0.030693,64.000000,0.099186,27.583924,3.231516,2462.271542,201.759152
1071,2.251402,0.300352,0.117415,64.000000,0.099186,28.426731,0.844743,2464.522944,201.876567
1072,2.474465,0.296118,0.001331,64.000000,0.099186,25.864181,74.531459,2466.997408,201.877898
1073,2.369366,0.298176,0.001488,64.000000,0.099186,27.011445,66.672947,2469.366774,201.879386
1074,2.274047,0.296655,0.161393,64.000000,0.099186,28.143656,0.614560,2471.640821,202.040779
1075,2.286758,0.298647,0.081339,64.000000,0.099186,27.987215,1.219414,2473.927580,202.122118
1076,2.158658,0.307842,0.213804,64.000000,0.099186,29.648052,0.463911,2476.086238,202.335922
1077,2.427031,0.299329,0.044040,64.000000,0.099186,26.369668,2.252192,2478.513269,202.379962
1078,2.025791,0.297581,0.423028,64.000000,0.099186,31.592593,0.234467,2480.539060,202.802989
1079,2.409377,0.296868,0.070130,64.000000,0.099186,26.562888,1.414322,2482.948436,202.873119
1080,2.003681,0.300114,0.433797,64.000000,0.099186,31.941220,0.228646,2484.952117,203.306916
1081,2.193399,0.295439,0.156322,64.000000,0.099186,29.178464,0.634496,2487.145515,203.463238
1082,1.973885,0.302999,0.409361,64.000000,0.099186,32.423373,0.242295,2489.119400,203.872599
1083,2.168718,0.301526,0.191750,64.000000,0.099186,29.510524,0.517267,2491.288118,204.064349
1084,2.296902,0.299086,0.278463,64.000000,0.099186,27.863612,0.356190,2493.585020,204.342812
1085,2.282784,0.300740,0.134596,64.000000,0.099186,28.035938,0.736916,2495.867805,204.477409
1086,1.933349,0.295020,0.473003,64.000000,0.099186,33.103187,0.209694,2497.801153,204.950411
1087,2.080563,0.299134,0.317913,64.000000,0.099186,30.760901,0.311991,2499.881717,205.268324
1088,2.448580,0.301061,0.001343,64.000000,0.099186,26.137601,73.838786,2502.330296,205.269668
1089,2.129193,0.297543,0.319291,64.000000,0.099186,30.058341,0.310645,2504.459489,205.588958
1090,2.313630,0.300517,0.118442,64.000000,0.099186,27.662158,0.837420,2506.773119,205.707401
1091,2.275277,0.296808,0.102299,64.000000,0.099186,28.128445,0.969573,2509.048396,205.809699
1092,2.406605,0.299255,0.001694,64.000000,0.099186,26.593478,58.558618,2511.455001,205.811393
1093,2.337083,0.302706,0.118449,64.000000,0.099186,27.384569,0.837370,2513.792084,205.929842
1094,2.416852,0.298560,0.153400,64.000000,0.099186,26.480724,0.646585,2516.208936,206.083242
1095,2.153223,0.302020,0.366983,64.000000,0.099186,29.722885,0.270274,2518.362159,206.450225
1096,2.413861,0.299728,0.037465,64.000000,0.099186,26.513540,2.647459,2520.776020,206.487690
1097,2.040029,0.299077,0.344720,64.000000,0.099186,31.372101,0.287729,2522.816049,206.832409
1098,2.050155,0.298095,0.378021,64.000000,0.099186,31.217153,0.262382,2524.866204,207.210431
1099,2.061219,0.298104,0.059856,64.000000,0.099186,31.049585,1.657074,2526.927423,207.270287
