step,read_time_sec,compute_time_sec,write_time_sec,data_read_mb,data_written_mb,read_throughput_mb_s,write_throughput_mb_s,cumulative_read_time,cumulative_write_time
1,2.139720,0.073335,0.550407,32.000000,0.050358,14.955227,0.091492,2.139720,0.550407
2,2.489642,0.102779,0.219079,32.000000,0.050358,12.853256,0.229862,4.629362,0.769486
3,2.443996,0.102712,0.248352,32.000000,0.050358,13.093308,0.202768,7.073358,1.017838
4,2.656227,0.102810,0.001896,32.000000,0.050358,12.047163,26.563688,9.729585,1.019734
5,2.026694,0.071932,0.659484,32.000000,0.050358,15.789264,0.076359,11.756279,1.679218
6,2.403311,0.105482,0.161984,32.000000,0.050358,13.314962,0.310882,14.159590,1.841202
7,2.373070,0.102602,0.070223,32.000000,0.050358,13.484643,0.717108,16.532660,1.911425
8,2.257713,0.101828,0.230812,32.000000,0.050358,14.173633,0.218176,18.790373,2.142237
9,2.258331,0.099989,0.246346,32.000000,0.050358,14.169754,0.204419,21.048705,2.388583
10,2.389139,0.099965,0.016040,32.000000,0.050358,13.393946,3.139456,23.437844,2.404624
11,1.928234,0.075994,0.636162,32.000000,0.050358,16.595499,0.079159,25.366077,3.040786
12,1.848294,0.071195,0.710882,32.000000,0.050358,17.313261,0.070838,27.214372,3.751668
13,2.405374,0.099989,0.136601,32.000000,0.050358,13.303545,0.368648,29.619746,3.888269
14,2.370047,0.102585,0.138940,32.000000,0.050358,13.501840,0.362443,31.989793,4.027209
15,2.436311,0.105282,0.141059,32.000000,0.050358,13.134610,0.356997,34.426104,4.168268
16,2.388519,0.105535,0.068726,32.000000,0.050358,13.397423,0.732731,36.814623,4.236995
17,2.362556,0.099816,0.092980,32.000000,0.050358,13.544652,0.541601,39.177179,4.329974
18,2.126432,0.076017,0.446941,32.000000,0.050358,15.048682,0.112672,41.303611,4.776916
19,2.313574,0.100587,0.164824,32.000000,0.050358,13.831416,0.305525,43.617185,4.941739
20,2.365686,0.100008,0.186217,32.000000,0.050358,13.526730,0.270426,45.982871,5.127956
21,2.103572,0.076213,0.368521,32.000000,0.050358,15.212219,0.136649,48.086443,5.496477
22,2.410042,0.104497,0.055281,32.000000,0.050358,13.277776,0.910939,50.496486,5.551758
23,2.218095,0.099757,0.370029,32.000000,0.050358,14.426793,0.136092,52.714581,5.921786
24,2.243231,0.102133,0.229178,32.000000,0.050358,14.265136,0.219732,54.957812,6.150965
25,2.334202,0.102845,0.181247,32.000000,0.050358,13.709184,0.277841,57.292014,6.332212
26,2.333138,0.106994,0.274890,32.000000,0.050358,13.715434,0.183193,59.625152,6.607102
27,2.299971,0.099786,0.247115,32.000000,0.050358,13.913217,0.203783,61.925123,6.854217
28,2.416228,0.102784,0.239754,32.000000,0.050358,13.243782,0.210040,64.341351,7.093970
29,2.133071,0.074085,0.517796,32.000000,0.050358,15.001846,0.097254,66.474422,7.611766
30,2.421465,0.102530,0.111929,32.000000,0.050358,13.215138,0.449910,68.895888,7.723694
31,2.370222,0.102498,0.128494,32.000000,0.050358,13.500847,0.391907,71.266109,7.852189
32,2.307584,0.102474,0.276807,32.000000,0.050358,13.867318,0.181924,73.573693,8.128996
33,2.812181,0.102852,0.203140,32.000000,0.050358,11.379069,0.247897,76.385874,8.332136
34,2.768728,0.072045,0.790436,32.000000,0.050358,11.557655,0.063709,79.154602,9.122572
35,2.393980,0.105412,0.191188,32.000000,0.050358,13.366860,0.263394,81.548582,9.313760
36,2.112499,0.075319,0.665044,32.000000,0.050358,15.147938,0.075721,83.661081,9.978803
37,2.352629,0.107542,0.199986,32.000000,0.050358,13.601803,0.251806,86.013710,10.178790
38,2.324853,0.108275,0.191102,32.000000,0.050358,13.764313,0.263513,88.338563,10.369892
39,2.176720,0.106064,0.366427,32.000000,0.050358,14.701018,0.137429,90.515283,10.736319
40,2.272921,0.108030,0.249254,32.000000,0.050358,14.078797,0.202034,92.788204,10.985572
41,1.978035,0.083492,0.467031,32.000000,0.050358,16.177669,0.107825,94.766239,11.452604
42,2.391640,0.102642,0.099067,32.000000,0.050358,13.379938,0.508323,97.157880,11.551670
43,2.553378,0.102636,0.001969,32.000000,0.050358,12.532419,25.570132,99.711258,11.553640
44,2.289962,0.101748,0.380900,32.000000,0.050358,13.974032,0.132208,102.001219,11.934539
45,2.582915,0.102328,0.001865,32.000000,0.050358,12.389102,26.998413,104.584135,11.936405
46,2.445477,0.103058,0.084781,32.000000,0.050358,13.085382,0.593977,107.029612,12.021185
47,2.245775,0.075548,0.420635,32.000000,0.050358,14.248980,0.119718,109.275386,12.441821
48,2.328570,0.102930,0.201002,32.000000,0.050358,13.742337,0.250534,111.603957,12.642822
49,2.297359,0.106451,0.262684,32.000000,0.050358,13.929036,0.191705,113.901316,12.905507
50,2.241271,0.102642,0.370772,32.000000,0.050358,14.277613,0.135819,116.142587,13.276279
51,2.436561,0.102431,0.086868,32.000000,0.050358,13.133264,0.579707,118.579148,13.363147
52,2.479287,0.102620,0.155924,32.000000,0.050358,12.906934,0.322964,121.058435,13.519071
53,2.328190,0.099584,0.229477,32.000000,0.050358,13.744585,0.219446,123.386625,13.748547
54,2.374199,0.099195,0.157313,32.000000,0.050358,13.478232,0.320112,125.760824,13.905860
55,2.056418,0.077436,0.559130,32.000000,0.050358,15.561038,0.090065,127.817242,14.464990
56,1.594495,0.073346,1.127311,32.000000,0.050358,20.069050,0.044671,129.411737,15.592301
57,2.296688,0.102269,0.216007,32.000000,0.050358,13.933104,0.233130,131.708425,15.808308
58,2.101520,0.106487,0.398698,32.000000,0.050358,15.227071,0.126306,133.809946,16.207006
59,2.348273,0.105388,0.201869,32.000000,0.050358,13.627038,0.249458,136.158218,16.408875
60,2.206771,0.090378,0.448585,32.000000,0.050358,14.500823,0.112259,138.364990,16.857460
61,2.424667,0.100022,0.234883,32.000000,0.050358,13.197691,0.214396,140.789656,17.092342
62,2.136213,0.089515,0.583928,32.000000,0.050358,14.979778,0.086240,142.925870,17.676270
63,2.360587,0.100003,0.208061,32.000000,0.050358,13.555948,0.242034,145.286457,17.884331
64,2.451067,0.102650,0.142827,32.000000,0.050358,13.055537,0.352580,147.737524,18.027158
65,2.648649,0.103048,0.262493,32.000000,0.050358,12.081629,0.191845,150.386174,18.289651
66,2.054733,0.078336,0.544968,32.000000,0.050358,15.573802,0.092405,152.440906,18.834619
67,2.926095,0.100148,0.155787,32.000000,0.050358,10.936077,0.323247,155.367001,18.990406
68,2.229236,0.076197,0.941909,32.000000,0.050358,14.354696,0.053464,157.596237,19.932315
69,2.561778,0.100020,0.112487,32.000000,0.050358,12.491325,0.447675,160.158015,20.044802
70,2.256279,0.076714,0.434048,32.000000,0.050358,14.182646,0.116019,162.414294,20.478850
71,2.307114,0.108698,0.290344,32.000000,0.050358,13.870140,0.173442,164.721408,20.769195
72,2.543952,0.099730,0.197968,32.000000,0.050358,12.578851,0.254373,167.265360,20.967163
73,2.297109,0.099774,0.157345,32.000000,0.050358,13.930556,0.320047,169.562469,21.124508
74,2.414937,0.103030,0.141348,32.000000,0.050358,13.250864,0.356268,171.977406,21.265856
75,2.529031,0.104908,0.262774,32.000000,0.050358,12.653066,0.191639,174.506437,21.528630
76,2.535953,0.099875,0.353112,32.000000,0.050358,12.618531,0.142612,177.042390,21.881742
77,2.406690,0.100039,0.274502,32.000000,0.050358,13.296269,0.183452,179.449080,22.156244
78,2.201030,0.105231,0.507878,32.000000,0.050358,14.538648,0.099153,181.650110,22.664122
79,2.297319,0.100215,0.086160,32.000000,0.050358,13.929278,0.584471,183.947430,22.750281
80,2.341234,0.107246,0.176762,32.000000,0.050358,13.668006,0.284891,186.288664,22.927043
81,2.179239,0.100874,0.319390,32.000000,0.050358,14.684023,0.157669,188.467903,23.246433
82,2.302329,0.103208,0.203093,32.000000,0.050358,13.898972,0.247955,190.770232,23.449526
83,2.080168,0.076908,0.522276,32.000000,0.050358,15.383370,0.096420,192.850400,23.971802
84,2.000792,0.075102,0.615874,32.000000,0.050358,15.993663,0.081766,194.851192,24.587676
85,2.585113,0.102595,0.124635,32.000000,0.050358,12.378571,0.404041,197.436305,24.712311
86,3.783056,0.100028,0.070294,32.000000,0.050358,8.458771,0.716384,201.219360,24.782605
87,2.014265,0.075709,0.574687,32.000000,0.050358,15.886686,0.087626,203.233626,25.357293
88,2.383049,0.075900,0.276078,32.000000,0.050358,13.428173,0.182404,205.616675,25.633371
89,2.554114,0.100223,0.002025,32.000000,0.050358,12.528806,24.873537,208.170789,25.635395
90,2.184803,0.075209,0.651987,32.000000,0.050358,14.646632,0.077237,210.355592,26.287382
91,2.390404,0.103108,0.313336,32.000000,0.050358,13.386856,0.160715,212.745996,26.600718
92,2.281479,0.102592,0.200092,32.000000,0.050358,14.025990,0.251673,215.027475,26.800810
93,1.985932,0.075700,0.655596,32.000000,0.050358,16.113343,0.076812,217.013407,27.456406
94,2.187984,0.077585,0.473725,32.000000,0.050358,14.625333,0.106302,219.201391,27.930130
95,2.394219,0.108075,0.144954,32.000000,0.050358,13.365527,0.347407,221.595611,28.075084
96,2.363908,0.102034,0.210363,32.000000,0.050358,13.536905,0.239385,223.959519,28.285447
97,2.403280,0.102406,0.390897,32.000000,0.050358,13.315134,0.128826,226.362799,28.676344
98,2.328222,0.100108,0.322120,32.000000,0.050358,13.744394,0.156332,228.691021,28.998464
99,2.375756,0.076295,0.595832,32.000000,0.050358,13.469397,0.084517,231.066777,29.594295
100,2.279419,0.105036,0.258314,32.000000,0.050358,14.038664,0.194948,233.346196,29.852609
101,2.597897,0.103282,0.069169,32.000000,0.050358,12.317653,0.728043,235.944093,29.921778
102,2.791793,0.102626,0.112659,32.000000,0.050358,11.462167,0.446992,238.735887,30.034438
103,2.364986,0.103744,0.163683,32.000000,0.050358,13.530738,0.307655,241.100872,30.198120
104,2.342166,0.076254,0.479763,32.000000,0.050358,13.662564,0.104964,243.443039,30.677883
105,2.048617,0.073926,0.576422,32.000000,0.050358,15.620294,0.087363,245.491656,31.254305
106,2.533309,0.107746,0.077558,32.000000,0.050358,12.631703,0.649290,248.024964,31.331863
107,2.351798,0.105428,0.143427,32.000000,0.050358,13.606609,0.351105,250.376763,31.475290
108,2.113097,0.086201,0.536695,32.000000,0.050358,15.143648,0.093830,252.489860,32.011985
109,2.613327,0.102152,0.001969,32.000000,0.050358,12.244928,25.572314,255.103187,32.013954
110,2.458106,0.105770,0.113600,32.000000,0.050358,13.018153,0.443291,257.561293,32.127554
111,2.186530,0.075104,0.466742,32.000000,0.050358,14.635062,0.107892,259.747823,32.594296
112,2.316715,0.080145,0.398032,32.000000,0.050358,13.812663,0.126517,262.064538,32.992328
113,1.944912,0.076095,0.777451,32.000000,0.050358,16.453188,0.064773,264.009449,33.769779
114,2.346888,0.102865,0.142804,32.000000,0.050358,13.635077,0.352635,266.356337,33.912584
115,2.391110,0.100025,0.143603,32.000000,0.050358,13.382904,0.350673,268.747448,34.056187
116,2.437426,0.100061,0.058122,32.000000,0.050358,13.128602,0.866410,271.184874,34.114309
117,1.871319,0.072729,0.709247,32.000000,0.050358,17.100235,0.071002,273.056193,34.823557
118,2.413365,0.102818,0.160874,32.000000,0.050358,13.259494,0.313027,275.469559,34.984430
119,2.419000,0.101882,0.369978,32.000000,0.050358,13.228609,0.136110,277.888558,35.354409
120,2.327291,0.102514,0.403081,32.000000,0.050358,13.749891,0.124932,280.215849,35.757489
121,2.676359,0.099224,0.241193,32.000000,0.050358,11.956540,0.208787,282.892209,35.998682
122,2.159328,0.077478,0.521441,32.000000,0.050358,14.819428,0.096574,285.051536,36.520123
123,2.397627,0.100147,0.124203,32.000000,0.050358,13.346529,0.405449,287.449163,36.644325
124,2.168288,0.075458,0.546233,32.000000,0.050358,14.758184,0.092191,289.617452,37.190558
125,2.068580,0.074613,0.661926,32.000000,0.050358,15.469546,0.076078,291.686032,37.852484
126,2.177663,0.100929,0.443436,32.000000,0.050358,14.694655,0.113563,293.863695,38.295920
127,2.472729,0.102192,0.214315,32.000000,0.050358,12.941169,0.234971,296.336423,38.510235
128,2.337184,0.092881,0.567548,32.000000,0.050358,13.691691,0.088729,298.673607,39.077783
129,2.246124,0.102081,0.430343,32.000000,0.050358,14.246764,0.117018,300.919732,39.508126
130,2.505654,0.088504,0.344322,32.000000,0.050358,12.771115,0.146252,303.425386,39.852448
131,2.068256,0.076842,0.578381,32.000000,0.050358,15.471973,0.087067,305.493642,40.430829
132,2.417087,0.100318,0.185432,32.000000,0.050358,13.239077,0.271570,307.910729,40.616261
133,2.683161,0.098885,0.212475,32.000000,0.050358,11.926233,0.237006,310.593889,40.828736
134,2.435455,0.089013,0.354047,32.000000,0.050358,13.139229,0.142235,313.029344,41.182783
135,2.755982,0.102878,0.082145,32.000000,0.050358,11.611108,0.613037,315.785326,41.264927
136,1.924767,0.073636,0.743821,32.000000,0.050358,16.625390,0.067702,317.710093,42.008749
137,2.217673,0.081666,0.656497,32.000000,0.050358,14.429539,0.076707,319.927766,42.665245
138,2.264462,0.102365,0.261083,32.000000,0.050358,14.131390,0.192880,322.192228,42.926328
139,2.261016,0.096180,0.518483,32.000000,0.050358,14.152927,0.097125,324.453245,43.444812
140,3.036394,0.103269,0.034226,32.000000,0.050358,10.538816,1.471311,327.489639,43.479038
141,2.424379,0.102528,0.080495,32.000000,0.050358,13.199254,0.625598,329.914018,43.559534
142,2.311169,0.106003,0.216589,32.000000,0.050358,13.845809,0.232504,332.225187,43.776123
143,2.013422,0.075779,0.481261,32.000000,0.050358,15.893343,0.104637,334.238609,44.257383
144,2.172557,0.102573,0.390917,32.000000,0.050358,14.729188,0.128820,336.411166,44.648300
145,2.409043,0.102598,0.178348,32.000000,0.050358,13.283286,0.282357,338.820208,44.826648
146,2.421889,0.102652,0.187931,32.000000,0.050358,13.212829,0.267958,341.242097,45.014580
147,2.369621,0.105872,0.200282,32.000000,0.050358,13.504272,0.251434,343.611717,45.214862
148,2.106706,0.074396,0.564786,32.000000,0.050358,15.189589,0.089163,345.718424,45.779648
149,2.316713,0.084070,0.685240,32.000000,0.050358,13.812670,0.073489,348.035137,46.464888
150,2.356162,0.100029,0.167777,32.000000,0.050358,13.581407,0.300148,350.391299,46.632665
151,2.420212,0.102202,0.155683,32.000000,0.050358,13.221981,0.323464,352.811512,46.788348
152,2.385177,0.106585,0.321657,32.000000,0.050358,13.416195,0.156558,355.196688,47.110005
153,2.618630,0.105181,0.183083,32.000000,0.050358,12.220130,0.275055,357.815319,47.293088
154,2.342405,0.105457,0.069370,32.000000,0.050358,13.661173,0.725930,360.157724,47.362458
155,2.550728,0.099997,0.275758,32.000000,0.050358,12.545436,0.182616,362.708452,47.638216
156,2.309955,0.102716,0.138049,32.000000,0.050358,13.853082,0.364782,365.018407,47.776265
157,2.467869,0.102453,0.090682,32.000000,0.050358,12.966654,0.555324,367.486276,47.866947
158,1.911360,0.070580,0.815907,32.000000,0.050358,16.742004,0.061720,369.397636,48.682853
159,2.130512,0.077048,0.509190,32.000000,0.050358,15.019862,0.098898,371.528148,49.192044
160,2.662771,0.100536,0.206399,32.000000,0.050358,12.017556,0.243983,374.190919,49.398442
161,2.406883,0.081953,0.439567,32.000000,0.050358,13.295203,0.114562,376.597802,49.838009
162,2.427952,0.105641,0.202042,32.000000,0.050358,13.179832,0.249245,379.025754,50.040051
163,2.418323,0.105493,0.151424,32.000000,0.050358,13.232309,0.332563,381.444078,50.191475
164,2.235935,0.101987,0.351556,32.000000,0.050358,14.311685,0.143243,383.680013,50.543031
165,2.372839,0.105607,0.193995,32.000000,0.050358,13.485958,0.259583,386.052851,50.737026
166,2.013894,0.072923,0.732327,32.000000,0.050358,15.889619,0.068764,388.066745,51.469353
167,2.476736,0.105234,0.084021,32.000000,0.050358,12.920231,0.599346,390.543481,51.553374
168,2.625232,0.099927,0.001931,32.000000,0.050358,12.189397,26.075529,393.168713,51.555305
169,2.504372,0.102475,0.007456,32.000000,0.050358,12.777654,6.753739,395.673085,51.562762
170,2.427117,0.107699,0.295195,32.000000,0.050358,13.184368,0.170592,398.100202,51.857957
171,2.680691,0.102725,0.016441,32.000000,0.050358,11.937220,3.062949,400.780893,51.874398
172,2.352924,0.083022,0.367006,32.000000,0.050358,13.600098,0.137213,403.133817,52.241404
173,2.604061,0.105207,0.132961,32.000000,0.050358,12.288498,0.378742,405.737878,52.374364
174,2.235986,0.074149,0.465512,32.000000,0.050358,14.311360,0.108177,407.973864,52.839876
175,2.443201,0.106892,0.200184,32.000000,0.050358,13.097572,0.251557,410.417065,53.040061
176,2.241045,0.101717,0.450614,32.000000,0.050358,14.279054,0.111754,412.658110,53.490675
177,2.500795,0.102334,0.170192,32.000000,0.050358,12.795931,0.295889,415.158905,53.660866
178,2.564871,0.102793,0.122290,32.000000,0.050358,12.476262,0.411791,417.723776,53.783156
179,2.967947,0.102790,0.122505,32.000000,0.050358,10.781864,0.411067,420.691723,53.905661
180,2.265092,0.082328,0.406689,32.000000,0.050358,14.127461,0.123824,422.956815,54.312350
181,2.793705,0.102410,0.145391,32.000000,0.050358,11.454325,0.346362,425.750519,54.457740
182,2.427589,0.108057,0.107128,32.000000,0.050358,13.181804,0.470071,428.178108,54.564869
183,3.441564,0.112824,0.389048,32.000000,0.050358,9.298098,0.129439,431.619672,54.953916
184,2.318221,0.102867,0.336627,32.000000,0.050358,13.803691,0.149595,433.937893,55.290543
185,2.256944,0.105739,0.293532,32.000000,0.050358,14.178462,0.171558,436.194837,55.584075
186,2.620093,0.102068,0.084653,32.000000,0.050358,12.213308,0.594874,438.814930,55.668728
187,2.271300,0.089334,0.320233,32.000000,0.050358,14.088847,0.157254,441.086230,55.988961
188,2.271292,0.101727,0.228118,32.000000,0.050358,14.088899,0.220754,443.357522,56.217079
189,2.211971,0.082557,0.433809,32.000000,0.050358,14.466736,0.116083,445.569493,56.650888
190,2.202271,0.130980,0.367551,32.000000,0.050358,14.530452,0.137009,447.771764,57.018439
191,2.388126,0.083396,0.449143,32.000000,0.050358,13.399630,0.112120,450.159890,57.467582
192,2.046754,0.104151,0.556760,32.000000,0.050358,15.634513,0.090448,452.206644,58.024342
193,2.572400,0.099045,0.141972,32.000000,0.050358,12.439746,0.354703,454.779044,58.166314
194,2.232391,0.094920,0.405441,32.000000,0.050358,14.334406,0.124205,457.011435,58.571754
195,2.529539,0.099021,0.110318,32.000000,0.050358,12.650529,0.456478,459.540973,58.682073
196,1.850711,0.072476,0.855401,32.000000,0.050358,17.290648,0.058870,461.391685,59.537474
197,2.687818,0.102475,0.142997,32.000000,0.050358,11.905567,0.352160,464.079503,59.680471
198,2.319129,0.103517,0.116775,32.000000,0.050358,13.798283,0.431238,466.398632,59.797246
199,2.254038,0.101733,0.332358,32.000000,0.050358,14.196741,0.151517,468.652671,60.129604
200,2.363818,0.103045,0.201681,32.000000,0.050358,13.537424,0.249690,471.016488,60.331285
201,2.448579,0.100182,0.132327,32.000000,0.050358,13.068805,0.380557,473.465067,60.463611
202,2.457790,0.105604,0.326201,32.000000,0.050358,13.019824,0.154377,475.922857,60.789812
203,2.351056,0.102548,0.141638,32.000000,0.050358,13.610903,0.355540,478.273914,60.931450
204,2.378390,0.105332,0.201680,32.000000,0.050358,13.454480,0.249692,480.652304,61.133130
205,2.337236,0.102622,0.206432,32.000000,0.050358,13.691386,0.243944,482.989540,61.339562
206,2.587964,0.102585,0.090064,32.000000,0.050358,12.364933,0.559133,485.577503,61.429626
207,2.184644,0.075133,0.502790,32.000000,0.050358,14.647698,0.100157,487.762147,61.932416
208,2.409876,0.102548,0.318668,32.000000,0.050358,13.278694,0.158026,490.172023,62.251084
209,2.547264,0.099927,0.186250,32.000000,0.050358,12.562497,0.270378,492.719287,62.437334
210,2.407875,0.105575,0.176571,32.000000,0.050358,13.289728,0.285199,495.127162,62.613905
211,2.310077,0.073332,0.733210,32.000000,0.050358,13.852355,0.068681,497.437238,63.347114
212,2.448211,0.104890,0.059149,32.000000,0.050358,13.070771,0.851365,499.885449,63.406264
213,3.223857,0.102818,0.264753,32.000000,0.050358,9.925997,0.190207,503.109306,63.671017
214,2.429385,0.107848,0.036721,32.000000,0.050358,13.172059,1.371365,505.538691,63.707738
215,2.443918,0.102677,0.071210,32.000000,0.050358,13.093728,0.707176,507.982609,63.778948
216,2.201749,0.097448,0.466951,32.000000,0.050358,14.533902,0.107844,510.184358,64.245899
217,2.467669,0.106782,0.226806,32.000000,0.050358,12.967705,0.222031,512.652027,64.472704
218,2.424234,0.102870,0.144968,32.000000,0.050358,13.200046,0.347372,515.076261,64.617673
219,2.421529,0.107816,0.220993,32.000000,0.050358,13.214790,0.227871,517.497790,64.838665
220,2.388146,0.099979,0.370699,32.000000,0.050358,13.399519,0.135846,519.885935,65.209364
221,2.448922,0.100010,0.271921,32.000000,0.050358,13.066975,0.185193,522.334857,65.481285
222,2.469707,0.105315,0.088890,32.000000,0.050358,12.957001,0.566521,524.804565,65.570175
223,1.966146,0.077702,0.698719,32.000000,0.050358,16.275491,0.072072,526.770711,66.268894
224,2.105165,0.078344,0.653298,32.000000,0.050358,15.200705,0.077083,528.875877,66.922191
225,2.103155,0.075248,1.206560,32.000000,0.050358,15.215236,0.041737,530.979032,68.128751
226,2.540590,0.105524,0.211644,32.000000,0.050358,12.595500,0.237937,533.519621,68.340395
227,2.234945,0.074114,0.638639,32.000000,0.050358,14.318026,0.078852,535.754566,68.979034
228,2.538895,0.101592,0.080618,32.000000,0.050358,12.603908,0.624649,538.293462,69.059652
229,2.341299,0.101725,0.152666,32.000000,0.050358,13.667626,0.329855,540.634761,69.212318
230,2.512926,0.103244,0.170758,32.000000,0.050358,12.734158,0.294908,543.147687,69.383076
231,2.892737,0.100407,0.149736,32.000000,0.050358,11.062189,0.336312,546.040423,69.532811
232,2.377663,0.104974,0.181802,32.000000,0.050358,13.458596,0.276993,548.418086,69.714613
233,2.276280,0.099942,0.333409,32.000000,0.050358,14.058026,0.151039,550.694366,70.048022
234,2.455232,0.102950,0.189554,32.000000,0.050358,13.033393,0.265665,553.149597,70.237576
235,2.308332,0.106598,0.221659,32.000000,0.050358,13.862821,0.227186,555.457930,70.459235
236,2.184990,0.075532,0.538777,32.000000,0.050358,14.645376,0.093467,557.642920,70.998011
237,2.925780,0.096523,0.606037,32.000000,0.050358,10.937256,0.083094,560.568699,71.604049
238,2.451985,0.102522,0.070288,32.000000,0.050358,13.050652,0.716446,563.020684,71.674337
239,3.462718,0.102312,0.108709,32.000000,0.050358,9.241296,0.463237,566.483402,71.783046
240,2.490671,0.102885,0.170120,32.000000,0.050358,12.847946,0.296014,568.974072,71.953165
241,2.498172,0.104772,0.042507,32.000000,0.050358,12.809368,1.184690,571.472244,71.995673
242,2.228624,0.074959,0.455956,32.000000,0.050358,14.358633,0.110444,573.700869,72.451628
243,2.633393,0.100584,0.001978,32.000000,0.050358,12.151623,25.461790,576.334262,72.453606
244,2.256351,0.099977,0.319796,32.000000,0.050358,14.182193,0.157468,578.590612,72.773403
245,2.258455,0.106738,0.367869,32.000000,0.050358,14.168976,0.136891,580.849068,73.141272
246,2.024194,0.076810,0.792104,32.000000,0.050358,15.808759,0.063575,582.873262,73.933376
247,2.633046,0.102403,0.172477,32.000000,0.050358,12.153224,0.291967,585.506308,74.105853
248,3.205113,0.103413,0.271783,32.000000,0.050358,9.984048,0.185287,588.711421,74.377636
249,2.363191,0.099943,0.195043,32.000000,0.050358,13.541015,0.258188,591.074612,74.572679
250,2.275467,0.096412,1.772378,32.000000,0.050358,14.063047,0.028413,593.350079,76.345057
251,2.598849,0.099060,0.096642,32.000000,0.050358,12.313145,0.521076,595.948927,76.441699
252,2.633398,0.099997,0.151618,32.000000,0.050358,12.151600,0.332137,598.582326,76.593316
253,2.327513,0.104336,0.220859,32.000000,0.050358,13.748583,0.228009,600.909838,76.814175
254,2.854521,0.100244,0.057467,32.000000,0.050358,11.210286,0.876291,603.764359,76.871642
255,2.475074,0.100032,0.104149,32.000000,0.050358,12.928907,0.483516,606.239433,76.975792
256,2.303950,0.102608,0.259351,32.000000,0.050358,13.889189,0.194169,608.543383,77.235143
257,2.417812,0.102526,0.166422,32.000000,0.050358,13.235109,0.302591,610.961195,77.401565
258,2.637468,0.102818,0.198884,32.000000,0.050358,12.132848,0.253202,613.598663,77.600449
259,2.096418,0.077219,0.564365,32.000000,0.050358,15.264131,0.089229,615.695081,78.164813
260,2.384315,0.100027,0.155037,32.000000,0.050358,13.421046,0.324811,618.079396,78.319851
261,2.591969,0.100306,0.088948,32.000000,0.050358,12.345825,0.566147,620.671365,78.408799
262,2.517126,0.100353,0.143783,32.000000,0.050358,12.712909,0.350235,623.188492,78.552582
263,2.547804,0.103108,0.017932,32.000000,0.050358,12.559836,2.808325,625.736296,78.570514
264,2.277357,0.091978,0.523700,32.000000,0.050358,14.051374,0.096158,628.013653,79.094214
265,2.223536,0.098791,0.477029,32.000000,0.050358,14.391490,0.105566,630.237189,79.571242
266,2.617328,0.103350,0.067073,32.000000,0.050358,12.226210,0.750793,632.854517,79.638315
267,2.474202,0.098287,0.395010,32.000000,0.050358,12.933463,0.127485,635.328719,80.033325
268,2.016021,0.084215,0.616808,32.000000,0.050358,15.872854,0.081643,637.344740,80.650133
269,2.380553,0.083720,0.372048,32.000000,0.050358,13.442253,0.135353,639.725293,81.022181
270,2.328120,0.102035,0.373658,32.000000,0.050358,13.744993,0.134770,642.053413,81.395839
271,2.300109,0.076655,0.661435,32.000000,0.050358,13.912383,0.076134,644.353523,82.057274
272,2.515688,0.103717,0.248019,32.000000,0.050358,12.720177,0.203040,646.869211,82.305294
273,2.448551,0.102468,0.130637,32.000000,0.050358,13.068956,0.385480,649.317762,82.435930
274,2.133490,0.094998,0.534227,32.000000,0.050358,14.998899,0.094263,651.451252,82.970157
275,2.487036,0.102675,0.001941,32.000000,0.050358,12.866721,25.943503,653.938288,82.972098
276,2.474506,0.102360,0.083420,32.000000,0.050358,12.931876,0.603665,656.412793,83.055519
277,2.695557,0.107510,0.203343,32.000000,0.050358,11.871389,0.247650,659.108350,83.258861
278,1.914609,0.075402,0.785778,32.000000,0.050358,16.713597,0.064087,661.022959,84.044639
279,2.353459,0.103328,0.311841,32.000000,0.050358,13.597009,0.161485,663.376418,84.356481
280,2.133377,0.074257,0.662505,32.000000,0.050358,14.999692,0.076011,665.509795,85.018986
281,3.182060,0.075007,1.890982,32.000000,0.050358,10.056378,0.026631,668.691855,86.909968
282,2.247102,0.075716,0.732105,32.000000,0.050358,14.240564,0.068785,670.938957,87.642073
283,2.350106,0.100278,0.213241,32.000000,0.050358,13.616410,0.236155,673.289062,87.855314
284,2.422845,0.101684,0.401951,32.000000,0.050358,13.207615,0.125283,675.711907,88.257266
285,2.215628,0.076105,0.555593,32.000000,0.050358,14.442855,0.090638,677.927536,88.812859
286,2.293810,0.102136,0.340565,32.000000,0.050358,13.950589,0.147866,680.221345,89.153424
287,2.721516,0.073794,0.822695,32.000000,0.050358,11.758153,0.061211,682.942861,89.976118
288,2.426020,0.102472,0.272429,32.000000,0.050358,13.190329,0.184847,685.368881,90.248548
289,2.128508,0.095575,0.503306,32.000000,0.050358,15.034005,0.100054,687.497389,90.751854
290,2.279466,0.104852,0.256857,32.000000,0.050358,14.038374,0.196054,689.776856,91.008711
291,2.385014,0.088281,0.389462,32.000000,0.050358,13.417113,0.129301,692.161869,91.398173
292,2.501233,0.102609,0.016509,32.000000,0.050358,12.793690,3.050366,694.663102,91.414682
293,2.599774,0.106565,0.016740,32.000000,0.050358,12.308762,3.008233,697.262877,91.431422
294,2.391833,0.097892,0.297839,32.000000,0.050358,13.378863,0.169077,699.654709,91.729261
295,2.017813,0.075350,0.697500,32.000000,0.050358,15.858758,0.072198,701.672522,92.426761
296,2.358792,0.100108,0.416093,32.000000,0.050358,13.566265,0.121025,704.031314,92.842854
297,2.431220,0.099282,0.068004,32.000000,0.050358,13.162118,0.740517,706.462533,92.910858
298,2.607557,0.105597,0.031589,32.000000,0.050358,12.272024,1.594182,709.070090,92.942446
299,2.134440,0.109253,0.617206,32.000000,0.050358,14.992222,0.081590,711.204530,93.559653
300,3.161098,0.105262,0.208370,32.000000,0.050358,10.123064,0.241675,714.365628,93.768023
301,1.943825,0.074563,0.739527,32.000000,0.050358,16.462388,0.068095,716.309453,94.507550
302,2.346989,0.101674,0.296304,32.000000,0.050358,13.634492,0.169953,718.656442,94.803854
303,2.669657,0.205571,0.005270,32.000000,0.050358,11.986559,9.554836,721.326099,94.809124
304,2.575675,0.205163,0.001895,32.000000,0.050358,12.423929,26.574776,723.901774,94.811019
305,2.458825,0.218590,0.364475,32.000000,0.050358,13.014346,0.138165,726.360599,95.175494
306,2.481849,0.210796,0.001965,32.000000,0.050358,12.893614,25.633872,728.842447,95.177458
307,2.190835,0.171699,0.361389,32.000000,0.050358,14.606303,0.139345,731.033282,95.538847
308,2.747613,0.147233,0.428544,32.000000,0.050358,11.646474,0.117509,733.780895,95.967391
309,2.649551,0.204651,0.001893,32.000000,0.050358,12.077516,26.601743,736.430447,95.969284
310,2.365176,0.204475,0.131789,32.000000,0.050358,13.529649,0.382109,738.795622,96.101073
311,2.378603,0.197096,0.328797,32.000000,0.050358,13.453274,0.153158,741.174226,96.429870
312,2.455385,0.210075,0.065115,32.000000,0.050358,13.032581,0.773371,743.629610,96.494985
313,2.483508,0.200272,0.092786,32.000000,0.050358,12.885002,0.542733,746.113118,96.587771
314,2.392740,0.211221,0.028778,32.000000,0.050358,13.373787,1.749884,748.505858,96.616548
315,1.984404,0.140187,0.697076,32.000000,0.050358,16.125745,0.072242,750.490263,97.313624
316,2.209080,0.206406,0.273160,32.000000,0.050358,14.485668,0.184353,752.699343,97.586784
317,2.389691,0.199931,0.403519,32.000000,0.050358,13.390854,0.124797,755.089033,97.990303
318,2.451996,0.212159,0.010583,32.000000,0.050358,13.050591,4.758462,757.541030,98.000886
319,2.393816,0.203675,0.181262,32.000000,0.050358,13.367779,0.277817,759.934846,98.182148
320,2.276431,0.189693,0.295151,32.000000,0.050358,14.057091,0.170617,762.211277,98.477300
321,2.215177,0.206759,0.280338,32.000000,0.050358,14.445800,0.179632,764.426453,98.757638
322,2.277035,0.203748,0.327681,32.000000,0.050358,14.053361,0.153679,766.703489,99.085319
323,2.016056,0.140774,0.628378,32.000000,0.050358,15.872574,0.080139,768.719545,99.713697
324,1.445247,0.133961,1.970637,32.000000,0.050358,22.141544,0.025554,770.164792,101.684335
325,2.426501,0.143169,0.424180,32.000000,0.050358,13.187715,0.118718,772.591293,102.108515
326,2.481535,0.204768,0.001905,32.000000,0.050358,12.895246,26.431873,775.072827,102.110420
327,2.097693,0.140657,0.555369,32.000000,0.050358,15.254854,0.090675,777.170520,102.665788
328,2.389839,0.207730,0.164665,32.000000,0.050358,13.390024,0.305820,779.560359,102.830453
329,2.350914,0.204708,0.112596,32.000000,0.050358,13.611726,0.447243,781.911273,102.943049
330,2.597446,0.184049,0.496569,32.000000,0.050358,12.319796,0.101412,784.508719,103.439618
331,2.279079,0.209928,0.150085,32.000000,0.050358,14.040758,0.335528,786.787798,103.589704
332,1.987961,0.145922,0.581387,32.000000,0.050358,16.096892,0.086617,788.775760,104.171091
333,2.383268,0.206793,0.169658,32.000000,0.050358,13.426943,0.296819,791.159027,104.340749
334,2.314774,0.176472,0.456634,32.000000,0.050358,13.824242,0.110280,793.473802,104.797383
335,2.488486,0.201947,0.001903,32.000000,0.050358,12.859225,26.465865,795.962287,104.799285
336,2.550719,0.207408,0.075490,32.000000,0.050358,12.545482,0.667083,798.513006,104.874775
337,3.103176,0.204395,0.002019,32.000000,0.050358,10.312017,24.947348,801.616182,104.876794
338,2.706695,0.204686,0.001931,32.000000,0.050358,11.822537,26.074706,804.322877,104.878725
339,2.383975,0.206746,0.173362,32.000000,0.050358,13.422960,0.290478,806.706852,105.052087
340,2.344961,0.159210,0.613274,32.000000,0.050358,13.646282,0.082113,809.051813,105.665361
341,2.480944,0.206785,0.031874,32.000000,0.050358,12.898317,1.579883,811.532757,105.697235
342,2.147912,0.146456,0.636244,32.000000,0.050358,14.898190,0.079149,813.680669,106.333480
343,2.302775,0.183949,0.374117,32.000000,0.050358,13.896279,0.134604,815.983443,106.707597
344,2.589847,0.204179,0.013444,32.000000,0.050358,12.355943,3.745689,818.573290,106.721041
345,2.416588,0.206850,0.135453,32.000000,0.050358,13.241811,0.371773,820.989878,106.856494
346,3.141167,0.199189,0.174759,32.000000,0.050358,10.187298,0.288155,824.131045,107.031254
347,2.474164,0.199219,0.081148,32.000000,0.050358,12.933663,0.620565,826.605208,107.112402
348,2.746842,0.204221,0.001949,32.000000,0.050358,11.649743,25.832815,829.352050,107.114351
349,2.422028,0.209572,0.085519,32.000000,0.050358,13.212071,0.588852,831.774078,107.199870
350,2.374657,0.206152,0.207776,32.000000,0.050358,13.475631,0.242366,834.148734,107.407646
351,2.481149,0.207115,0.165583,32.000000,0.050358,12.897251,0.304124,836.629883,107.573229
352,2.441490,0.198538,0.093476,32.000000,0.050358,13.106751,0.538725,839.071373,107.666705
353,2.366775,0.199115,0.387141,32.000000,0.050358,13.520507,0.130076,841.438149,108.053845
354,2.337988,0.199123,0.002039,32.000000,0.050358,13.686980,24.697518,843.776137,108.055884
355,2.459811,0.199402,0.194629,32.000000,0.050358,13.009129,0.258737,846.235948,108.250514
356,3.566921,0.203997,0.002101,32.000000,0.050358,8.971324,23.973578,849.802869,108.252614
357,2.604685,0.204804,0.001853,32.000000,0.050358,12.285556,27.183429,852.407553,108.254467
358,2.325538,0.208049,0.201558,32.000000,0.050358,13.760257,0.249843,854.733091,108.456025
359,2.022375,0.142669,0.529160,32.000000,0.050358,15.822983,0.095166,856.755466,108.985185
360,2.500114,0.199156,0.001840,32.000000,0.050358,12.799417,27.361242,859.255580,108.987025
361,2.483928,0.199344,0.074500,32.000000,0.050358,12.882821,0.675942,861.739508,109.061526
362,2.383728,0.186382,0.303193,32.000000,0.050358,13.424350,0.166092,864.123236,109.364718
363,2.469815,0.208980,0.001995,32.000000,0.050358,12.956434,25.237637,866.593051,109.366713
364,2.654615,0.201930,0.072489,32.000000,0.050358,12.054480,0.694699,869.247666,109.439202
365,2.383009,0.209943,0.138183,32.000000,0.050358,13.428403,0.364430,871.630675,109.577385
366,2.576858,0.208811,0.074474,32.000000,0.050358,12.418224,0.676176,874.207533,109.651859
367,1.793938,0.139267,0.799646,32.000000,0.050358,17.837849,0.062975,876.001471,110.451505
368,2.509002,0.199978,0.157569,32.000000,0.050358,12.754076,0.319592,878.510473,110.609074
369,2.469488,0.197511,0.082708,32.000000,0.050358,12.958153,0.608866,880.979961,110.691782
370,2.391881,0.205897,0.115658,32.000000,0.050358,13.378594,0.435402,883.371841,110.807440
371,2.650637,0.205885,0.001882,32.000000,0.050358,12.072568,26.764036,886.022479,110.809321
372,2.529916,0.204289,0.001944,32.000000,0.050358,12.648640,25.908439,888.552395,110.811265
373,2.408291,0.206244,0.001804,32.000000,0.050358,13.287432,27.917938,890.960686,110.813069
374,2.289482,0.209636,0.192657,32.000000,0.050358,13.976959,0.261386,893.250168,111.005726
375,2.760226,0.204113,0.218042,32.000000,0.050358,11.593253,0.230955,896.010394,111.223767
376,2.537770,0.203914,0.002249,32.000000,0.050358,12.609498,22.396094,898.548164,111.226016
377,2.421842,0.183888,0.269596,32.000000,0.050358,13.213083,0.186790,900.970006,111.495612
378,2.546530,0.209912,0.005217,32.000000,0.050358,12.566122,9.652008,903.516535,111.500830
379,2.708530,0.209380,0.040326,32.000000,0.050358,11.814529,1.248773,906.225065,111.541155
380,2.481852,0.210181,0.015516,32.000000,0.050358,12.893595,3.245448,908.706917,111.556672
381,3.028293,0.204643,0.068405,32.000000,0.050358,10.567008,0.736169,911.735211,111.625077
382,2.292593,0.199638,0.164282,32.000000,0.050358,13.957992,0.306533,914.027804,111.789359
383,2.586613,0.197592,0.264593,32.000000,0.050358,12.371392,0.190322,916.614417,112.053952
384,2.379339,0.207106,0.176473,32.000000,0.050358,13.449111,0.285356,918.993756,112.230425
385,2.663706,0.204429,0.250410,32.000000,0.050358,12.013337,0.201101,921.657462,112.480836
386,2.147601,0.182090,0.358757,32.000000,0.050358,14.900347,0.140367,923.805063,112.839593
387,2.364880,0.199052,0.102691,32.000000,0.050358,13.531343,0.490381,926.169943,112.942284
388,2.158337,0.181838,0.330216,32.000000,0.050358,14.826231,0.152499,928.328280,113.272501
389,2.579138,0.211033,0.078442,32.000000,0.050358,12.407245,0.641977,930.907418,113.350943
390,2.134645,0.142971,0.761902,32.000000,0.050358,14.990783,0.066095,933.042063,114.112845
391,2.006702,0.150644,0.592194,32.000000,0.050358,15.946567,0.085036,935.048765,114.705039
392,2.209871,0.188572,0.478066,32.000000,0.050358,14.480485,0.105337,937.258636,115.183105
393,2.452015,0.199243,0.114578,32.000000,0.050358,13.050490,0.439507,939.710651,115.297683
394,2.063987,0.151642,0.522072,32.000000,0.050358,15.503973,0.096458,941.774638,115.819755
395,2.554177,0.203896,0.009164,32.000000,0.050358,12.528498,5.495314,944.328815,115.828918
396,2.140753,0.159759,0.396357,32.000000,0.050358,14.948008,0.127052,946.469568,116.225276
397,2.580593,0.202093,0.001833,32.000000,0.050358,12.400253,27.469105,949.050161,116.227109
398,1.767487,0.138353,0.944715,32.000000,0.050358,18.104799,0.053305,950.817648,117.171824
399,2.431168,0.204486,0.005264,32.000000,0.050358,13.162400,9.566290,953.248816,117.177088
400,2.274766,0.210446,0.324544,32.000000,0.050358,14.067378,0.155165,955.523582,117.501632
401,2.394237,0.189581,0.243231,32.000000,0.050358,13.365426,0.207037,957.917820,117.744863
402,3.227399,0.135001,0.893103,32.000000,0.050358,9.915104,0.056385,961.145219,118.637966
403,2.089258,0.141237,0.662719,32.000000,0.050358,15.316440,0.075987,963.234477,119.300685
404,2.509514,0.210558,0.074458,32.000000,0.050358,12.751471,0.676329,965.743992,119.375142
405,2.587697,0.212288,0.121630,32.000000,0.050358,12.366207,0.414026,968.331689,119.496772
406,2.343260,0.157330,0.356856,32.000000,0.050358,13.656191,0.141115,970.674948,119.853628
407,2.497967,0.204372,0.001819,32.000000,0.050358,12.810418,27.681968,973.172915,119.855447
408,2.172208,0.204892,0.394419,32.000000,0.050358,14.731554,0.127676,975.345123,120.249865
409,2.313608,0.202147,0.256259,32.000000,0.050358,13.831209,0.196511,977.658732,120.506125
410,2.258645,0.161569,0.345118,32.000000,0.050358,14.167786,0.145915,979.917377,120.851243
411,2.122128,0.164908,0.473931,32.000000,0.050358,15.079206,0.106256,982.039504,121.325175
412,2.099235,0.153057,0.515875,32.000000,0.050358,15.243648,0.097616,984.138739,121.841050
413,1.991795,0.140076,0.662542,32.000000,0.050358,16.065907,0.076007,986.130535,122.503592
414,2.191146,0.198871,0.447694,32.000000,0.050358,14.604229,0.112483,988.321681,122.951286
415,2.349431,0.209245,0.092265,32.000000,0.050358,13.620317,0.545797,990.671112,123.043551
416,2.505656,0.170499,0.338519,32.000000,0.050358,12.771108,0.148759,993.176768,123.382070
417,2.095587,0.143271,0.483003,32.000000,0.050358,15.270184,0.104260,995.272355,123.865074
418,2.293504,0.206716,0.229968,32.000000,0.050358,13.952451,0.218977,997.565859,124.095042
419,2.928392,0.211305,0.001985,32.000000,0.050358,10.927498,25.369766,1000.494251,124.097027
420,2.362346,0.211385,0.072390,32.000000,0.050358,13.545856,0.695642,1002.856597,124.169417
421,2.138870,0.184601,0.608994,32.000000,0.050358,14.961171,0.082690,1004.995467,124.778411
422,2.468323,0.209659,0.127514,32.000000,0.050358,12.964267,0.394920,1007.463791,124.905925
423,2.249370,0.175397,0.382691,32.000000,0.050358,14.226206,0.131589,1009.713160,125.288616
424,2.279598,0.187248,0.272452,32.000000,0.050358,14.037561,0.184832,1011.992759,125.561067
425,2.436199,0.205695,0.031486,32.000000,0.050358,13.135218,1.599388,1014.428957,125.592553
426,3.422047,0.167055,0.458122,32.000000,0.050358,9.351128,0.109922,1017.851004,126.050676
427,3.742948,0.200486,0.003946,32.000000,0.050358,8.549410,12.761350,1021.593953,126.054622
428,2.593066,0.204236,0.001790,32.000000,0.050358,12.340605,28.133331,1024.187018,126.056412
429,2.490974,0.199177,0.001978,32.000000,0.050358,12.846382,25.462240,1026.677992,126.058389
430,2.268943,0.199465,0.154167,32.000000,0.050358,14.103483,0.326644,1028.946935,126.212557
431,3.741257,0.199873,0.147037,32.000000,0.050358,8.553275,0.342483,1032.688192,126.359594
432,2.468598,0.201898,0.001908,32.000000,0.050358,12.962826,26.398424,1035.156790,126.361502
433,2.367799,0.205108,0.268612,32.000000,0.050358,13.514663,0.187474,1037.524588,126.630114
434,2.419674,0.199265,0.011942,32.000000,0.050358,13.224921,4.216766,1039.944262,126.642056
435,2.370859,0.194628,0.289032,32.000000,0.050358,13.497217,0.174229,1042.315121,126.931088
436,2.369443,0.198097,0.115385,32.000000,0.050358,13.505286,0.436432,1044.684564,127.046474
437,2.091782,0.143071,0.656373,32.000000,0.050358,15.297959,0.076721,1046.776346,127.702847
438,2.221511,0.185457,0.393078,32.000000,0.050358,14.404612,0.128111,1048.997857,128.095925
439,2.840987,0.204565,0.001900,32.000000,0.050358,11.263692,26.503306,1051.838844,128.097825
440,2.492510,0.204829,0.086980,32.000000,0.050358,12.838462,0.578958,1054.331354,128.184805
441,2.578230,0.199349,0.001975,32.000000,0.050358,12.411613,25.500948,1056.909585,128.186780
442,2.305375,0.205879,0.155813,32.000000,0.050358,13.880606,0.323193,1059.214959,128.342593
443,2.825295,0.199785,0.058681,32.000000,0.050358,11.326251,0.858169,1062.040254,128.401274
444,2.454589,0.198865,0.074880,32.000000,0.050358,13.036804,0.672516,1064.494844,128.476154
445,2.428455,0.204738,0.065433,32.000000,0.050358,13.177103,0.769607,1066.923298,128.541587
446,2.001569,0.142905,0.969631,32.000000,0.050358,15.987460,0.051935,1068.924867,129.511218
447,2.475598,0.210259,0.022678,32.000000,0.050358,12.926169,2.220598,1071.400465,129.533896
448,2.354915,0.204172,0.127316,32.000000,0.050358,13.588602,0.395535,1073.755380,129.661212
449,2.436806,0.208190,0.155168,32.000000,0.050358,13.131943,0.324537,1076.192186,129.816380
450,2.546903,0.199102,0.001948,32.000000,0.050358,12.564280,25.847361,1078.739089,129.818328
451,2.302871,0.192392,0.308079,32.000000,0.050358,13.895697,0.163457,1081.041960,130.126407
452,1.859374,0.144109,0.702847,32.000000,0.050358,17.210090,0.071648,1082.901335,130.829254
453,2.502670,0.199458,0.028313,32.000000,0.050358,12.786346,1.778642,1085.404004,130.857567
454,2.114536,0.155052,0.595324,32.000000,0.050358,15.133342,0.084589,1087.518540,131.452891
455,1.992418,0.147204,0.655824,32.000000,0.050358,16.060890,0.076786,1089.510958,132.108715
456,2.485983,0.204617,0.131539,32.000000,0.050358,12.872169,0.382835,1091.996942,132.240254
457,2.251722,0.212694,0.251695,32.000000,0.050358,14.211348,0.200075,1094.248663,132.491949
458,2.417313,0.204032,0.081908,32.000000,0.050358,13.237840,0.614809,1096.665976,132.573857
459,2.109171,0.215641,0.382013,32.000000,0.050358,15.171838,0.131822,1098.775147,132.955870
460,2.510411,0.174360,0.440753,32.000000,0.050358,12.746918,0.114254,1101.285558,133.396623
461,2.372519,0.198053,0.289996,32.000000,0.050358,13.487772,0.173650,1103.658077,133.686619
462,2.263816,0.207935,0.396314,32.000000,0.050358,14.135426,0.127066,1105.921893,134.082933
463,2.272199,0.212568,0.215025,32.000000,0.050358,14.083272,0.234195,1108.194092,134.297958
464,2.350249,0.197649,0.289917,32.000000,0.050358,13.615579,0.173697,1110.544341,134.587875
465,3.207595,0.155388,0.402952,32.000000,0.050358,9.976321,0.124972,1113.751936,134.990827
466,2.219144,0.204508,0.222123,32.000000,0.050358,14.419973,0.226711,1115.971080,135.212951
467,2.259345,0.184280,0.448557,32.000000,0.050358,14.163395,0.112266,1118.230426,135.661508
468,2.571929,0.199624,0.001996,32.000000,0.050358,12.442021,25.224263,1120.802355,135.663505
469,2.574871,0.199019,0.001984,32.000000,0.050358,12.427809,25.386712,1123.377226,135.665488
470,2.537859,0.208084,0.105779,32.000000,0.050358,12.609053,0.476065,1125.915085,135.771267
471,2.919174,0.199618,0.002032,32.000000,0.050358,10.962004,24.776465,1128.834259,135.773300
472,2.234822,0.210427,0.255594,32.000000,0.050358,14.318816,0.197023,1131.069081,136.028894
473,2.509391,0.204448,0.034291,32.000000,0.050358,12.752096,1.468554,1133.578472,136.063184
474,2.421867,0.204692,0.074423,32.000000,0.050358,13.212949,0.676642,1136.000339,136.137607
475,2.342128,0.203098,0.215589,32.000000,0.050358,13.662791,0.233583,1138.342466,136.353196
476,2.461078,0.194435,0.228097,32.000000,0.050358,13.002432,0.220774,1140.803544,136.581293
477,2.355760,0.211603,0.067391,32.000000,0.050358,13.583726,0.747254,1143.159305,136.648684
478,2.242937,0.164979,0.639661,32.000000,0.050358,14.267007,0.078726,1145.402242,137.288345
479,2.437576,0.201320,0.001897,32.000000,0.050358,13.127796,26.552202,1147.839818,137.290241
480,2.435472,0.204531,0.313845,32.000000,0.050358,13.139136,0.160454,1150.275290,137.604087
481,2.316219,0.192838,0.297839,32.000000,0.050358,13.815622,0.169077,1152.591509,137.901926
482,2.342602,0.201076,0.189772,32.000000,0.050358,13.660025,0.265360,1154.934110,138.091697
483,2.288689,0.212760,0.201035,32.000000,0.050358,13.981804,0.250493,1157.222799,138.292732
484,2.375681,0.213292,0.297209,32.000000,0.050358,13.469823,0.169436,1159.598480,138.589942
485,2.363226,0.213781,0.159571,32.000000,0.050358,13.540814,0.315583,1161.961706,138.749512
486,2.747620,0.206658,0.001956,32.000000,0.050358,11.646442,25.740700,1164.709326,138.751469
487,2.475140,0.204401,0.106238,32.000000,0.050358,12.928563,0.474008,1167.184466,138.857707
488,2.760444,0.199222,0.002011,32.000000,0.050358,11.592338,25.041718,1169.944910,138.859718
489,2.509336,0.203831,0.404567,32.000000,0.050358,12.752377,0.124473,1172.454246,139.264285
490,2.958863,0.204907,0.042901,32.000000,0.050358,10.814966,1.173822,1175.413109,139.307186
491,2.448607,0.211460,0.005470,32.000000,0.050358,13.068657,9.205382,1177.861715,139.312656
492,2.567147,0.201103,0.054152,32.000000,0.050358,12.465198,0.929928,1180.428862,139.366809
493,2.673229,0.204196,0.117226,32.000000,0.050358,11.970543,0.429580,1183.102091,139.484034
494,2.538465,0.205791,0.001906,32.000000,0.050358,12.606042,26.418145,1185.640556,139.485940
495,2.161472,0.146963,0.447901,32.000000,0.050358,14.804725,0.112431,1187.802028,139.933841
496,2.570377,0.198711,0.138880,32.000000,0.050358,12.449537,0.362599,1190.372405,140.072721
497,2.571058,0.200159,0.159036,32.000000,0.050358,12.446240,0.316644,1192.943463,140.231757
498,2.418280,0.199958,0.139991,32.000000,0.050358,13.232544,0.359721,1195.361743,140.371748
499,2.549611,0.210682,0.004187,32.000000,0.050358,12.550934,12.027138,1197.911354,140.375935
500,2.498665,0.210668,0.013633,32.000000,0.050358,12.806837,3.693698,1200.410019,140.389569
501,2.273172,0.210449,0.178226,32.000000,0.050358,14.077247,0.282551,1202.683191,140.567794
502,2.387980,0.210721,0.489103,32.000000,0.050358,13.400445,0.102960,1205.071172,141.056898
503,2.459649,0.209319,0.174120,32.000000,0.050358,13.009985,0.289213,1207.530821,141.231018
504,2.182354,0.164579,0.386120,32.000000,0.050358,14.663066,0.130420,1209.713175,141.617138
505,2.290474,0.200416,0.326599,32.000000,0.050358,13.970910,0.154189,1212.003648,141.943736
506,2.394007,0.199943,0.131667,32.000000,0.050358,13.366709,0.382462,1214.397656,142.075404
507,2.331280,0.204475,0.197909,32.000000,0.050358,13.726362,0.254450,1216.728936,142.273312
508,2.153458,0.196184,0.320469,32.000000,0.050358,14.859819,0.157138,1218.882394,142.593781
509,2.288376,0.211869,0.364258,32.000000,0.050358,13.983714,0.138248,1221.170771,142.958039
510,2.458929,0.204165,0.188259,32.000000,0.050358,13.013794,0.267492,1223.629700,143.146298
511,2.379271,0.209403,0.175028,32.000000,0.050358,13.449498,0.287713,1226.008971,143.321326
512,2.408376,0.204542,0.127069,32.000000,0.050358,13.286962,0.396302,1228.417347,143.448395
513,2.357632,0.215489,0.371820,32.000000,0.050358,13.572942,0.135436,1230.774979,143.820215
514,2.483205,0.205145,0.001856,32.000000,0.050358,12.886572,27.136378,1233.258184,143.822071
515,2.385785,0.187422,0.237898,32.000000,0.050358,13.412777,0.211678,1235.643969,144.059969
516,2.735574,0.210617,0.088317,32.000000,0.050358,11.697729,0.570196,1238.379542,144.148286
517,2.473100,0.210479,0.112348,32.000000,0.050358,12.939226,0.448229,1240.852643,144.260634
518,2.514944,0.204720,0.038073,32.000000,0.050358,12.723941,1.322652,1243.367587,144.298707
519,2.562253,0.204618,0.001898,32.000000,0.050358,12.489009,26.535665,1245.929840,144.300605
520,2.366000,0.205150,0.129523,32.000000,0.050358,13.524935,0.388796,1248.295840,144.430128
521,2.390143,0.209684,0.071290,32.000000,0.050358,13.388318,0.706384,1250.685983,144.501417
522,2.420656,0.209423,0.281489,32.000000,0.050358,13.219555,0.178898,1253.106640,144.782906
523,2.483789,0.211935,0.097108,32.000000,0.050358,12.883542,0.518577,1255.590429,144.880014
524,2.314750,0.215851,0.190473,32.000000,0.050358,13.824387,0.264383,1257.905179,145.070486
525,2.421872,0.216223,0.019779,32.000000,0.050358,13.212921,2.545972,1260.327051,145.090266
526,2.284648,0.205288,0.316966,32.000000,0.050358,14.006531,0.158875,1262.611699,145.407232
527,2.731704,0.205418,0.001847,32.000000,0.050358,11.714300,27.267519,1265.343403,145.409078
528,2.448666,0.210771,0.348095,32.000000,0.050358,13.068340,0.144667,1267.792069,145.757174
529,2.395834,0.204829,0.036867,32.000000,0.050358,13.356521,1.365926,1270.187902,145.794041
530,2.548263,0.200532,0.001968,32.000000,0.050358,12.557575,25.593186,1272.736165,145.796009
531,2.466675,0.200670,0.173399,32.000000,0.050358,12.972931,0.290416,1275.202840,145.969408
532,2.384898,0.210634,0.076158,32.000000,0.050358,13.417765,0.661230,1277.587738,146.045565
533,2.369581,0.207948,0.097356,32.000000,0.050358,13.504497,0.517253,1279.957319,146.142922
534,2.494026,0.202231,0.161359,32.000000,0.050358,12.830662,0.312086,1282.451345,146.304281
535,2.469572,0.210965,0.106848,32.000000,0.050358,12.957709,0.471301,1284.920917,146.411129
536,2.161310,0.192859,0.501192,32.000000,0.050358,14.805832,0.100476,1287.082227,146.912321
537,2.341272,0.204237,0.111678,32.000000,0.050358,13.667785,0.450920,1289.423499,147.023999
538,2.162913,0.203213,0.301412,32.000000,0.050358,14.794865,0.167073,1291.586412,147.325410
539,2.249118,0.197062,0.263612,32.000000,0.050358,14.227800,0.191030,1293.835530,147.589022
540,2.549693,0.212248,0.047040,32.000000,0.050358,12.550531,1.070521,1296.385223,147.636062
541,2.700637,0.200472,0.084359,32.000000,0.050358,11.849055,0.596948,1299.085860,147.720421
542,2.458506,0.199778,0.122612,32.000000,0.050358,13.016035,0.410709,1301.544366,147.843033
543,2.425793,0.193098,0.387270,32.000000,0.050358,13.191562,0.130033,1303.970159,148.230303
544,2.518278,0.150827,0.570639,32.000000,0.050358,12.707097,0.088248,1306.488437,148.800942
545,2.496850,0.190704,0.407202,32.000000,0.050358,12.816151,0.123668,1308.985286,149.208145
546,1.952104,0.150051,0.743079,32.000000,0.050358,16.392567,0.067769,1310.937391,149.951224
547,2.101075,0.149221,0.632777,32.000000,0.050358,15.230296,0.079582,1313.038466,150.584001
548,2.336271,0.204994,0.205986,32.000000,0.050358,13.697038,0.244472,1315.374737,150.789987
549,2.242051,0.144932,0.568049,32.000000,0.050358,14.272645,0.088650,1317.616789,151.358037
550,2.315630,0.205569,0.223624,32.000000,0.050358,13.819134,0.225190,1319.932419,151.581660
551,2.480613,0.204415,0.001909,32.000000,0.050358,12.900038,26.385671,1322.413031,151.583569
552,2.406326,0.209706,0.130293,32.000000,0.050358,13.298279,0.386497,1324.819358,151.713862
553,2.691916,0.204830,0.040761,32.000000,0.050358,11.887445,1.235437,1327.511274,151.754623
554,2.417747,0.209066,0.008978,32.000000,0.050358,13.235460,5.608733,1329.929021,151.763601
555,2.069392,0.172671,0.594043,32.000000,0.050358,15.463481,0.084771,1331.998413,152.357645
556,2.315962,0.204794,0.157769,32.000000,0.050358,13.817152,0.319187,1334.314375,152.515414
557,2.474075,0.205396,0.003531,32.000000,0.050358,12.934128,14.263255,1336.788450,152.518944
558,2.220962,0.191987,0.351289,32.000000,0.050358,14.408174,0.143352,1339.009411,152.870233
559,2.188213,0.220500,0.335882,32.000000,0.050358,14.623805,0.149927,1341.197624,153.206115
560,2.437832,0.203490,0.097020,32.000000,0.050358,13.126415,0.519048,1343.635457,153.303135
561,2.443670,0.207197,0.034032,32.000000,0.050358,13.095055,1.479718,1346.079127,153.337167
562,2.273186,0.198228,0.239368,32.000000,0.050358,14.077159,0.210378,1348.352313,153.576535
563,2.449268,0.217329,0.196317,32.000000,0.050358,13.065129,0.256513,1350.801581,153.772852
564,2.639766,0.187775,0.230187,32.000000,0.050358,12.122286,0.218769,1353.441347,154.003039
565,2.651876,0.205471,0.090866,32.000000,0.050358,12.066929,0.554199,1356.093223,154.093905
566,2.133466,0.158688,0.449930,32.000000,0.050358,14.999066,0.111924,1358.226689,154.543836
567,2.491402,0.204349,0.001866,32.000000,0.050358,12.844172,26.981864,1360.718091,154.545702
568,2.300818,0.211497,0.092335,32.000000,0.050358,13.908096,0.545379,1363.018910,154.638037
569,2.522459,0.200024,0.002053,32.000000,0.050358,12.686033,24.532180,1365.541369,154.640090
570,2.532574,0.204884,0.002095,32.000000,0.050358,12.635365,24.036101,1368.073943,154.642185
571,2.679348,0.209432,0.189936,32.000000,0.050358,11.943206,0.265131,1370.753291,154.832121
572,2.375073,0.200147,0.117788,32.000000,0.050358,13.473271,0.427529,1373.128363,154.949909
573,3.089778,0.205789,0.001864,32.000000,0.050358,10.356731,27.014388,1376.218141,154.951773
574,2.489478,0.205550,0.069967,32.000000,0.050358,12.854102,0.719732,1378.707619,155.021741
575,2.180270,0.154435,0.470202,32.000000,0.050358,14.677083,0.107098,1380.887889,155.491942
576,2.375958,0.204674,0.073894,32.000000,0.050358,13.468251,0.681489,1383.263847,155.565836
577,2.209512,0.201077,0.334029,32.000000,0.050358,14.482838,0.150759,1385.473359,155.899865
578,1.930621,0.151604,0.605293,32.000000,0.050358,16.574974,0.083196,1387.403980,156.505158
579,2.415169,0.150796,0.446350,32.000000,0.050358,13.249593,0.112821,1389.819149,156.951509
580,2.273897,0.212043,0.298734,32.000000,0.050358,14.072759,0.168571,1392.093045,157.250242
581,2.073263,0.172484,0.529443,32.000000,0.050358,15.434607,0.095115,1394.166308,157.779685
582,2.135439,0.169114,0.463215,32.000000,0.050358,14.985208,0.108714,1396.301747,158.242900
583,2.506085,0.211115,0.035250,32.000000,0.050358,12.768919,1.428603,1398.807833,158.278150
584,2.292471,0.198735,0.165695,32.000000,0.050358,13.958737,0.303918,1401.100304,158.443845
585,2.494143,0.203125,0.075733,32.000000,0.050358,12.830059,0.664943,1403.594447,158.519578
586,2.190547,0.185967,0.302030,32.000000,0.050358,14.608225,0.166731,1405.784993,158.821608
587,2.300403,0.205387,0.216438,32.000000,0.050358,13.910604,0.232666,1408.085397,159.038046
588,2.271351,0.192312,0.351190,32.000000,0.050358,14.088530,0.143392,1410.356748,159.389236
589,2.401430,0.204902,0.126495,32.000000,0.050358,13.325392,0.398101,1412.758178,159.515732
590,2.416995,0.202576,0.002397,32.000000,0.050358,13.239580,21.005075,1415.175173,159.518129
591,2.434118,0.211193,0.034402,32.000000,0.050358,13.146444,1.463817,1417.609292,159.552531
592,2.273327,0.210987,0.112443,32.000000,0.050358,14.076283,0.447852,1419.882619,159.664974
593,2.361130,0.199822,0.018942,32.000000,0.050358,13.552830,2.658484,1422.243750,159.683916
594,2.737967,0.205404,0.240462,32.000000,0.050358,11.687503,0.209421,1424.981717,159.924378
595,3.351744,0.204947,0.001875,32.000000,0.050358,9.547269,26.850787,1428.333460,159.926254
596,3.052634,0.160368,0.719038,32.000000,0.050358,10.482749,0.070035,1431.386095,160.645291
597,1.897728,0.146104,0.792094,32.000000,0.050358,16.862270,0.063576,1433.283823,161.437385
598,2.477775,0.204862,0.087342,32.000000,0.050358,12.914814,0.576562,1435.761597,161.524727
599,2.150955,0.172312,0.441202,32.000000,0.050358,14.877114,0.114138,1437.912552,161.965929
600,2.239868,0.197018,2.408743,32.000000,0.050358,14.286559,0.020906,1440.152420,164.374672
601,0.947848,0.199755,0.002063,32.000000,0.050358,33.760688,24.404742,1441.100268,164.376735
602,2.544460,0.209473,0.001897,32.000000,0.050358,12.576344,26.542742,1443.644727,164.378633
603,2.011927,0.152628,0.553632,32.000000,0.050358,15.905151,0.090959,1445.656654,164.932265
604,2.351551,0.205628,0.143384,32.000000,0.050358,13.608039,0.351210,1448.008205,165.075649
605,2.156866,0.166060,0.460791,32.000000,0.050358,14.836342,0.109286,1450.165071,165.536440
606,2.571827,0.200153,0.001993,32.000000,0.050358,12.442517,25.265798,1452.736898,165.538433
607,2.317348,0.200880,0.164764,32.000000,0.050358,13.808889,0.305635,1455.054246,165.703197
608,2.376516,0.200093,0.064917,32.000000,0.050358,13.465089,0.775728,1457.430762,165.768114
609,2.522145,0.199929,0.068017,32.000000,0.050358,12.687615,0.740370,1459.952907,165.836131
610,2.435828,0.208146,0.160298,32.000000,0.050358,13.137218,0.314151,1462.388734,165.996430
611,2.170164,0.165113,0.427769,32.000000,0.050358,14.745428,0.117722,1464.558899,166.424198
612,2.227900,0.203075,0.461242,32.000000,0.050358,14.363299,0.109179,1466.786799,166.885440
613,2.400214,0.200080,0.099153,32.000000,0.050358,13.332143,0.507880,1469.187013,166.984593
614,2.116976,0.206859,0.399814,32.000000,0.050358,15.115901,0.125953,1471.303989,167.384407
615,2.649245,0.193245,0.413122,32.000000,0.050358,12.078914,0.121896,1473.953234,167.797529
616,3.501261,0.204763,0.002010,32.000000,0.050358,9.139564,25.059775,1477.454495,167.799538
617,3.051071,0.204713,0.099873,32.000000,0.050358,10.488120,0.504217,1480.505566,167.899412
618,2.756232,0.211903,0.151279,32.000000,0.050358,11.610052,0.332881,1483.261799,168.050690
619,2.629634,0.204127,0.357010,32.000000,0.050358,12.168995,0.141054,1485.891433,168.407701
620,2.564057,0.211080,0.113307,32.000000,0.050358,12.480221,0.444438,1488.455490,168.521007
621,2.184123,0.168118,0.424617,32.000000,0.050358,14.651192,0.118596,1490.639612,168.945624
622,2.283697,0.214403,0.148151,32.000000,0.050358,14.012369,0.339908,1492.923309,169.093776
623,2.512055,0.205327,0.033153,32.000000,0.050358,12.738572,1.518969,1495.435364,169.126928
624,2.394493,0.204625,0.160055,32.000000,0.050358,13.363996,0.314628,1497.829858,169.286984
625,2.447238,0.210932,0.001877,32.000000,0.050358,13.075967,26.832131,1500.277096,169.288860
626,2.283688,0.210882,0.360714,32.000000,0.050358,14.012422,0.139606,1502.560784,169.649574
627,2.510109,0.203286,0.001883,32.000000,0.050358,12.748450,26.739181,1505.070893,169.651458
628,2.131102,0.199180,0.475588,32.000000,0.050358,15.015704,0.105885,1507.201995,170.127046
629,2.279229,0.179018,0.312498,32.000000,0.050358,14.039838,0.161146,1509.481224,170.439544
630,2.444402,0.210472,0.185505,32.000000,0.050358,13.091135,0.271463,1511.925626,170.625049
631,2.430540,0.211564,0.001945,32.000000,0.050358,13.165796,25.886650,1514.356166,170.626994
632,2.266732,0.204757,0.243718,32.000000,0.050358,14.117242,0.206623,1516.622898,170.870712
633,2.605665,0.200268,0.001966,32.000000,0.050358,12.280933,25.617011,1519.228563,170.872678
634,2.479014,0.205117,0.078236,32.000000,0.050358,12.908359,0.643663,1521.707577,170.950914
635,2.456401,0.200570,0.042880,32.000000,0.050358,13.027191,1.174396,1524.163978,170.993794
636,2.371648,0.175482,0.306415,32.000000,0.050358,13.492725,0.164345,1526.535626,171.300209
637,2.520723,0.198674,0.111112,32.000000,0.050358,12.694771,0.453217,1529.056349,171.411321
638,2.074578,0.152150,0.492710,32.000000,0.050358,15.424821,0.102206,1531.130927,171.904031
639,2.208530,0.199701,0.330995,32.000000,0.050358,14.489276,0.152141,1533.339457,172.235025
640,2.475734,0.200071,0.001948,32.000000,0.050358,12.925458,25.848011,1535.815192,172.236973
641,2.433075,0.198484,0.136418,32.000000,0.050358,13.152082,0.369144,1538.248266,172.373391
642,2.504079,0.203480,0.023459,32.000000,0.050358,12.779149,2.146591,1540.752345,172.396850
643,1.981368,0.155029,0.555542,32.000000,0.050358,16.150462,0.090646,1542.733713,172.952392
644,2.307868,0.199758,0.081080,32.000000,0.050358,13.865612,0.621085,1545.041581,173.033472
645,1.970724,0.154708,0.544750,32.000000,0.050358,16.237687,0.092442,1547.012305,173.578222
646,2.040720,0.151394,0.506196,32.000000,0.050358,15.680739,0.099483,1549.053025,174.084418
647,1.916388,0.157255,0.674583,32.000000,0.050358,16.698084,0.074650,1550.969413,174.759001
648,2.459911,0.200293,0.039223,32.000000,0.050358,13.008602,1.283869,1553.429323,174.798224
649,2.467045,0.200494,0.073165,32.000000,0.050358,12.970982,0.688280,1555.896368,174.871389
650,2.206624,0.160761,0.499696,32.000000,0.050358,14.501793,0.100777,1558.102992,175.371085
651,2.419643,0.210936,0.057794,32.000000,0.050358,13.225091,0.871331,1560.522635,175.428879
652,2.127828,0.160490,0.399164,32.000000,0.050358,15.038813,0.126158,1562.650463,175.828043
653,2.211863,0.206903,0.279976,32.000000,0.050358,14.467441,0.179864,1564.862326,176.108020
654,2.379290,0.202488,0.191293,32.000000,0.050358,13.449389,0.263250,1567.241616,176.299313
655,2.325459,0.209530,0.017662,32.000000,0.050358,13.760723,2.851162,1569.567076,176.316975
656,2.393376,0.205119,0.049976,32.000000,0.050358,13.370235,1.007642,1571.960452,176.366951
657,2.305216,0.213412,0.349937,32.000000,0.050358,13.881565,0.143906,1574.265667,176.716888
658,2.289979,0.209709,0.125915,32.000000,0.050358,13.973926,0.399934,1576.555646,176.842803
659,2.330566,0.209606,0.168071,32.000000,0.050358,13.730572,0.299622,1578.886212,177.010874
660,2.444585,0.210549,0.001910,32.000000,0.050358,13.090155,26.358602,1581.330797,177.012784
661,2.416313,0.199270,0.070136,32.000000,0.050358,13.243317,0.717999,1583.747110,177.082921
662,2.091473,0.197437,0.351197,32.000000,0.050358,15.300221,0.143389,1585.838583,177.434118
663,2.517598,0.205501,0.029855,32.000000,0.050358,12.710526,1.686730,1588.356182,177.463973
664,2.036216,0.152602,0.507165,32.000000,0.050358,15.715429,0.099293,1590.392397,177.971137
665,2.359540,0.214090,0.189607,32.000000,0.050358,13.561966,0.265590,1592.751937,178.160745
666,2.254271,0.209776,0.239738,32.000000,0.050358,14.195275,0.210054,1595.006208,178.400482
667,2.032846,0.157415,0.583164,32.000000,0.050358,15.741474,0.086353,1597.039055,178.983646
668,2.054404,0.148666,0.524636,32.000000,0.050358,15.576292,0.095986,1599.093459,179.508282
669,2.369301,0.206733,0.054270,32.000000,0.050358,13.506090,0.927919,1601.462761,179.562551
670,2.462367,0.200861,0.001966,32.000000,0.050358,12.995625,25.613650,1603.925128,179.564517
671,2.542973,0.204823,1.258793,32.000000,0.050358,12.583698,0.040005,1606.468101,180.823310
672,1.623486,0.200002,0.001975,32.000000,0.050358,19.710669,25.495642,1608.091587,180.825285
673,2.087034,0.180424,0.485705,32.000000,0.050358,15.332765,0.103680,1610.178621,181.310990
674,2.147254,0.211692,0.361736,32.000000,0.050358,14.902758,0.139212,1612.325874,181.672725
675,2.187584,0.206143,0.286894,32.000000,0.050358,14.628011,0.175527,1614.513458,181.959619
676,2.398852,0.198297,0.072904,32.000000,0.050358,13.339716,0.690740,1616.912310,182.032524
677,2.161586,0.207185,0.328374,32.000000,0.050358,14.803946,0.153355,1619.073896,182.360897
678,2.488042,0.199498,0.054564,32.000000,0.050358,12.861518,0.922916,1621.561938,182.415461
679,2.328854,0.201096,0.054552,32.000000,0.050358,13.740662,0.923115,1623.890792,182.470013
680,2.186574,0.245865,0.221222,32.000000,0.050358,14.634767,0.227634,1626.077366,182.691236
681,2.446916,0.209352,0.002016,32.000000,0.050358,13.077684,24.979275,1628.524283,182.693252
682,2.393033,0.210545,0.001855,32.000000,0.050358,13.372152,27.150643,1630.917316,182.695107
683,2.467455,0.200129,0.062929,32.000000,0.050358,12.968828,0.800230,1633.384771,182.758036
684,2.264833,0.189599,0.241471,32.000000,0.050358,14.129075,0.208546,1635.649604,182.999507
685,2.430511,0.200340,0.001857,32.000000,0.050358,13.165958,27.118214,1638.080114,183.001364
686,2.353558,0.199854,0.100903,32.000000,0.050358,13.596437,0.499073,1640.433672,183.102267
687,2.271563,0.208506,0.221395,32.000000,0.050358,14.087217,0.227456,1642.705235,183.323662
688,2.313076,0.199955,0.172738,32.000000,0.050358,13.834393,0.291528,1645.018311,183.496400
689,2.284962,0.216227,0.163341,32.000000,0.050358,14.004609,0.308300,1647.303273,183.659740
690,2.143374,0.184290,0.415731,32.000000,0.050358,14.929732,0.121131,1649.446647,184.075472
691,2.304949,0.204701,0.477063,32.000000,0.050358,13.883168,0.105558,1651.751596,184.552535
692,2.309051,0.210592,0.071788,32.000000,0.050358,13.858509,0.701479,1654.060647,184.624323
693,2.444465,0.204576,0.001928,32.000000,0.050358,13.090800,26.114419,1656.505112,184.626251
694,2.295404,0.209928,0.161911,32.000000,0.050358,13.940899,0.311022,1658.800516,184.788162
695,2.283163,0.211822,0.144092,32.000000,0.050358,14.015646,0.349485,1661.083679,184.932254
696,2.381029,0.210115,0.058413,32.000000,0.050358,13.439569,0.862097,1663.464708,184.990667
697,2.178433,0.211177,0.325240,32.000000,0.050358,14.689457,0.154833,1665.643141,185.315907
698,2.453213,0.204032,0.016998,32.000000,0.050358,13.044116,2.962592,1668.096354,185.332905
699,2.323626,0.206601,0.164939,32.000000,0.050358,13.771582,0.305311,1670.419980,185.497844
700,2.471083,0.204891,0.008282,32.000000,0.050358,12.949786,6.080407,1672.891063,185.506126
701,2.025315,0.151682,0.540803,32.000000,0.050358,15.800009,0.093117,1674.916378,186.046929
702,2.371314,0.207210,0.180585,32.000000,0.050358,13.494626,0.278860,1677.287693,186.227514
703,2.331364,0.199652,0.130387,32.000000,0.050358,13.725870,0.386219,1679.619057,186.357900
704,2.141123,0.174749,0.545059,32.000000,0.050358,14.945430,0.092390,1681.760180,186.902959
705,2.465371,0.209962,0.052364,32.000000,0.050358,12.979791,0.961685,1684.225551,186.955323
706,2.267405,0.210064,0.138693,32.000000,0.050358,14.113049,0.363087,1686.492956,187.094017
707,2.019970,0.154580,0.653678,32.000000,0.050358,15.841818,0.077038,1688.512926,187.747694
708,2.338411,0.211035,0.089272,32.000000,0.050358,13.684507,0.564091,1690.851337,187.836967
709,2.183018,0.201032,0.307304,32.000000,0.050358,14.658608,0.163870,1693.034354,188.144271
710,2.260874,0.209656,0.211855,32.000000,0.050358,14.153821,0.237700,1695.295228,188.356126
711,2.166767,0.193140,0.364668,32.000000,0.050358,14.768545,0.138092,1697.461995,188.720793
712,2.239147,0.204984,0.246818,32.000000,0.050358,14.291154,0.204029,1699.701143,188.967611
713,2.159426,0.199818,0.324954,32.000000,0.050358,14.818755,0.154969,1701.860568,189.292565
714,2.369679,0.199841,0.001955,32.000000,0.050358,13.503936,25.756222,1704.230248,189.294520
715,2.453726,0.202908,0.001894,32.000000,0.050358,13.041391,26.585158,1706.683974,189.296414
716,2.441562,0.215955,0.077628,32.000000,0.050358,13.106363,0.648708,1709.125536,189.374042
717,2.356532,0.209697,0.073239,32.000000,0.050358,13.579277,0.687579,1711.482068,189.447281
718,2.240623,0.194108,0.308579,32.000000,0.050358,14.281743,0.163193,1713.722691,189.755860
719,2.414157,0.200874,0.001950,32.000000,0.050358,13.255143,25.825939,1716.136848,189.757810
720,2.293214,0.205295,0.151691,32.000000,0.050358,13.954216,0.331976,1718.430062,189.909502
721,2.181012,0.206696,0.322135,32.000000,0.050358,14.672091,0.156325,1720.611073,190.231636
722,1.759339,0.145212,0.765811,32.000000,0.050358,18.188647,0.065758,1722.370413,190.997447
723,2.217158,0.204794,0.231318,32.000000,0.050358,14.432892,0.217699,1724.587570,191.228766
724,2.176539,0.207870,0.264042,32.000000,0.050358,14.702241,0.190719,1726.764109,191.492808
725,2.389943,0.211222,0.009526,32.000000,0.050358,13.389438,5.286294,1729.154053,191.502334
726,2.470849,0.204751,0.002086,32.000000,0.050358,12.951012,24.137266,1731.624902,191.504420
727,2.366141,0.210159,0.064541,32.000000,0.050358,13.524130,0.780248,1733.991043,191.568961
728,2.277471,0.200479,0.307349,32.000000,0.050358,14.050673,0.163845,1736.268514,191.876311
729,2.473554,0.210851,0.008798,32.000000,0.050358,12.936854,5.723779,1738.742068,191.885109
730,2.328080,0.211976,0.081546,32.000000,0.050358,13.745233,0.617539,1741.070147,191.966655
731,2.503174,0.206168,0.002060,32.000000,0.050358,12.783770,24.444855,1743.573321,191.968715
732,2.384362,0.216970,0.069454,32.000000,0.050358,13.420782,0.725053,1745.957683,192.038169
733,2.247902,0.168963,0.364565,32.000000,0.050358,14.235497,0.138131,1748.205585,192.402734
734,2.408458,0.208475,0.066628,32.000000,0.050358,13.286510,0.755803,1750.614043,192.469362
735,1.932987,0.159765,0.574879,32.000000,0.050358,16.554687,0.087597,1752.547030,193.044240
736,2.336596,0.209679,0.052777,32.000000,0.050358,13.695134,0.954163,1754.883627,193.097017
737,2.196488,0.179013,0.382962,32.000000,0.050358,14.568714,0.131496,1757.080114,193.479979
738,2.339799,0.208535,0.118932,32.000000,0.050358,13.676389,0.423418,1759.419913,193.598911
739,2.369644,0.199999,0.040200,32.000000,0.050358,13.504138,1.252668,1761.789557,193.639111
740,2.344793,0.214891,0.088175,32.000000,0.050358,13.647262,0.571110,1764.134350,193.727287
741,2.233531,0.222122,0.376663,32.000000,0.050358,14.327088,0.133695,1766.367881,194.103950
742,2.286565,0.201111,0.198568,32.000000,0.050358,13.994792,0.253605,1768.654446,194.302518
743,2.376902,0.199584,0.068449,32.000000,0.050358,13.462901,0.735704,1771.031348,194.370966
744,2.272895,0.210354,0.202603,32.000000,0.050358,14.078962,0.248554,1773.304243,194.573569
745,2.371274,0.203726,0.030650,32.000000,0.050358,13.494855,1.642982,1775.675517,194.604219
746,2.367937,0.204273,0.135349,32.000000,0.050358,13.513874,0.372059,1778.043454,194.739569
747,2.362897,0.202906,0.169575,32.000000,0.050358,13.542699,0.296966,1780.406351,194.909143
748,1.943293,0.145335,0.588720,32.000000,0.050358,16.466890,0.085538,1782.349644,195.497863
749,2.403619,0.205232,0.014758,32.000000,0.050358,13.313258,3.412196,1784.753263,195.512621
750,1.767372,0.146488,0.796003,32.000000,0.050358,18.105978,0.063263,1786.520635,196.308625
751,2.285960,0.200786,0.176874,32.000000,0.050358,13.998494,0.284710,1788.806595,196.485499
752,2.236877,0.200221,0.372651,32.000000,0.050358,14.305657,0.135134,1791.043473,196.858150
753,2.345427,0.210501,0.001914,32.000000,0.050358,13.643571,26.315310,1793.388900,196.860064
754,2.103320,0.193143,0.389736,32.000000,0.050358,15.214043,0.129210,1795.492220,197.249799
755,2.402501,0.198546,0.062891,32.000000,0.050358,13.319452,0.800710,1797.894721,197.312691
756,2.293337,0.207729,0.125952,32.000000,0.050358,13.953465,0.399816,1800.188058,197.438643
757,2.353152,0.200129,0.074023,32.000000,0.050358,13.598780,0.680300,1802.541210,197.512666
758,2.228305,0.209709,0.223055,32.000000,0.050358,14.360692,0.225765,1804.769515,197.735721
759,2.270025,0.215881,0.186908,32.000000,0.050358,14.096760,0.269426,1807.039541,197.922629
760,2.259875,0.207785,0.197718,32.000000,0.050358,14.160076,0.254695,1809.299415,198.120347
761,2.166163,0.209502,0.378440,32.000000,0.050358,14.772667,0.133067,1811.465578,198.498787
762,2.229790,0.188088,0.294269,32.000000,0.050358,14.351125,0.171128,1813.695368,198.793057
763,2.390976,0.201346,0.063795,32.000000,0.050358,13.383655,0.789372,1816.086345,198.856851
764,2.292166,0.212188,0.193578,32.000000,0.050358,13.960592,0.260142,1818.378511,199.050430
765,2.493944,0.200104,0.074944,32.000000,0.050358,12.831081,0.671935,1820.872455,199.125374
766,2.128327,0.205618,0.316461,32.000000,0.050358,15.035285,0.159128,1823.000782,199.441836
767,2.043002,0.169334,0.529044,32.000000,0.050358,15.663225,0.095186,1825.043784,199.970880
768,2.210878,0.207250,0.301721,32.000000,0.050358,14.473886,0.166902,1827.254662,200.272601
769,2.471570,0.203717,0.066733,32.000000,0.050358,12.947235,0.754615,1829.726232,200.339334
770,2.404156,0.205203,0.126256,32.000000,0.050358,13.310287,0.398855,1832.130388,200.465590
771,2.387666,0.207765,0.096517,32.000000,0.050358,13.402210,0.521753,1834.518054,200.562107
772,2.188067,0.182594,0.389967,32.000000,0.050358,14.624781,0.129133,1836.706121,200.952074
773,2.249125,0.200725,0.206551,32.000000,0.050358,14.227755,0.243804,1838.955246,201.158625
774,2.392225,0.208542,0.179340,32.000000,0.050358,13.376670,0.280796,1841.347470,201.337964
775,2.341765,0.211057,0.089411,32.000000,0.050358,13.664906,0.563218,1843.689236,201.427375
776,2.507044,0.213508,0.001891,32.000000,0.050358,12.764036,26.630498,1846.196279,201.429266
777,2.415519,0.204591,0.122068,32.000000,0.050358,13.247671,0.412541,1848.611798,201.551334
778,2.062293,0.175641,0.472554,32.000000,0.050358,15.516708,0.106565,1850.674092,202.023888
779,1.999282,0.151188,0.574608,32.000000,0.050358,16.005749,0.087639,1852.673373,202.598496
780,2.107912,0.195512,0.467753,32.000000,0.050358,15.180902,0.107659,1854.781285,203.066249
781,2.077352,0.193221,0.489150,32.000000,0.050358,15.404226,0.102950,1856.858637,203.555399
782,2.325749,0.204732,0.206743,32.000000,0.050358,13.759008,0.243577,1859.184386,203.762141
783,2.338306,0.204472,0.066015,32.000000,0.050358,13.685123,0.762828,1861.522692,203.828156
784,2.278912,0.205153,0.160662,32.000000,0.050358,14.041790,0.313439,1863.801603,203.988818
785,2.200999,0.164628,0.341437,32.000000,0.050358,14.538851,0.147488,1866.002603,204.330256
786,2.141781,0.155791,0.565663,32.000000,0.050358,14.940838,0.089024,1868.144383,204.895919
787,1.759890,0.146628,0.900913,32.000000,0.050358,18.182953,0.055896,1869.904273,205.796831
788,2.226544,0.177844,0.339160,32.000000,0.050358,14.372050,0.148478,1872.130817,206.135991
789,2.487179,0.209461,0.001889,32.000000,0.050358,12.865982,26.653430,1874.617996,206.137880
790,2.432864,0.205587,0.011014,32.000000,0.050358,13.153220,4.572017,1877.050861,206.148895
791,2.366849,0.204422,0.094150,32.000000,0.050358,13.520087,0.534868,1879.417709,206.243045
792,2.382755,0.200295,0.150290,32.000000,0.050358,13.429830,0.335072,1881.800465,206.393334
793,2.422080,0.207559,0.235407,32.000000,0.050358,13.211785,0.213918,1884.222545,206.628742
794,2.389564,0.210455,0.001961,32.000000,0.050358,13.391564,25.682361,1886.612109,206.630703
795,2.452353,0.205197,0.001862,32.000000,0.050358,13.048692,27.045960,1889.064462,206.632565
796,2.072662,0.167530,0.411815,32.000000,0.050358,15.439084,0.122283,1891.137124,207.044379
797,2.380673,0.199990,0.076654,32.000000,0.050358,13.441577,0.656953,1893.517797,207.121033
798,2.279747,0.204327,0.403675,32.000000,0.050358,14.036647,0.124748,1895.797543,207.524709
799,2.344849,0.205172,0.074435,32.000000,0.050358,13.646935,0.676535,1898.142392,207.599143
800,2.230617,0.209620,0.208870,32.000000,0.050358,14.345806,0.241097,1900.373009,207.808013
801,2.399405,0.211248,0.076183,32.000000,0.050358,13.336640,0.661009,1902.772414,207.884196
802,2.051366,0.150714,0.508707,32.000000,0.050358,15.599359,0.098992,1904.823781,208.392903
803,2.374942,0.204374,0.051016,32.000000,0.050358,13.474015,0.987089,1907.198722,208.443920
804,2.280467,0.212566,0.220401,32.000000,0.050358,14.032217,0.228483,1909.479189,208.664320
805,2.061666,0.152375,0.509866,32.000000,0.050358,15.521429,0.098767,1911.540855,209.174186
806,1.935148,0.152324,0.680628,32.000000,0.050358,16.536205,0.073987,1913.476003,209.854815
807,2.154068,0.148228,0.516811,32.000000,0.050358,14.855612,0.097440,1915.630071,210.371626
808,2.055891,0.157366,0.482783,32.000000,0.050358,15.565026,0.104307,1917.685962,210.854409
809,2.623846,0.205093,0.001870,32.000000,0.050358,12.195840,26.928163,1920.309807,210.856279
810,2.241074,0.163714,0.398730,32.000000,0.050358,14.278870,0.126296,1922.550881,211.255009
811,2.064043,0.151515,0.470217,32.000000,0.050358,15.503554,0.107095,1924.614924,211.725225
812,2.266407,0.208741,0.216826,32.000000,0.050358,14.119263,0.232250,1926.881331,211.942051
813,2.121253,0.178883,0.427797,32.000000,0.050358,15.085425,0.117714,1929.002584,212.369848
814,2.271828,0.199523,0.192219,32.000000,0.050358,14.085576,0.261982,1931.274412,212.562067
815,2.396603,0.205595,0.001844,32.000000,0.050358,13.352235,27.306214,1933.671014,212.563911
816,2.360376,0.201349,0.143079,32.000000,0.050358,13.557164,0.351958,1936.031390,212.706990
817,2.078744,0.150369,0.490502,32.000000,0.050358,15.393912,0.102666,1938.110134,213.197492
818,2.120573,0.166413,0.410138,32.000000,0.050358,15.090258,0.122783,1940.230707,213.607630
819,2.025800,0.152561,0.609892,32.000000,0.050358,15.796225,0.082568,1942.256508,214.217521
820,2.670676,0.200200,0.001963,32.000000,0.050358,11.981984,25.652793,1944.927184,214.219484
821,2.283469,0.212512,0.120160,32.000000,0.050358,14.013767,0.419091,1947.210653,214.339644
822,2.352159,0.204999,0.067864,32.000000,0.050358,13.604524,0.742040,1949.562811,214.407508
823,2.337988,0.210246,0.115269,32.000000,0.050358,13.686981,0.436873,1951.900800,214.522777
824,2.485604,0.201083,0.011569,32.000000,0.050358,12.874134,4.352739,1954.386404,214.534346
825,2.284638,0.174125,0.463080,32.000000,0.050358,14.006595,0.108745,1956.671042,214.997426
826,2.090841,0.164008,0.450200,32.000000,0.050358,15.304845,0.111856,1958.761883,215.447626
827,2.191146,0.198466,0.317949,32.000000,0.050358,14.604233,0.158383,1960.953029,215.765576
828,2.323588,0.198758,0.146013,32.000000,0.050358,13.771805,0.344885,1963.276617,215.911589
829,2.290226,0.215566,0.191489,32.000000,0.050358,13.972420,0.262981,1965.566843,216.103077
830,2.437921,0.199964,0.054261,32.000000,0.050358,13.125937,0.928070,1968.004764,216.157338
831,2.419869,0.204467,0.031485,32.000000,0.050358,13.223854,1.599422,1970.424633,216.188823
832,2.561756,0.202371,0.002075,32.000000,0.050358,12.491432,24.264022,1972.986389,216.190899
833,2.440462,0.199556,0.065020,32.000000,0.050358,13.112269,0.774502,1975.426852,216.255918
834,2.358505,0.200272,0.129239,32.000000,0.050358,13.567915,0.389650,1977.785357,216.385157
835,2.456557,0.211613,0.001945,32.000000,0.050358,13.026361,25.893931,1980.241914,216.387102
836,2.160135,0.166772,0.428098,32.000000,0.050358,14.813889,0.117632,1982.402049,216.815200
837,2.468612,0.202442,0.002129,32.000000,0.050358,12.962750,23.658018,1984.870661,216.817328
838,2.335381,0.200310,0.062364,32.000000,0.050358,13.702262,0.807483,1987.206042,216.879692
839,2.158044,0.208905,0.293850,32.000000,0.050358,14.828245,0.171372,1989.364085,217.173542
840,2.095308,0.148998,0.531592,32.000000,0.050358,15.272216,0.094730,1991.459394,217.705134
841,2.365280,0.204787,0.075236,32.000000,0.050358,13.529053,0.669330,1993.824674,217.780371
842,2.415329,0.209202,0.127259,32.000000,0.050358,13.248715,0.395712,1996.240002,217.907629
843,2.041815,0.181440,0.513317,32.000000,0.050358,15.672333,0.098103,1998.281817,218.420946
844,2.420392,0.211024,0.075462,32.000000,0.050358,13.220998,0.667330,2000.702209,218.496408
845,2.075959,0.177475,0.445922,32.000000,0.050358,15.414566,0.112930,2002.778168,218.942330
846,2.494907,0.200402,0.001983,32.000000,0.050358,12.826132,25.390296,2005.273074,218.944314
847,2.199561,0.213189,0.307303,32.000000,0.050358,14.548359,0.163870,2007.472635,219.251616
848,2.290593,0.201104,0.194203,32.000000,0.050358,13.970180,0.259306,2009.763228,219.445819
849,2.190799,0.168513,0.322080,32.000000,0.050358,14.606545,0.156352,2011.954027,219.767899
850,2.517556,0.210283,0.001878,32.000000,0.050358,12.710739,26.820184,2014.471583,219.769776
851,2.238830,0.204631,0.145831,32.000000,0.050358,14.293180,0.345315,2016.710413,219.915608
852,2.143943,0.207909,0.279798,32.000000,0.050358,14.925768,0.179979,2018.854357,220.195406
853,2.443935,0.198484,0.037364,32.000000,0.050358,13.093636,1.347779,2021.298292,220.232770
854,2.477479,0.203125,0.001795,32.000000,0.050358,12.916356,28.048120,2023.775771,220.234565
855,2.257768,0.206163,0.215947,32.000000,0.050358,14.173290,0.233195,2026.033539,220.450512
856,2.317293,0.200217,0.107713,32.000000,0.050358,13.809217,0.467518,2028.350831,220.558225
857,2.241768,0.212082,0.271349,32.000000,0.050358,14.274447,0.185583,2030.592599,220.829574
858,2.299793,0.213713,0.174972,32.000000,0.050358,13.914294,0.287804,2032.892393,221.004546
859,2.319028,0.200383,0.083087,32.000000,0.050358,13.798883,0.606084,2035.211421,221.087633
860,2.388570,0.208113,0.059138,32.000000,0.050358,13.397135,0.851533,2037.599991,221.146771
861,2.439596,0.200298,0.136611,32.000000,0.050358,13.116926,0.368623,2040.039587,221.283382
862,2.233920,0.199879,0.289984,32.000000,0.050358,14.324597,0.173658,2042.273507,221.573365
863,2.255741,0.199172,0.185097,32.000000,0.050358,14.186023,0.272062,2044.529248,221.758462
864,2.413867,0.204661,0.033551,32.000000,0.050358,13.256735,1.500918,2046.943116,221.792013
865,2.228448,0.205698,0.256984,32.000000,0.050358,14.359768,0.195957,2049.171564,222.048997
866,2.126824,0.207906,0.288410,32.000000,0.050358,15.045907,0.174605,2051.298388,222.337407
867,2.593456,0.204702,0.001947,32.000000,0.050358,12.338749,25.865483,2053.891844,222.339354
868,2.389583,0.210387,0.037650,32.000000,0.050358,13.391457,1.337526,2056.281427,222.377004
869,2.430717,0.210312,0.001989,32.000000,0.050358,13.164840,25.323978,2058.712144,222.378992
870,2.152920,0.171266,0.378669,32.000000,0.050358,14.863533,0.132986,2060.865064,222.757661
871,2.333840,0.205594,0.241537,32.000000,0.050358,13.711310,0.208489,2063.198904,222.999199
872,2.183002,0.195669,0.316052,32.000000,0.050358,14.658716,0.159334,2065.381906,223.315250
873,2.008025,0.143874,0.694381,32.000000,0.050358,15.936054,0.072522,2067.389931,224.009631
874,2.454725,0.200052,0.090412,32.000000,0.050358,13.036083,0.556980,2069.844656,224.100043
875,2.387145,0.205159,0.125913,32.000000,0.050358,13.405136,0.399942,2072.231801,224.225956
876,2.323912,0.204753,0.194306,32.000000,0.050358,13.769882,0.259168,2074.555713,224.420262
877,2.375030,0.205486,0.210503,32.000000,0.050358,13.473512,0.239226,2076.930744,224.630765
878,2.244023,0.199719,0.223657,32.000000,0.050358,14.260102,0.225157,2079.174767,224.854422
879,2.336859,0.213727,0.116145,32.000000,0.050358,13.693593,0.433576,2081.511626,224.970567
880,2.390352,0.209217,0.001874,32.000000,0.050358,13.387147,26.876023,2083.901978,224.972440
881,2.108370,0.179811,0.484134,32.000000,0.050358,15.177605,0.104016,2086.010348,225.456575
882,2.396735,0.204644,0.002003,32.000000,0.050358,13.351496,25.138323,2088.407083,225.458578
883,2.397126,0.211706,0.001889,32.000000,0.050358,13.349317,26.651540,2090.804209,225.460468
884,2.287925,0.204708,0.155090,32.000000,0.050358,13.986472,0.324702,2093.092135,225.615557
885,1.953296,0.191518,0.565023,32.000000,0.050358,16.382562,0.089125,2095.045431,226.180580
886,2.447922,0.204609,0.001881,32.000000,0.050358,13.072310,26.772431,2097.493353,226.182461
887,2.113136,0.160438,0.508061,32.000000,0.050358,15.143371,0.099118,2099.606489,226.690522
888,2.434551,0.200695,0.038621,32.000000,0.050358,13.144108,1.303895,2102.041040,226.729144
889,2.479122,0.204906,0.001814,32.000000,0.050358,12.907794,27.756564,2104.520163,226.730958
890,2.544876,0.207956,0.001963,32.000000,0.050358,12.574288,25.651474,2107.065038,226.732921
891,2.152382,0.177856,0.515683,32.000000,0.050358,14.867250,0.097653,2109.217420,227.248604
892,2.364496,0.201863,0.087212,32.000000,0.050358,13.533541,0.577421,2111.581916,227.335815
893,2.406961,0.200295,0.070574,32.000000,0.050358,13.294771,0.713551,2113.988877,227.406389
894,2.434778,0.213257,0.002022,32.000000,0.050358,13.142883,24.901457,2116.423655,227.408411
895,2.364338,0.211091,0.081576,32.000000,0.050358,13.534444,0.617314,2118.787993,227.489987
896,2.249386,0.189048,0.311114,32.000000,0.050358,14.226106,0.161863,2121.037379,227.801100
897,2.276635,0.209625,0.271095,32.000000,0.050358,14.055833,0.185757,2123.314014,228.072195
898,2.274320,0.201692,0.316217,32.000000,0.050358,14.070141,0.159251,2125.588333,228.388412
899,2.417471,0.205187,0.101246,32.000000,0.050358,13.236973,0.497380,2128.005805,228.489659
900,2.389901,0.200145,0.046653,32.000000,0.050358,13.389675,1.079404,2130.395706,228.536312
901,2.292237,0.212634,0.213153,32.000000,0.050358,13.960161,0.236252,2132.687943,228.749465
902,2.565336,0.205033,0.097653,32.000000,0.050358,12.474001,0.515683,2135.253279,228.847118
903,2.315238,0.204473,0.285259,32.000000,0.050358,13.821476,0.176534,2137.568516,229.132376
904,2.373943,0.199376,0.141690,32.000000,0.050358,13.479685,0.355409,2139.942459,229.274066
905,2.592873,0.206248,0.225434,32.000000,0.050358,12.341521,0.223382,2142.535332,229.499500
906,1.999902,0.151783,0.562156,32.000000,0.050358,16.000782,0.089580,2144.535235,230.061656
907,2.454570,0.200873,0.013537,32.000000,0.050358,13.036904,3.719938,2146.989805,230.075193
908,2.269829,0.204560,0.087683,32.000000,0.050358,14.097981,0.574317,2149.259634,230.162876
909,2.498163,0.205063,0.051731,32.000000,0.050358,12.809414,0.973450,2151.757796,230.214608
910,2.303261,0.216413,0.309066,32.000000,0.050358,13.893346,0.162935,2154.061057,230.523674
911,1.932172,0.153878,0.577672,32.000000,0.050358,16.561671,0.087174,2155.993229,231.101346
912,2.073838,0.165664,0.459100,32.000000,0.050358,15.430327,0.109688,2158.067068,231.560446
913,2.597293,0.204791,0.001994,32.000000,0.050358,12.320518,25.259094,2160.664361,231.562440
914,2.310672,0.182235,0.284319,32.000000,0.050358,13.848786,0.177117,2162.975033,231.846759
915,2.165971,0.200057,0.416486,32.000000,0.050358,14.773975,0.120911,2165.141004,232.263245
916,2.094429,0.151241,0.436843,32.000000,0.050358,15.278630,0.115277,2167.235432,232.700088
917,2.250282,0.173015,0.365137,32.000000,0.050358,14.220440,0.137915,2169.485714,233.065225
918,2.424522,0.205155,0.078739,32.000000,0.050358,13.198480,0.639557,2171.910236,233.143964
919,2.457419,0.198337,0.162217,32.000000,0.050358,13.021792,0.310435,2174.367655,233.306181
920,1.858565,0.155052,0.749824,32.000000,0.050358,17.217589,0.067159,2176.226220,234.056005
921,1.989135,0.151793,0.641863,32.000000,0.050358,16.087392,0.078456,2178.215355,234.697868
922,2.174237,0.159580,0.414748,32.000000,0.050358,14.717808,0.121418,2180.389592,235.112616
923,2.363005,0.203286,0.060990,32.000000,0.050358,13.542080,0.825680,2182.752597,235.173605
924,2.326526,0.209739,0.145829,32.000000,0.050358,13.754414,0.345320,2185.079122,235.319434
925,2.260465,0.216773,0.274565,32.000000,0.050358,14.156377,0.183410,2187.339588,235.593999
926,2.146167,0.204378,0.423514,32.000000,0.050358,14.910304,0.118905,2189.485755,236.017513
927,2.367842,0.205047,0.098241,32.000000,0.050358,13.514418,0.512596,2191.853596,236.115753
928,2.530679,0.207747,0.046802,32.000000,0.050358,12.644829,1.075985,2194.384275,236.162555
929,2.348507,0.205020,0.162732,32.000000,0.050358,13.625678,0.309452,2196.732782,236.325287
930,2.482322,0.204874,0.001911,32.000000,0.050358,12.891158,26.349361,2199.215104,236.327198
931,2.100278,0.200581,0.377650,32.000000,0.050358,15.236077,0.133345,2201.315382,236.704848
932,2.558570,0.212510,0.137305,32.000000,0.050358,12.506986,0.366758,2203.873952,236.842154
933,1.692963,0.142731,0.934532,32.000000,0.050358,18.901777,0.053886,2205.566915,237.776686
934,1.792032,0.149078,0.851944,32.000000,0.050358,17.856822,0.059109,2207.358947,238.628630
935,2.452934,0.214400,0.113845,32.000000,0.050358,13.045601,0.442336,2209.811881,238.742475
936,2.504922,0.199905,0.001936,32.000000,0.050358,12.774847,26.014213,2212.316803,238.744411
937,2.466417,0.200025,0.058681,32.000000,0.050358,12.974288,0.858167,2214.783220,238.803092
938,2.456276,0.200483,0.118368,32.000000,0.050358,13.027850,0.425434,2217.239496,238.921460
939,2.397048,0.204682,0.001891,32.000000,0.050358,13.349754,26.623416,2219.636544,238.923351
940,2.611250,0.204966,0.151148,32.000000,0.050358,12.254667,0.333168,2222.247794,239.074500
941,1.989158,0.150854,0.628515,32.000000,0.050358,16.087206,0.080122,2224.236953,239.703014
942,1.952540,0.153947,0.646306,32.000000,0.050358,16.388912,0.077916,2226.189492,240.349320
943,2.169907,0.171507,0.375216,32.000000,0.050358,14.747174,0.134210,2228.359400,240.724535
944,2.595190,0.199838,0.070999,32.000000,0.050358,12.330502,0.709273,2230.954590,240.795535
945,2.367954,0.200197,0.030751,32.000000,0.050358,13.513778,1.637593,2233.322544,240.826286
946,2.242215,0.205583,0.189057,32.000000,0.050358,14.271605,0.266364,2235.564758,241.015342
947,2.472360,0.209925,0.078123,32.000000,0.050358,12.943098,0.644597,2238.037118,241.093465
948,2.322704,0.200897,0.197550,32.000000,0.050358,13.777045,0.254911,2240.359822,241.291016
949,2.375911,0.199670,0.055769,32.000000,0.050358,13.468517,0.902970,2242.735734,241.346785
950,2.157659,0.152343,0.414677,32.000000,0.050358,14.830887,0.121439,2244.893393,241.761461
951,2.481233,0.215320,0.096218,32.000000,0.050358,12.896812,0.523373,2247.374626,241.857679
952,2.522656,0.204589,0.002016,32.000000,0.050358,12.685042,24.977714,2249.897283,241.859695
953,2.498811,0.205160,0.001883,32.000000,0.050358,12.806090,26.749222,2252.396094,241.861578
954,2.178943,0.220519,0.257922,32.000000,0.050358,14.686019,0.195244,2254.575037,242.119500
955,2.415979,0.202967,0.065073,32.000000,0.050358,13.245150,0.773861,2256.991015,242.184574
956,2.288836,0.209976,0.167037,32.000000,0.050358,13.980904,0.301477,2259.279852,242.351610
957,2.268154,0.211844,0.289133,32.000000,0.050358,14.108392,0.174168,2261.548005,242.640744
958,2.166487,0.173264,0.405363,32.000000,0.050358,14.770453,0.124229,2263.714493,243.046106
959,2.014396,0.148698,0.527002,32.000000,0.050358,15.885656,0.095555,2265.728889,243.573108
960,2.102381,0.205626,0.366144,32.000000,0.050358,15.220836,0.137535,2267.831270,243.939252
961,2.234792,0.175025,0.370069,32.000000,0.050358,14.319005,0.136077,2270.066062,244.309322
962,2.367478,0.202101,0.155172,32.000000,0.050358,13.516492,0.324529,2272.433540,244.464494
963,2.148507,0.190891,0.376588,32.000000,0.050358,14.894064,0.133721,2274.582047,244.841081
964,2.284228,0.201377,0.202313,32.000000,0.050358,14.009110,0.248910,2276.866275,245.043394
965,2.142766,0.199559,0.314258,32.000000,0.050358,14.933970,0.160244,2279.009041,245.357652
966,2.288208,0.182337,0.300776,32.000000,0.050358,13.984745,0.167426,2281.297249,245.658429
967,2.370556,0.210474,0.171638,32.000000,0.050358,13.498946,0.293395,2283.667804,245.830067
968,2.243960,0.180987,0.276999,32.000000,0.050358,14.260502,0.181798,2285.911764,246.107066
969,2.228840,0.177202,0.514168,32.000000,0.050358,14.357244,0.097940,2288.140604,246.621235
970,2.107380,0.178040,0.461292,32.000000,0.050358,15.184732,0.109167,2290.247984,247.082526
971,2.191434,0.213108,0.192486,32.000000,0.050358,14.602313,0.261618,2292.439418,247.275012
972,1.958530,0.151749,0.588258,32.000000,0.050358,16.338789,0.085605,2294.397948,247.863270
973,2.051431,0.164366,0.512338,32.000000,0.050358,15.598869,0.098290,2296.449378,248.375608
974,2.202265,0.212906,0.217994,32.000000,0.050358,14.530492,0.231006,2298.651644,248.593602
975,2.529144,0.211628,0.001829,32.000000,0.050358,12.652502,27.526041,2301.180788,248.595432
976,2.329102,0.204996,0.187682,32.000000,0.050358,13.739204,0.268315,2303.509889,248.783113
977,2.130761,0.179701,0.419969,32.000000,0.050358,15.018112,0.119908,2305.640650,249.203082
978,2.429013,0.211008,0.059184,32.000000,0.050358,13.174076,0.850862,2308.069663,249.262267
979,2.385304,0.200394,0.111261,32.000000,0.050358,13.415479,0.452611,2310.454967,249.373527
980,2.201998,0.210149,0.334571,32.000000,0.050358,14.532254,0.150515,2312.656965,249.708098
981,2.235543,0.176562,0.429402,32.000000,0.050358,14.314197,0.117274,2314.892508,250.137500
982,2.330691,0.216084,0.128064,32.000000,0.050358,13.729835,0.393224,2317.223199,250.265564
983,2.378091,0.208484,0.060153,32.000000,0.050358,13.456172,0.837168,2319.601290,250.325716
984,2.228107,0.205275,0.331579,32.000000,0.050358,14.361966,0.151873,2321.829397,250.657295
985,2.302501,0.210964,0.111127,32.000000,0.050358,13.897934,0.453156,2324.131897,250.768422
986,2.318152,0.208341,0.170039,32.000000,0.050358,13.804099,0.296154,2326.450049,250.938462
987,1.894730,0.147337,0.663474,32.000000,0.050358,16.888950,0.075900,2328.344779,251.601936
988,2.177836,0.168898,0.378064,32.000000,0.050358,14.693483,0.133199,2330.522616,251.980000
989,2.189646,0.207432,0.330425,32.000000,0.050358,14.614234,0.152403,2332.712262,252.310425
990,2.275320,0.200168,0.285555,32.000000,0.050358,14.063957,0.176351,2334.987581,252.595979
991,2.413871,0.204301,0.001877,32.000000,0.050358,13.256716,26.834533,2337.401452,252.597856
992,2.062044,0.151445,0.536270,32.000000,0.050358,15.518586,0.093904,2339.463496,253.134126
993,2.287544,0.215713,0.199221,32.000000,0.050358,13.988801,0.252773,2341.751040,253.333347
994,2.453328,0.200360,0.001992,32.000000,0.050358,13.043506,25.275487,2344.204368,253.335339
995,2.221499,0.181607,0.424077,32.000000,0.050358,14.404689,0.118747,2346.425867,253.759416
996,2.534657,0.203249,0.001877,32.000000,0.050358,12.624983,26.821984,2348.960524,253.761294
997,2.158968,0.195425,0.336080,32.000000,0.050358,14.821896,0.149839,2351.119492,254.097373
998,2.432072,0.202559,0.001823,32.000000,0.050358,13.157508,27.617250,2353.551563,254.099197
999,2.476649,0.200271,0.002121,32.000000,0.050358,12.920683,23.743675,2356.028213,254.101318
1000,2.751498,0.199656,0.008356,32.000000,0.050358,11.630030,6.026557,2358.779710,254.109674
1001,2.240305,0.200031,0.251484,32.000000,0.050358,14.283769,0.200242,2361.020016,254.361158
1002,2.492996,0.200551,0.093190,32.000000,0.050358,12.835964,0.540376,2363.513011,254.454349
1003,2.351121,0.208604,0.085915,32.000000,0.050358,13.610526,0.586135,2365.864133,254.540264
1004,2.207349,0.203815,0.274050,32.000000,0.050358,14.497029,0.183754,2368.071481,254.814313
1005,2.326727,0.209522,0.174037,32.000000,0.050358,13.753223,0.289351,2370.398209,254.988350
1006,2.240851,0.204509,0.152323,32.000000,0.050358,14.280290,0.330598,2372.639060,255.140674
1007,2.371421,0.209944,0.181511,32.000000,0.050358,13.494020,0.277437,2375.010480,255.322185
1008,2.106181,0.163173,0.419570,32.000000,0.050358,15.193374,0.120022,2377.116662,255.741755
1009,2.264554,0.199969,0.182951,32.000000,0.050358,14.130816,0.275254,2379.381216,255.924705
1010,2.330147,0.200069,0.089406,32.000000,0.050358,13.733040,0.563248,2381.711363,256.014111
1011,2.338669,0.218183,0.078316,32.000000,0.050358,13.682996,0.643007,2384.050032,256.092427
1012,2.419632,0.204564,0.139349,32.000000,0.050358,13.225151,0.361380,2386.469664,256.231776
1013,2.339098,0.212252,0.098953,32.000000,0.050358,13.680486,0.508906,2388.808762,256.330729
1014,2.016928,0.145661,0.533484,32.000000,0.050358,15.865711,0.094394,2390.825690,256.864214
1015,1.892778,0.149081,0.672588,32.000000,0.050358,16.906369,0.074872,2392.718468,257.536801
1016,2.098259,0.150997,0.521312,32.000000,0.050358,15.250736,0.096598,2394.816728,258.058113
1017,2.339199,0.210752,0.125781,32.000000,0.050358,13.679898,0.400361,2397.155926,258.183894
1018,2.339773,0.206804,0.187178,32.000000,0.050358,13.676539,0.269037,2399.495699,258.371072
1019,2.267769,0.211676,0.111305,32.000000,0.050358,14.110783,0.452431,2401.763469,258.482377
1020,2.284975,0.210490,0.198967,32.000000,0.050358,14.004528,0.253097,2404.048444,258.681343
1021,2.411834,0.206164,0.128611,32.000000,0.050358,13.267911,0.391552,2406.460278,258.809954
1022,2.380422,0.222210,0.007529,32.000000,0.050358,13.442993,6.688917,2408.840700,258.817482
1023,2.376636,0.216282,0.129088,32.000000,0.050358,13.464409,0.390104,2411.217336,258.946571
1024,2.045267,0.204136,0.546923,32.000000,0.050358,15.645879,0.092075,2413.262603,259.493493
1025,2.301701,0.199053,0.240454,32.000000,0.050358,13.902760,0.209428,2415.564305,259.733947
1026,2.379878,0.210238,0.454062,32.000000,0.050358,13.446065,0.110905,2417.944183,260.188009
1027,2.146055,0.204810,0.002095,32.000000,0.050358,14.911078,24.033176,2420.090239,260.190104
1028,2.275051,0.221200,0.268046,32.000000,0.050358,14.065616,0.187870,2422.365290,260.458150
1029,2.430140,0.207249,0.001875,32.000000,0.050358,13.167968,26.852262,2424.795430,260.460026
1030,2.369699,0.215138,0.110006,32.000000,0.050358,13.503827,0.457774,2427.165128,260.570032
1031,2.351903,0.208520,0.107353,32.000000,0.050358,13.606004,0.469085,2429.517031,260.677385
1032,2.513975,0.206555,0.002204,32.000000,0.050358,12.728845,22.851558,2432.031006,260.679589
1033,2.168651,0.203421,0.288385,32.000000,0.050358,14.755717,0.174620,2434.199657,260.967974
1034,2.039452,0.151426,0.512068,32.000000,0.050358,15.690490,0.098342,2436.239109,261.480042
1035,2.239698,0.211673,0.309759,32.000000,0.050358,14.287638,0.162571,2438.478807,261.789800
1036,2.392099,0.210713,0.002002,32.000000,0.050358,13.377375,25.153454,2440.870906,261.791802
1037,2.408397,0.210758,0.001948,32.000000,0.050358,13.286848,25.853253,2443.279303,261.793750
1038,2.639158,0.199884,0.048057,32.000000,0.050358,12.125081,1.047884,2445.918460,261.841807
1039,2.162757,0.204959,0.320773,32.000000,0.050358,14.795928,0.156989,2448.081218,262.162580
1040,2.451523,0.200624,0.120877,32.000000,0.050358,13.053110,0.416603,2450.532741,262.283457
1041,2.343213,0.216531,0.157140,32.000000,0.050358,13.656464,0.320464,2452.875953,262.440597
1042,2.367833,0.210426,0.015199,32.000000,0.050358,13.514468,3.313226,2455.243786,262.455796
1043,1.958790,0.159407,0.627465,32.000000,0.050358,16.336618,0.080256,2457.202576,263.083261
1044,1.821902,0.150319,0.755573,32.000000,0.050358,17.564057,0.066648,2459.024478,263.838834
1045,2.332945,0.205514,0.075001,32.000000,0.050358,13.716566,0.671426,2461.357424,263.913835
1046,2.210834,0.184683,0.321547,32.000000,0.050358,14.474175,0.156611,2463.568258,264.235383
1047,2.441503,0.198358,0.149770,32.000000,0.050358,13.106681,0.336235,2466.009761,264.385152
1048,1.944495,0.149099,0.642907,32.000000,0.050358,16.456715,0.078328,2467.954256,265.028059
1049,2.318067,0.205523,0.247190,32.000000,0.050358,13.804606,0.203721,2470.272323,265.275249
1050,2.012510,0.173042,0.557581,32.000000,0.050358,15.900541,0.090315,2472.284833,265.832830
1051,2.127973,0.209033,0.346135,32.000000,0.050358,15.037782,0.145486,2474.412806,266.178964
1052,2.295492,0.212581,0.113669,32.000000,0.050358,13.940366,0.443020,2476.708299,266.292634
1053,2.113014,0.152565,0.446056,32.000000,0.050358,15.144247,0.112896,2478.821312,266.738690
1054,2.088505,0.153809,0.430452,32.000000,0.050358,15.321964,0.116988,2480.909817,267.169143
1055,2.419257,0.199864,0.002182,32.000000,0.050358,13.227204,23.083250,2483.329074,267.171324
1056,2.463091,0.205355,0.002198,32.000000,0.050358,12.991807,22.913675,2485.792164,267.173522
1057,2.078691,0.153644,0.506986,32.000000,0.050358,15.394303,0.099328,2487.870856,267.680507
1058,2.442136,0.204991,0.001925,32.000000,0.050358,13.103283,26.166308,2490.312992,267.682432
1059,2.338269,0.198581,0.094272,32.000000,0.050358,13.685336,0.534176,2492.651261,267.776704
1060,2.371684,0.217419,0.053441,32.000000,0.050358,13.492522,0.942308,2495.022945,267.830145
1061,2.061016,0.154610,0.506241,32.000000,0.050358,15.526321,0.099474,2497.083961,268.336386
1062,2.359591,0.199800,0.149239,32.000000,0.050358,13.561674,0.337430,2499.443552,268.485625
1063,2.293663,0.209516,0.291625,32.000000,0.050358,13.951480,0.172680,2501.737215,268.777250
1064,2.623477,0.199930,0.086070,32.000000,0.050358,12.197554,0.585081,2504.360692,268.863320
1065,2.449412,0.201378,0.003078,32.000000,0.050358,13.064360,16.360039,2506.810104,268.866398
1066,2.386168,0.211386,0.069479,32.000000,0.050358,13.410623,0.724795,2509.196272,268.935877
1067,2.117699,0.181905,0.441164,32.000000,0.050358,15.110741,0.114148,2511.313971,269.377042
1068,2.398927,0.205595,0.108940,32.000000,0.050358,13.339300,0.462252,2513.712898,269.485982
1069,2.105017,0.165250,0.436024,32.000000,0.050358,15.201781,0.115493,2515.817914,269.922006
1070,2.402062,0.198376,0.004929,32.000000,0.050358,13.321887,10.216453,2518.219976,269.926935
1071,2.428157,0.187233,0.289497,32.000000,0.050358,13.178720,0.173949,2520.648133,270.216433
1072,2.400361,0.210866,0.104482,32.000000,0.050358,13.331326,0.481975,2523.048495,270.320915
1073,2.230379,0.211213,0.217233,32.000000,0.050358,14.347340,0.231814,2525.278873,270.538148
1074,2.569145,0.204861,0.386687,32.000000,0.050358,12.455506,0.130229,2527.848018,270.924835
1075,2.020894,0.216133,0.042172,32.000000,0.050358,15.834579,1.194117,2529.868912,270.967007
1076,2.519664,0.207854,0.034732,32.000000,0.050358,12.700105,1.449901,2532.388576,271.001739
1077,2.437968,0.207009,0.009252,32.000000,0.050358,13.125683,5.442776,2534.826544,271.010991
1078,2.225063,0.236713,0.235137,32.000000,0.050358,14.381613,0.214163,2537.051608,271.246128
1079,2.258796,0.204598,0.284013,32.000000,0.050358,14.166839,0.177308,2539.310404,271.530141
1080,2.442076,0.202725,0.049313,32.000000,0.050358,13.103606,1.021192,2541.752480,271.579454
1081,2.057552,0.156136,0.491722,32.000000,0.050358,15.552464,0.102411,2543.810031,272.071176
1082,2.374510,0.200281,0.129153,32.000000,0.050358,13.476467,0.389908,2546.184541,272.200329
1083,2.357444,0.211571,0.089955,32.000000,0.050358,13.574023,0.559812,2548.541985,272.290284
1084,1.993296,0.155757,0.553522,32.000000,0.050358,16.053815,0.090977,2550.535281,272.843805
1085,2.463668,0.207350,0.001906,32.000000,0.050358,12.988765,26.421513,2552.998948,272.845711
1086,2.253251,0.216129,0.212052,32.000000,0.050358,14.201699,0.237479,2555.252200,273.057763
1087,2.502985,0.205765,0.039786,32.000000,0.050358,12.784736,1.265718,2557.755185,273.097549
1088,2.586838,0.204739,0.001994,32.000000,0.050358,12.370315,25.254838,2560.342022,273.099543
1089,2.377495,0.210572,0.087975,32.000000,0.050358,13.459543,0.572407,2562.719518,273.187518
1090,2.311563,0.210444,0.059413,32.000000,0.050358,13.843449,0.847594,2565.031080,273.246931
1091,2.433051,0.198591,0.086297,32.000000,0.050358,13.152210,0.583543,2567.464131,273.333228
1092,2.265776,0.200335,0.143407,32.000000,0.050358,14.123197,0.351153,2569.729907,273.476635
1093,2.488598,0.200341,0.104257,32.000000,0.050358,12.858648,0.483015,2572.218505,273.580892
1094,2.354196,0.189078,0.312801,32.000000,0.050358,13.592752,0.160990,2574.572701,273.893693
1095,1.957215,0.147802,0.541899,32.000000,0.050358,16.349759,0.092928,2576.529916,274.435592
1096,2.601904,0.205649,0.001863,32.000000,0.050358,12.298684,27.028192,2579.131821,274.437456
1097,2.352367,0.209456,0.071811,32.000000,0.050358,13.603320,0.701259,2581.484187,274.509266
1098,2.416265,0.204890,0.047605,32.000000,0.050358,13.243581,1.057833,2583.900452,274.556871
1099,2.357006,0.204799,0.027191,32.000000,0.050358,13.576546,1.852017,2586.257458,274.584062
