step,read_time_sec,compute_time_sec,write_time_sec,data_read_mb,data_written_mb,read_throughput_mb_s,write_throughput_mb_s,cumulative_read_time,cumulative_write_time
1,2.745652,0.147464,0.388953,64.000000,0.099186,23.309582,0.255008,2.745652,0.388953
2,2.011391,0.143559,0.512247,64.000000,0.099186,31.818769,0.193629,4.757043,0.901199
3,2.265318,0.146596,0.269259,64.000000,0.099186,28.252101,0.368366,7.022362,1.170459
4,2.260124,0.146034,0.295834,64.000000,0.099186,28.317031,0.335276,9.282486,1.466293
5,2.316834,0.145958,0.222156,64.000000,0.099186,27.623906,0.446471,11.599319,1.688448
6,2.195443,0.146612,0.195375,64.000000,0.099186,29.151299,0.507670,13.794762,1.883823
7,2.494366,0.147183,0.035486,64.000000,0.099186,25.657819,2.795093,16.289128,1.919309
8,2.274189,0.147187,0.210898,64.000000,0.099186,28.141902,0.470302,18.563317,2.130207
9,1.965166,0.146899,0.447894,64.000000,0.099186,32.567230,0.221450,20.528483,2.578100
10,2.375803,0.147332,0.192482,64.000000,0.099186,26.938266,0.515301,22.904285,2.770582
11,2.385351,0.146489,0.257604,64.000000,0.099186,26.830432,0.385032,25.289636,3.028186
12,2.288881,0.148393,0.220571,64.000000,0.099186,27.961260,0.449679,27.578517,3.248757
13,2.367212,0.148460,0.194462,64.000000,0.099186,27.036028,0.510054,29.945729,3.443218
14,2.404826,0.148748,0.109069,64.000000,0.099186,26.613150,0.909386,32.350555,3.552288
15,2.080672,0.154792,0.408570,64.000000,0.099186,30.759290,0.242763,34.431227,3.960858
16,2.132754,0.148220,0.263931,64.000000,0.099186,30.008149,0.375803,36.563981,4.224789
17,2.251854,0.147818,0.170476,64.000000,0.099186,28.421030,0.581816,38.815835,4.395265
18,2.290837,0.146872,0.214848,64.000000,0.099186,27.937384,0.461655,41.106672,4.610114
19,2.037987,0.146379,0.397547,64.000000,0.099186,31.403544,0.249495,43.144659,5.007661
20,2.363671,0.146903,0.139347,64.000000,0.099186,27.076524,0.711789,45.508330,5.147008
21,2.266193,0.148335,0.252106,64.000000,0.099186,28.241198,0.393429,47.774523,5.399115
22,2.223562,0.147300,0.222853,64.000000,0.099186,28.782646,0.445074,49.998085,5.621968
23,2.246782,0.146819,0.330480,64.000000,0.099186,28.485185,0.300127,52.244867,5.952447
24,2.223008,0.149088,0.231665,64.000000,0.099186,28.789818,0.428145,54.467875,6.184112
25,2.123325,0.147554,0.395804,64.000000,0.099186,30.141403,0.250593,56.591200,6.579916
26,2.242803,0.145776,0.201508,64.000000,0.099186,28.535715,0.492218,58.834004,6.781425
27,2.195618,0.146294,0.333048,64.000000,0.099186,29.148964,0.297812,61.029622,7.114473
28,2.269938,0.159977,0.088598,64.000000,0.099186,28.194606,1.119506,63.299560,7.203071
29,2.192101,0.148256,0.280460,64.000000,0.099186,29.195730,0.353655,65.491661,7.483531
30,2.091446,0.149468,0.350083,64.000000,0.099186,30.600832,0.283321,67.583107,7.833614
31,2.024425,0.161521,0.382940,64.000000,0.099186,31.613915,0.259012,69.607532,8.216554
32,2.214760,0.148023,0.266428,64.000000,0.099186,28.897030,0.372280,71.822293,8.482982
33,2.206585,0.150191,0.291151,64.000000,0.099186,29.004090,0.340668,74.028878,8.774133
34,2.178210,0.148155,0.304016,64.000000,0.099186,29.381930,0.326253,76.207088,9.078149
35,1.991453,0.161327,0.492426,64.000000,0.099186,32.137335,0.201423,78.198541,9.570575
36,2.261085,0.149231,0.235133,64.000000,0.099186,28.304993,0.421829,80.459626,9.805708
37,2.294212,0.147934,0.327717,64.000000,0.099186,27.896286,0.302657,82.753838,10.133425
38,2.305527,0.147279,0.184556,64.000000,0.099186,27.759385,0.537431,85.059365,10.317980
39,2.248663,0.147599,0.230193,64.000000,0.099186,28.461363,0.430882,87.308028,10.548173
40,2.265780,0.147616,0.330051,64.000000,0.099186,28.246338,0.300517,89.573808,10.878225
41,2.391023,0.146488,0.166817,64.000000,0.099186,26.766781,0.594579,91.964831,11.045042
42,2.333190,0.146617,0.222663,64.000000,0.099186,27.430254,0.445452,94.298022,11.267705
43,1.821698,0.159751,0.891738,64.000000,0.099186,35.132053,0.111228,96.119720,12.159443
44,2.238589,0.146501,0.297282,64.000000,0.099186,28.589432,0.333642,98.358309,12.456725
45,2.092008,0.149231,0.402926,64.000000,0.099186,30.592622,0.246164,100.450317,12.859651
46,2.292318,0.147546,0.299755,64.000000,0.099186,27.919341,0.330891,102.742635,13.159406
47,1.972680,0.149312,0.663268,64.000000,0.099186,32.443175,0.149541,104.715315,13.822674
48,2.311602,0.146052,0.237350,64.000000,0.099186,27.686424,0.417888,107.026917,14.060024
49,2.422705,0.146981,0.272747,64.000000,0.099186,26.416758,0.363655,109.449621,14.332771
50,2.104395,0.148496,0.363043,64.000000,0.099186,30.412544,0.273207,111.554016,14.695814
51,2.385499,0.146151,0.192415,64.000000,0.099186,26.828766,0.515480,113.939515,14.888229
52,2.275777,0.148219,0.242403,64.000000,0.099186,28.122268,0.409177,116.215292,15.130632
53,1.950784,0.147716,0.530880,64.000000,0.099186,32.807324,0.186833,118.166076,15.661513
54,1.919018,0.141145,0.546041,64.000000,0.099186,33.350394,0.181646,120.085094,16.207554
55,2.271939,0.147731,0.183241,64.000000,0.099186,28.169765,0.541286,122.357033,16.390795
56,2.269311,0.147187,0.354459,64.000000,0.099186,28.202396,0.279823,124.626344,16.745254
57,2.206967,0.147258,0.263040,64.000000,0.099186,28.999077,0.377075,126.833311,17.008295
58,2.349381,0.147718,0.227485,64.000000,0.099186,27.241213,0.436010,129.182692,17.235780
59,2.090440,0.161131,0.392556,64.000000,0.099186,30.615558,0.252667,131.273133,17.628336
60,2.247007,0.147101,0.394064,64.000000,0.099186,28.482334,0.251700,133.520139,18.022400
61,2.274246,0.149488,0.223733,64.000000,0.099186,28.141199,0.443323,135.794385,18.246133
62,1.954323,0.146961,0.649820,64.000000,0.099186,32.747919,0.152636,137.748708,18.895953
63,2.268910,0.146877,0.165263,64.000000,0.099186,28.207381,0.600170,140.017617,19.061216
64,2.328508,0.146786,0.313444,64.000000,0.099186,27.485408,0.316439,142.346126,19.374660
65,2.205551,0.147474,0.401535,64.000000,0.099186,29.017691,0.247017,144.551677,19.776195
66,2.271120,0.146582,0.164984,64.000000,0.099186,28.179933,0.601185,146.822796,19.941179
67,2.169255,0.162895,0.409333,64.000000,0.099186,29.503218,0.242311,148.992051,20.350512
68,2.140087,0.146697,0.303585,64.000000,0.099186,29.905332,0.326715,151.132138,20.654097
69,2.050770,0.145658,0.469195,64.000000,0.099186,31.207790,0.211396,153.182908,21.123292
70,2.137080,0.147861,0.344467,64.000000,0.099186,29.947409,0.287940,155.319988,21.467760
71,2.223055,0.155328,0.358132,64.000000,0.099186,28.789207,0.276953,157.543043,21.825892
72,2.319440,0.146416,0.268625,64.000000,0.099186,27.592872,0.369235,159.862483,22.094517
73,2.182206,0.145423,0.261777,64.000000,0.099186,29.328126,0.378895,162.044688,22.356294
74,2.237531,0.150410,0.291003,64.000000,0.099186,28.602954,0.340842,164.282219,22.647297
75,2.220035,0.151940,0.208079,64.000000,0.099186,28.828374,0.476675,166.502254,22.855376
76,2.017684,0.151648,0.407280,64.000000,0.099186,31.719537,0.243533,168.519938,23.262655
77,2.412230,0.148576,0.360923,64.000000,0.099186,26.531472,0.274812,170.932168,23.623578
78,1.909240,0.143600,0.594776,64.000000,0.099186,33.521197,0.166762,172.841407,24.218355
79,2.421442,0.146681,0.138675,64.000000,0.099186,26.430534,0.715238,175.262849,24.357030
80,2.255505,0.149038,0.259954,64.000000,0.099186,28.375023,0.381551,177.518354,24.616985
81,2.093726,0.161232,0.371745,64.000000,0.099186,30.567507,0.266812,179.612081,24.988730
82,2.188262,0.149805,0.292668,64.000000,0.099186,29.246961,0.338903,181.800342,25.281397
83,2.182522,0.147757,0.279708,64.000000,0.099186,29.323878,0.354606,183.982864,25.561105
84,2.268511,0.145862,0.297340,64.000000,0.099186,28.212336,0.333577,186.251375,25.858445
85,2.463998,0.147296,0.232019,64.000000,0.099186,25.974047,0.427491,188.715373,26.090464
86,2.421535,0.146245,0.086108,64.000000,0.099186,26.429515,1.151878,191.136908,26.176572
87,2.060290,0.145453,0.789926,64.000000,0.099186,31.063586,0.125564,193.197198,26.966498
88,1.999213,0.149663,0.502030,64.000000,0.099186,32.012590,0.197570,195.196412,27.468527
89,2.119135,0.147298,0.315925,64.000000,0.099186,30.201006,0.313955,197.315546,27.784452
90,2.401572,0.148182,0.182358,64.000000,0.099186,26.649209,0.543908,199.717119,27.966810
91,2.088953,0.148151,0.325394,64.000000,0.099186,30.637359,0.304818,201.806072,28.292204
92,2.264549,0.146875,0.124153,64.000000,0.099186,28.261704,0.798901,204.070620,28.416357
93,2.252439,0.147748,0.194414,64.000000,0.099186,28.413643,0.510180,206.323059,28.610771
94,2.299192,0.147811,0.299796,64.000000,0.099186,27.835861,0.330845,208.622252,28.910567
95,2.392127,0.148237,0.178335,64.000000,0.099186,26.754428,0.556178,211.014379,29.088902
96,2.148794,0.147763,0.193011,64.000000,0.099186,29.784142,0.513888,213.163174,29.281913
97,2.243356,0.148804,0.297737,64.000000,0.099186,28.528692,0.333133,215.406529,29.579650
98,2.160471,0.146736,0.263914,64.000000,0.099186,29.623173,0.375826,217.567000,29.843564
99,2.361536,0.148248,0.172564,64.000000,0.099186,27.101000,0.574779,219.928536,30.016128
100,2.384092,0.149370,0.198161,64.000000,0.099186,26.844603,0.500532,222.312628,30.214289
101,2.346585,0.147078,0.110945,64.000000,0.099186,27.273679,0.894011,224.659213,30.325234
102,2.240504,0.147619,0.222805,64.000000,0.099186,28.564999,0.445168,226.899717,30.548039
103,2.230357,0.146741,0.346606,64.000000,0.099186,28.694957,0.286163,229.130074,30.894645
104,2.103084,0.169452,0.364365,64.000000,0.099186,30.431493,0.272216,231.233159,31.259011
105,2.320572,0.146453,0.322794,64.000000,0.099186,27.579403,0.307274,233.553731,31.581804
106,2.394560,0.146647,0.206417,64.000000,0.099186,26.727244,0.480513,235.948291,31.788221
107,2.184866,0.146635,0.328029,64.000000,0.099186,29.292408,0.302369,238.133158,32.116250
108,2.170089,0.147080,0.330120,64.000000,0.099186,29.491877,0.300454,240.303247,32.446371
109,2.284987,0.147800,0.194558,64.000000,0.099186,28.008912,0.509802,242.588234,32.640928
110,2.327655,0.148476,0.233346,64.000000,0.099186,27.495482,0.425060,244.915889,32.874274
111,2.242594,0.149108,0.250615,64.000000,0.099186,28.538384,0.395771,247.158483,33.124889
112,2.217488,0.152743,0.289121,64.000000,0.099186,28.861481,0.343060,249.375971,33.414010
113,2.440616,0.147385,0.087565,64.000000,0.099186,26.222886,1.132712,251.816587,33.501575
114,2.485923,0.148307,0.123401,64.000000,0.099186,25.744969,0.803769,254.302510,33.624976
115,2.296981,0.146557,0.244783,64.000000,0.099186,27.862664,0.405199,256.599491,33.869760
116,2.150146,0.151440,0.409453,64.000000,0.099186,29.765425,0.242240,258.749636,34.279212
117,2.336182,0.146026,0.247522,64.000000,0.099186,27.395129,0.400716,261.085818,34.526734
118,2.134417,0.146284,0.326764,64.000000,0.099186,29.984767,0.303540,263.220235,34.853499
119,2.262154,0.145943,0.166746,64.000000,0.099186,28.291617,0.594832,265.482389,35.020245
120,2.039218,0.147439,0.458436,64.000000,0.099186,31.384586,0.216357,267.521607,35.478681
121,2.179414,0.146014,0.229320,64.000000,0.099186,29.365697,0.432521,269.701021,35.708001
122,1.991003,0.148868,0.431394,64.000000,0.099186,32.144609,0.229920,271.692023,36.139394
123,2.143613,0.147055,0.380092,64.000000,0.099186,29.856140,0.260953,273.835636,36.519486
124,1.863409,0.146666,0.661513,64.000000,0.099186,34.345652,0.149938,275.699045,37.181000
125,1.983224,0.148236,0.415318,64.000000,0.099186,32.270689,0.238819,277.682269,37.596318
126,1.784509,0.149418,0.674270,64.000000,0.099186,35.864200,0.147101,279.466778,38.270589
127,2.101526,0.147267,0.397947,64.000000,0.099186,30.454066,0.249244,281.568304,38.668535
128,2.238596,0.147247,0.246097,64.000000,0.099186,28.589344,0.403035,283.806900,38.914633
129,1.873080,0.158177,1.601572,64.000000,0.099186,34.168325,0.061930,285.679980,40.516204
130,1.301975,0.147761,0.383300,64.000000,0.099186,49.156096,0.258768,286.981955,40.899504
131,2.052026,0.151198,0.658720,64.000000,0.099186,31.188684,0.150574,289.033981,41.558224
132,2.249523,0.147560,0.290439,64.000000,0.099186,28.450471,0.341504,291.283505,41.848663
133,2.099540,0.149718,0.395785,64.000000,0.099186,30.482874,0.250606,293.383044,42.244447
134,2.311910,0.147168,0.200999,64.000000,0.099186,27.682743,0.493465,295.694954,42.445446
135,2.425270,0.148086,0.148065,64.000000,0.099186,26.388819,0.669881,298.120223,42.593511
136,2.288066,0.146254,0.312293,64.000000,0.099186,27.971219,0.317605,300.408290,42.905805
137,2.499934,0.145735,0.136746,64.000000,0.099186,25.600677,0.725328,302.908223,43.042551
138,2.033818,0.143682,0.460039,64.000000,0.099186,31.467912,0.215603,304.942041,43.502590
139,2.284884,0.148416,0.217948,64.000000,0.099186,28.010172,0.455091,307.226925,43.720537
140,2.408303,0.146608,0.365288,64.000000,0.099186,26.574726,0.271528,309.635229,44.085826
141,2.299357,0.157048,0.349338,64.000000,0.099186,27.833866,0.283925,311.934586,44.435164
142,2.143163,0.148363,0.205116,64.000000,0.099186,29.862407,0.483559,314.077749,44.640280
143,2.286290,0.145656,0.199741,64.000000,0.099186,27.992948,0.496573,316.364039,44.840021
144,2.217094,0.148435,0.187834,64.000000,0.099186,28.866616,0.528052,318.581133,45.027855
145,2.146860,0.147482,0.297763,64.000000,0.099186,29.810985,0.333104,320.727992,45.325617
146,1.828650,0.144025,0.878075,64.000000,0.099186,34.998503,0.112958,322.556642,46.203693
147,2.340372,0.147450,0.287770,64.000000,0.099186,27.346085,0.344671,324.897014,46.491462
148,2.195340,0.148255,0.258427,64.000000,0.099186,29.152664,0.383807,327.092353,46.749889
149,2.199413,0.146803,0.386191,64.000000,0.099186,29.098674,0.256831,329.291766,47.136080
150,2.210669,0.147055,0.315809,64.000000,0.099186,28.950513,0.314069,331.502435,47.451889
151,1.935524,0.143978,0.666863,64.000000,0.099186,33.065979,0.148735,333.437959,48.118752
152,2.220407,0.148702,0.165897,64.000000,0.099186,28.823547,0.597877,335.658366,48.284649
153,2.183469,0.147620,0.408989,64.000000,0.099186,29.311151,0.242515,337.841835,48.693638
154,2.298038,0.146663,0.197071,64.000000,0.099186,27.849846,0.503299,340.139873,48.890710
155,2.252291,0.147427,0.246107,64.000000,0.099186,28.415507,0.403020,342.392165,49.136817
156,2.162101,0.147475,0.229191,64.000000,0.099186,29.600841,0.432766,344.554265,49.366007
157,2.265320,0.146935,0.161720,64.000000,0.099186,28.252081,0.613320,346.819585,49.527727
158,2.128772,0.147714,0.283653,64.000000,0.099186,30.064283,0.349674,348.948357,49.811380
159,2.200521,0.147102,0.421148,64.000000,0.099186,29.084016,0.235513,351.148878,50.232528
160,2.201476,0.147995,0.377287,64.000000,0.099186,29.071402,0.262893,353.350355,50.609815
161,2.411161,0.146297,0.105241,64.000000,0.099186,26.543225,0.942464,355.761516,50.715056
162,2.224517,0.146769,0.272537,64.000000,0.099186,28.770292,0.363936,357.986033,50.987594
163,2.241429,0.296237,0.198054,64.000000,0.099186,28.553216,0.500803,360.227462,51.185647
164,2.321274,0.288317,0.149935,64.000000,0.099186,27.571071,0.661526,362.548735,51.335583
165,2.182123,0.288397,0.110590,64.000000,0.099186,29.329237,0.896883,364.730858,51.446172
166,2.272549,0.289091,0.107889,64.000000,0.099186,28.162204,0.919331,367.003408,51.554061
167,1.985943,0.291060,0.705518,64.000000,0.099186,32.226511,0.140586,368.989350,52.259579
168,2.119644,0.290136,0.364017,64.000000,0.099186,30.193753,0.272476,371.108994,52.623597
169,2.339868,0.290391,0.023706,64.000000,0.099186,27.351971,4.184079,373.448862,52.647302
170,2.385694,0.288113,0.045301,64.000000,0.099186,26.826579,2.189484,375.834556,52.692603
171,2.047300,0.299942,0.514886,64.000000,0.099186,31.260689,0.192637,377.881855,53.207489
172,2.336874,0.292203,0.160904,64.000000,0.099186,27.387016,0.616428,380.218729,53.368394
173,2.147974,0.297322,0.123960,64.000000,0.099186,29.795524,0.800144,382.366703,53.492354
174,1.946057,0.296915,0.428867,64.000000,0.099186,32.887004,0.231275,384.312760,53.921220
175,2.178937,0.289349,0.369634,64.000000,0.099186,29.372127,0.268336,386.491697,54.290854
176,3.791078,0.290422,0.001384,64.000000,0.099186,16.881742,71.681993,390.282775,54.292238
177,2.070049,0.287866,0.273021,64.000000,0.099186,30.917143,0.363290,392.352824,54.565259
178,2.112933,0.287064,0.230454,64.000000,0.099186,30.289654,0.430394,394.465756,54.795713
179,2.364860,0.286416,0.081108,64.000000,0.099186,27.062911,1.222886,396.830616,54.876821
180,2.353112,0.284043,0.087113,64.000000,0.099186,27.198024,1.138595,399.183729,54.963934
181,2.159835,0.283194,0.181852,64.000000,0.099186,29.631889,0.545421,401.343564,55.145786
182,2.230247,0.283530,0.158272,64.000000,0.099186,28.696378,0.626681,403.573810,55.304058
183,2.083440,0.282947,0.328830,64.000000,0.099186,30.718429,0.301633,405.657250,55.632887
184,2.378313,0.281036,0.123097,64.000000,0.099186,26.909831,0.805754,408.035563,55.755985
185,2.367893,0.281292,0.001319,64.000000,0.099186,27.028252,75.170080,410.403456,55.757304
186,2.358503,0.281285,0.074177,64.000000,0.099186,27.135855,1.337154,412.761959,55.831481
187,2.210176,0.281087,0.248326,64.000000,0.099186,28.956973,0.399418,414.972135,56.079807
188,2.483938,0.280412,0.017471,64.000000,0.099186,25.765541,5.677292,417.456073,56.097278
189,2.061781,0.282080,0.308113,64.000000,0.099186,31.041119,0.321914,419.517854,56.405391
190,2.237164,0.283831,0.240834,64.000000,0.099186,28.607650,0.411843,421.755018,56.646225
191,2.218264,0.283161,0.214559,64.000000,0.099186,28.851394,0.462279,423.973282,56.860784
192,2.218819,0.280207,0.195930,64.000000,0.099186,28.844167,0.506231,426.192101,57.056714
193,2.144698,0.280059,0.357001,64.000000,0.099186,29.841032,0.277831,428.336799,57.413715
194,2.453387,0.281862,0.002344,64.000000,0.099186,26.086391,42.309119,430.790186,57.416060
195,2.148093,0.279894,0.201903,64.000000,0.099186,29.793864,0.491256,432.938279,57.617963
196,2.152256,0.278983,0.702646,64.000000,0.099186,29.736241,0.141161,435.090535,58.320609
197,2.075128,0.280122,0.001479,64.000000,0.099186,30.841478,67.042217,437.165662,58.322088
198,2.480734,0.278896,0.170393,64.000000,0.099186,25.798812,0.582101,439.646397,58.492481
199,2.460826,0.279711,0.148774,64.000000,0.099186,26.007525,0.666689,442.107223,58.641255
200,2.177031,0.279022,0.282998,64.000000,0.099186,29.397839,0.350483,444.284254,58.924253
201,2.327064,0.281542,0.170358,64.000000,0.099186,27.502471,0.582222,446.611317,59.094610
202,2.163162,0.280221,0.201799,64.000000,0.099186,29.586316,0.491508,448.774480,59.296410
203,2.248502,0.279559,0.195575,64.000000,0.099186,28.463396,0.507150,451.022981,59.491985
204,2.156984,0.278576,0.162351,64.000000,0.099186,29.671065,0.610933,453.179965,59.654337
205,2.124160,0.278849,0.271160,64.000000,0.099186,30.129557,0.365784,455.304125,59.925497
206,1.996151,0.275664,0.435694,64.000000,0.099186,32.061702,0.227651,457.300276,60.361190
207,2.329018,0.277702,0.234555,64.000000,0.099186,27.479398,0.422868,459.629294,60.595746
208,2.083262,0.277211,0.348355,64.000000,0.099186,30.721055,0.284727,461.712555,60.944101
209,2.337865,0.277696,0.145550,64.000000,0.099186,27.375410,0.681458,464.050420,61.089650
210,2.216454,0.278751,0.242586,64.000000,0.099186,28.874957,0.408869,466.266873,61.332236
211,2.346834,0.278274,0.030522,64.000000,0.099186,27.270779,3.249641,468.613708,61.362759
212,2.158591,0.279540,0.130623,64.000000,0.099186,29.648971,0.759330,470.772299,61.493382
213,2.334601,0.280064,0.047921,64.000000,0.099186,27.413676,2.069776,473.106900,61.541303
214,2.360864,0.277048,0.121903,64.000000,0.099186,27.108714,0.813646,475.467764,61.663206
215,2.390418,0.277952,0.194055,64.000000,0.099186,26.773556,0.511124,477.858183,61.857260
216,2.339277,0.276952,0.102455,64.000000,0.099186,27.358885,0.968096,480.197459,61.959715
217,2.361228,0.279961,0.076130,64.000000,0.099186,27.104542,1.302855,482.558687,62.035845
218,2.427120,0.280225,0.001405,64.000000,0.099186,26.368704,70.593119,484.985807,62.037250
219,2.049749,0.272745,0.388274,64.000000,0.099186,31.223339,0.255453,487.035556,62.425524
220,2.182533,0.279803,0.194963,64.000000,0.099186,29.323721,0.508741,489.218089,62.620487
221,2.361572,0.280300,0.222512,64.000000,0.099186,27.100593,0.445756,491.579661,62.842999
222,2.341079,0.278429,0.201352,64.000000,0.099186,27.337817,0.492600,493.920740,63.044351
223,2.296913,0.279162,0.064369,64.000000,0.099186,27.863489,1.540907,496.217653,63.108720
224,2.179232,0.279940,0.234864,64.000000,0.099186,29.368139,0.422313,498.396885,63.343584
225,2.147474,0.278092,0.264660,64.000000,0.099186,29.802453,0.374767,500.544360,63.608244
226,2.205973,0.277899,0.206606,64.000000,0.099186,29.012145,0.480072,502.750332,63.814850
227,2.529584,0.278178,0.192024,64.000000,0.099186,25.300599,0.516530,505.279917,64.006874
228,2.304759,0.278397,0.121252,64.000000,0.099186,27.768629,0.818013,507.584676,64.128126
229,2.413568,0.279376,0.034596,64.000000,0.099186,26.516759,2.867000,509.998244,64.162722
230,1.975619,0.280587,0.382529,64.000000,0.099186,32.394916,0.259290,511.973862,64.545251
231,1.925177,0.271133,0.495520,64.000000,0.099186,33.243701,0.200165,513.899039,65.040771
232,2.338200,0.278104,0.127050,64.000000,0.099186,27.371488,0.780687,516.237239,65.167821
233,2.324189,0.277881,0.116160,64.000000,0.099186,27.536484,0.853877,518.561428,65.283980
234,2.294867,0.277757,0.196770,64.000000,0.099186,27.888320,0.504070,520.856295,65.480751
235,2.192320,0.278501,0.328563,64.000000,0.099186,29.192821,0.301878,523.048615,65.809313
236,2.316639,0.284988,0.333377,64.000000,0.099186,27.626227,0.297519,525.365254,66.142690
237,2.353872,0.276755,0.048489,64.000000,0.099186,27.189242,2.045550,527.719126,66.191179
238,2.384138,0.276935,0.057952,64.000000,0.099186,26.844078,1.711527,530.103265,66.249131
239,2.440973,0.279434,0.001379,64.000000,0.099186,26.219048,71.902373,532.544238,66.250510
240,2.275480,0.279723,0.104064,64.000000,0.099186,28.125928,0.953127,534.819719,66.354574
241,2.104878,0.280633,0.244371,64.000000,0.099186,30.405566,0.405883,536.924597,66.598945
242,2.290068,0.285173,0.094164,64.000000,0.099186,27.946763,1.053337,539.214665,66.693108
243,2.085862,0.298611,0.513930,64.000000,0.099186,30.682752,0.192995,541.300528,67.207038
244,2.300532,0.280715,0.115302,64.000000,0.099186,27.819653,0.860227,543.601060,67.322340
245,1.843711,0.275526,0.530483,64.000000,0.099186,34.712598,0.186973,545.444771,67.852823
246,2.386619,0.279665,0.103904,64.000000,0.099186,26.816183,0.954594,547.831389,67.956727
247,1.916806,0.281477,0.393737,64.000000,0.099186,33.388881,0.251909,549.748195,68.350464
248,2.420808,0.280733,0.049981,64.000000,0.099186,26.437452,1.984489,552.169003,68.400445
249,2.237034,0.279506,0.237889,64.000000,0.099186,28.609316,0.416943,554.406037,68.638334
250,2.220569,0.277786,0.185448,64.000000,0.099186,28.821446,0.534846,556.626605,68.823781
251,2.292208,0.276702,0.116110,64.000000,0.099186,27.920682,0.854241,558.918813,68.939891
252,2.562635,0.278464,0.001449,64.000000,0.099186,24.974291,68.433313,561.481448,68.941341
253,2.363406,0.283129,0.066982,64.000000,0.099186,27.079559,1.480781,563.844854,69.008323
254,1.748330,0.285828,0.928389,64.000000,0.099186,36.606355,0.106837,565.593185,69.936712
255,2.280683,0.276787,0.118722,64.000000,0.099186,28.061764,0.835446,567.873868,70.055434
256,2.459858,0.280492,0.123740,64.000000,0.099186,26.017761,0.801569,570.333726,70.179174
257,2.274795,0.274045,0.161168,64.000000,0.099186,28.134399,0.615418,572.608522,70.340342
258,2.152676,0.276875,0.154800,64.000000,0.099186,29.730434,0.640738,574.761198,70.495142
259,2.127371,0.275503,0.242525,64.000000,0.099186,30.084082,0.408972,576.888569,70.737667
260,2.303375,0.276964,0.209840,64.000000,0.099186,27.785313,0.472674,579.191944,70.947507
261,2.253835,0.276297,0.123188,64.000000,0.099186,28.396040,0.805159,581.445779,71.070695
262,2.360160,0.275848,0.019217,64.000000,0.099186,27.116805,5.161330,583.805939,71.089912
263,2.212844,0.275419,0.200142,64.000000,0.099186,28.922060,0.495579,586.018783,71.290053
264,2.124048,0.277950,0.221265,64.000000,0.099186,30.131142,0.448268,588.142831,71.511319
265,2.331220,0.276956,0.050894,64.000000,0.099186,27.453433,1.948885,590.474052,71.562212
266,2.476293,0.278887,0.001416,64.000000,0.099186,25.845082,70.038904,592.950345,71.563628
267,2.162046,0.278773,0.213782,64.000000,0.099186,29.601591,0.463959,595.112391,71.777410
268,2.406456,0.277577,0.586462,64.000000,0.099186,26.595128,0.169126,597.518847,72.363872
269,2.262304,0.289310,0.488169,64.000000,0.099186,28.289745,0.203180,599.781150,72.852041
270,2.300123,0.278227,0.180482,64.000000,0.099186,27.824594,0.549560,602.081274,73.032523
271,2.044713,0.276780,0.436188,64.000000,0.099186,31.300232,0.227393,604.125987,73.468711
272,2.365791,0.277189,0.043780,64.000000,0.099186,27.052258,2.265536,606.491779,73.512491
273,2.321346,0.278086,0.181137,64.000000,0.099186,27.570206,0.547575,608.813125,73.693628
274,2.143167,0.278470,0.574500,64.000000,0.099186,29.862347,0.172647,610.956292,74.268128
275,2.269429,0.277037,0.183173,64.000000,0.099186,28.200921,0.541489,613.225722,74.451301
276,2.131462,0.277589,0.307714,64.000000,0.099186,30.026335,0.322331,615.357184,74.759015
277,2.170170,0.277185,0.222038,64.000000,0.099186,29.490774,0.446706,617.527354,74.981053
278,2.312916,0.276444,0.126863,64.000000,0.099186,27.670701,0.781833,619.840270,75.107917
279,2.122526,0.278230,0.192143,64.000000,0.099186,30.152751,0.516208,621.962796,75.300060
280,2.238822,0.277151,0.167322,64.000000,0.099186,28.586466,0.592786,624.201618,75.467382
281,2.426583,0.277336,0.245806,64.000000,0.099186,26.374540,0.403514,626.628200,75.713187
282,2.063435,0.281330,0.352284,64.000000,0.099186,31.016243,0.281551,628.691635,76.065471
283,2.377928,0.280074,0.168231,64.000000,0.099186,26.914190,0.589584,631.069563,76.233702
284,2.233023,0.276795,0.101871,64.000000,0.099186,28.660695,0.973639,633.302586,76.335573
285,2.265289,0.277166,0.177233,64.000000,0.099186,28.252467,0.559635,635.567875,76.512806
286,1.895256,0.276575,0.562830,64.000000,0.099186,33.768526,0.176227,637.463131,77.075636
287,2.411393,0.277118,0.098212,64.000000,0.099186,26.540670,1.009919,639.874525,77.173848
288,2.352770,0.277815,0.154118,64.000000,0.099186,27.201981,0.643569,642.227294,77.327967
289,2.370273,0.277573,0.002065,64.000000,0.099186,27.001108,48.041705,644.597567,77.330031
290,2.259889,0.277036,0.163386,64.000000,0.099186,28.319974,0.607065,646.857457,77.493417
291,2.353683,0.277902,0.086784,64.000000,0.099186,27.191430,1.142907,649.211139,77.580201
292,2.140996,0.277868,0.209348,64.000000,0.099186,29.892631,0.473785,651.352135,77.789549
293,2.132163,0.290119,0.299019,64.000000,0.099186,30.016462,0.331705,653.484299,78.088568
294,2.190308,0.280313,0.229021,64.000000,0.099186,29.219638,0.433087,655.674606,78.317589
295,2.215193,0.276921,0.547737,64.000000,0.099186,28.891382,0.181083,657.889800,78.865326
296,2.313788,0.277943,0.052964,64.000000,0.099186,27.660268,1.872689,660.203588,78.918290
297,2.071974,0.282656,0.256809,64.000000,0.099186,30.888419,0.386224,662.275562,79.175100
298,2.299658,0.277045,0.169831,64.000000,0.099186,27.830230,0.584028,664.575219,79.344930
299,2.223318,0.296334,0.338735,64.000000,0.099186,28.785808,0.292813,666.798537,79.683665
300,1.931355,0.290720,0.365035,64.000000,0.099186,33.137365,0.271716,668.729892,80.048700
301,2.355718,0.278862,0.001343,64.000000,0.099186,27.167936,73.862321,671.085610,80.050043
302,2.111554,0.277031,0.339979,64.000000,0.099186,30.309435,0.291742,673.197164,80.390022
303,2.271466,0.278946,0.116503,64.000000,0.099186,28.175633,0.851360,675.468630,80.506525
304,2.310544,0.278687,0.124647,64.000000,0.099186,27.699110,0.795735,677.779173,80.631172
305,2.468004,0.277948,0.001385,64.000000,0.099186,25.931891,71.590106,680.247177,80.632557
306,2.368176,0.279652,0.188027,64.000000,0.099186,27.025020,0.527510,682.615353,80.820584
307,1.948008,0.313507,0.355624,64.000000,0.099186,32.854073,0.278906,684.563361,81.176208
308,2.378250,0.279773,0.119579,64.000000,0.099186,26.910548,0.829458,686.941611,81.295788
309,2.213521,0.278493,0.242496,64.000000,0.099186,28.913216,0.409021,689.155131,81.538284
310,2.197552,0.279429,0.221617,64.000000,0.099186,29.123310,0.447556,691.352684,81.759901
311,2.028136,0.279509,0.302293,64.000000,0.099186,31.556074,0.328112,693.380819,82.062193
312,2.036357,0.269941,0.681325,64.000000,0.099186,31.428667,0.145578,695.417177,82.743518
313,2.063258,0.293223,0.407192,64.000000,0.099186,31.018901,0.243585,697.480435,83.150710
314,2.311182,0.278722,0.084315,64.000000,0.099186,27.691460,1.176374,699.791617,83.235025
315,2.405853,0.278322,0.188028,64.000000,0.099186,26.601794,0.527507,702.197469,83.423053
316,2.407309,0.279683,0.185713,64.000000,0.099186,26.585705,0.534082,704.604778,83.608766
317,2.196733,0.281142,0.143815,64.000000,0.099186,29.134174,0.689680,706.801511,83.752580
318,2.142844,0.278239,0.306804,64.000000,0.099186,29.866848,0.323287,708.944355,84.059384
319,2.567942,0.278921,0.001355,64.000000,0.099186,24.922685,73.191262,711.512297,84.060740
320,2.262652,0.279502,0.183162,64.000000,0.099186,28.285394,0.541520,713.774949,84.243902
321,2.169191,0.281128,0.266326,64.000000,0.099186,29.504087,0.372423,715.944140,84.510227
322,2.246125,0.280355,0.230107,64.000000,0.099186,28.493523,0.431043,718.190264,84.740334
323,2.488594,0.280268,0.001443,64.000000,0.099186,25.717331,68.724497,720.678858,84.741777
324,2.160931,0.280756,0.223071,64.000000,0.099186,29.616869,0.444638,722.839789,84.964848
325,2.311617,0.279893,0.066959,64.000000,0.099186,27.686243,1.481287,725.151407,85.031808
326,2.201553,0.280589,0.198850,64.000000,0.099186,29.070393,0.498797,727.352959,85.230658
327,2.170356,0.282500,0.234202,64.000000,0.099186,29.488245,0.423507,729.523316,85.464859
328,2.207869,0.284773,0.146699,64.000000,0.099186,28.987232,0.676119,731.731184,85.611558
329,2.311627,0.281576,0.216207,64.000000,0.099186,27.686133,0.458755,734.042811,85.827765
330,2.125597,0.281557,0.472623,64.000000,0.099186,30.109193,0.209863,736.168407,86.300388
331,2.300459,0.278711,0.108658,64.000000,0.099186,27.820537,0.912823,738.468866,86.409047
332,2.071912,0.280075,0.335039,64.000000,0.099186,30.889339,0.296043,740.540778,86.744085
333,2.267165,0.280616,0.052915,64.000000,0.099186,28.229092,1.874428,742.807943,86.797001
334,2.018352,0.292647,0.288763,64.000000,0.099186,31.709032,0.343485,744.826295,87.085764
335,2.206282,0.281499,0.272667,64.000000,0.099186,29.008079,0.363763,747.032577,87.358431
336,2.137178,0.281048,0.216196,64.000000,0.099186,29.946034,0.458779,749.169755,87.574626
337,2.256647,0.301925,0.285521,64.000000,0.099186,28.360655,0.347386,751.426403,87.860147
338,2.135903,0.279871,0.231920,64.000000,0.099186,29.963913,0.427673,753.562305,88.092067
339,2.208291,0.279518,0.150319,64.000000,0.099186,28.981692,0.659838,755.770596,88.242386
340,2.262321,0.279201,0.077539,64.000000,0.099186,28.289527,1.279169,758.032917,88.319925
341,2.172084,0.280087,0.267630,64.000000,0.099186,29.464795,0.370609,760.205001,88.587555
342,2.464766,0.279643,0.001397,64.000000,0.099186,25.965949,71.020341,762.669767,88.588952
343,2.340340,0.279390,0.021095,64.000000,0.099186,27.346453,4.701785,765.010107,88.610047
344,1.862020,0.278810,0.521550,64.000000,0.099186,34.371270,0.190176,766.872128,89.131597
345,1.949580,0.288177,0.504915,64.000000,0.099186,32.827586,0.196441,768.821708,89.636512
346,2.757651,0.281541,0.001447,64.000000,0.099186,23.208156,68.562218,771.579359,89.637958
347,2.073383,0.283487,0.290541,64.000000,0.099186,30.867434,0.341384,773.652741,89.928499
348,2.187390,0.283853,0.253386,64.000000,0.099186,29.258620,0.391442,775.840131,90.181885
349,2.343845,0.280285,0.063777,64.000000,0.099186,27.305563,1.555192,778.183976,90.245663
350,2.261576,0.281729,0.212142,64.000000,0.099186,28.298846,0.467546,780.445552,90.457804
351,2.072844,0.299487,0.189880,64.000000,0.099186,30.875459,0.522362,782.518396,90.647684
352,2.186447,0.284088,0.189729,64.000000,0.099186,29.271230,0.522778,784.704843,90.837413
353,2.241536,0.281136,0.069799,64.000000,0.099186,28.551846,1.421027,786.946379,90.907211
354,2.412066,0.281667,0.133271,64.000000,0.099186,26.533266,0.744240,789.358446,91.040483
355,2.187499,0.282716,0.242710,64.000000,0.099186,29.257151,0.408660,791.545945,91.283193
356,2.320117,0.281343,0.128007,64.000000,0.099186,27.584815,0.774847,793.866062,91.411200
357,2.077563,0.293403,0.241469,64.000000,0.099186,30.805322,0.410761,795.943625,91.652669
358,2.312612,0.281527,0.254022,64.000000,0.099186,27.674337,0.390462,798.256237,91.906691
359,2.404401,0.280400,0.001413,64.000000,0.099186,26.617855,70.201599,800.660638,91.908104
360,2.149628,0.281701,0.128766,64.000000,0.099186,29.772588,0.770282,802.810266,92.036869
361,2.001407,0.280975,0.384546,64.000000,0.099186,31.977507,0.257930,804.811673,92.421415
362,2.169900,0.283906,0.223024,64.000000,0.099186,29.494449,0.444732,806.981573,92.644440
363,2.178802,0.281400,0.129327,64.000000,0.099186,29.373940,0.766937,809.160375,92.773767
364,2.311707,0.281179,0.169388,64.000000,0.099186,27.685166,0.585554,811.472082,92.943155
365,2.325710,0.283673,0.066810,64.000000,0.099186,27.518480,1.484597,813.797792,93.009965
366,2.361918,0.282280,0.267496,64.000000,0.099186,27.096617,0.370794,816.159711,93.277461
367,2.319779,0.280961,0.052265,64.000000,0.099186,27.588831,1.897733,818.479490,93.329727
368,2.186646,0.286746,0.194047,64.000000,0.099186,29.268567,0.511145,820.666136,93.523774
369,2.081157,0.283642,0.321131,64.000000,0.099186,30.752131,0.308864,822.747293,93.844905
370,2.255962,0.281847,0.106301,64.000000,0.099186,28.369274,0.933065,825.003255,93.951206
371,2.249868,0.281440,0.198133,64.000000,0.099186,28.446116,0.500602,827.253122,94.149339
372,2.087771,0.282654,0.324567,64.000000,0.099186,30.654707,0.305595,829.340893,94.473906
373,2.226566,0.284117,0.257536,64.000000,0.099186,28.743814,0.385134,831.567459,94.731442
374,2.264057,0.282210,0.177249,64.000000,0.099186,28.267846,0.559585,833.831516,94.908691
375,2.250201,0.281141,0.163049,64.000000,0.099186,28.441908,0.608319,836.081716,95.071740
376,2.226817,0.281855,0.191377,64.000000,0.099186,28.740572,0.518276,838.308534,95.263117
377,1.963453,0.275682,0.473232,64.000000,0.099186,32.595635,0.209593,840.271987,95.736349
378,2.346805,0.281400,0.041323,64.000000,0.099186,27.271125,2.400246,842.618791,95.777672
379,2.249254,0.283466,0.143123,64.000000,0.099186,28.453882,0.693012,844.868045,95.920795
380,2.324546,0.282175,0.051891,64.000000,0.099186,27.532262,1.911437,847.192591,95.972686
381,2.142827,0.283037,0.252007,64.000000,0.099186,29.867092,0.393584,849.335417,96.224693
382,1.745044,0.281777,0.791619,64.000000,0.099186,36.675289,0.125295,851.080461,97.016312
383,2.204462,0.284965,0.292544,64.000000,0.099186,29.032021,0.339046,853.284924,97.308856
384,1.683696,0.276379,0.755792,64.000000,0.099186,38.011607,0.131235,854.968620,98.064647
385,2.198360,0.282715,0.160985,64.000000,0.099186,29.112608,0.616118,857.166980,98.225633
386,2.259180,0.283075,0.201119,64.000000,0.099186,28.328864,0.493170,859.426160,98.426752
387,2.215484,0.283329,0.130359,64.000000,0.099186,28.887587,0.760865,861.641645,98.557111
388,2.265014,0.286679,0.291725,64.000000,0.099186,28.255893,0.339998,863.906659,98.848836
389,2.346124,0.285562,0.208883,64.000000,0.099186,27.279038,0.474839,866.252783,99.057719
390,2.277893,0.284058,0.144860,64.000000,0.099186,28.096139,0.684704,868.530676,99.202579
391,2.213093,0.285103,0.354016,64.000000,0.099186,28.918808,0.280173,870.743768,99.556595
392,2.211577,0.286211,0.196875,64.000000,0.099186,28.938627,0.503802,872.955345,99.753470
393,2.206818,0.284189,0.157889,64.000000,0.099186,29.001030,0.628199,875.162163,99.911359
394,2.476272,0.283616,0.001395,64.000000,0.099186,25.845301,71.083812,877.638436,99.912755
395,2.198406,0.285107,0.278077,64.000000,0.099186,29.112001,0.356686,879.836842,100.190831
396,2.304066,0.286087,0.186771,64.000000,0.099186,27.776981,0.531056,882.140908,100.377602
397,2.110467,0.283158,0.183103,64.000000,0.099186,30.325046,0.541695,884.251374,100.560705
398,2.996392,0.284058,0.001359,64.000000,0.099186,21.359023,72.980371,887.247766,100.562064
399,2.254255,0.288138,0.093733,64.000000,0.099186,28.390757,1.058177,889.502021,100.655797
400,2.170212,0.286996,0.272777,64.000000,0.099186,29.490210,0.363615,891.672233,100.928574
401,2.167512,0.286754,0.150568,64.000000,0.099186,29.526938,0.658744,893.839745,101.079142
402,2.058576,0.284763,0.436079,64.000000,0.099186,31.089450,0.227450,895.898321,101.515221
403,2.316034,0.284247,0.063810,64.000000,0.099186,27.633444,1.554387,898.214355,101.579031
404,2.326147,0.286669,0.207226,64.000000,0.099186,27.513306,0.478636,900.540503,101.786258
405,2.467963,0.283930,0.099396,64.000000,0.099186,25.932316,0.997887,903.008466,101.885654
406,2.293121,0.288162,0.158620,64.000000,0.099186,27.909557,0.625306,905.301587,102.044274
407,2.210736,0.287485,0.310323,64.000000,0.099186,28.949636,0.319622,907.512323,102.354596
408,2.287960,0.284356,0.186719,64.000000,0.099186,27.972516,0.531205,909.800283,102.541315
409,1.760801,0.279233,0.667594,64.000000,0.099186,36.347086,0.148572,911.561084,103.208909
410,2.150798,0.286039,0.310392,64.000000,0.099186,29.756398,0.319550,913.711882,103.519301
411,2.249704,0.285758,0.195559,64.000000,0.099186,28.448182,0.507192,915.961587,103.714860
412,2.285545,0.286603,0.092331,64.000000,0.099186,28.002075,1.074248,918.247132,103.807191
413,2.348903,0.284587,0.019455,64.000000,0.099186,27.246762,5.098275,920.596035,103.826646
414,2.192940,0.285959,0.170323,64.000000,0.099186,29.184572,0.582339,922.788974,103.996969
415,2.197326,0.286257,0.162879,64.000000,0.099186,29.126306,0.608954,924.986300,104.159848
416,2.217202,0.284634,0.195772,64.000000,0.099186,28.865214,0.506641,927.203502,104.355620
417,2.286835,0.284258,0.284028,64.000000,0.099186,27.986279,0.349212,929.490337,104.639648
418,2.459664,0.284893,0.008334,64.000000,0.099186,26.019811,11.901113,931.950001,104.647982
419,2.331266,0.286792,0.068936,64.000000,0.099186,27.452890,1.438816,934.281268,104.716918
420,2.196765,0.284883,0.257658,64.000000,0.099186,29.133744,0.384952,936.478033,104.974576
421,2.312116,0.287024,0.067019,64.000000,0.099186,27.680277,1.479957,938.790149,105.041595
422,2.237099,0.287523,0.102544,64.000000,0.099186,28.608475,0.967256,941.027248,105.144139
423,2.134202,0.286363,0.103036,64.000000,0.099186,29.987788,0.962634,943.161450,105.247175
424,2.277944,0.285602,0.090648,64.000000,0.099186,28.095514,1.094190,945.439394,105.337823
425,2.276287,0.285946,0.060346,64.000000,0.099186,28.115960,1.643613,947.715681,105.398169
426,2.235118,0.287645,0.182429,64.000000,0.099186,28.633834,0.543696,949.950799,105.580598
427,2.254914,0.285971,0.066628,64.000000,0.099186,28.382456,1.488644,952.205713,105.647227
428,2.263909,0.289589,0.030301,64.000000,0.099186,28.269683,3.273336,954.469623,105.677528
429,2.239791,0.289220,0.200654,64.000000,0.099186,28.574099,0.494314,956.709413,105.878181
430,2.253647,0.289106,0.133589,64.000000,0.099186,28.398416,0.742469,958.963060,106.011771
431,1.797895,0.278810,0.670179,64.000000,0.099186,35.597179,0.147999,960.760955,106.681949
432,1.988812,0.287772,0.490376,64.000000,0.099186,32.180020,0.202265,962.749767,107.172325
433,2.370781,0.287083,0.001337,64.000000,0.099186,26.995319,74.163648,965.120548,107.173663
434,2.100380,0.288564,0.221708,64.000000,0.099186,30.470674,0.447372,967.220928,107.395371
435,1.942802,0.287406,0.414686,64.000000,0.099186,32.942112,0.239183,969.163730,107.810057
436,2.678432,0.287200,0.094683,64.000000,0.099186,23.894575,1.047554,971.842163,107.904740
437,2.248770,0.292243,0.234289,64.000000,0.099186,28.460006,0.423348,974.090932,108.139030
438,2.229805,0.287326,0.203431,64.000000,0.099186,28.702065,0.487565,976.320737,108.342461
439,2.296127,0.290633,0.109053,64.000000,0.099186,27.873022,0.909524,978.616864,108.451514
440,2.179145,0.288230,0.268284,64.000000,0.099186,29.369322,0.369705,980.796009,108.719798
441,2.274823,0.291229,0.119081,64.000000,0.099186,28.134052,0.832929,983.070832,108.838879
442,2.126059,0.318453,0.227812,64.000000,0.099186,30.102647,0.435385,985.196891,109.066691
443,2.316522,0.290577,0.144845,64.000000,0.099186,27.627624,0.684772,987.513413,109.211536
444,2.069247,0.301628,0.321508,64.000000,0.099186,30.929132,0.308503,989.582660,109.533043
445,2.200046,0.290080,0.267325,64.000000,0.099186,29.090298,0.371031,991.782706,109.800369
446,2.334153,0.289161,0.095887,64.000000,0.099186,27.418940,1.034404,994.116859,109.896256
447,2.222614,0.287800,0.265468,64.000000,0.099186,28.794917,0.373626,996.339473,110.161724
448,2.624091,0.291069,0.013668,64.000000,0.099186,24.389398,7.256862,998.963564,110.175392
449,2.349298,0.289794,0.183571,64.000000,0.099186,27.242181,0.540314,1001.312862,110.358963
450,2.442634,0.287495,0.001391,64.000000,0.099186,26.201222,71.319595,1003.755496,110.360354
451,2.141769,0.290081,0.314813,64.000000,0.099186,29.881842,0.315063,1005.897265,110.675167
452,2.473437,0.287674,0.022081,64.000000,0.099186,25.874927,4.491982,1008.370702,110.697247
453,2.238878,0.287633,0.157946,64.000000,0.099186,28.585741,0.627974,1010.609581,110.855193
454,2.224938,0.288972,0.271906,64.000000,0.099186,28.764853,0.364781,1012.834518,111.127099
455,2.460772,0.287853,0.001466,64.000000,0.099186,26.008099,67.645444,1015.295290,111.128565
456,2.123694,0.289585,0.268755,64.000000,0.099186,30.136172,0.369057,1017.418984,111.397320
457,2.073422,0.292377,0.304527,64.000000,0.099186,30.866841,0.325705,1019.492406,111.701847
458,2.143811,0.293180,0.327526,64.000000,0.099186,29.853382,0.302834,1021.636217,112.029373
459,2.153566,0.289598,0.210722,64.000000,0.099186,29.718146,0.470696,1023.789784,112.240095
460,2.249698,0.289695,0.223007,64.000000,0.099186,28.448261,0.444765,1026.039482,112.463102
461,2.058705,0.288745,0.402099,64.000000,0.099186,31.087501,0.246671,1028.098187,112.865201
462,2.228398,0.288571,0.286877,64.000000,0.099186,28.720190,0.345743,1030.326584,113.152078
463,1.855170,0.288954,0.728031,64.000000,0.099186,34.498180,0.136239,1032.181755,113.880109
464,2.254549,0.288704,0.176745,64.000000,0.099186,28.387055,0.561183,1034.436304,114.056854
465,2.506550,0.289070,0.001452,64.000000,0.099186,25.533102,68.286928,1036.942854,114.058306
466,2.246849,0.288455,0.137981,64.000000,0.099186,28.484334,0.718837,1039.189703,114.196287
467,2.159249,0.288787,0.351787,64.000000,0.099186,29.639937,0.281949,1041.348952,114.548074
468,2.306721,0.291669,0.094309,64.000000,0.099186,27.745006,1.051713,1043.655673,114.642383
469,2.510700,0.288862,0.001373,64.000000,0.099186,25.490901,72.227788,1046.166373,114.643756
470,2.374953,0.290991,0.115529,64.000000,0.099186,26.947901,0.858541,1048.541326,114.759285
471,2.023836,0.290020,0.559512,64.000000,0.099186,31.623119,0.177272,1050.565162,115.318796
472,2.407218,0.290295,0.039540,64.000000,0.099186,26.586710,2.508505,1052.972380,115.358336
473,2.289000,0.291767,0.106939,64.000000,0.099186,27.959805,0.927501,1055.261380,115.465275
474,2.174141,0.290781,0.225620,64.000000,0.099186,29.436910,0.439614,1057.435521,115.690895
475,2.400674,0.292668,0.001460,64.000000,0.099186,26.659178,67.952752,1059.836195,115.692355
476,1.829215,0.289178,0.546206,64.000000,0.099186,34.987678,0.181591,1061.665411,116.238561
477,2.226568,0.291670,0.098470,64.000000,0.099186,28.743783,1.007270,1063.891979,116.337031
478,2.195237,0.292358,0.324607,64.000000,0.099186,29.154025,0.305557,1066.087216,116.661638
479,1.957003,0.290884,0.367034,64.000000,0.099186,32.703068,0.270236,1068.044219,117.028672
480,2.006486,0.291589,0.299836,64.000000,0.099186,31.896564,0.330801,1070.050705,117.328509
481,2.105103,0.301510,0.333518,64.000000,0.099186,30.402306,0.297393,1072.155808,117.662027
482,1.906065,0.294122,0.564911,64.000000,0.099186,33.577021,0.175578,1074.061874,118.226938
483,2.259866,0.294566,0.088487,64.000000,0.099186,28.320259,1.120908,1076.321740,118.315425
484,2.258179,0.292018,0.156258,64.000000,0.099186,28.341414,0.634759,1078.579920,118.471683
485,2.340490,0.290620,0.001414,64.000000,0.099186,27.344702,70.125065,1080.920410,118.473097
486,2.371912,0.291358,0.036405,64.000000,0.099186,26.982455,2.724510,1083.292321,118.509502
487,2.119353,0.292320,0.274292,64.000000,0.099186,30.197897,0.361607,1085.411674,118.783795
488,2.137364,0.291970,0.188001,64.000000,0.099186,29.943431,0.527583,1087.549038,118.971795
489,2.374741,0.292039,0.062373,64.000000,0.099186,26.950310,1.590197,1089.923779,119.034168
490,2.138513,0.291656,0.281936,64.000000,0.099186,29.927334,0.351803,1092.062292,119.316104
491,2.149867,0.291065,0.297657,64.000000,0.099186,29.769278,0.333222,1094.212159,119.613761
492,2.209838,0.291015,0.147879,64.000000,0.099186,28.961399,0.670725,1096.421997,119.761640
493,2.333444,0.297388,0.100404,64.000000,0.099186,27.427266,0.987868,1098.755442,119.862044
494,2.162406,0.291392,0.187111,64.000000,0.099186,29.596667,0.530092,1100.917847,120.049155
495,2.174266,0.294774,0.370347,64.000000,0.099186,29.435226,0.267819,1103.092113,120.419502
496,2.380347,0.290248,0.235547,64.000000,0.099186,26.886833,0.421087,1105.472460,120.655049
497,2.291650,0.290614,0.056174,64.000000,0.099186,27.927471,1.765681,1107.764111,120.711223
498,2.294662,0.290497,0.057711,64.000000,0.099186,27.890816,1.718658,1110.058773,120.768935
499,2.041102,0.292645,0.305846,64.000000,0.099186,31.355608,0.324300,1112.099875,121.074781
500,2.234830,0.292750,0.129179,64.000000,0.099186,28.637519,0.767819,1114.334706,121.203960
501,1.929355,0.291745,0.543421,64.000000,0.099186,33.171710,0.182521,1116.264060,121.747381
502,1.930573,0.293019,0.415260,64.000000,0.099186,33.150774,0.238853,1118.194634,122.162641
503,2.257392,0.296964,0.312377,64.000000,0.099186,28.351306,0.317520,1120.452025,122.475018
504,2.452788,0.294161,0.031072,64.000000,0.099186,26.092753,3.192178,1122.904814,122.506090
505,2.376571,0.293763,0.001434,64.000000,0.099186,26.929556,69.161296,1125.281385,122.507524
506,2.285871,0.295004,0.159122,64.000000,0.099186,27.998084,0.623331,1127.567255,122.666646
507,2.387214,0.292264,0.240871,64.000000,0.099186,26.809499,0.411781,1129.954469,122.907517
508,2.343552,0.295295,0.068401,64.000000,0.099186,27.308969,1.450075,1132.298021,122.975918
509,2.113074,0.296325,0.318307,64.000000,0.099186,30.287621,0.311604,1134.411096,123.294225
510,2.291806,0.291594,0.064387,64.000000,0.099186,27.925571,1.540460,1136.702902,123.358612
511,2.147027,0.295782,0.349210,64.000000,0.099186,29.808658,0.284029,1138.849929,123.707823
512,1.890405,0.294642,0.551712,64.000000,0.099186,33.855185,0.179778,1140.740334,124.259535
513,2.288015,0.293494,0.101930,64.000000,0.099186,27.971842,0.973079,1143.028349,124.361465
514,2.140337,0.293569,0.182709,64.000000,0.099186,29.901830,0.542863,1145.168686,124.544174
515,1.992038,0.295441,0.320368,64.000000,0.099186,32.127909,0.309600,1147.160724,124.864542
516,2.338117,0.290479,0.041848,64.000000,0.099186,27.372449,2.370176,1149.498841,124.906389
517,2.060192,0.296071,0.260796,64.000000,0.099186,31.065072,0.380320,1151.559033,125.167185
518,2.339297,0.290796,0.059563,64.000000,0.099186,27.358652,1.665239,1153.898330,125.226748
519,1.944629,0.290086,0.443102,64.000000,0.099186,32.911170,0.223844,1155.842958,125.669850
520,2.427462,0.293907,0.011187,64.000000,0.099186,26.364988,8.865791,1158.270420,125.681037
521,2.336730,0.293563,0.141971,64.000000,0.099186,27.388698,0.698637,1160.607150,125.823008
522,2.469332,0.293259,0.146294,64.000000,0.099186,25.917938,0.677991,1163.076482,125.969302
523,2.267458,0.295146,0.098029,64.000000,0.099186,28.225446,1.011802,1165.343940,126.067331
524,2.205309,0.294396,0.135255,64.000000,0.099186,29.020883,0.733326,1167.549248,126.202586
525,2.162435,0.294895,0.248076,64.000000,0.099186,29.596261,0.399821,1169.711684,126.450661
526,2.467257,0.295210,0.001383,64.000000,0.099186,25.939736,71.703498,1172.178941,126.452045
527,2.243848,0.292641,0.251111,64.000000,0.099186,28.522434,0.394988,1174.422789,126.703156
528,2.083635,0.292885,0.196971,64.000000,0.099186,30.715554,0.503556,1176.506424,126.900127
529,1.713962,0.286694,0.797130,64.000000,0.099186,37.340382,0.124429,1178.220386,127.697257
530,2.298374,0.294737,0.118338,64.000000,0.099186,27.845778,0.838156,1180.518759,127.815595
531,2.252924,0.293612,0.210985,64.000000,0.099186,28.407529,0.470109,1182.771683,128.026580
532,2.289536,0.296335,0.121562,64.000000,0.099186,27.953263,0.815932,1185.061219,128.148142
533,2.259755,0.295461,0.105396,64.000000,0.099186,28.321651,0.941082,1187.320974,128.253537
534,2.013831,0.296962,0.335038,64.000000,0.099186,31.780224,0.296044,1189.334805,128.588576
535,2.258769,0.296199,0.124363,64.000000,0.099186,28.334012,0.797555,1191.593575,128.712938
536,2.382724,0.292264,0.001362,64.000000,0.099186,26.860012,72.808084,1193.976299,128.714300
537,2.156211,0.294495,0.295261,64.000000,0.099186,29.681690,0.335926,1196.132510,129.009562
538,2.280731,0.297774,0.066706,64.000000,0.099186,28.061180,1.486903,1198.413241,129.076268
539,2.326061,0.295220,0.041209,64.000000,0.099186,27.514325,2.406881,1200.739302,129.117477
540,2.474904,0.294469,0.027311,64.000000,0.099186,25.859589,3.631662,1203.214206,129.144789
541,2.022255,0.294576,0.361150,64.000000,0.099186,31.647837,0.274639,1205.236461,129.505939
542,2.217202,0.292801,0.114802,64.000000,0.099186,28.865205,0.863971,1207.453664,129.620741
543,2.232271,0.294176,0.123218,64.000000,0.099186,28.670354,0.804965,1209.685935,129.743959
544,1.985685,0.292128,0.493349,64.000000,0.099186,32.230694,0.201046,1211.671620,130.237308
545,2.437831,0.291974,0.001307,64.000000,0.099186,26.252847,75.885812,1214.109450,130.238615
546,2.244680,0.296940,0.230312,64.000000,0.099186,28.511861,0.430659,1216.354130,130.468927
547,2.297694,0.293852,0.166792,64.000000,0.099186,27.854018,0.594669,1218.651824,130.635719
548,2.180491,0.292583,0.234276,64.000000,0.099186,29.351185,0.423373,1220.832315,130.869995
549,2.389136,0.294858,0.073862,64.000000,0.099186,26.787928,1.342850,1223.221451,130.943857
550,2.187230,0.291545,0.224302,64.000000,0.099186,29.260751,0.442198,1225.408681,131.168159
551,2.123080,0.291999,0.224537,64.000000,0.099186,30.144886,0.441736,1227.531761,131.392696
552,2.253146,0.291907,0.106676,64.000000,0.099186,28.404731,0.929786,1229.784907,131.499372
553,2.268462,0.294376,0.254727,64.000000,0.099186,28.212949,0.389382,1232.053369,131.754099
554,2.164648,0.283511,0.846441,64.000000,0.099186,29.566005,0.117180,1234.218017,132.600540
555,2.485063,0.290950,0.030465,64.000000,0.099186,25.753875,3.255682,1236.703080,132.631006
556,2.046324,0.294209,0.402334,64.000000,0.099186,31.275597,0.246527,1238.749404,133.033339
557,2.197706,0.297508,0.080742,64.000000,0.099186,29.121279,1.228437,1240.947109,133.114081
558,1.832655,0.296412,0.518097,64.000000,0.099186,34.922014,0.191443,1242.779764,133.632178
559,2.277768,0.292984,0.070771,64.000000,0.099186,28.097686,1.401496,1245.057532,133.702949
560,2.155716,0.293124,0.158457,64.000000,0.099186,29.688517,0.625949,1247.213248,133.861406
561,2.145552,0.290425,0.230284,64.000000,0.099186,29.829152,0.430712,1249.358800,134.091690
562,2.375311,0.292758,0.001394,64.000000,0.099186,26.943839,71.151274,1251.734111,134.093084
563,2.331417,0.290960,0.052912,64.000000,0.099186,27.451115,1.874538,1254.065528,134.145996
564,2.153235,0.293451,0.262062,64.000000,0.099186,29.722721,0.378482,1256.218763,134.408058
565,2.321567,0.291938,0.051619,64.000000,0.099186,27.567587,1.921493,1258.540330,134.459678
566,2.014462,0.294401,0.328724,64.000000,0.099186,31.770265,0.301730,1260.554792,134.788402
567,2.317052,0.292315,0.051107,64.000000,0.099186,27.621307,1.940757,1262.871844,134.839509
568,2.124546,0.294030,0.362135,64.000000,0.099186,30.124078,0.273892,1264.996390,135.201644
569,2.313731,0.292888,0.132681,64.000000,0.099186,27.660948,0.747550,1267.310122,135.334325
570,2.364716,0.292487,0.070016,64.000000,0.099186,27.064557,1.416616,1269.674838,135.404341
571,2.060159,0.291271,0.370834,64.000000,0.099186,31.065559,0.267467,1271.734997,135.775176
572,2.374127,0.293110,0.001384,64.000000,0.099186,26.957280,71.677072,1274.109124,135.776559
573,2.173763,0.292920,0.199707,64.000000,0.099186,29.442029,0.496657,1276.282887,135.976266
574,2.327414,0.292707,0.029152,64.000000,0.099186,27.498331,3.402361,1278.610301,136.005418
575,2.203428,0.294282,0.192138,64.000000,0.099186,29.045654,0.516223,1280.813729,136.197556
576,2.301394,0.296512,0.204360,64.000000,0.099186,27.809228,0.485350,1283.115123,136.401916
577,2.446474,0.293393,0.001370,64.000000,0.099186,26.160093,72.402304,1285.561598,136.403286
578,2.290804,0.295703,0.150140,64.000000,0.099186,27.937789,0.660622,1287.852402,136.553426
579,2.177287,0.293719,0.152452,64.000000,0.099186,29.394377,0.650604,1290.029689,136.705878
580,2.137433,0.294116,0.266441,64.000000,0.099186,29.942456,0.372263,1292.167122,136.972319
581,1.855413,0.296962,0.517739,64.000000,0.099186,34.493668,0.191575,1294.022535,137.490057
582,2.053163,0.308885,0.272202,64.000000,0.099186,31.171420,0.364383,1296.075698,137.762260
583,2.215205,0.300294,0.269075,64.000000,0.099186,28.891230,0.368618,1298.290903,138.031335
584,2.161205,0.295524,0.197702,64.000000,0.099186,29.613110,0.501693,1300.452108,138.229037
585,2.246871,0.292683,0.060655,64.000000,0.099186,28.484050,1.635240,1302.698980,138.289693
586,2.484688,0.292509,0.032494,64.000000,0.099186,25.757758,3.052396,1305.183668,138.322187
587,2.161285,0.294124,0.136248,64.000000,0.099186,29.612020,0.727982,1307.344952,138.458435
588,2.165112,0.295712,0.191486,64.000000,0.099186,29.559670,0.517981,1309.510065,138.649921
589,2.120250,0.287612,0.741246,64.000000,0.099186,30.185114,0.133810,1311.630315,139.391167
590,2.128551,0.293743,0.304601,64.000000,0.099186,30.067409,0.325626,1313.758866,139.695768
591,2.269723,0.294542,0.205109,64.000000,0.099186,28.197274,0.483576,1316.028588,139.900877
592,1.966649,0.293734,0.386692,64.000000,0.099186,32.542673,0.256498,1317.995237,140.287570
593,2.236045,0.292854,0.109484,64.000000,0.099186,28.621959,0.905941,1320.231282,140.397054
594,2.252901,0.296020,0.045920,64.000000,0.099186,28.407813,2.159978,1322.484184,140.442973
595,2.207777,0.294323,0.140027,64.000000,0.099186,28.988431,0.708333,1324.691961,140.583001
596,2.178341,0.295304,0.155677,64.000000,0.099186,29.380161,0.637125,1326.870302,140.738678
597,2.112982,0.302408,0.354047,64.000000,0.099186,30.288951,0.280149,1328.983284,141.092725
598,2.283542,0.294259,0.166843,64.000000,0.099186,28.026633,0.594486,1331.266826,141.259568
599,2.225911,0.292740,0.196016,64.000000,0.099186,28.752270,0.506010,1333.492737,141.455584
600,2.138822,0.290235,0.219626,64.000000,0.099186,29.923018,0.451614,1335.631559,141.675210
601,2.333969,0.293066,0.052198,64.000000,0.099186,27.421102,1.900180,1337.965528,141.727408
602,2.312725,0.294543,0.097079,64.000000,0.099186,27.672978,1.021702,1340.278253,141.824487
603,2.243136,0.295176,0.180643,64.000000,0.099186,28.531480,0.549072,1342.521389,142.005130
604,1.859842,0.289215,0.469205,64.000000,0.099186,34.411526,0.211391,1344.381231,142.474335
605,2.243404,0.293331,0.160126,64.000000,0.099186,28.528082,0.619424,1346.624635,142.634461
606,2.000393,0.294930,0.529206,64.000000,0.099186,31.993709,0.187424,1348.625028,143.163667
607,2.373718,0.293078,0.001383,64.000000,0.099186,26.961917,71.692977,1350.998747,143.165051
608,2.353510,0.293867,0.084887,64.000000,0.099186,27.193422,1.168442,1353.352257,143.249938
609,2.243988,0.295307,0.137742,64.000000,0.099186,28.520652,0.720085,1355.596245,143.387680
610,2.344787,0.291158,0.046237,64.000000,0.099186,27.294587,2.145170,1357.941032,143.433917
611,2.162565,0.292212,0.202865,64.000000,0.099186,29.594488,0.488926,1360.103597,143.636782
612,2.240408,0.292110,0.128879,64.000000,0.099186,28.566221,0.769603,1362.344005,143.765661
613,2.304761,0.295012,0.179172,64.000000,0.099186,27.768610,0.553579,1364.648766,143.944833
614,2.271146,0.291278,0.099921,64.000000,0.099186,28.179608,0.992641,1366.919912,144.044755
615,2.161772,0.294625,0.370694,64.000000,0.099186,29.605341,0.267568,1369.081684,144.415449
616,2.294198,0.291564,0.182319,64.000000,0.099186,27.896457,0.544023,1371.375882,144.597768
617,2.384663,0.292640,0.001388,64.000000,0.099186,26.838178,71.435013,1373.760545,144.599156
618,2.307147,0.293158,0.087887,64.000000,0.099186,27.739890,1.128566,1376.067692,144.687043
619,2.219201,0.293305,0.180755,64.000000,0.099186,28.839202,0.548731,1378.286893,144.867798
620,2.391283,0.292482,0.041323,64.000000,0.099186,26.763875,2.400266,1380.678176,144.909121
621,2.257300,0.292977,0.039992,64.000000,0.099186,28.352452,2.480126,1382.935476,144.949113
622,2.286836,0.294474,0.080032,64.000000,0.099186,27.986269,1.239330,1385.222312,145.029145
623,2.402948,0.291887,0.051167,64.000000,0.099186,26.633950,1.938488,1387.625260,145.080312
624,2.222444,0.291686,0.240183,64.000000,0.099186,28.797123,0.412960,1389.847705,145.320495
625,2.343913,0.291119,0.116831,64.000000,0.099186,27.304766,0.848968,1392.191618,145.437326
626,2.157252,0.295298,0.188969,64.000000,0.099186,29.667379,0.524879,1394.348869,145.626295
627,2.160267,0.292833,0.087166,64.000000,0.099186,29.625967,1.137891,1396.509136,145.713461
628,2.070419,0.294170,0.302647,64.000000,0.099186,30.911611,0.327728,1398.579556,146.016108
629,2.380188,0.296098,0.001350,64.000000,0.099186,26.888632,73.449959,1400.959744,146.017459
630,2.239091,0.294460,0.102491,64.000000,0.099186,28.583032,0.967750,1403.198834,146.119950
631,2.282587,0.295798,0.296207,64.000000,0.099186,28.038359,0.334854,1405.481422,146.416157
632,2.233549,0.296898,0.150083,64.000000,0.099186,28.653948,0.660873,1407.714971,146.566240
633,2.204134,0.306431,0.284957,64.000000,0.099186,29.036352,0.348074,1409.919104,146.851196
634,2.550279,0.293323,0.001303,64.000000,0.099186,25.095298,76.147747,1412.469383,146.852499
635,2.140423,0.297438,0.171126,64.000000,0.099186,29.900629,0.579609,1414.609806,147.023625
636,2.305096,0.293378,0.080925,64.000000,0.099186,27.764565,1.225648,1416.914902,147.104550
637,2.166512,0.293709,0.210348,64.000000,0.099186,29.540570,0.471532,1419.081414,147.314898
638,2.012949,0.294181,0.329213,64.000000,0.099186,31.794143,0.301282,1421.094364,147.644111
639,2.305503,0.293949,0.145334,64.000000,0.099186,27.759669,0.682468,1423.399867,147.789446
640,2.103275,0.292848,0.295960,64.000000,0.099186,30.428735,0.335133,1425.503142,148.085406
641,2.022412,0.292663,0.380346,64.000000,0.099186,31.645378,0.260778,1427.525554,148.465752
642,2.282094,0.293512,0.224449,64.000000,0.099186,28.044422,0.441908,1429.807648,148.690202
643,2.515752,0.297962,0.001406,64.000000,0.099186,25.439710,70.542711,1432.323400,148.691608
644,2.384788,0.294949,0.065844,64.000000,0.099186,26.836766,1.506378,1434.708188,148.757452
645,2.287136,0.296344,0.130384,64.000000,0.099186,27.982595,0.760724,1436.995324,148.887835
646,2.160162,0.292044,0.257829,64.000000,0.099186,29.627412,0.384697,1439.155486,149.145664
647,2.350315,0.294814,0.131176,64.000000,0.099186,27.230393,0.756127,1441.505800,149.276840
648,2.272543,0.294780,0.054365,64.000000,0.099186,28.162282,1.824454,1443.778344,149.331205
649,2.258984,0.297348,0.111968,64.000000,0.099186,28.331320,0.885842,1446.037328,149.443173
650,2.256393,0.291868,0.082247,64.000000,0.099186,28.363852,1.205952,1448.293721,149.525420
651,2.277612,0.293276,0.066778,64.000000,0.099186,28.099602,1.485301,1450.571333,149.592198
652,2.455586,0.294418,0.001326,64.000000,0.099186,26.063028,74.824450,1453.026919,149.593524
653,2.108410,0.291237,0.186318,64.000000,0.099186,30.354624,0.532347,1455.135329,149.779842
654,2.307094,0.292708,0.044548,64.000000,0.099186,27.740524,2.226482,1457.442423,149.824391
655,2.295719,0.295571,0.191037,64.000000,0.099186,27.877970,0.519199,1459.738143,150.015427
656,2.222423,0.295103,0.158226,64.000000,0.099186,28.797398,0.626863,1461.960566,150.173653
657,1.967074,0.293352,0.344808,64.000000,0.099186,32.535641,0.287656,1463.927639,150.518461
658,1.994439,0.288272,0.785247,64.000000,0.099186,32.089220,0.126312,1465.922078,151.303708
659,2.127651,0.293957,0.174641,64.000000,0.099186,30.080121,0.567943,1468.049729,151.478348
660,2.328199,0.291802,0.071514,64.000000,0.099186,27.489055,1.386943,1470.377929,151.549862
661,1.910054,0.291772,0.588482,64.000000,0.099186,33.506905,0.168545,1472.287983,152.138344
662,2.390748,0.292629,0.101591,64.000000,0.099186,26.769867,0.976323,1474.678731,152.239935
663,2.156690,0.293313,0.195572,64.000000,0.099186,29.675111,0.507159,1476.835420,152.435507
664,2.291610,0.297831,0.027191,64.000000,0.099186,27.927966,3.647784,1479.127030,152.462698
665,2.242107,0.293185,0.240605,64.000000,0.099186,28.544574,0.412236,1481.369137,152.703302
666,2.370152,0.293416,0.067310,64.000000,0.099186,27.002488,1.473568,1483.739289,152.770612
667,2.457521,0.292572,0.152660,64.000000,0.099186,26.042506,0.649718,1486.196810,152.923272
668,2.019728,0.292971,0.312162,64.000000,0.099186,31.687434,0.317739,1488.216538,153.235434
669,2.119535,0.294038,0.320634,64.000000,0.099186,30.195302,0.309343,1490.336073,153.556068
670,2.308780,0.294652,0.231694,64.000000,0.099186,27.720270,0.428090,1492.644853,153.787762
671,2.172666,0.294299,0.282492,64.000000,0.099186,29.456892,0.351111,1494.817519,154.070254
672,2.115617,0.293241,0.212935,64.000000,0.099186,30.251217,0.465804,1496.933137,154.283189
673,2.203581,0.292854,0.153119,64.000000,0.099186,29.043637,0.647770,1499.136718,154.436308
674,2.139606,0.294998,0.226777,64.000000,0.099186,29.912053,0.437371,1501.276323,154.663085
675,2.201096,0.294655,0.173549,64.000000,0.099186,29.076420,0.571515,1503.477420,154.836635
676,2.304085,0.291275,0.083684,64.000000,0.099186,27.776755,1.185242,1505.781504,154.920319
677,2.230762,0.293134,0.146256,64.000000,0.099186,28.689752,0.678167,1508.012266,155.066575
678,2.099650,0.293004,0.208532,64.000000,0.099186,30.481275,0.475638,1510.111916,155.275107
679,2.053444,0.292325,0.256657,64.000000,0.099186,31.167153,0.386453,1512.165360,155.531764
680,2.136045,0.293396,0.240622,64.000000,0.099186,29.961916,0.412206,1514.301405,155.772386
681,2.065042,0.292777,0.397625,64.000000,0.099186,30.992100,0.249446,1516.366447,156.170011
682,2.051960,0.308952,0.460165,64.000000,0.099186,31.189693,0.215544,1518.418407,156.630176
683,2.033541,0.307380,0.278739,64.000000,0.099186,31.472202,0.355838,1520.451948,156.908916
684,2.130803,0.293861,0.194400,64.000000,0.099186,30.035627,0.510216,1522.582750,157.103315
685,2.153234,0.302641,0.191090,64.000000,0.099186,29.722734,0.519053,1524.735984,157.294406
686,2.227314,0.417768,0.194587,64.000000,0.099186,28.734166,0.509727,1526.963298,157.488992
687,2.106844,0.298616,0.281197,64.000000,0.099186,30.377196,0.352728,1529.070142,157.770189
688,2.136275,0.309768,0.155978,64.000000,0.099186,29.958687,0.635896,1531.206417,157.926167
689,2.476867,0.297111,0.001360,64.000000,0.099186,25.839097,72.938242,1533.683284,157.927527
690,2.100950,0.294861,0.275870,64.000000,0.099186,30.462406,0.359539,1535.784234,158.203397
691,2.376508,0.292606,0.008652,64.000000,0.099186,26.930271,11.464091,1538.160742,158.212048
692,2.398376,0.293512,0.014518,64.000000,0.099186,26.684723,6.832114,1540.559118,158.226566
693,2.063672,0.296283,0.337315,64.000000,0.099186,31.012676,0.294046,1542.622790,158.563881
694,2.286025,0.294272,0.088917,64.000000,0.099186,27.996197,1.115494,1544.908815,158.652797
695,2.272195,0.294188,0.212060,64.000000,0.099186,28.166598,0.467726,1547.181010,158.864857
696,2.229725,0.294247,0.191730,64.000000,0.099186,28.703098,0.517322,1549.410734,159.056587
697,2.270621,0.297865,0.077870,64.000000,0.099186,28.186116,1.273745,1551.681356,159.134456
698,2.106873,0.299471,0.221197,64.000000,0.099186,30.376772,0.448405,1553.788229,159.355654
699,2.128637,0.291999,0.312112,64.000000,0.099186,30.066183,0.317789,1555.916866,159.667766
700,2.246931,0.295083,0.268642,64.000000,0.099186,28.483299,0.369213,1558.163797,159.936408
701,2.119030,0.310163,0.342628,64.000000,0.099186,30.202494,0.289486,1560.282827,160.279036
702,2.061146,0.292893,0.350891,64.000000,0.099186,31.050684,0.282669,1562.343973,160.629927
703,2.256288,0.294238,0.244319,64.000000,0.099186,28.365175,0.405970,1564.600261,160.874245
704,2.154736,0.295989,0.338369,64.000000,0.099186,29.702020,0.293130,1566.754996,161.212614
705,2.327648,0.294123,0.004030,64.000000,0.099186,27.495564,24.614315,1569.082645,161.216644
706,2.240966,0.294385,0.085344,64.000000,0.099186,28.559110,1.162193,1571.323611,161.301987
707,2.150145,0.294170,0.288380,64.000000,0.099186,29.765434,0.343942,1573.473756,161.590368
708,2.204424,0.293509,0.402417,64.000000,0.099186,29.032528,0.246476,1575.678180,161.992784
709,2.274586,0.291314,0.108512,64.000000,0.099186,28.136985,0.914058,1577.952766,162.101296
710,2.043478,0.292709,0.308306,64.000000,0.099186,31.319159,0.321713,1579.996244,162.409602
711,2.232975,0.299177,0.304057,64.000000,0.099186,28.661320,0.326208,1582.229218,162.713659
712,2.247893,0.293917,0.193619,64.000000,0.099186,28.471102,0.512273,1584.477112,162.907278
713,2.230126,0.294529,0.320857,64.000000,0.099186,28.697930,0.309128,1586.707238,163.228135
714,2.168084,0.295640,0.218126,64.000000,0.099186,29.519150,0.454718,1588.875322,163.446262
715,2.321103,0.293013,0.057100,64.000000,0.099186,27.573103,1.737052,1591.196424,163.503362
716,2.444201,0.292902,0.048653,64.000000,0.099186,26.184430,2.038651,1593.640625,163.552015
717,2.232599,0.291582,0.064225,64.000000,0.099186,28.666140,1.544359,1595.873224,163.616239
718,1.911216,0.295561,0.531430,64.000000,0.099186,33.486528,0.186640,1597.784440,164.147670
719,2.382410,0.294090,0.001325,64.000000,0.099186,26.863556,74.858728,1600.166850,164.148995
720,2.146326,0.294477,0.153128,64.000000,0.099186,29.818394,0.647732,1602.313176,164.302123
721,1.796945,0.297742,0.711184,64.000000,0.099186,35.616006,0.139466,1604.110121,165.013306
722,2.332171,0.295233,0.039612,64.000000,0.099186,27.442238,2.503966,1606.442293,165.052918
723,2.259133,0.294190,0.182562,64.000000,0.099186,28.329450,0.543299,1608.701426,165.235480
724,2.264525,0.292506,0.086750,64.000000,0.099186,28.262001,1.143348,1610.965951,165.322231
725,1.822419,0.284914,0.591966,64.000000,0.099186,35.118163,0.167553,1612.788369,165.914197
726,2.281503,0.292715,0.084046,64.000000,0.099186,28.051683,1.180139,1615.069872,165.998243
727,2.419353,0.294096,0.001446,64.000000,0.099186,26.453354,68.570702,1617.489225,165.999689
728,2.300964,0.294405,0.069353,64.000000,0.099186,27.814426,1.430169,1619.790190,166.069042
729,2.341182,0.292755,0.007712,64.000000,0.099186,27.336616,12.860923,1622.131372,166.076754
730,2.202446,0.309414,0.278714,64.000000,0.099186,29.058597,0.355869,1624.333818,166.355468
731,2.188480,0.328556,0.233429,64.000000,0.099186,29.244036,0.424909,1626.522299,166.588897
732,2.216397,0.293523,0.191413,64.000000,0.099186,28.875688,0.518177,1628.738696,166.780310
733,2.123151,0.293867,0.250349,64.000000,0.099186,30.143880,0.396190,1630.861847,167.030659
734,2.379636,0.294872,0.001363,64.000000,0.099186,26.894873,72.759268,1633.241483,167.032023
735,2.276498,0.298068,1.140705,64.000000,0.099186,28.113359,0.086951,1635.517980,168.172727
736,2.466426,0.295390,0.071605,64.000000,0.099186,25.948476,1.385176,1637.984406,168.244333
737,2.311195,0.292785,0.042075,64.000000,0.099186,27.691306,2.357346,1640.295601,168.286408
738,2.367715,0.294729,0.041266,64.000000,0.099186,27.030284,2.403597,1642.663316,168.327673
739,2.330069,0.295184,0.155087,64.000000,0.099186,27.466994,0.639552,1644.993385,168.482760
740,2.166742,0.293104,0.306249,64.000000,0.099186,29.537438,0.323874,1647.160127,168.789009
741,2.318923,0.311827,0.276633,64.000000,0.099186,27.599022,0.358547,1649.479050,169.065642
742,2.271959,0.294040,0.072852,64.000000,0.099186,28.169521,1.361475,1651.751009,169.138494
743,2.158373,0.293641,0.144549,64.000000,0.099186,29.651963,0.686174,1653.909382,169.283043
744,2.052261,0.293433,0.283928,64.000000,0.099186,31.185119,0.349335,1655.961643,169.566970
745,2.237656,0.292733,0.180868,64.000000,0.099186,28.601362,0.548389,1658.199299,169.747838
746,2.360902,0.293439,0.131882,64.000000,0.099186,27.108288,0.752082,1660.560200,169.879720
747,2.302338,0.302623,0.253922,64.000000,0.099186,27.797833,0.390616,1662.862538,170.133642
748,2.218384,0.293758,0.106231,64.000000,0.099186,28.849830,0.933680,1665.080922,170.239873
749,2.065432,0.294478,0.313254,64.000000,0.099186,30.986256,0.316631,1667.146354,170.553128
750,2.189191,0.293647,0.132862,64.000000,0.099186,29.234537,0.746532,1669.335545,170.685990
751,2.342282,0.292342,0.120271,64.000000,0.099186,27.323779,0.824688,1671.677827,170.806261
752,2.105822,0.292314,0.215265,64.000000,0.099186,30.391935,0.460761,1673.783649,171.021526
753,2.270469,0.295665,0.061036,64.000000,0.099186,28.188008,1.625046,1676.054118,171.082562
754,2.062035,0.310485,0.374620,64.000000,0.099186,31.037300,0.264764,1678.116153,171.457182
755,2.437419,0.292760,0.059688,64.000000,0.099186,26.257288,1.661752,1680.553572,171.516870
756,1.896242,0.291066,0.492917,64.000000,0.099186,33.750970,0.201222,1682.449814,172.009787
757,2.336400,0.292902,0.108584,64.000000,0.099186,27.392574,0.913452,1684.786213,172.118371
758,2.073693,0.294884,0.301695,64.000000,0.099186,30.862810,0.328763,1686.859906,172.420065
759,2.402364,0.291469,0.132932,64.000000,0.099186,26.640431,0.746143,1689.262270,172.552997
760,2.339833,0.292001,0.150893,64.000000,0.099186,27.352382,0.657326,1691.602103,172.703890
761,2.189912,0.292760,0.224473,64.000000,0.099186,29.224916,0.441862,1693.792015,172.928363
762,2.332540,0.295238,0.001381,64.000000,0.099186,27.437902,71.846747,1696.124555,172.929743
763,2.091700,0.294200,0.216066,64.000000,0.099186,30.597124,0.459054,1698.216255,173.145809
764,2.443800,0.293169,0.186353,64.000000,0.099186,26.188727,0.532248,1700.660054,173.332162
765,2.469301,0.291901,0.001333,64.000000,0.099186,25.918271,74.382336,1703.129355,173.333495
766,2.350418,0.296147,0.108793,64.000000,0.099186,27.229196,0.911693,1705.479773,173.442289
767,2.125992,0.295188,0.229478,64.000000,0.099186,30.103591,0.432224,1707.605765,173.671767
768,2.448013,0.292141,0.036366,64.000000,0.099186,26.143656,2.727462,1710.053778,173.708132
769,2.096937,0.294926,0.337117,64.000000,0.099186,30.520709,0.294219,1712.150715,174.045249
770,2.104709,0.294373,0.142202,64.000000,0.099186,30.408000,0.697499,1714.255424,174.187451
771,2.156704,0.292735,0.280494,64.000000,0.099186,29.674918,0.353612,1716.412127,174.467945
772,2.195810,0.292529,0.118644,64.000000,0.099186,29.146414,0.835998,1718.607938,174.586589
773,2.224484,0.293152,0.161975,64.000000,0.099186,28.770717,0.612352,1720.832422,174.748564
774,2.129833,0.301272,0.308818,64.000000,0.099186,30.049310,0.321179,1722.962254,175.057382
775,1.998311,0.295035,0.368523,64.000000,0.099186,32.027049,0.269145,1724.960565,175.425905
776,2.035810,0.292227,0.270418,64.000000,0.099186,31.437115,0.366788,1726.996376,175.696323
777,2.280487,0.291821,0.303234,64.000000,0.099186,28.064177,0.327093,1729.276863,175.999557
778,2.307084,0.295238,0.049135,64.000000,0.099186,27.740643,2.018632,1731.583947,176.048692
779,2.250216,0.292812,0.162737,64.000000,0.099186,28.441711,0.609487,1733.834163,176.211429
780,2.467004,0.294471,0.001627,64.000000,0.099186,25.942397,60.961499,1736.301167,176.213056
781,2.163089,0.295669,0.255154,64.000000,0.099186,29.587321,0.388730,1738.464256,176.468210
782,2.374000,0.292656,0.133653,64.000000,0.099186,26.958720,0.742114,1740.838256,176.601863
783,2.269030,0.294521,0.104234,64.000000,0.099186,28.205881,0.951571,1743.107286,176.706097
784,2.030472,0.292949,0.342633,64.000000,0.099186,31.519769,0.289482,1745.137758,177.048730
785,1.935935,0.295393,0.472415,64.000000,0.099186,33.058961,0.209955,1747.073693,177.521145
786,2.199868,0.292951,0.190846,64.000000,0.099186,29.092652,0.519718,1749.273561,177.711990
787,2.148864,0.291998,0.178160,64.000000,0.099186,29.783172,0.556725,1751.422426,177.890150
788,2.298256,0.292473,0.001342,64.000000,0.099186,27.847205,73.883999,1753.720682,177.891492
789,2.193826,0.290336,0.202917,64.000000,0.099186,29.172778,0.488801,1755.914508,178.094409
790,2.161539,0.293292,0.271533,64.000000,0.099186,29.608536,0.365281,1758.076047,178.365943
791,2.318978,0.291811,0.107013,64.000000,0.099186,27.598364,0.926855,1760.395025,178.472956
792,1.914441,0.288358,0.491536,64.000000,0.099186,33.430129,0.201788,1762.309465,178.964492
793,2.110891,0.293816,0.216802,64.000000,0.099186,30.318951,0.457495,1764.420356,179.181294
794,2.152850,0.293125,0.213968,64.000000,0.099186,29.728036,0.463555,1766.573206,179.395262
795,2.071469,0.292757,0.255567,64.000000,0.099186,30.895946,0.388101,1768.644675,179.650830
796,2.291156,0.294040,0.221035,64.000000,0.099186,27.933495,0.448735,1770.935832,179.871864
797,2.382757,0.292743,0.017408,64.000000,0.099186,26.859640,5.697562,1773.318589,179.889273
798,2.208627,0.293693,0.126374,64.000000,0.099186,28.977279,0.784863,1775.527216,180.015646
799,1.821218,0.291654,0.687488,64.000000,0.099186,35.141315,0.144273,1777.348434,180.703134
800,2.195624,0.294799,0.321984,64.000000,0.099186,29.148892,0.308046,1779.544058,181.025118
801,2.338613,0.293884,0.088652,64.000000,0.099186,27.366652,1.118826,1781.882670,181.113770
802,2.433090,0.292931,0.115968,64.000000,0.099186,26.303997,0.855290,1784.315761,181.229738
803,2.306284,0.292462,0.084263,64.000000,0.099186,27.750271,1.177100,1786.622044,181.314001
804,2.316477,0.293587,0.100024,64.000000,0.099186,27.628163,0.991623,1788.938521,181.414024
805,2.332104,0.294005,0.047350,64.000000,0.099186,27.443030,2.094721,1791.270625,181.461375
806,2.251767,0.292929,0.215443,64.000000,0.099186,28.422126,0.460382,1793.522392,181.676818
807,2.316898,0.295164,0.084628,64.000000,0.099186,27.623141,1.172030,1795.839290,181.761445
808,2.180431,0.297568,0.341641,64.000000,0.099186,29.351995,0.290322,1798.019721,182.103086
809,2.266955,0.291588,0.182026,64.000000,0.099186,28.231707,0.544899,1800.286676,182.285112
810,2.291645,0.293521,0.153454,64.000000,0.099186,27.927534,0.646358,1802.578321,182.438566
811,2.226834,0.293333,0.298316,64.000000,0.099186,28.740359,0.332486,1804.805155,182.736882
812,2.185454,0.293975,0.159590,64.000000,0.099186,29.284533,0.621506,1806.990609,182.896471
813,2.150071,0.294904,0.141908,64.000000,0.099186,29.766464,0.698947,1809.140679,183.038379
814,2.322393,0.292795,0.090848,64.000000,0.099186,27.557780,1.091782,1811.463072,183.129227
815,2.080764,0.293642,0.270922,64.000000,0.099186,30.757935,0.366106,1813.543836,183.400148
816,2.214577,0.291909,0.241845,64.000000,0.099186,28.899422,0.410122,1815.758413,183.641993
817,2.291697,0.292617,0.114228,64.000000,0.099186,27.926908,0.868319,1818.050110,183.756221
818,2.138055,0.301240,0.211659,64.000000,0.099186,29.933750,0.468611,1820.188165,183.967880
819,2.161793,0.294838,0.204698,64.000000,0.099186,29.605058,0.484547,1822.349958,184.172578
820,2.112969,0.291579,0.303559,64.000000,0.099186,30.289135,0.326744,1824.462926,184.476137
821,2.264944,0.292557,0.121423,64.000000,0.099186,28.256775,0.816862,1826.727870,184.597560
822,1.969718,0.294496,0.428627,64.000000,0.099186,32.491958,0.231404,1828.697588,185.026187
823,2.286028,0.291884,0.246420,64.000000,0.099186,27.996157,0.402508,1830.983616,185.272607
824,2.089359,0.296363,0.227338,64.000000,0.099186,30.631406,0.436292,1833.072975,185.499945
825,2.222739,0.294657,0.110097,64.000000,0.099186,28.793300,0.900893,1835.295714,185.610042
826,1.959539,0.290671,0.505649,64.000000,0.099186,32.660751,0.196156,1837.255253,186.115691
827,2.210581,0.293748,0.158755,64.000000,0.099186,28.951669,0.624773,1839.465834,186.274446
828,2.309986,0.294726,0.085848,64.000000,0.099186,27.705791,1.155364,1841.775820,186.360294
829,2.053687,0.294861,0.339085,64.000000,0.099186,31.163468,0.292510,1843.829507,186.699379
830,1.862114,0.293346,0.500404,64.000000,0.099186,34.369543,0.198212,1845.691621,187.199784
831,2.259952,0.300642,0.042118,64.000000,0.099186,28.319183,2.354964,1847.951573,187.241901
832,2.257581,0.292320,0.136268,64.000000,0.099186,28.348925,0.727875,1850.209154,187.378169
833,2.293762,0.292337,0.029404,64.000000,0.099186,27.901765,3.373182,1852.502916,187.407574
834,2.117610,0.291665,0.286991,64.000000,0.099186,30.222751,0.345607,1854.620526,187.694564
835,2.302459,0.294066,0.060537,64.000000,0.099186,27.796364,1.638444,1856.922985,187.755101
836,2.393855,0.292242,0.001418,64.000000,0.099186,26.735124,69.964155,1859.316840,187.756518
837,2.325840,0.293620,0.051811,64.000000,0.099186,27.516940,1.914375,1861.642680,187.808330
838,2.268368,0.293393,0.232920,64.000000,0.099186,28.214116,0.425838,1863.911048,188.041249
839,2.265679,0.293575,0.088819,64.000000,0.099186,28.247597,1.116720,1866.176727,188.130068
840,2.223329,0.292301,0.103248,64.000000,0.099186,28.785658,0.960657,1868.400057,188.233316
841,2.329998,0.295143,0.055517,64.000000,0.099186,27.467829,1.786577,1870.730055,188.288833
842,2.181413,0.335973,0.267812,64.000000,0.099186,29.338779,0.370357,1872.911468,188.556645
843,2.306851,0.294096,0.150098,64.000000,0.099186,27.743451,0.660808,1875.218319,188.706743
844,2.161201,0.293789,0.263708,64.000000,0.099186,29.613160,0.376120,1877.379520,188.970451
845,1.993907,0.296491,0.332727,64.000000,0.099186,32.097782,0.298100,1879.373428,189.303178
846,2.030435,0.295795,0.458598,64.000000,0.099186,31.520342,0.216281,1881.403862,189.761777
847,2.106480,0.296943,0.249488,64.000000,0.099186,30.382443,0.397557,1883.510342,190.011265
848,2.223906,0.293537,0.244322,64.000000,0.099186,28.778197,0.405964,1885.734248,190.255587
849,2.402283,0.295503,0.001398,64.000000,0.099186,26.641320,70.948508,1888.136531,190.256985
850,2.147626,0.300902,0.233721,64.000000,0.099186,29.800344,0.424377,1890.284157,190.490707
851,1.834784,0.298852,0.541775,64.000000,0.099186,34.881481,0.183076,1892.118942,191.032482
852,2.335229,0.294311,0.154934,64.000000,0.099186,27.406303,0.640183,1894.454171,191.187415
853,2.212042,0.291839,0.141425,64.000000,0.099186,28.932537,0.701332,1896.666214,191.328840
854,2.662500,0.292427,0.001387,64.000000,0.099186,24.037563,71.490775,1899.328713,191.330228
855,2.202022,0.292604,0.181288,64.000000,0.099186,29.064200,0.547120,1901.530735,191.511515
856,2.312198,0.294927,0.066041,64.000000,0.099186,27.679294,1.501881,1903.842933,191.577557
857,2.170662,0.295944,0.215628,64.000000,0.099186,29.484093,0.459986,1906.013595,191.793184
858,2.208931,0.299915,0.260052,64.000000,0.099186,28.973291,0.381408,1908.222526,192.053236
859,2.188510,0.294218,0.102467,64.000000,0.099186,29.243643,0.967977,1910.411035,192.155703
860,2.242107,0.295050,0.077950,64.000000,0.099186,28.544584,1.272436,1912.653142,192.233653
861,2.245360,0.293489,0.116780,64.000000,0.099186,28.503222,0.849338,1914.898502,192.350433
862,2.310853,0.294339,0.145325,64.000000,0.099186,27.695396,0.682512,1917.209356,192.495758
863,2.158464,0.294660,0.156602,64.000000,0.099186,29.650717,0.633365,1919.367819,192.652360
864,2.252970,0.295613,0.133122,64.000000,0.099186,28.406948,0.745074,1921.620789,192.785482
865,2.184757,0.293306,0.152597,64.000000,0.099186,29.293882,0.649988,1923.805546,192.938079
866,2.079039,0.299436,0.582890,64.000000,0.099186,30.783457,0.170162,1925.884585,193.520969
867,2.061794,0.304348,0.336077,64.000000,0.099186,31.040930,0.295128,1927.946379,193.857046
868,2.230126,0.296433,0.263156,64.000000,0.099186,28.697935,0.376909,1930.176504,194.120202
869,2.307344,0.295201,0.081637,64.000000,0.099186,27.737524,1.214956,1932.483848,194.201840
870,1.862871,0.292698,0.621708,64.000000,0.099186,34.355568,0.159538,1934.346719,194.823548
871,2.218723,0.293274,0.178978,64.000000,0.099186,28.845425,0.554179,1936.565442,195.002526
872,2.285719,0.295493,0.158207,64.000000,0.099186,27.999944,0.626936,1938.851161,195.160733
873,2.291569,0.295516,0.047839,64.000000,0.099186,27.928468,2.073320,1941.142729,195.208572
874,2.422850,0.292379,0.001391,64.000000,0.099186,26.415172,71.330622,1943.565579,195.209963
875,2.234565,0.291132,0.143282,64.000000,0.099186,28.640926,0.692241,1945.800144,195.353245
876,2.177673,0.293387,0.325384,64.000000,0.099186,29.389172,0.304828,1947.977817,195.678629
877,2.270208,0.291598,0.103119,64.000000,0.099186,28.191253,0.961857,1950.248024,195.781748
878,2.380924,0.293659,0.161394,64.000000,0.099186,26.880323,0.614557,1952.628948,195.943143
879,2.489597,0.297327,0.001423,64.000000,0.099186,25.706968,69.702684,1955.118546,195.944566
880,2.507458,0.293029,0.089173,64.000000,0.099186,25.523853,1.112293,1957.626004,196.033738
881,2.158368,0.293306,0.220291,64.000000,0.099186,29.652036,0.450249,1959.784372,196.254029
882,2.264559,0.307326,0.432037,64.000000,0.099186,28.261579,0.229577,1962.048930,196.686067
883,2.389756,0.290521,0.038285,64.000000,0.099186,26.780978,2.590716,1964.438686,196.724352
884,2.194187,0.293125,0.137733,64.000000,0.099186,29.167974,0.720130,1966.632874,196.862085
885,1.964391,0.292707,0.377523,64.000000,0.099186,32.580075,0.262728,1968.597264,197.239609
886,2.087422,0.293357,0.397594,64.000000,0.099186,30.659825,0.249465,1970.684687,197.637203
887,2.237683,0.293962,0.112704,64.000000,0.099186,28.601007,0.880058,1972.922370,197.749906
888,2.095174,0.294115,0.427924,64.000000,0.099186,30.546382,0.231784,1975.017545,198.177830
889,2.052087,0.294727,0.297253,64.000000,0.099186,31.187760,0.333675,1977.069632,198.475083
890,2.142184,0.303139,0.338690,64.000000,0.099186,29.876053,0.292851,1979.211816,198.813773
891,2.082877,0.300281,0.285390,64.000000,0.099186,30.726736,0.347546,1981.294692,199.099163
892,2.295364,0.292682,0.113515,64.000000,0.099186,27.882285,0.873767,1983.590056,199.212679
893,2.106420,0.295031,0.265473,64.000000,0.099186,30.383302,0.373619,1985.696477,199.478152
894,2.196383,0.293536,0.185486,64.000000,0.099186,29.138816,0.534736,1987.892860,199.663638
895,2.255414,0.293245,0.138065,64.000000,0.099186,28.376160,0.718398,1990.148274,199.801703
896,2.234960,0.295872,0.169738,64.000000,0.099186,28.635859,0.584348,1992.383234,199.971441
897,2.295579,0.292362,0.180790,64.000000,0.099186,27.879682,0.548625,1994.678813,200.152231
898,2.096137,0.294932,0.355972,64.000000,0.099186,30.532353,0.278634,1996.774950,200.508203
899,2.298593,0.292417,0.240612,64.000000,0.099186,27.843120,0.412223,1999.073543,200.748816
900,2.266443,0.294465,0.179875,64.000000,0.099186,28.238082,0.551415,2001.339985,200.928691
901,2.262195,0.295230,0.140716,64.000000,0.099186,28.291104,0.704864,2003.602181,201.069408
902,2.387746,0.291564,0.001471,64.000000,0.099186,26.803516,67.436502,2005.989927,201.070878
903,2.139390,0.292415,0.191444,64.000000,0.099186,29.915067,0.518094,2008.129317,201.262322
904,2.301429,0.292212,0.073687,64.000000,0.099186,27.808805,1.346035,2010.430747,201.336010
905,2.270482,0.291640,0.134420,64.000000,0.099186,28.187844,0.737878,2012.701229,201.470430
906,2.129691,0.290867,0.214155,64.000000,0.099186,30.051311,0.463150,2014.830920,201.684586
907,2.280299,0.292427,0.178728,64.000000,0.099186,28.066492,0.554956,2017.111219,201.863313
908,2.195552,0.293440,0.190886,64.000000,0.099186,29.149841,0.519607,2019.306771,202.054200
909,2.349101,0.291826,0.062146,64.000000,0.099186,27.244464,1.596024,2021.655872,202.116345
910,2.265546,0.294884,0.179999,64.000000,0.099186,28.249267,0.551037,2023.921418,202.296344
911,2.334991,0.290673,0.001360,64.000000,0.099186,27.409100,72.910040,2026.256409,202.297705
912,2.145475,0.293050,0.166064,64.000000,0.099186,29.830225,0.597275,2028.401884,202.463769
913,2.181512,0.294462,0.291842,64.000000,0.099186,29.337448,0.339862,2030.583396,202.755611
914,2.309868,0.293329,0.190310,64.000000,0.099186,27.707214,0.521182,2032.893264,202.945920
915,2.361166,0.294260,0.039686,64.000000,0.099186,27.105257,2.499280,2035.254429,202.985606
916,2.212331,0.293712,0.203457,64.000000,0.099186,28.928763,0.487503,2037.466760,203.189063
917,2.165612,0.292580,0.129276,64.000000,0.099186,29.552843,0.767240,2039.632372,203.318339
918,2.356881,0.295854,0.001336,64.000000,0.099186,27.154536,74.255816,2041.989253,203.319675
919,2.138714,0.294278,0.240094,64.000000,0.099186,29.924525,0.413113,2044.127967,203.559769
920,2.261113,0.296709,0.251319,64.000000,0.099186,28.304639,0.394662,2046.389081,203.811088
921,2.125444,0.315393,0.287902,64.000000,0.099186,30.111358,0.344512,2048.514524,204.098990
922,2.253506,0.294316,0.139181,64.000000,0.099186,28.400185,0.712641,2050.768031,204.238171
923,1.941618,0.294658,0.546233,64.000000,0.099186,32.962198,0.181582,2052.709649,204.784404
924,2.202043,0.293422,0.164779,64.000000,0.099186,29.063914,0.601935,2054.911692,204.949182
925,2.198840,0.291844,0.157379,64.000000,0.099186,29.106251,0.630237,2057.110533,205.106561
926,2.148573,0.307184,0.267827,64.000000,0.099186,29.787211,0.370336,2059.259106,205.374388
927,2.302604,0.294059,0.126593,64.000000,0.099186,27.794614,0.783506,2061.561710,205.500980
928,2.191715,0.296054,0.209252,64.000000,0.099186,29.200880,0.474002,2063.753425,205.710233
929,2.211051,0.292002,0.199331,64.000000,0.099186,28.945509,0.497595,2065.964476,205.909563
930,2.295101,0.293887,0.131746,64.000000,0.099186,27.885484,0.752856,2068.259577,206.041310
931,2.332135,0.294136,0.133149,64.000000,0.099186,27.442670,0.744926,2070.591711,206.174458
932,2.082597,0.292738,0.275175,64.000000,0.099186,30.730862,0.360447,2072.674308,206.449633
933,2.179426,0.329533,0.291450,64.000000,0.099186,29.365532,0.340319,2074.853734,206.741083
934,2.152655,0.293363,0.151552,64.000000,0.099186,29.730723,0.654467,2077.006390,206.892636
935,2.248415,0.294149,0.140057,64.000000,0.099186,28.464497,0.708181,2079.254805,207.032693
936,1.942900,0.293974,0.408046,64.000000,0.099186,32.940443,0.243075,2081.197705,207.440739
937,2.187784,0.291140,0.310274,64.000000,0.099186,29.253339,0.319672,2083.385489,207.751013
938,2.360701,0.295759,0.001362,64.000000,0.099186,27.110595,72.805038,2085.746190,207.752376
939,2.281482,0.294305,0.155024,64.000000,0.099186,28.051939,0.639812,2088.027672,207.907399
940,2.392974,0.293953,0.001401,64.000000,0.099186,26.744967,70.805681,2090.420646,207.908800
941,2.457518,0.294877,0.001370,64.000000,0.099186,26.042538,72.411131,2092.878164,207.910170
942,2.236895,0.293732,0.145049,64.000000,0.099186,28.611084,0.683810,2095.115059,208.055219
943,2.435049,0.295263,0.001376,64.000000,0.099186,26.282839,72.096169,2097.550108,208.056595
944,1.946795,0.304896,0.459778,64.000000,0.099186,32.874546,0.215726,2099.496903,208.516372
945,1.905848,0.294242,0.423822,64.000000,0.099186,33.580846,0.234027,2101.402751,208.940194
946,2.133663,0.292781,0.222128,64.000000,0.099186,29.995361,0.446527,2103.536414,209.162322
947,2.423599,0.294815,0.026988,64.000000,0.099186,26.407012,3.675172,2105.960013,209.189310
948,2.358513,0.293663,0.288160,64.000000,0.099186,27.135747,0.344204,2108.318526,209.477470
949,2.073785,0.292671,0.217575,64.000000,0.099186,30.861450,0.455870,2110.392310,209.695045
950,2.399002,0.294330,0.039946,64.000000,0.099186,26.677762,2.482993,2112.791312,209.734992
951,2.159874,0.292026,0.202143,64.000000,0.099186,29.631356,0.490672,2114.951186,209.937135
952,2.200884,0.294900,0.209885,64.000000,0.099186,29.079226,0.472573,2117.152070,210.147020
953,2.048679,0.294518,0.443575,64.000000,0.099186,31.239635,0.223606,2119.200750,210.590595
954,2.090153,0.294835,0.232344,64.000000,0.099186,30.619765,0.426893,2121.290903,210.822939
955,2.644182,0.295624,0.001696,64.000000,0.099186,24.204080,58.483278,2123.935085,210.824635
956,2.057765,0.300722,0.268854,64.000000,0.099186,31.101706,0.368921,2125.992850,211.093489
957,2.114272,0.292667,0.191832,64.000000,0.099186,30.270469,0.517046,2128.107122,211.285321
958,2.155174,0.294173,0.198834,64.000000,0.099186,29.695974,0.498839,2130.262296,211.484154
959,2.206242,0.293602,0.264346,64.000000,0.099186,29.008599,0.375212,2132.468539,211.748501
960,2.240505,0.293291,0.163081,64.000000,0.099186,28.564994,0.608200,2134.709043,211.911582
961,2.191271,0.294525,0.164142,64.000000,0.099186,29.206798,0.604269,2136.900314,212.075724
962,2.280263,0.292663,0.378678,64.000000,0.099186,28.066938,0.261927,2139.180577,212.454401
963,2.360379,0.297411,0.028000,64.000000,0.099186,27.114290,3.542318,2141.540956,212.482402
964,2.129293,0.295928,0.351937,64.000000,0.099186,30.056922,0.281828,2143.670249,212.834339
965,2.198723,0.294378,0.159309,64.000000,0.099186,29.107802,0.622601,2145.868972,212.993648
966,2.318795,0.293903,0.150584,64.000000,0.099186,27.600542,0.658677,2148.187767,213.144232
967,2.286008,0.294911,0.068094,64.000000,0.099186,27.996400,1.456610,2150.473776,213.212325
968,2.294638,0.293032,0.142052,64.000000,0.099186,27.891111,0.698237,2152.768413,213.354377
969,2.206894,0.292840,0.237240,64.000000,0.099186,29.000033,0.418083,2154.975307,213.591617
970,2.260209,0.293488,0.126176,64.000000,0.099186,28.315969,0.786095,2157.235516,213.717792
971,2.124659,0.306791,0.286479,64.000000,0.099186,30.122474,0.346224,2159.360176,214.004272
972,2.150359,0.293532,0.185038,64.000000,0.099186,29.762475,0.536030,2161.510534,214.189309
973,2.499095,0.295924,0.001401,64.000000,0.099186,25.609269,70.812303,2164.009630,214.190710
974,2.131260,0.293124,0.229682,64.000000,0.099186,30.029178,0.431840,2166.140890,214.420393
975,2.356707,0.292865,0.098822,64.000000,0.099186,27.156535,1.003687,2168.497597,214.519214
976,2.343764,0.295095,0.100736,64.000000,0.099186,27.306509,0.984616,2170.841361,214.619950
977,2.170444,0.293409,0.191476,64.000000,0.099186,29.487052,0.518006,2173.011805,214.811426
978,2.419504,0.294865,0.067520,64.000000,0.099186,26.451703,1.468987,2175.431309,214.878946
979,2.156834,0.292501,0.140318,64.000000,0.099186,29.673116,0.706866,2177.588143,215.019264
980,2.363264,0.293853,0.093481,64.000000,0.099186,27.081189,1.061028,2179.951407,215.112745
981,2.164002,0.293053,0.154992,64.000000,0.099186,29.574839,0.639941,2182.115409,215.267737
982,2.180539,0.293706,0.230283,64.000000,0.099186,29.350540,0.430714,2184.295948,215.498020
983,2.308780,0.292478,0.060473,64.000000,0.099186,27.720262,1.640162,2186.604729,215.558493
984,2.675652,0.292582,0.134821,64.000000,0.099186,23.919407,0.735684,2189.280380,215.693315
985,2.081381,0.291871,0.376655,64.000000,0.099186,30.748820,0.263333,2191.361761,216.069970
986,2.039829,0.292856,0.475346,64.000000,0.099186,31.375181,0.208660,2193.401590,216.545316
987,2.208304,0.291514,0.131118,64.000000,0.099186,28.981512,0.756462,2195.609894,216.676435
988,2.396651,0.296316,0.074049,64.000000,0.099186,26.703929,1.339457,2198.006545,216.750484
989,2.338453,0.291639,0.088477,64.000000,0.099186,27.368525,1.121038,2200.344998,216.838961
990,2.115041,0.303382,0.410566,64.000000,0.099186,30.259468,0.241583,2202.460038,217.249527
991,2.442128,0.291884,0.131093,64.000000,0.099186,26.206653,0.756608,2204.902166,217.380620
992,2.158293,0.292965,0.195104,64.000000,0.099186,29.653060,0.508375,2207.060460,217.575724
993,2.217991,0.293497,0.196445,64.000000,0.099186,28.854941,0.504905,2209.278451,217.772168
994,2.215641,0.292102,0.198435,64.000000,0.099186,28.885545,0.499842,2211.494092,217.970603
995,2.123366,0.293513,0.390089,64.000000,0.099186,30.140817,0.254265,2213.617458,218.360692
996,2.287390,0.312584,0.559652,64.000000,0.099186,27.979483,0.177228,2215.904848,218.920344
997,2.505277,0.290463,0.002451,64.000000,0.099186,25.546082,40.463480,2218.410125,218.922796
998,2.443847,0.294239,0.124388,64.000000,0.099186,26.188216,0.797389,2220.853972,219.047184
999,2.248856,0.294407,0.096725,64.000000,0.099186,28.458920,1.025441,2223.102828,219.143909
1000,2.370865,0.296412,0.185674,64.000000,0.099186,26.994364,0.534193,2225.473693,219.329584
1001,2.112894,0.291056,0.316136,64.000000,0.099186,30.290203,0.313745,2227.586587,219.645719
1002,2.257319,0.293201,0.186311,64.000000,0.099186,28.352213,0.532366,2229.843907,219.832031
1003,2.118006,0.293148,0.212087,64.000000,0.099186,30.217100,0.467667,2231.961913,220.044117
1004,1.999615,0.298076,0.527979,64.000000,0.099186,32.006154,0.187860,2233.961528,220.572097
1005,2.394504,0.291728,0.030494,64.000000,0.099186,26.727875,3.252632,2236.356032,220.602591
1006,2.338268,0.294783,0.052517,64.000000,0.099186,27.370688,1.888632,2238.694300,220.655108
1007,2.389476,0.293830,0.073241,64.000000,0.099186,26.784116,1.354241,2241.083776,220.728349
1008,2.109322,0.293198,0.268867,64.000000,0.099186,30.341497,0.368904,2243.193098,220.997216
1009,2.227568,0.292414,0.193309,64.000000,0.099186,28.730885,0.513095,2245.420666,221.190525
1010,2.298682,0.304127,0.070537,64.000000,0.099186,27.842045,1.406155,2247.719348,221.261062
1011,2.166567,0.293809,0.161405,64.000000,0.099186,29.539816,0.614518,2249.885915,221.422466
1012,2.348059,0.295732,0.220070,64.000000,0.099186,27.256560,0.450701,2252.233974,221.642537
1013,2.285010,0.295923,0.035218,64.000000,0.099186,28.008625,2.816368,2254.518984,221.677754
1014,2.270257,0.296990,0.090862,64.000000,0.099186,28.190640,1.091615,2256.789241,221.768616
1015,2.291847,0.293025,0.077346,64.000000,0.099186,27.925075,1.282369,2259.081088,221.845962
1016,2.105469,0.295167,0.283594,64.000000,0.099186,30.397034,0.349746,2261.186557,222.129556
1017,1.686272,0.286739,0.772403,64.000000,0.099186,37.953550,0.128412,2262.872829,222.901959
1018,2.259826,0.292667,0.197105,64.000000,0.099186,28.320767,0.503214,2265.132655,223.099064
1019,2.191891,0.296736,0.173061,64.000000,0.099186,29.198537,0.573127,2267.324545,223.272125
1020,2.273013,0.298662,0.048028,64.000000,0.099186,28.156460,2.065189,2269.597558,223.320152
1021,2.347882,0.295191,0.186483,64.000000,0.099186,27.258610,0.531876,2271.945440,223.506636
1022,2.325982,0.292972,0.079085,64.000000,0.099186,27.515264,1.254166,2274.271422,223.585721
1023,2.172070,0.293708,0.348359,64.000000,0.099186,29.464979,0.284724,2276.443492,223.934080
1024,2.149775,0.295343,0.337800,64.000000,0.099186,29.770564,0.293623,2278.593267,224.271879
1025,2.058192,0.295766,0.257720,64.000000,0.099186,31.095259,0.384860,2280.651458,224.529599
1026,2.301338,0.295421,0.040223,64.000000,0.099186,27.809909,2.465904,2282.952796,224.569822
1027,2.222404,0.297044,0.063949,64.000000,0.099186,28.797640,1.551008,2285.175201,224.633771
1028,1.876052,0.293063,0.527462,64.000000,0.099186,34.114196,0.188044,2287.051252,225.161233
1029,2.097906,0.293360,0.364602,64.000000,0.099186,30.506606,0.272039,2289.149159,225.525835
1030,2.200191,0.292802,0.117651,64.000000,0.099186,29.088378,0.843049,2291.349350,225.643486
1031,2.260264,0.292853,0.065689,64.000000,0.099186,28.315278,1.509933,2293.609614,225.709175
1032,2.101964,0.296108,0.348842,64.000000,0.099186,30.447714,0.284329,2295.711578,226.058017
1033,2.423839,0.295802,0.087558,64.000000,0.099186,26.404390,1.132799,2298.135417,226.145575
1034,2.014012,0.293526,0.288409,64.000000,0.099186,31.777363,0.343907,2300.149430,226.433984
1035,2.543077,0.295903,0.001380,64.000000,0.099186,25.166364,71.890907,2302.692507,226.435364
1036,2.210528,0.294525,0.154546,64.000000,0.099186,28.952356,0.641790,2304.903035,226.589910
1037,2.163039,0.296716,0.160723,64.000000,0.099186,29.587995,0.617122,2307.066074,226.750633
1038,2.283901,0.295302,0.300771,64.000000,0.099186,28.022232,0.329772,2309.349975,227.051405
1039,2.633099,0.293583,0.001366,64.000000,0.099186,24.305963,72.624802,2311.983074,227.052771
1040,2.319715,0.294136,0.012543,64.000000,0.099186,27.589591,7.907427,2314.302789,227.065314
1041,2.293726,0.293852,0.108499,64.000000,0.099186,27.902205,0.914167,2316.596515,227.173813
1042,1.955116,0.293684,0.601007,64.000000,0.099186,32.734638,0.165033,2318.551630,227.774820
1043,2.314500,0.294147,0.080086,64.000000,0.099186,27.651762,1.238500,2320.866130,227.854905
1044,2.178457,0.293275,0.194525,64.000000,0.099186,29.378587,0.509888,2323.044588,228.049430
1045,2.363185,0.294827,0.049319,64.000000,0.099186,27.082094,2.011107,2325.407773,228.098749
1046,2.232809,0.298774,0.132898,64.000000,0.099186,28.663446,0.746334,2327.640582,228.231647
1047,2.110028,0.295089,0.302618,64.000000,0.099186,30.331348,0.327760,2329.750610,228.534265
1048,2.259528,0.294993,0.289856,64.000000,0.099186,28.324494,0.342191,2332.010138,228.824120
1049,2.275157,0.292029,0.046031,64.000000,0.099186,28.129926,2.154772,2334.285295,228.870151
1050,2.341271,0.293366,0.031647,64.000000,0.099186,27.335585,3.134180,2336.626566,228.901798
1051,2.408982,0.292886,0.014256,64.000000,0.099186,26.567234,6.957647,2339.035548,228.916054
1052,2.269497,0.290362,0.191124,64.000000,0.099186,28.200083,0.518961,2341.305045,229.107177
1053,1.962084,0.291829,0.426886,64.000000,0.099186,32.618372,0.232348,2343.267130,229.534063
1054,2.215143,0.293578,0.135922,64.000000,0.099186,28.892038,0.729726,2345.482273,229.669985
1055,2.219514,0.293023,0.130397,64.000000,0.099186,28.835141,0.760649,2347.701787,229.800382
1056,2.297139,0.294644,0.108655,64.000000,0.099186,27.860748,0.912850,2349.998925,229.909037
1057,2.306939,0.295205,0.043030,64.000000,0.099186,27.742391,2.305020,2352.305864,229.952068
1058,2.231533,0.296183,0.141363,64.000000,0.099186,28.679831,0.701640,2354.537398,230.093430
1059,2.079008,0.296837,0.212622,64.000000,0.099186,30.783915,0.466491,2356.616406,230.306052
1060,2.326282,0.296229,0.031179,64.000000,0.099186,27.511716,3.181217,2358.942687,230.337231
1061,2.093926,0.293078,0.206651,64.000000,0.099186,30.564595,0.479968,2361.036613,230.543882
1062,2.274222,0.292721,0.148351,64.000000,0.099186,28.141494,0.668588,2363.310835,230.692233
1063,2.134486,0.294122,0.169802,64.000000,0.099186,29.983796,0.584127,2365.445321,230.862035
1064,2.185260,0.291742,0.266727,64.000000,0.099186,29.287128,0.371863,2367.630582,231.128762
1065,1.967944,0.307012,0.414882,64.000000,0.099186,32.521244,0.239070,2369.598526,231.543644
1066,1.872521,0.322002,0.479046,64.000000,0.099186,34.178516,0.207049,2371.471047,232.022691
1067,1.955073,0.298269,0.537123,64.000000,0.099186,32.735356,0.184661,2373.426120,232.559814
1068,2.424944,0.292279,0.001405,64.000000,0.099186,26.392362,70.582167,2375.851064,232.561219
1069,2.409345,0.291076,0.068514,64.000000,0.099186,26.563234,1.447675,2378.260409,232.629733
1070,2.049712,0.293455,0.247170,64.000000,0.099186,31.223894,0.401286,2380.310121,232.876903
1071,2.118172,0.291367,0.238939,64.000000,0.099186,30.214732,0.415111,2382.428294,233.115842
1072,2.343645,0.292810,0.135568,64.000000,0.099186,27.307896,0.731633,2384.771938,233.251410
1073,2.390673,0.293497,0.074614,64.000000,0.099186,26.770708,1.329319,2387.162611,233.326024
1074,2.131363,0.294174,0.263079,64.000000,0.099186,30.027728,0.377020,2389.293974,233.589102
1075,2.306133,0.294931,0.122973,64.000000,0.099186,27.752091,0.806564,2391.600107,233.712076
1076,2.302663,0.296429,0.126173,64.000000,0.099186,27.793902,0.786111,2393.902770,233.838249
1077,1.890549,0.289006,0.489104,64.000000,0.099186,33.852601,0.202791,2395.793319,234.327353
1078,2.286486,0.295515,0.100943,64.000000,0.099186,27.990555,0.982595,2398.079805,234.428296
1079,2.126203,0.292810,0.343978,64.000000,0.099186,30.100608,0.288350,2400.206007,234.772274
1080,2.201499,0.292967,0.472877,64.000000,0.099186,29.071102,0.209750,2402.407506,235.245150
1081,2.101152,0.295762,0.321849,64.000000,0.099186,30.459486,0.308175,2404.508658,235.567000
1082,2.216276,0.297573,0.268528,64.000000,0.099186,28.877268,0.369369,2406.724934,235.835528
1083,2.191497,0.293500,0.234294,64.000000,0.099186,29.203777,0.423339,2408.916431,236.069822
1084,2.173772,0.292767,0.188116,64.000000,0.099186,29.441916,0.527259,2411.090203,236.257938
1085,2.259677,0.293992,0.069791,64.000000,0.099186,28.322627,1.421177,2413.349880,236.327730
1086,2.138620,0.294595,0.346873,64.000000,0.099186,29.925839,0.285943,2415.488501,236.674603
1087,2.283668,0.293427,0.050341,64.000000,0.099186,28.025093,1.970300,2417.772168,236.724943
1088,2.164833,0.293900,0.393707,64.000000,0.099186,29.563483,0.251928,2419.937001,237.118650
1089,2.040886,0.295676,0.318249,64.000000,0.099186,31.358924,0.311662,2421.977888,237.436899
1090,2.125495,0.293922,0.320794,64.000000,0.099186,30.110628,0.309189,2424.103383,237.757693
1091,2.122877,0.295026,0.242266,64.000000,0.099186,30.147765,0.409409,2426.226260,237.999959
1092,2.014151,0.294648,0.394130,64.000000,0.099186,31.775171,0.251658,2428.240411,238.394089
1093,2.244043,0.294728,0.175542,64.000000,0.099186,28.519959,0.565026,2430.484454,238.569631
1094,2.249337,0.294047,0.109089,64.000000,0.099186,28.452832,0.909217,2432.733791,238.678721
1095,2.021475,0.282440,0.559676,64.000000,0.099186,31.660047,0.177220,2434.755266,239.238397
1096,2.305577,0.293705,0.153624,64.000000,0.099186,27.758772,0.645643,2437.060843,239.392021
1097,2.418097,0.293370,0.001412,64.000000,0.099186,26.467095,70.251719,2439.478940,239.393433
1098,2.206354,0.294891,0.154627,64.000000,0.099186,29.007132,0.641454,2441.685294,239.548060
1099,1.911424,0.338606,0.407153,64.000000,0.099186,33.482882,0.243609,2443.596718,239.955212
1100,2.048619,0.296723,0.102873,64.000000,0.099186,31.240562,0.964157,2445.645337,240.058086
