step,read_time_sec,compute_time_sec,write_time_sec,data_read_mb,data_written_mb,read_throughput_mb_s,write_throughput_mb_s,cumulative_read_time,cumulative_write_time
1,2.853811,0.147011,0.159388,64.000000,0.099186,22.426152,0.622292,2.853811,0.159388
2,2.314367,0.148776,0.286530,64.000000,0.099186,27.653354,0.346163,5.168178,0.445918
3,2.346212,0.149145,0.199968,64.000000,0.099186,27.278015,0.496009,7.514389,0.645886
4,2.395639,0.147553,0.166900,64.000000,0.099186,26.715209,0.594285,9.910029,0.812786
5,2.600243,0.151216,0.001322,64.000000,0.099186,24.613083,75.031900,12.510272,0.814108
6,2.321382,0.150304,0.203537,64.000000,0.099186,27.569783,0.487312,14.831654,1.017645
7,2.338799,0.150056,0.136280,64.000000,0.099186,27.364476,0.727810,17.170452,1.153925
8,2.393398,0.148481,0.087633,64.000000,0.099186,26.740230,1.131830,19.563850,1.241558
9,2.282474,0.147516,0.287723,64.000000,0.099186,28.039750,0.344727,21.846324,1.529281
10,2.199276,0.160387,0.316104,64.000000,0.099186,29.100484,0.313776,24.045600,1.845385
11,2.256280,0.147357,0.227077,64.000000,0.099186,28.365271,0.436794,26.301880,2.072462
12,2.399402,0.148413,0.115358,64.000000,0.099186,26.673309,0.859812,28.701282,2.187820
13,2.190032,0.149335,0.328792,64.000000,0.099186,29.223318,0.301668,30.891314,2.516612
14,2.244489,0.148365,0.351637,64.000000,0.099186,28.514287,0.282069,33.135803,2.868248
15,2.332949,0.147819,0.093610,64.000000,0.099186,27.433089,1.059562,35.468752,2.961859
16,2.044019,0.156848,0.401736,64.000000,0.099186,31.310863,0.246894,37.512771,3.363594
17,2.288128,0.148084,0.200959,64.000000,0.099186,27.970467,0.493562,39.800899,3.564554
18,2.249443,0.146055,0.218316,64.000000,0.099186,28.451486,0.454324,42.050342,3.782870
19,2.134360,0.147841,0.214496,64.000000,0.099186,29.985574,0.462413,44.184702,3.997366
20,2.386846,0.148776,0.198695,64.000000,0.099186,26.813624,0.499186,46.571548,4.196061
21,2.322763,0.149777,0.288855,64.000000,0.099186,27.553388,0.343377,48.894312,4.484916
22,2.300238,0.154741,0.332642,64.000000,0.099186,27.823208,0.298176,51.194550,4.817558
23,2.175289,0.150300,0.311806,64.000000,0.099186,29.421384,0.318101,53.369838,5.129364
24,2.233276,0.147328,0.242533,64.000000,0.099186,28.657447,0.408958,55.603115,5.371898
25,2.215463,0.146956,0.269294,64.000000,0.099186,28.887871,0.368319,57.818577,5.641191
26,2.259567,0.150851,0.236513,64.000000,0.099186,28.324013,0.419368,60.078144,5.877704
27,2.389908,0.151716,0.023137,64.000000,0.099186,26.779278,4.286973,62.468052,5.900841
28,2.268870,0.147989,0.363540,64.000000,0.099186,28.207878,0.272834,64.736921,6.264381
29,2.299157,0.148680,0.224825,64.000000,0.099186,27.836293,0.441170,67.036078,6.489205
30,2.225310,0.148611,0.289335,64.000000,0.099186,28.760034,0.342806,69.261388,6.778540
31,2.442747,0.149225,0.137973,64.000000,0.099186,26.200009,0.718881,71.704136,6.916513
32,2.074885,0.150230,0.385578,64.000000,0.099186,30.845087,0.257240,73.779020,7.302091
33,2.482310,0.150227,0.270069,64.000000,0.099186,25.782432,0.367262,76.261331,7.572160
34,2.101920,0.148231,0.386962,64.000000,0.099186,30.448351,0.256319,78.363251,7.959122
35,2.207955,0.168382,0.355158,64.000000,0.099186,28.986104,0.279273,80.571205,8.314280
36,2.392212,0.148219,0.211487,64.000000,0.099186,26.753482,0.468994,82.963417,8.525767
37,2.457950,0.148010,0.095019,64.000000,0.099186,26.037963,1.043857,85.421367,8.620786
38,2.539867,0.147461,0.126046,64.000000,0.099186,25.198167,0.786902,87.961234,8.746832
39,2.228813,0.146817,0.170761,64.000000,0.099186,28.714837,0.580847,90.190047,8.917593
40,2.257310,0.148022,0.226494,64.000000,0.099186,28.352327,0.437918,92.447358,9.144087
41,2.236956,0.149725,0.134083,64.000000,0.099186,28.610302,0.739738,94.684314,9.278170
42,2.142271,0.147197,0.185793,64.000000,0.099186,29.874842,0.533851,96.826585,9.463963
43,2.360404,0.150024,0.138578,64.000000,0.099186,27.114006,0.715740,99.186988,9.602541
44,2.418038,0.147261,0.167735,64.000000,0.099186,26.467742,0.591324,101.605026,9.770277
45,2.209036,0.146072,0.306970,64.000000,0.099186,28.971919,0.323113,103.814062,10.077247
46,2.317664,0.147481,0.212934,64.000000,0.099186,27.614007,0.465807,106.131726,10.290180
47,2.233894,0.148846,0.214180,64.000000,0.099186,28.649522,0.463095,108.365620,10.504361
48,2.051702,0.143827,0.525442,64.000000,0.099186,31.193611,0.188767,110.417323,11.029802
49,2.263815,0.146357,0.225358,64.000000,0.099186,28.270863,0.440127,112.681137,11.255160
50,2.228498,0.147277,0.255253,64.000000,0.099186,28.718896,0.388579,114.909635,11.510412
51,2.414512,0.146900,0.237223,64.000000,0.099186,26.506390,0.418113,117.324148,11.747635
52,2.008683,0.153134,0.402006,64.000000,0.099186,31.861666,0.246727,119.332831,12.149641
53,1.940698,0.144723,0.561069,64.000000,0.099186,32.977823,0.176780,121.273529,12.710710
54,2.100279,0.150115,0.343315,64.000000,0.099186,30.472146,0.288907,123.373808,13.054025
55,2.152162,0.148380,0.288145,64.000000,0.099186,29.737539,0.344222,125.525970,13.342170
56,2.322687,0.149151,0.140488,64.000000,0.099186,27.554297,0.706011,127.848657,13.482658
57,2.231296,0.149041,0.296716,64.000000,0.099186,28.682881,0.334280,130.079953,13.779374
58,2.316919,0.146936,0.210397,64.000000,0.099186,27.622886,0.471422,132.396872,13.989771
59,2.305885,0.145843,0.339621,64.000000,0.099186,27.755073,0.292049,134.702757,14.329392
60,2.182978,0.148866,0.294617,64.000000,0.099186,29.317755,0.336661,136.885734,14.624009
61,2.321322,0.147694,0.281477,64.000000,0.099186,27.570493,0.352376,139.207057,14.905486
62,2.325269,0.146144,0.177647,64.000000,0.099186,27.523703,0.558332,141.532325,15.083133
63,2.388026,0.148810,0.171588,64.000000,0.099186,26.800373,0.578048,143.920352,15.254721
64,2.126106,0.149971,0.278449,64.000000,0.099186,30.101980,0.356208,146.046458,15.533170
65,2.408190,0.149838,0.176225,64.000000,0.099186,26.575979,0.562836,148.454647,15.709396
66,2.170188,0.146482,0.246009,64.000000,0.099186,29.490535,0.403181,150.624835,15.955404
67,2.249714,0.146472,0.256319,64.000000,0.099186,28.448057,0.386963,152.874549,16.211723
68,2.492809,0.148398,0.180401,64.000000,0.099186,25.673848,0.549809,155.367358,16.392123
69,2.404315,0.147532,0.272159,64.000000,0.099186,26.618811,0.364441,157.771673,16.664283
70,2.269949,0.147633,0.255152,64.000000,0.099186,28.194461,0.388732,160.041623,16.919435
71,3.295718,0.147759,0.158359,64.000000,0.099186,19.419138,0.626336,163.337340,17.077794
72,2.326174,0.147740,0.296246,64.000000,0.099186,27.512986,0.334809,165.663515,17.374040
73,2.249511,0.149116,0.244483,64.000000,0.099186,28.450623,0.405696,167.913026,17.618524
74,2.330230,0.145744,0.221657,64.000000,0.099186,27.465101,0.447474,170.243256,17.840181
75,2.673960,0.147613,0.200135,64.000000,0.099186,23.934536,0.495595,172.917216,18.040316
76,2.380407,0.148684,0.300122,64.000000,0.099186,26.886163,0.330485,175.297623,18.340438
77,2.225276,0.148456,0.420685,64.000000,0.099186,28.760476,0.235772,177.522899,18.761123
78,2.254826,0.146543,0.237581,64.000000,0.099186,28.383569,0.417483,179.777725,18.998704
79,2.266834,0.147668,0.295389,64.000000,0.099186,28.233207,0.335781,182.044559,19.294093
80,2.282797,0.146290,0.231953,64.000000,0.099186,28.035785,0.427613,184.327356,19.526046
81,2.271672,0.148577,0.224117,64.000000,0.099186,28.173082,0.442563,186.599028,19.750163
82,2.257511,0.147027,0.306519,64.000000,0.099186,28.349812,0.323589,188.856538,20.056681
83,2.120156,0.146735,0.380165,64.000000,0.099186,30.186458,0.260902,190.976694,20.436847
84,2.893350,0.147873,0.237462,64.000000,0.099186,22.119687,0.417692,193.870044,20.674309
85,2.282559,0.149070,0.345008,64.000000,0.099186,28.038701,0.287489,196.152604,21.019316
86,2.557153,0.149821,0.173796,64.000000,0.099186,25.027835,0.570704,198.709757,21.193112
87,2.273245,0.157567,1.207453,64.000000,0.099186,28.153583,0.082145,200.983002,22.400565
88,2.350872,0.148324,0.250099,64.000000,0.099186,27.223943,0.396587,203.333874,22.650664
89,2.107470,0.146977,0.479516,64.000000,0.099186,30.368168,0.206846,205.441344,23.130180
90,2.431193,0.147820,0.172985,64.000000,0.099186,26.324523,0.573378,207.872537,23.303165
91,2.335485,0.149396,0.228556,64.000000,0.099186,27.403297,0.433967,210.208022,23.531721
92,2.361999,0.147080,0.178672,64.000000,0.099186,27.095698,0.555130,212.570021,23.710393
93,2.467068,0.146322,0.062068,64.000000,0.099186,25.941720,1.598025,215.037089,23.772461
94,2.253230,0.147184,0.239164,64.000000,0.099186,28.403666,0.414720,217.290319,24.011624
95,4.082286,0.147071,0.414715,64.000000,0.099186,15.677491,0.239166,221.372605,24.426339
96,2.237710,0.147553,0.205338,64.000000,0.099186,28.600669,0.483038,223.610315,24.631677
97,2.342721,0.148468,0.293634,64.000000,0.099186,27.318661,0.337788,225.953036,24.925311
98,2.530780,0.150519,0.149644,64.000000,0.099186,25.288650,0.662811,228.483816,25.074955
99,2.258801,0.166398,0.317688,64.000000,0.099186,28.333611,0.312212,230.742617,25.392643
100,2.266390,0.146975,0.228028,64.000000,0.099186,28.238745,0.434972,233.009007,25.620672
101,2.591119,0.145391,0.318436,64.000000,0.099186,24.699752,0.311478,235.600126,25.939108
102,2.319327,0.150155,0.387927,64.000000,0.099186,27.594214,0.255682,237.919453,26.327035
103,1.947095,0.147428,0.708839,64.000000,0.099186,32.869479,0.139927,239.866548,27.035875
104,2.533936,0.150579,0.192649,64.000000,0.099186,25.257152,0.514853,242.400484,27.228524
105,2.379443,0.147525,0.226663,64.000000,0.099186,26.897052,0.437593,244.779927,27.455186
106,2.188406,0.147074,0.361358,64.000000,0.099186,29.245028,0.274481,246.968333,27.816544
107,2.490153,0.146693,0.182894,64.000000,0.099186,25.701227,0.542314,249.458486,27.999438
108,2.464214,0.146811,0.060950,64.000000,0.099186,25.971773,1.627339,251.922700,28.060388
109,2.449407,0.147474,0.201109,64.000000,0.099186,26.128772,0.493196,254.372107,28.261496
110,2.164012,0.147730,0.424129,64.000000,0.099186,29.574695,0.233858,256.536119,28.685626
111,2.352464,0.146059,0.234147,64.000000,0.099186,27.205515,0.423606,258.888584,28.919772
112,2.360699,0.147199,0.237896,64.000000,0.099186,27.110611,0.416930,261.249283,29.157668
113,2.418297,0.147915,0.203031,64.000000,0.099186,26.464901,0.488526,263.667580,29.360699
114,2.368169,0.150306,0.291971,64.000000,0.099186,27.025096,0.339712,266.035749,29.652670
115,2.113791,0.147581,0.415232,64.000000,0.099186,30.277348,0.238869,268.149541,30.067902
116,2.298340,0.147987,0.156685,64.000000,0.099186,27.846187,0.633029,270.447881,30.224587
117,2.431980,0.147127,0.110304,64.000000,0.099186,26.316003,0.899205,272.879861,30.334891
118,2.166890,0.149120,0.459879,64.000000,0.099186,29.535414,0.215679,275.046751,30.794770
119,2.385144,0.149827,0.353018,64.000000,0.099186,26.832764,0.280965,277.431895,31.147788
120,2.299793,0.149520,0.274295,64.000000,0.099186,27.828586,0.361604,279.731688,31.422083
121,2.348578,0.166624,0.376416,64.000000,0.099186,27.250535,0.263501,282.080266,31.798499
122,2.272766,0.148513,0.251018,64.000000,0.099186,28.159522,0.395135,284.353032,32.049516
123,2.250398,0.150442,0.265931,64.000000,0.099186,28.439416,0.372976,286.603430,32.315448
124,2.187427,0.149702,0.425039,64.000000,0.099186,29.258119,0.233357,288.790857,32.740487
125,2.311028,0.150406,0.184581,64.000000,0.099186,27.693300,0.537357,291.101885,32.925068
126,2.750764,0.148528,0.001366,64.000000,0.099186,23.266260,72.589298,293.852650,32.926434
127,2.370151,0.147057,0.205146,64.000000,0.099186,27.002494,0.483491,296.222801,33.131580
128,2.346294,0.149546,0.285149,64.000000,0.099186,27.277058,0.347839,298.569095,33.416729
129,2.549871,0.148004,0.228833,64.000000,0.099186,25.099310,0.433442,301.118966,33.645562
130,2.257965,0.145844,0.315417,64.000000,0.099186,28.344108,0.314460,303.376931,33.960979
131,2.455991,0.146886,0.198694,64.000000,0.099186,26.058730,0.499190,305.832922,34.159673
132,2.163084,0.146323,0.475354,64.000000,0.099186,29.587385,0.208657,307.996006,34.635027
133,2.672602,0.149530,0.046240,64.000000,0.099186,23.946699,2.145025,310.668608,34.681267
134,2.108151,0.149948,0.570308,64.000000,0.099186,30.358352,0.173916,312.776759,35.251576
135,2.461759,0.149143,0.262934,64.000000,0.099186,25.997668,0.377227,315.238518,35.514510
136,2.302068,0.149143,0.189263,64.000000,0.099186,27.801089,0.524065,317.540587,35.703773
137,2.421193,0.149142,0.279472,64.000000,0.099186,26.433252,0.354905,319.961779,35.983245
138,2.528692,0.150151,0.140703,64.000000,0.099186,25.309529,0.704934,322.490471,36.123947
139,2.231713,0.147366,0.292686,64.000000,0.099186,28.677524,0.338882,324.722184,36.416633
140,2.376371,0.146604,0.210007,64.000000,0.099186,26.931818,0.472299,327.098555,36.626640
141,2.521618,0.146580,0.229891,64.000000,0.099186,25.380527,0.431448,329.620174,36.856530
142,2.201449,0.148494,0.286181,64.000000,0.099186,29.071755,0.346584,331.821623,37.142712
143,2.098440,0.164008,0.377596,64.000000,0.099186,30.498851,0.262678,333.920063,37.520307
144,2.234644,0.147299,0.222004,64.000000,0.099186,28.639913,0.446775,336.154707,37.742312
145,2.506647,0.149260,0.155923,64.000000,0.099186,25.532113,0.636121,338.661354,37.898235
146,2.347788,0.145693,0.177629,64.000000,0.099186,27.259696,0.558387,341.009142,38.075864
147,1.632416,0.143248,0.954834,64.000000,0.099186,39.205695,0.103878,342.641558,39.030698
148,2.521854,0.148141,0.258931,64.000000,0.099186,25.378158,0.383060,345.163412,39.289628
149,2.333661,0.148930,0.302176,64.000000,0.099186,27.424716,0.328239,347.497073,39.591804
150,2.450309,0.146725,0.229752,64.000000,0.099186,26.119156,0.431709,349.947382,39.821556
151,2.556258,0.146960,0.339113,64.000000,0.099186,25.036593,0.292487,352.503640,40.160668
152,2.573008,0.146597,0.236000,64.000000,0.099186,24.873607,0.420280,355.076649,40.396668
153,2.414602,0.148169,0.193341,64.000000,0.099186,26.505407,0.513011,357.491251,40.590009
154,2.348598,0.147598,0.247826,64.000000,0.099186,27.250298,0.400224,359.839849,40.837835
155,2.700037,0.149712,0.064672,64.000000,0.099186,23.703375,1.533667,362.539886,40.902508
156,2.405097,0.150323,0.001431,64.000000,0.099186,26.610155,69.288265,364.944983,40.903939
157,2.171339,0.161040,0.431624,64.000000,0.099186,29.474898,0.229797,367.116322,41.335563
158,2.504054,0.148551,0.155457,64.000000,0.099186,25.558554,0.638027,369.620376,41.491021
159,2.862189,0.153293,0.357266,64.000000,0.099186,22.360510,0.277625,372.482565,41.848287
160,2.547068,0.146903,0.177246,64.000000,0.099186,25.126935,0.559595,375.029632,42.025533
161,2.535598,0.146005,0.193583,64.000000,0.099186,25.240589,0.512370,377.565231,42.219116
162,2.273854,0.148820,0.280608,64.000000,0.099186,28.146041,0.353468,379.839085,42.499723
163,2.290761,0.283330,0.213369,64.000000,0.099186,27.938313,0.464857,382.129846,42.713092
164,2.441022,0.288496,0.003621,64.000000,0.099186,26.218524,27.394543,384.570869,42.716712
165,2.398281,0.284704,0.181241,64.000000,0.099186,26.685784,0.547259,386.969149,42.897954
166,2.310005,0.284861,0.110401,64.000000,0.099186,27.705563,0.898412,389.279155,43.008355
167,2.171307,0.285150,0.331720,64.000000,0.099186,29.475336,0.299005,391.450462,43.340075
168,2.499423,0.287324,0.117124,64.000000,0.099186,25.605912,0.846845,393.949884,43.457199
169,2.204049,0.292023,0.249600,64.000000,0.099186,29.037473,0.397379,396.153933,43.706799
170,2.334737,0.284057,0.183634,64.000000,0.099186,27.412078,0.540129,398.488670,43.890433
171,2.550336,0.292065,0.078971,64.000000,0.099186,25.094736,1.255984,401.039006,43.969404
172,2.334170,0.287488,0.148880,64.000000,0.099186,27.418740,0.666213,403.373176,44.118284
173,2.406049,0.285801,0.051873,64.000000,0.099186,26.599624,1.912089,405.779225,44.170157
174,2.579365,0.289443,0.121395,64.000000,0.099186,24.812310,0.817053,408.358590,44.291552
175,2.477996,0.282794,0.037481,64.000000,0.099186,25.827320,2.646267,410.836586,44.329033
176,2.097821,0.294357,0.339353,64.000000,0.099186,30.507839,0.292280,412.934407,44.668386
177,2.234698,0.284681,0.237956,64.000000,0.099186,28.639216,0.416826,415.169105,44.906341
178,2.485836,0.285212,0.193020,64.000000,0.099186,25.745867,0.513862,417.654941,45.099362
179,2.464396,0.280077,0.149629,64.000000,0.099186,25.969851,0.662878,420.119337,45.248991
180,2.297336,0.279310,0.171958,64.000000,0.099186,27.858357,0.576802,422.416673,45.420949
181,2.470146,0.280968,0.006152,64.000000,0.099186,25.909402,16.123009,424.886819,45.427101
182,2.331866,0.280993,0.192747,64.000000,0.099186,27.445830,0.514590,427.218685,45.619849
183,2.676853,0.278978,0.083923,64.000000,0.099186,23.908669,1.181870,429.895538,45.703772
184,2.257561,0.283720,0.183331,64.000000,0.099186,28.349178,0.541020,432.153099,45.887103
185,1.886432,0.277880,0.496275,64.000000,0.099186,33.926490,0.199861,434.039531,46.383378
186,2.741854,0.287033,0.001357,64.000000,0.099186,23.341871,73.102039,436.781385,46.384735
187,2.369114,0.285052,0.099255,64.000000,0.099186,27.014313,0.999304,439.150499,46.483990
188,2.446956,0.278699,0.053568,64.000000,0.099186,26.154950,1.851602,441.597455,46.537557
189,2.202261,0.277838,0.300353,64.000000,0.099186,29.061042,0.330232,443.799716,46.837910
190,2.618708,0.277849,0.002657,64.000000,0.099186,24.439529,37.327901,446.418424,46.840567
191,2.321638,0.281700,0.209120,64.000000,0.099186,27.566739,0.474301,448.740063,47.049687
192,2.696876,0.278638,0.319734,64.000000,0.099186,23.731162,0.310214,451.436938,47.369421
193,2.348481,0.283802,0.141744,64.000000,0.099186,27.251658,0.699753,453.785419,47.511165
194,2.343942,0.287569,0.131430,64.000000,0.099186,27.304433,0.754669,456.129361,47.642595
195,2.460298,0.285396,0.281581,64.000000,0.099186,26.013109,0.352247,458.589659,47.924176
196,3.183005,0.278550,0.226698,64.000000,0.099186,20.106785,0.437524,461.772664,48.150874
197,2.284639,0.278989,0.143654,64.000000,0.099186,28.013173,0.690452,464.057304,48.294528
198,2.403328,0.276477,0.001330,64.000000,0.099186,26.629742,74.593340,466.460632,48.295858
199,2.396337,0.277251,0.148029,64.000000,0.099186,26.707430,0.670046,468.856968,48.443886
200,2.373878,0.286230,0.082462,64.000000,0.099186,26.960100,1.202802,471.230847,48.526349
201,2.464617,0.285562,0.141133,64.000000,0.099186,25.967519,0.702784,473.695464,48.667482
202,2.344470,0.278444,0.176350,64.000000,0.099186,27.298286,0.562437,476.039934,48.843832
203,2.228502,0.275514,0.197251,64.000000,0.099186,28.718844,0.502842,478.268436,49.041083
204,2.267649,0.277797,0.159962,64.000000,0.099186,28.223061,0.620058,480.536085,49.201045
205,2.367921,0.277427,0.136998,64.000000,0.099186,27.027932,0.723996,482.904006,49.338043
206,2.431105,0.274597,0.063703,64.000000,0.099186,26.325474,1.556999,485.335111,49.401746
207,2.417608,0.276413,0.071842,64.000000,0.099186,26.472447,1.380619,487.752719,49.473588
208,2.365525,0.280713,0.175939,64.000000,0.099186,27.055304,0.563753,490.118244,49.649526
209,2.422536,0.275455,0.093364,64.000000,0.099186,26.418596,1.062354,492.540780,49.742891
210,1.864270,0.269964,0.673862,64.000000,0.099186,34.329790,0.147190,494.405050,50.416753
211,2.272448,0.283688,0.305665,64.000000,0.099186,28.163460,0.324492,496.677498,50.722418
212,2.336140,0.274794,0.086919,64.000000,0.099186,27.395617,1.141125,499.013638,50.809338
213,2.696000,0.276592,0.001341,64.000000,0.099186,23.738871,73.942714,501.709638,50.810679
214,2.161512,0.289266,0.188572,64.000000,0.099186,29.608904,0.525985,503.871150,50.999251
215,2.296320,0.281236,0.259335,64.000000,0.099186,27.870675,0.382463,506.167471,51.258586
216,2.063447,0.297343,0.423729,64.000000,0.099186,31.016069,0.234079,508.230917,51.682315
217,2.334019,0.284618,0.110372,64.000000,0.099186,27.420519,0.898650,510.564936,51.792687
218,2.288543,0.277862,0.238559,64.000000,0.099186,27.965392,0.415771,512.853479,52.031246
219,2.413646,0.280799,0.152551,64.000000,0.099186,26.515905,0.650184,515.267125,52.183796
220,2.398752,0.274320,0.241535,64.000000,0.099186,26.680538,0.410649,517.665877,52.425331
221,2.397334,0.276609,0.140659,64.000000,0.099186,26.696321,0.705151,520.063211,52.565990
222,2.063861,0.276666,0.521347,64.000000,0.099186,31.009837,0.190249,522.127072,53.087337
223,2.118728,0.276476,0.277980,64.000000,0.099186,30.206799,0.356809,524.245800,53.365317
224,2.189264,0.291846,0.239570,64.000000,0.099186,29.233574,0.414017,526.435064,53.604887
225,2.137981,0.292265,0.242566,64.000000,0.099186,29.934779,0.408903,528.573045,53.847453
226,2.359016,0.279278,0.065784,64.000000,0.099186,27.129961,1.507755,530.932061,53.913237
227,2.169456,0.275649,0.228362,64.000000,0.099186,29.500484,0.434337,533.101517,54.141599
228,2.527751,0.274883,0.127187,64.000000,0.099186,25.318952,0.779846,535.629268,54.268785
229,2.625519,0.274480,0.109369,64.000000,0.099186,24.376136,0.906892,538.254786,54.378154
230,2.212450,0.278109,0.446741,64.000000,0.099186,28.927213,0.222021,540.467236,54.824895
231,2.380255,0.277503,0.250969,64.000000,0.099186,26.887870,0.395211,542.847491,55.075865
232,2.244455,0.277280,0.236193,64.000000,0.099186,28.514719,0.419935,545.091946,55.312058
233,2.057598,0.272913,0.465760,64.000000,0.099186,31.104227,0.212955,547.149544,55.777818
234,2.337929,0.277040,0.101301,64.000000,0.099186,27.374660,0.979118,549.487473,55.879119
235,3.586455,0.276047,0.170801,64.000000,0.099186,17.844921,0.580710,553.073928,56.049920
236,2.437417,0.275086,0.122846,64.000000,0.099186,26.257308,0.807401,555.511344,56.172766
237,2.324945,0.263655,0.763145,64.000000,0.099186,27.527531,0.129970,557.836289,56.935911
238,2.280080,0.276021,0.243602,64.000000,0.099186,28.069194,0.407163,560.116369,57.179514
239,2.371606,0.275900,0.046158,64.000000,0.099186,26.985933,2.148831,562.487975,57.225672
240,2.291810,0.275402,0.175415,64.000000,0.099186,27.925531,0.565436,564.779785,57.401087
241,2.217628,0.276443,0.307129,64.000000,0.099186,28.859663,0.322946,566.997413,57.708216
242,2.187848,0.285716,0.234027,64.000000,0.099186,29.252487,0.423822,569.185261,57.942243
243,2.273664,0.275195,0.205775,64.000000,0.099186,28.148394,0.482011,571.458925,58.148018
244,2.127364,0.284993,0.324272,64.000000,0.099186,30.084183,0.305872,573.586289,58.472290
245,2.332404,0.275783,0.214717,64.000000,0.099186,27.439497,0.461937,575.918693,58.687008
246,2.324453,0.279011,0.137290,64.000000,0.099186,27.533364,0.722458,578.243146,58.824298
247,2.426067,0.275766,0.100051,64.000000,0.099186,26.380145,0.991352,580.669213,58.924349
248,3.527012,0.276294,0.001320,64.000000,0.099186,18.145671,75.133922,584.196225,58.925669
249,2.498943,0.279621,0.254890,64.000000,0.099186,25.610825,0.389133,586.695168,59.180558
250,2.742226,0.276181,0.230811,64.000000,0.099186,23.338704,0.429728,589.437394,59.411369
251,2.326174,0.276377,0.219292,64.000000,0.099186,27.512986,0.452301,591.763569,59.630661
252,2.533016,0.275035,0.112231,64.000000,0.099186,25.266323,0.883767,594.296585,59.742892
253,2.378715,0.275441,0.173498,64.000000,0.099186,26.905288,0.571683,596.675299,59.916390
254,2.607658,0.277020,0.222448,64.000000,0.099186,24.543093,0.445883,599.282957,60.138838
255,2.223431,0.325841,0.265249,64.000000,0.099186,28.784337,0.373936,601.506389,60.404087
256,2.118006,0.270608,0.588767,64.000000,0.099186,30.217095,0.168464,603.624395,60.992854
257,2.249007,0.274445,0.192456,64.000000,0.099186,28.457009,0.515369,605.873402,61.185310
258,2.271329,0.275326,0.104679,64.000000,0.099186,28.177336,0.947522,608.144731,61.289989
259,2.505876,0.277559,0.076009,64.000000,0.099186,25.539974,1.304929,610.650606,61.365998
260,2.253934,0.275049,0.209802,64.000000,0.099186,28.394796,0.472760,612.904541,61.575800
261,2.213585,0.274916,0.353305,64.000000,0.099186,28.912369,0.280737,615.118126,61.929105
262,2.302469,0.275123,0.249457,64.000000,0.099186,27.796251,0.397607,617.420595,62.178562
263,2.307908,0.275956,0.129314,64.000000,0.099186,27.730741,0.767017,619.728503,62.307876
264,2.409903,0.276015,0.150376,64.000000,0.099186,26.557088,0.659585,622.138406,62.458252
265,2.355070,0.299451,0.332541,64.000000,0.099186,27.175416,0.298267,624.493475,62.790793
266,2.311998,0.275089,0.140414,64.000000,0.099186,27.681681,0.706381,626.805474,62.931207
267,2.787982,0.276907,0.019442,64.000000,0.099186,22.955675,5.101725,629.593455,62.950649
268,2.350399,0.276417,0.134040,64.000000,0.099186,27.229421,0.739971,631.943854,63.084689
269,2.397370,0.274919,0.177965,64.000000,0.099186,26.695917,0.557333,634.341225,63.262655
270,2.050191,0.270646,0.542416,64.000000,0.099186,31.216606,0.182860,636.391415,63.805070
271,3.302632,0.280877,0.117160,64.000000,0.099186,19.378485,0.846587,639.694047,63.922230
272,2.382786,0.276770,0.309961,64.000000,0.099186,26.859311,0.319995,642.076834,64.232191
273,2.553417,0.283580,0.083558,64.000000,0.099186,25.064451,1.187031,644.630251,64.315749
274,2.317595,0.287294,0.360114,64.000000,0.099186,27.614834,0.275429,646.947846,64.675864
275,1.991023,0.279679,0.418665,64.000000,0.099186,32.144273,0.236910,648.938869,65.094529
276,2.306738,0.280244,0.152452,64.000000,0.099186,27.744806,0.650605,651.245607,65.246981
277,2.371390,0.277550,0.332243,64.000000,0.099186,26.988389,0.298534,653.616997,65.579224
278,2.622852,0.278255,0.001350,64.000000,0.099186,24.400922,73.468348,656.239849,65.580574
279,2.323442,0.276008,0.144171,64.000000,0.099186,27.545336,0.687973,658.563291,65.724745
280,2.410800,0.276999,0.265376,64.000000,0.099186,26.547207,0.373756,660.974091,65.990121
281,2.312662,0.278040,0.144142,64.000000,0.099186,27.673742,0.688115,663.286753,66.134263
282,2.110733,0.286894,0.567486,64.000000,0.099186,30.321215,0.174781,665.397486,66.701749
283,2.309604,0.277007,0.148984,64.000000,0.099186,27.710380,0.665751,667.707090,66.850733
284,2.272965,0.276357,0.172888,64.000000,0.099186,28.157053,0.573702,669.980055,67.023620
285,2.567865,0.277674,0.103183,64.000000,0.099186,24.923426,0.961260,672.547920,67.126804
286,2.402090,0.286171,0.169674,64.000000,0.099186,26.643461,0.584568,674.950010,67.296478
287,2.516420,0.286629,0.001428,64.000000,0.099186,25.432958,69.434507,677.466430,67.297906
288,2.290657,0.283840,0.149464,64.000000,0.099186,27.939581,0.663613,679.757087,67.447370
289,1.885861,0.270598,3.936507,64.000000,0.099186,33.936748,0.025196,681.642949,71.383877
290,2.838893,0.275902,0.161230,64.000000,0.099186,22.544001,0.615185,684.481841,71.545107
291,2.844987,0.276094,0.049907,64.000000,0.099186,22.495710,1.987434,687.326828,71.595013
292,2.424926,0.283126,0.048429,64.000000,0.099186,26.392561,2.048080,689.751754,71.643442
293,2.338567,0.275853,0.136779,64.000000,0.099186,27.367183,0.725154,692.090321,71.780221
294,2.492578,0.278918,0.171939,64.000000,0.099186,25.676229,0.576867,694.582899,71.952160
295,2.178464,0.283814,0.547496,64.000000,0.099186,29.378497,0.181163,696.761363,72.499656
296,3.194154,0.277022,0.131085,64.000000,0.099186,20.036603,0.756656,699.955517,72.630741
297,2.226987,0.279608,0.263206,64.000000,0.099186,28.738385,0.376837,702.182504,72.893947
298,2.444587,0.290557,0.152514,64.000000,0.099186,26.180295,0.650340,704.627091,73.046461
299,2.366426,0.284944,0.087719,64.000000,0.099186,27.045008,1.130722,706.993516,73.134180
300,2.448710,0.278056,0.458896,64.000000,0.099186,26.136209,0.216140,709.442227,73.593076
301,2.489230,0.277106,0.079240,64.000000,0.099186,25.710766,1.251711,711.931456,73.672317
302,2.407059,0.278229,0.177607,64.000000,0.099186,26.588465,0.558457,714.338515,73.849924
303,2.149587,0.280437,0.327321,64.000000,0.099186,29.773165,0.303023,716.488102,74.177245
304,3.560547,0.282839,0.001360,64.000000,0.099186,17.974768,72.917812,720.048648,74.178605
305,2.599271,0.277501,0.186981,64.000000,0.099186,24.622284,0.530461,722.647920,74.365586
306,2.485389,0.279466,0.147173,64.000000,0.099186,25.750491,0.673940,725.133309,74.512759
307,2.417445,0.278234,0.126312,64.000000,0.099186,26.474227,0.785243,727.550755,74.639072
308,2.880536,0.279128,0.110938,64.000000,0.099186,22.218087,0.894070,730.431291,74.750009
309,2.397470,0.278504,0.151100,64.000000,0.099186,26.694813,0.656425,732.828760,74.901110
310,2.308385,0.275856,0.303582,64.000000,0.099186,27.725014,0.326719,735.137145,75.204692
311,2.205323,0.278026,0.385384,64.000000,0.099186,29.020695,0.257369,737.342468,75.590076
312,2.267670,0.275438,0.527853,64.000000,0.099186,28.222804,0.187904,739.610138,76.117929
313,2.304457,0.280566,0.300715,64.000000,0.099186,27.772273,0.329834,741.914594,76.418644
314,2.366007,0.277650,0.287320,64.000000,0.099186,27.049791,0.345210,744.280602,76.705964
315,2.405395,0.277407,0.160336,64.000000,0.099186,26.606861,0.618613,746.685996,76.866300
316,2.456550,0.278778,0.099622,64.000000,0.099186,26.052796,0.995626,749.142546,76.965921
317,2.553234,0.280820,0.060126,64.000000,0.099186,25.066246,1.649648,751.695781,77.026047
318,2.573154,0.278503,0.069799,64.000000,0.099186,24.872195,1.421020,754.268935,77.095846
319,2.410705,0.278977,0.156377,64.000000,0.099186,26.548252,0.634276,756.679640,77.252223
320,2.447702,0.279932,0.167662,64.000000,0.099186,26.146970,0.591582,759.127342,77.419885
321,2.266100,0.279854,0.218797,64.000000,0.099186,28.242360,0.453324,761.393442,77.638682
322,2.219976,0.279980,0.313246,64.000000,0.099186,28.829140,0.316639,763.613418,77.951928
323,2.467567,0.286875,0.179353,64.000000,0.099186,25.936481,0.553021,766.080985,78.131281
324,2.452117,0.286601,0.243196,64.000000,0.099186,26.099892,0.407844,768.533102,78.374477
325,2.213941,0.304756,0.315174,64.000000,0.099186,28.907726,0.314702,770.747043,78.689651
326,2.445040,0.279920,0.131882,64.000000,0.099186,26.175440,0.752082,773.192083,78.821533
327,2.439737,0.280054,0.136604,64.000000,0.099186,26.232333,0.726082,775.631821,78.958137
328,2.316072,0.278743,0.178676,64.000000,0.099186,27.632990,0.555117,777.947893,79.136812
329,2.451292,0.289296,0.439676,64.000000,0.099186,26.108682,0.225589,780.399185,79.576489
330,2.314929,0.285406,0.381864,64.000000,0.099186,27.646636,0.259741,782.714114,79.958353
331,2.338311,0.287188,0.138561,64.000000,0.099186,27.370179,0.715827,785.052425,80.096915
332,2.551902,0.288075,0.097770,64.000000,0.099186,25.079333,1.014481,787.604327,80.194685
333,2.947816,0.280641,0.001491,64.000000,0.099186,21.710989,66.520959,790.552143,80.196176
334,2.210262,0.279688,0.203112,64.000000,0.099186,28.955847,0.488330,792.762405,80.399288
335,2.194013,0.285179,0.213181,64.000000,0.099186,29.170288,0.465266,794.956418,80.612470
336,2.404359,0.279946,0.264354,64.000000,0.099186,26.618316,0.375201,797.360778,80.876824
337,2.762716,0.280993,0.006523,64.000000,0.099186,23.165608,15.205914,800.123494,80.883346
338,3.079544,0.291069,0.230592,64.000000,0.099186,20.782301,0.430136,803.203037,81.113938
339,2.090721,0.271274,0.716274,64.000000,0.099186,30.611444,0.138475,805.293759,81.830212
340,2.500528,0.285098,0.208752,64.000000,0.099186,25.594589,0.475139,807.794287,82.038964
341,2.363621,0.296843,0.319623,64.000000,0.099186,27.077101,0.310322,810.157908,82.358587
342,2.752646,0.285435,0.177052,64.000000,0.099186,23.250356,0.560206,812.910554,82.535639
343,2.607431,0.277811,0.155364,64.000000,0.099186,24.545234,0.638408,815.517985,82.691004
344,2.093657,0.275056,0.483574,64.000000,0.099186,30.568518,0.205110,817.611642,83.174577
345,2.193013,0.286032,0.388181,64.000000,0.099186,29.183599,0.255515,819.804655,83.562758
346,2.441613,0.283829,0.136451,64.000000,0.099186,26.212177,0.726899,822.246268,83.699209
347,2.703071,0.280936,0.150632,64.000000,0.099186,23.676770,0.658467,824.949339,83.849840
348,2.368295,0.285447,0.238853,64.000000,0.099186,27.023657,0.415259,827.317635,84.088693
349,2.572566,0.279546,0.001316,64.000000,0.099186,24.877885,75.349047,829.890201,84.090010
350,2.460815,0.279922,0.133413,64.000000,0.099186,26.007645,0.743448,832.351016,84.223423
351,2.303988,0.286178,0.305361,64.000000,0.099186,27.777928,0.324816,834.655003,84.528784
352,2.246424,0.282429,0.174406,64.000000,0.099186,28.489722,0.568709,836.901427,84.703189
353,2.723307,0.280722,0.001411,64.000000,0.099186,23.500838,70.296381,839.624734,84.704600
354,2.098650,0.298023,0.495757,64.000000,0.099186,30.495791,0.200070,841.723385,85.200358
355,2.213416,0.282127,0.234977,64.000000,0.099186,28.914588,0.422108,843.936800,85.435335
356,2.497889,0.280590,0.115249,64.000000,0.099186,25.621638,0.860625,846.434689,85.550584
357,2.352698,0.311249,0.319294,64.000000,0.099186,27.202810,0.310641,848.787387,85.869878
358,2.347623,0.281390,0.230262,64.000000,0.099186,27.261623,0.430752,851.135010,86.100141
359,2.387649,0.282529,0.235597,64.000000,0.099186,26.804610,0.420998,853.522659,86.335738
360,2.494980,0.288732,0.171828,64.000000,0.099186,25.651505,0.577240,856.017639,86.507566
361,2.421908,0.286683,0.179569,64.000000,0.099186,26.425443,0.552357,858.439547,86.687135
362,2.279663,0.281856,0.343884,64.000000,0.099186,28.074325,0.288429,860.719210,87.031018
363,2.382178,0.279931,0.252020,64.000000,0.099186,26.866166,0.393564,863.101389,87.283038
364,2.757181,0.284250,0.001366,64.000000,0.099186,23.212118,72.628259,865.858569,87.284404
365,2.240463,0.294969,0.178253,64.000000,0.099186,28.565519,0.556433,868.099033,87.462657
366,2.524673,0.279941,0.160228,64.000000,0.099186,25.349817,0.619028,870.623706,87.622886
367,2.465164,0.285392,0.110946,64.000000,0.099186,25.961765,0.893999,873.088869,87.733832
368,2.461790,0.279571,0.112787,64.000000,0.099186,25.997345,0.879406,875.550659,87.846619
369,2.596131,0.279519,0.076023,64.000000,0.099186,24.652072,1.304685,878.146790,87.922642
370,2.319688,0.281382,0.223196,64.000000,0.099186,27.589922,0.444389,880.466477,88.145838
371,2.508367,0.297182,0.307270,64.000000,0.099186,25.514609,0.322797,882.974844,88.453109
372,2.330972,0.279479,0.125787,64.000000,0.099186,27.456358,0.788523,885.305816,88.578896
373,2.404605,0.280047,0.093617,64.000000,0.099186,26.615599,1.059485,887.710421,88.672513
374,2.477287,0.281934,0.041468,64.000000,0.099186,25.834714,2.391841,890.187708,88.713981
375,3.746802,0.286716,0.005067,64.000000,0.099186,17.081233,19.575160,893.934510,88.719048
376,2.215421,0.281984,0.382711,64.000000,0.099186,28.888419,0.259167,896.149931,89.101759
377,2.506205,0.279058,0.001341,64.000000,0.099186,25.536621,73.938966,898.656136,89.103100
378,2.359981,0.288692,0.190803,64.000000,0.099186,27.118862,0.519835,901.016117,89.293903
379,2.435427,0.283420,0.276217,64.000000,0.099186,26.278755,0.359087,903.451544,89.570120
380,2.355701,0.287827,0.100936,64.000000,0.099186,27.168133,0.982661,905.807245,89.671056
381,2.490813,0.281360,0.134260,64.000000,0.099186,25.694418,0.738759,908.298059,89.805316
382,2.156933,0.281155,0.222785,64.000000,0.099186,29.671760,0.445209,910.454992,90.028101
383,2.617382,0.280527,0.126394,64.000000,0.099186,24.451912,0.784737,913.072374,90.154495
384,2.588481,0.284973,0.466145,64.000000,0.099186,24.724922,0.212779,915.660855,90.620640
385,2.141315,0.276519,0.417498,64.000000,0.099186,29.888179,0.237572,917.802170,91.038139
386,2.302146,0.281504,0.166832,64.000000,0.099186,27.800147,0.594525,920.104316,91.204971
387,2.251133,0.281248,0.325978,64.000000,0.099186,28.430131,0.304272,922.355449,91.530949
388,2.196521,0.281258,0.398860,64.000000,0.099186,29.136983,0.248674,924.551970,91.929809
389,2.353267,0.279604,0.084745,64.000000,0.099186,27.196238,1.170411,926.905237,92.014553
390,2.276836,0.280853,0.145383,64.000000,0.099186,28.109177,0.682237,929.182073,92.159937
391,2.276113,0.288002,0.237458,64.000000,0.099186,28.118118,0.417698,931.458186,92.397395
392,2.466833,0.287405,0.178551,64.000000,0.099186,25.944200,0.555505,933.925018,92.575946
393,2.411556,0.284857,0.173163,64.000000,0.099186,26.538880,0.572791,936.336575,92.749109
394,2.300107,0.283683,0.192060,64.000000,0.099186,27.824793,0.516431,938.636682,92.941169
395,2.336927,0.285318,0.198990,64.000000,0.099186,27.386396,0.498447,940.973608,93.140160
396,1.884744,0.299493,0.501602,64.000000,0.099186,33.956867,0.197738,942.858352,93.641761
397,2.354073,0.283778,0.175565,64.000000,0.099186,27.186925,0.564952,945.212425,93.817326
398,2.388092,0.285048,0.086637,64.000000,0.099186,26.799643,1.144843,947.600516,93.903963
399,2.302848,0.282102,0.219373,64.000000,0.099186,27.791678,0.452134,949.903364,94.123336
400,2.371386,0.284235,0.154239,64.000000,0.099186,26.988433,0.643066,952.274750,94.277575
401,2.321037,0.288213,0.073250,64.000000,0.099186,27.573884,1.354079,954.595787,94.350825
402,2.428806,0.286273,0.096649,64.000000,0.099186,26.350394,1.026245,957.024593,94.447474
403,2.006110,0.277663,0.562300,64.000000,0.099186,31.902530,0.176393,959.030704,95.009774
404,2.768009,0.284402,0.016411,64.000000,0.099186,23.121315,6.043932,961.798713,95.026185
405,2.162693,0.275200,0.647042,64.000000,0.099186,29.592730,0.153291,963.961406,95.673227
406,2.180006,0.285018,0.297497,64.000000,0.099186,29.357717,0.333401,966.141412,95.970724
407,2.471662,0.285650,0.048658,64.000000,0.099186,25.893507,2.038414,968.613074,96.019383
408,2.428398,0.284708,0.093724,64.000000,0.099186,26.354821,1.058273,971.041472,96.113107
409,2.204343,0.291232,0.427460,64.000000,0.099186,29.033598,0.232035,973.245815,96.540567
410,2.191244,0.287785,0.288138,64.000000,0.099186,29.207155,0.344231,975.437059,96.828705
411,2.265676,0.285828,0.279093,64.000000,0.099186,28.247646,0.355387,977.702734,97.107798
412,1.974525,0.286878,0.700855,64.000000,0.099186,32.412852,0.141521,979.677260,97.808653
413,2.279755,0.285746,0.225479,64.000000,0.099186,28.073197,0.439889,981.957014,98.034132
414,2.552111,0.283576,0.120487,64.000000,0.099186,25.077278,0.823211,984.509126,98.154619
415,2.289310,0.290985,0.281923,64.000000,0.099186,27.956025,0.351820,986.798435,98.436541
416,2.268122,0.286802,0.340462,64.000000,0.099186,28.217174,0.291328,989.066558,98.777003
417,2.411553,0.283989,0.487689,64.000000,0.099186,26.538918,0.203379,991.478110,99.264692
418,2.657490,0.290655,0.465590,64.000000,0.099186,24.082874,0.213033,994.135600,99.730282
419,2.302931,0.289146,0.335508,64.000000,0.099186,27.790677,0.295629,996.438531,100.065790
420,2.181221,0.284832,0.307637,64.000000,0.099186,29.341365,0.322412,998.619752,100.373427
421,2.441838,0.286283,0.128063,64.000000,0.099186,26.209767,0.774507,1001.061590,100.501490
422,2.162691,0.284908,0.271990,64.000000,0.099186,29.592759,0.364667,1003.224281,100.773480
423,2.394507,0.284133,0.090317,64.000000,0.099186,26.727843,1.098198,1005.618788,100.863797
424,2.382826,0.284443,0.078158,64.000000,0.099186,26.858863,1.269046,1008.001614,100.941955
425,2.294945,0.285950,0.199968,64.000000,0.099186,27.887378,0.496009,1010.296559,101.141923
426,2.429650,0.285910,0.112281,64.000000,0.099186,26.341245,0.883373,1012.726209,101.254204
427,2.622712,0.288286,0.073698,64.000000,0.099186,24.402219,1.345846,1015.348921,101.327902
428,2.569369,0.284718,0.233528,64.000000,0.099186,24.908844,0.424727,1017.918289,101.561430
429,2.076446,0.301528,0.509114,64.000000,0.099186,30.821894,0.194821,1019.994735,102.070544
430,2.440006,0.285194,0.056914,64.000000,0.099186,26.229439,1.742744,1022.434742,102.127458
431,2.431582,0.285058,0.222585,64.000000,0.099186,26.320310,0.445609,1024.866324,102.350043
432,2.351737,0.284602,0.209682,64.000000,0.099186,27.213923,0.473030,1027.218062,102.559725
433,2.377348,0.285542,0.205963,64.000000,0.099186,26.920755,0.481571,1029.595409,102.765688
434,2.152758,0.286730,0.250956,64.000000,0.099186,29.729309,0.395232,1031.748167,103.016645
435,2.320236,0.286972,0.124327,64.000000,0.099186,27.583401,0.797781,1034.068403,103.140972
436,2.506652,0.285717,0.117327,64.000000,0.099186,25.532060,0.845384,1036.575056,103.258299
437,2.353049,0.291164,0.146360,64.000000,0.099186,27.198757,0.677687,1038.928104,103.404658
438,2.231916,0.291808,0.217613,64.000000,0.099186,28.674918,0.455791,1041.160020,103.622271
439,2.304400,0.286895,0.296882,64.000000,0.099186,27.772961,0.334092,1043.464420,103.919153
440,2.604462,0.295345,0.230103,64.000000,0.099186,24.573209,0.431051,1046.068882,104.149255
441,2.448792,0.287338,0.117065,64.000000,0.099186,26.135330,0.847275,1048.517674,104.266320
442,2.446708,0.293079,0.022484,64.000000,0.099186,26.157599,4.411469,1050.964382,104.288803
443,2.421257,0.289098,0.176931,64.000000,0.099186,26.432548,0.560590,1053.385639,104.465735
444,2.167571,0.289756,0.328308,64.000000,0.099186,29.526143,0.302113,1055.553210,104.794043
445,2.466386,0.289456,0.072880,64.000000,0.099186,25.948897,1.360957,1058.019596,104.866922
446,2.560589,0.295553,0.180401,64.000000,0.099186,24.994247,0.549810,1060.580185,105.047323
447,2.386468,0.293937,0.041398,64.000000,0.099186,26.817873,2.395908,1062.966654,105.088721
448,2.238930,0.292912,0.267338,64.000000,0.099186,28.585085,0.371013,1065.205583,105.356059
449,2.084561,0.292164,0.559026,64.000000,0.099186,30.701905,0.177426,1067.290145,105.915085
450,2.418307,0.290475,0.208645,64.000000,0.099186,26.464796,0.475382,1069.708452,106.123730
451,2.691835,0.287880,0.584575,64.000000,0.099186,23.775605,0.169672,1072.400286,106.708304
452,2.212922,0.311549,0.259990,64.000000,0.099186,28.921041,0.381499,1074.613208,106.968295
453,2.261225,0.289248,0.211461,64.000000,0.099186,28.303237,0.469050,1076.874433,107.179756
454,3.257051,0.287967,0.092266,64.000000,0.099186,19.649678,1.075002,1080.131484,107.272022
455,2.488914,0.288671,0.057854,64.000000,0.099186,25.714022,1.714427,1082.620399,107.329876
456,2.512018,0.288021,0.001304,64.000000,0.099186,25.477524,76.035376,1085.132417,107.331180
457,2.483004,0.288676,0.186112,64.000000,0.099186,25.775228,0.532936,1087.615421,107.517292
458,2.095551,0.284210,0.527704,64.000000,0.099186,30.540897,0.187958,1089.710972,108.044996
459,3.372849,0.293955,0.225988,64.000000,0.099186,18.975056,0.438899,1093.083821,108.270984
460,2.531287,0.289404,0.152412,64.000000,0.099186,25.283582,0.650777,1095.615108,108.423396
461,2.385424,0.290594,0.092627,64.000000,0.099186,26.829609,1.070806,1098.000532,108.516023
462,2.481659,0.294817,0.367680,64.000000,0.099186,25.789201,0.269762,1100.482191,108.883703
463,2.107151,0.293425,0.353521,64.000000,0.099186,30.372769,0.280566,1102.589341,109.237224
464,2.669350,0.293029,0.069386,64.000000,0.099186,23.975873,1.429489,1105.258692,109.306609
465,2.295665,0.293185,0.078122,64.000000,0.099186,27.878635,1.269623,1107.554356,109.384732
466,2.298249,0.290264,0.231215,64.000000,0.099186,27.847282,0.428977,1109.852606,109.615947
467,2.427528,0.292949,0.244105,64.000000,0.099186,26.364272,0.406325,1112.280133,109.860052
468,2.322420,0.292243,0.127822,64.000000,0.099186,27.557457,0.775966,1114.602554,109.987874
469,2.342635,0.297204,0.119303,64.000000,0.099186,27.319668,0.831375,1116.945189,110.107178
470,2.611559,0.299202,0.184611,64.000000,0.099186,24.506435,0.537270,1119.556748,110.291789
471,2.345473,0.296835,0.195103,64.000000,0.099186,27.286604,0.508377,1121.902221,110.486892
472,2.125275,0.314494,0.408356,64.000000,0.099186,30.113752,0.242891,1124.027496,110.895248
473,2.438689,0.299063,0.094589,64.000000,0.099186,26.243608,1.048595,1126.466185,110.989837
474,2.459781,0.293295,0.221446,64.000000,0.099186,26.018580,0.447902,1128.925965,111.211283
475,2.159468,0.300097,0.274153,64.000000,0.099186,29.636930,0.361791,1131.085433,111.485435
476,2.310196,0.297854,0.324821,64.000000,0.099186,27.703277,0.305355,1133.395629,111.810257
477,2.234069,0.298559,0.219677,64.000000,0.099186,28.647278,0.451508,1135.629699,112.029934
478,2.838042,0.297921,0.043909,64.000000,0.099186,22.550756,2.258913,1138.467741,112.073842
479,2.683374,0.293725,0.131972,64.000000,0.099186,23.850574,0.751566,1141.151114,112.205815
480,1.930188,0.283801,0.664760,64.000000,0.099186,33.157384,0.149206,1143.081303,112.870575
481,2.985385,0.292785,0.001362,64.000000,0.099186,21.437773,72.823801,1146.066688,112.871937
482,2.723203,0.297726,0.223072,64.000000,0.099186,23.501735,0.444636,1148.789891,113.095009
483,2.358962,0.293195,0.158460,64.000000,0.099186,27.130580,0.625938,1151.148853,113.253469
484,2.803890,0.293120,0.096892,64.000000,0.099186,22.825434,1.023678,1153.952742,113.350361
485,2.241003,0.312482,0.284694,64.000000,0.099186,28.558636,0.348395,1156.193746,113.635055
486,2.351371,0.288271,0.606688,64.000000,0.099186,27.218162,0.163487,1158.545117,114.241743
487,2.820530,0.292840,0.098736,64.000000,0.099186,22.690771,1.004557,1161.365647,114.340479
488,2.652663,0.293661,0.059494,64.000000,0.099186,24.126696,1.667158,1164.018310,114.399973
489,2.239263,0.296043,0.312340,64.000000,0.099186,28.580833,0.317558,1166.257573,114.712313
490,2.834764,0.298477,0.251371,64.000000,0.099186,22.576833,0.394580,1169.092337,114.963684
491,2.373875,0.299359,0.157034,64.000000,0.099186,26.960134,0.631622,1171.466213,115.120718
492,2.595852,0.298478,0.173913,64.000000,0.099186,24.654715,0.570319,1174.062065,115.294631
493,2.346517,0.295049,0.452254,64.000000,0.099186,27.274463,0.219314,1176.408582,115.746885
494,2.144778,0.287768,0.693866,64.000000,0.099186,29.839921,0.142947,1178.553360,116.440751
495,2.662566,0.297869,0.200849,64.000000,0.099186,24.036967,0.493834,1181.215926,116.641600
496,2.416914,0.297953,0.295619,64.000000,0.099186,26.480053,0.335519,1183.632839,116.937220
497,3.173975,0.299118,0.001351,64.000000,0.099186,20.163992,73.402560,1186.806814,116.938571
498,2.238749,0.341755,0.436316,64.000000,0.099186,28.587399,0.227326,1189.045563,117.374887
499,2.661466,0.292736,0.106496,64.000000,0.099186,24.046897,0.931357,1191.707029,117.481383
500,2.511442,0.291799,0.157741,64.000000,0.099186,25.483371,0.628790,1194.218470,117.639124
501,2.386669,0.292222,0.138431,64.000000,0.099186,26.815620,0.716502,1196.605139,117.777554
502,2.231545,0.292281,0.412192,64.000000,0.099186,28.679679,0.240631,1198.836684,118.189746
503,3.716602,0.295318,0.001398,64.000000,0.099186,17.220030,70.971759,1202.553286,118.191144
504,2.636259,0.294125,0.001493,64.000000,0.099186,24.276826,66.425223,1205.189545,118.192637
505,2.299921,0.293245,0.295253,64.000000,0.099186,27.827044,0.335935,1207.489466,118.487890
506,2.783403,0.291883,0.001371,64.000000,0.099186,22.993435,72.319370,1210.272869,118.489261
507,2.586404,0.293969,0.001393,64.000000,0.099186,24.744782,71.199234,1212.859273,118.490654
508,2.222807,0.291506,0.267472,64.000000,0.099186,28.792420,0.370828,1215.082081,118.758126
509,2.443558,0.294832,0.148419,64.000000,0.099186,26.191317,0.668284,1217.525638,118.906545
510,2.587601,0.295906,0.139970,64.000000,0.099186,24.733336,0.708620,1220.113239,119.046515
511,2.229777,0.298996,0.402269,64.000000,0.099186,28.702428,0.246566,1222.343016,119.448785
512,2.597638,0.299164,0.057792,64.000000,0.099186,24.637769,1.716255,1224.940654,119.506577
513,2.204745,0.300355,0.316294,64.000000,0.099186,29.028295,0.313588,1227.145399,119.822870
514,2.247143,0.301290,0.323308,64.000000,0.099186,28.480610,0.306784,1229.392542,120.146179
515,2.168183,0.300957,0.308361,64.000000,0.099186,29.517801,0.321655,1231.560725,120.454540
516,2.802122,0.298099,0.043893,64.000000,0.099186,22.839834,2.259728,1234.362847,120.498432
517,2.179279,0.293321,0.620182,64.000000,0.099186,29.367513,0.159930,1236.542126,121.118615
518,2.656973,0.300882,0.175902,64.000000,0.099186,24.087557,0.563871,1239.199099,121.294516
519,2.288490,0.312429,0.264281,64.000000,0.099186,27.966042,0.375304,1241.487589,121.558798
520,2.303316,0.298857,0.123696,64.000000,0.099186,27.786027,0.801853,1243.790905,121.682494
521,2.090033,0.306424,0.560368,64.000000,0.099186,30.621526,0.177001,1245.880938,122.242862
522,2.817507,0.300729,0.016470,64.000000,0.099186,22.715117,6.022350,1248.698445,122.259332
523,2.750069,0.298123,0.153138,64.000000,0.099186,23.272147,0.647692,1251.448514,122.412469
524,2.313462,0.298847,0.126152,64.000000,0.099186,27.664169,0.786244,1253.761975,122.538621
525,2.428920,0.296765,0.184252,64.000000,0.099186,26.349157,0.538315,1256.190896,122.722873
526,2.890892,0.296969,0.055173,64.000000,0.099186,22.138496,1.797733,1259.081788,122.778046
527,2.571807,0.297844,0.001402,64.000000,0.099186,24.885225,70.745583,1261.653595,122.779448
528,2.726353,0.297813,0.102651,64.000000,0.099186,23.474580,0.966246,1264.379948,122.882099
529,2.261845,0.298894,0.207134,64.000000,0.099186,28.295486,0.478849,1266.641793,123.089233
530,2.464437,0.295155,0.092380,64.000000,0.099186,25.969425,1.073679,1269.106230,123.181613
531,2.321807,0.300399,0.194821,64.000000,0.099186,27.564741,0.509114,1271.428036,123.376433
532,2.152538,0.311907,0.336628,64.000000,0.099186,29.732338,0.294645,1273.580575,123.713062
533,2.588667,0.296846,0.170759,64.000000,0.099186,24.723145,0.580853,1276.169242,123.883821
534,2.443395,0.299934,0.184610,64.000000,0.099186,26.193060,0.537274,1278.612637,124.068431
535,2.101086,0.292562,0.593940,64.000000,0.099186,30.460439,0.166997,1280.713723,124.662371
536,2.713933,0.295055,0.235419,64.000000,0.099186,23.582011,0.421316,1283.427656,124.897790
537,2.291445,0.295400,0.615829,64.000000,0.099186,27.929971,0.161061,1285.719102,125.513619
538,2.364384,0.294204,0.466295,64.000000,0.099186,27.068365,0.212711,1288.083485,125.979914
539,2.380291,0.295570,0.325105,64.000000,0.099186,26.887464,0.305089,1290.463777,126.305018
540,2.599079,0.296960,0.024780,64.000000,0.099186,24.624105,4.002647,1293.062856,126.329798
541,2.333695,0.299555,0.306827,64.000000,0.099186,27.424322,0.323264,1295.396551,126.636625
542,2.418782,0.294337,0.271584,64.000000,0.099186,26.459596,0.365212,1297.815333,126.908209
543,2.234275,0.298993,0.731370,64.000000,0.099186,28.644645,0.135617,1300.049608,127.639580
544,2.359944,0.295711,0.238045,64.000000,0.099186,27.119287,0.416669,1302.409552,127.877625
545,2.463368,0.298128,0.357433,64.000000,0.099186,25.980693,0.277495,1304.872919,128.235058
546,2.436252,0.298169,0.217531,64.000000,0.099186,26.269862,0.455962,1307.309171,128.452589
547,2.613727,0.298443,0.244585,64.000000,0.099186,24.486109,0.405527,1309.922898,128.697175
548,2.363787,0.293509,0.304346,64.000000,0.099186,27.075195,0.325898,1312.286685,129.001521
549,2.528793,0.284596,0.683014,64.000000,0.099186,25.308512,0.145218,1314.815479,129.684535
550,2.280921,0.295383,0.287941,64.000000,0.099186,28.058840,0.344467,1317.096400,129.972475
551,2.331406,0.299939,0.210929,64.000000,0.099186,27.451251,0.470234,1319.427805,130.183404
552,2.584643,0.299067,0.157810,64.000000,0.099186,24.761640,0.628517,1322.012448,130.341214
553,3.086525,0.296068,0.224196,64.000000,0.099186,20.735291,0.442407,1325.098974,130.565410
554,2.459900,0.295850,0.001420,64.000000,0.099186,26.017317,69.853880,1327.558874,130.566830
555,2.586782,0.295686,0.001388,64.000000,0.099186,24.741161,71.444326,1330.145656,130.568218
556,2.564077,0.296146,0.060680,64.000000,0.099186,24.960246,1.634586,1332.709733,130.628898
557,2.347878,0.299088,0.427708,64.000000,0.099186,27.258652,0.231901,1335.057612,131.056606
558,2.435508,0.297752,0.345939,64.000000,0.099186,26.277883,0.286715,1337.493120,131.402545
559,2.367304,0.294848,0.299112,64.000000,0.099186,27.034972,0.331601,1339.860424,131.701658
560,2.356570,0.305137,0.452609,64.000000,0.099186,27.158117,0.219143,1342.216994,132.154266
561,2.451791,0.302149,0.119390,64.000000,0.099186,26.103366,0.830770,1344.668785,132.273657
562,2.600482,0.296689,0.182528,64.000000,0.099186,24.610824,0.543402,1347.269267,132.456184
563,2.396912,0.301643,0.303458,64.000000,0.099186,26.701018,0.326852,1349.666179,132.759643
564,2.784059,0.295398,0.177323,64.000000,0.099186,22.988017,0.559352,1352.450238,132.936966
565,2.568863,0.296463,0.182795,64.000000,0.099186,24.913750,0.542607,1355.019101,133.119761
566,2.506514,0.302183,0.436913,64.000000,0.099186,25.533469,0.227015,1357.525615,133.556674
567,2.184127,0.311439,0.315556,64.000000,0.099186,29.302331,0.314321,1359.709742,133.872230
568,2.460406,0.293628,0.083157,64.000000,0.099186,26.011972,1.192762,1362.170147,133.955386
569,2.928275,0.293120,0.015878,64.000000,0.099186,21.855874,6.246819,1365.098422,133.971264
570,2.793786,0.299358,0.182673,64.000000,0.099186,22.907981,0.542971,1367.892208,134.153937
571,2.580295,0.295376,0.156246,64.000000,0.099186,24.803361,0.634805,1370.472503,134.310183
572,2.412025,0.295151,0.079091,64.000000,0.099186,26.533727,1.254081,1372.884528,134.389274
573,2.885506,0.295701,0.257692,64.000000,0.099186,22.179819,0.384901,1375.770034,134.646965
574,2.729092,0.299757,0.133546,64.000000,0.099186,23.451024,0.742707,1378.499126,134.780512
575,2.366163,0.299432,0.176081,64.000000,0.099186,27.048013,0.563296,1380.865288,134.956593
576,2.512416,0.296071,0.109635,64.000000,0.099186,25.473492,0.904693,1383.377704,135.066228
577,2.586774,0.295752,0.001389,64.000000,0.099186,24.741243,71.421741,1385.964478,135.067617
578,2.628837,0.294971,0.092558,64.000000,0.099186,24.345366,1.071603,1388.593315,135.160175
579,2.532802,0.312640,0.407917,64.000000,0.099186,25.268455,0.243152,1391.126117,135.568092
580,2.683567,0.308954,0.246758,64.000000,0.099186,23.848855,0.401956,1393.809684,135.814850
581,2.024100,0.290846,0.504654,64.000000,0.099186,31.618993,0.196543,1395.833784,136.319504
582,2.391686,0.295163,0.085624,64.000000,0.099186,26.759360,1.158384,1398.225470,136.405129
583,2.284598,0.295132,0.111710,64.000000,0.099186,28.013686,0.887891,1400.510068,136.516838
584,2.126002,0.300391,0.202057,64.000000,0.099186,30.103457,0.490881,1402.636070,136.718895
585,2.319466,0.295010,0.281888,64.000000,0.099186,27.592558,0.351863,1404.955536,137.000783
586,2.382948,0.294882,0.091311,64.000000,0.099186,26.857484,1.086241,1407.338484,137.092094
587,2.120058,0.299002,0.344253,64.000000,0.099186,30.187854,0.288120,1409.458542,137.436347
588,2.445142,0.302310,0.240019,64.000000,0.099186,26.174350,0.413242,1411.903684,137.676366
589,2.536542,0.295886,0.224330,64.000000,0.099186,25.231200,0.442142,1414.440226,137.900696
590,2.010849,0.299849,0.404177,64.000000,0.099186,31.827350,0.245402,1416.451075,138.304873
591,2.359032,0.296482,0.154212,64.000000,0.099186,27.129776,0.643180,1418.810107,138.459085
592,2.345633,0.300074,0.072434,64.000000,0.099186,27.284744,1.369335,1421.155740,138.531518
593,2.042598,0.312199,0.465224,64.000000,0.099186,31.332649,0.213200,1423.198338,138.996742
594,3.238361,0.296566,0.001428,64.000000,0.099186,19.763085,69.473366,1426.436698,138.998170
595,3.734600,0.293755,0.034067,64.000000,0.099186,17.137044,2.911488,1430.171298,139.032237
596,3.603115,0.295966,0.001388,64.000000,0.099186,17.762407,71.480831,1433.774413,139.033625
597,1.974076,0.307858,0.590211,64.000000,0.099186,32.420227,0.168052,1435.748490,139.623836
598,2.224322,0.296174,0.232947,64.000000,0.099186,28.772809,0.425787,1437.972812,139.856783
599,2.267357,0.294137,0.240050,64.000000,0.099186,28.226701,0.413188,1440.240169,140.096833
600,2.280675,0.293792,0.114796,64.000000,0.099186,28.061873,0.864021,1442.520843,140.211629
601,2.583590,0.296669,0.021121,64.000000,0.099186,24.771734,4.696036,1445.104433,140.232750
602,2.616058,0.294103,0.001324,64.000000,0.099186,24.464287,74.889476,1447.720491,140.234075
603,2.444148,0.296183,0.193250,64.000000,0.099186,26.184990,0.513251,1450.164640,140.427325
604,2.899285,0.296325,0.240190,64.000000,0.099186,22.074410,0.412948,1453.063924,140.667515
605,2.308260,0.294455,0.280711,64.000000,0.099186,27.726508,0.353339,1455.372185,140.948226
606,2.292375,0.300297,0.170500,64.000000,0.099186,27.918642,0.581737,1457.664560,141.118725
607,2.407166,0.298628,0.205669,64.000000,0.099186,26.587280,0.482260,1460.071726,141.324394
608,2.375037,0.298691,0.219760,64.000000,0.099186,26.946951,0.451338,1462.446763,141.544154
609,2.466097,0.294379,0.157709,64.000000,0.099186,25.951939,0.628916,1464.912860,141.701863
610,2.429448,0.296802,0.110000,64.000000,0.099186,26.343429,0.901693,1467.342308,141.811863
611,2.445351,0.296225,0.075986,64.000000,0.099186,26.172108,1.305313,1469.787660,141.887849
612,2.312134,0.291638,0.273557,64.000000,0.099186,27.680062,0.362579,1472.099793,142.161406
613,2.113593,0.299196,0.386866,64.000000,0.099186,30.280191,0.256383,1474.213386,142.548272
614,2.350280,0.295230,0.266044,64.000000,0.099186,27.230794,0.372817,1476.563667,142.814317
615,2.604317,0.295636,0.341687,64.000000,0.099186,24.574584,0.290283,1479.167983,143.156004
616,3.461703,0.297002,0.174325,64.000000,0.099186,18.488011,0.568972,1482.629686,143.330328
617,3.101231,0.294309,0.168938,64.000000,0.099186,20.636968,0.587113,1485.730917,143.499267
618,2.432762,0.300027,0.564985,64.000000,0.099186,26.307551,0.175555,1488.163678,144.064252
619,2.540849,0.294888,0.535992,64.000000,0.099186,25.188431,0.185051,1490.704527,144.600244
620,2.458849,0.295881,0.346202,64.000000,0.099186,26.028436,0.286497,1493.163377,144.946446
621,2.498320,0.294370,0.197149,64.000000,0.099186,25.617211,0.503100,1495.661697,145.143595
622,2.220326,0.299311,0.169637,64.000000,0.099186,28.824592,0.584696,1497.882023,145.313232
623,2.545012,0.297129,0.186254,64.000000,0.099186,25.147234,0.532530,1500.427035,145.499486
624,2.512997,0.297322,0.140518,64.000000,0.099186,25.467604,0.705861,1502.940031,145.640004
625,2.020780,0.299936,0.523171,64.000000,0.099186,31.670938,0.189586,1504.960811,146.163174
626,2.064384,0.292839,0.379857,64.000000,0.099186,31.001977,0.261114,1507.025196,146.543031
627,2.889417,0.295431,0.001365,64.000000,0.099186,22.149800,72.639003,1509.914613,146.544397
628,2.376796,0.297929,0.361259,64.000000,0.099186,26.927011,0.274556,1512.291408,146.905656
629,2.145450,0.305807,0.306325,64.000000,0.099186,29.830577,0.323793,1514.436858,147.211980
630,2.335540,0.300836,0.194895,64.000000,0.099186,27.402662,0.508919,1516.772397,147.406876
631,2.400456,0.297613,0.142340,64.000000,0.099186,26.661598,0.696825,1519.172854,147.549216
632,2.212580,0.295212,0.367791,64.000000,0.099186,28.925512,0.269680,1521.385433,147.917007
633,2.383829,0.298230,0.146431,64.000000,0.099186,26.847558,0.677358,1523.769263,148.063438
634,2.559549,0.295852,0.295822,64.000000,0.099186,25.004408,0.335289,1526.328811,148.359259
635,2.526283,0.296134,0.006127,64.000000,0.099186,25.333664,16.187518,1528.855094,148.365387
636,2.343981,0.301502,0.268998,64.000000,0.099186,27.303976,0.368724,1531.199075,148.634385
637,2.801396,0.300351,0.001385,64.000000,0.099186,22.845756,71.626294,1534.000471,148.635770
638,2.367610,0.294056,0.455019,64.000000,0.099186,27.031477,0.217982,1536.368081,149.090789
639,2.265917,0.294978,0.479587,64.000000,0.099186,28.244639,0.206815,1538.633998,149.570376
640,2.535206,0.301345,0.001375,64.000000,0.099186,25.244499,72.138012,1541.169204,149.571751
641,2.351829,0.294131,0.206426,64.000000,0.099186,27.212866,0.480491,1543.521032,149.778177
642,2.424830,0.292256,0.068782,64.000000,0.099186,26.393599,1.442025,1545.945863,149.846960
643,2.225953,0.296831,0.198011,64.000000,0.099186,28.751729,0.500911,1548.171816,150.044971
644,2.153597,0.294515,0.299286,64.000000,0.099186,29.717718,0.331408,1550.325413,150.344257
645,2.311651,0.294647,0.144570,64.000000,0.099186,27.685836,0.686076,1552.637064,150.488827
646,2.261211,0.294629,0.211665,64.000000,0.099186,28.303416,0.468598,1554.898276,150.700492
647,2.402331,0.299332,0.112498,64.000000,0.099186,26.640795,0.881668,1557.300606,150.812990
648,2.267496,0.294628,0.260480,64.000000,0.099186,28.224971,0.380781,1559.568102,151.073471
649,2.267414,0.295213,0.241441,64.000000,0.099186,28.225991,0.410809,1561.835516,151.314911
650,2.647882,0.293871,0.121618,64.000000,0.099186,24.170262,0.815555,1564.483398,151.436529
651,2.443733,0.295908,0.102915,64.000000,0.099186,26.189442,0.963766,1566.927130,151.539444
652,2.364150,0.296006,0.102613,64.000000,0.099186,27.071042,0.966606,1569.291280,151.642057
653,2.372211,0.294478,0.146988,64.000000,0.099186,26.979056,0.674791,1571.663491,151.789044
654,2.374231,0.296529,0.531860,64.000000,0.099186,26.956098,0.186489,1574.037722,152.320904
655,2.263615,0.296412,0.010629,64.000000,0.099186,28.273356,9.331297,1576.301337,152.331533
656,2.558015,0.298141,0.159692,64.000000,0.099186,25.019398,0.621107,1578.859352,152.491226
657,2.397799,0.296208,0.148136,64.000000,0.099186,26.691141,0.669559,1581.257151,152.639362
658,2.206931,0.293685,0.307890,64.000000,0.099186,28.999549,0.322148,1583.464082,152.947251
659,2.382705,0.295250,0.110237,64.000000,0.099186,26.860229,0.899752,1585.846787,153.057488
660,2.402989,0.295165,0.084115,64.000000,0.099186,26.633493,1.179172,1588.249777,153.141603
661,2.515909,0.299161,0.120418,64.000000,0.099186,25.438122,0.823680,1590.765686,153.262021
662,2.538633,0.295474,0.001377,64.000000,0.099186,25.210415,72.030303,1593.304319,153.263398
663,2.666405,0.295500,0.038878,64.000000,0.099186,24.002355,2.551194,1595.970724,153.302277
664,2.294296,0.295469,0.197150,64.000000,0.099186,27.895267,0.503099,1598.265020,153.499427
665,2.540858,0.295058,0.034669,64.000000,0.099186,25.188346,2.860981,1600.805877,153.534095
666,2.168634,0.296351,0.362565,64.000000,0.099186,29.511659,0.273568,1602.974512,153.896660
667,2.394376,0.296780,0.076225,64.000000,0.099186,26.729299,1.301222,1605.368888,153.972885
668,2.240469,0.299295,0.205164,64.000000,0.099186,28.565446,0.483446,1607.609357,154.178049
669,2.411129,0.295426,1.061454,64.000000,0.099186,26.543579,0.093444,1610.020487,155.239503
670,2.288647,0.294867,0.337094,64.000000,0.099186,27.964126,0.294239,1612.309133,155.576596
671,2.442910,0.296003,0.058551,64.000000,0.099186,26.198259,1.694020,1614.752044,155.635147
672,2.363142,0.295161,0.043705,64.000000,0.099186,27.082589,2.269424,1617.115185,155.678852
673,2.033407,0.313006,0.492391,64.000000,0.099186,31.474271,0.201437,1619.148592,156.171243
674,2.375480,0.297062,0.104593,64.000000,0.099186,26.941925,0.948304,1621.524072,156.275836
675,2.178341,0.294224,0.255321,64.000000,0.099186,29.380156,0.388476,1623.702413,156.531157
676,2.388138,0.301571,0.091752,64.000000,0.099186,26.799125,1.081026,1626.090551,156.622909
677,2.173404,0.298401,0.276241,64.000000,0.099186,29.446891,0.359056,1628.263955,156.899150
678,2.297357,0.295181,0.104391,64.000000,0.099186,27.858104,0.950139,1630.561312,157.003541
679,2.171299,0.302155,0.268420,64.000000,0.099186,29.475437,0.369518,1632.732611,157.271960
680,2.245446,0.294083,0.234281,64.000000,0.099186,28.502136,0.423363,1634.978057,157.506241
681,2.224177,0.296856,0.350075,64.000000,0.099186,28.774688,0.283327,1637.202234,157.856317
682,2.392369,0.294706,0.107966,64.000000,0.099186,26.751724,0.918677,1639.594603,157.964283
683,2.314519,0.301359,0.118618,64.000000,0.099186,27.651532,0.836180,1641.909123,158.082901
684,2.294269,0.299316,0.219094,64.000000,0.099186,27.895601,0.452709,1644.203391,158.301995
685,2.076503,0.307812,0.448803,64.000000,0.099186,30.821042,0.221001,1646.279894,158.750798
686,2.377377,0.296864,0.128234,64.000000,0.099186,26.920425,0.773476,1648.657272,158.879032
687,2.335601,0.294558,0.273383,64.000000,0.099186,27.401946,0.362809,1650.992872,159.152415
688,2.044828,0.294305,0.467664,64.000000,0.099186,31.298479,0.212088,1653.037700,159.620079
689,1.998008,0.297010,0.447790,64.000000,0.099186,32.031908,0.221501,1655.035708,160.067870
690,2.309489,0.295765,0.168245,64.000000,0.099186,27.711762,0.589533,1657.345196,160.236114
691,2.103654,0.295458,0.300380,64.000000,0.099186,30.423257,0.330202,1659.448850,160.536494
692,2.282003,0.295200,0.114941,64.000000,0.099186,28.045532,0.862931,1661.730853,160.651435
693,2.412263,0.296491,0.024599,64.000000,0.099186,26.531109,4.032154,1664.143116,160.676034
694,2.399405,0.293514,0.120704,64.000000,0.099186,26.673280,0.821732,1666.542521,160.796737
695,2.332820,0.295868,0.077887,64.000000,0.099186,27.434602,1.273460,1668.875341,160.874624
696,2.298505,0.299139,0.118729,64.000000,0.099186,27.844189,0.835398,1671.173846,160.993353
697,2.316298,0.296994,0.124197,64.000000,0.099186,27.630295,0.798621,1673.490144,161.117550
698,1.954258,0.295310,0.612711,64.000000,0.099186,32.748994,0.161881,1675.444403,161.730260
699,2.679731,0.297282,0.001396,64.000000,0.099186,23.882993,71.061047,1678.124134,161.731656
700,2.474509,0.293981,0.056516,64.000000,0.099186,25.863722,1.754996,1680.598642,161.788172
701,2.235359,0.295399,0.239858,64.000000,0.099186,28.630747,0.413519,1682.834001,162.028031
702,2.277609,0.298935,0.206326,64.000000,0.099186,28.099639,0.480723,1685.111611,162.234357
703,2.071602,0.307188,0.317654,64.000000,0.099186,30.893961,0.312245,1687.183213,162.552011
704,2.113375,0.310830,0.316465,64.000000,0.099186,30.283321,0.313418,1689.296588,162.868476
705,2.230169,0.295878,0.188710,64.000000,0.099186,28.697374,0.525600,1691.526757,163.057186
706,2.142308,0.303669,0.361619,64.000000,0.099186,29.874320,0.274283,1693.669065,163.418805
707,2.206872,0.296259,0.225752,64.000000,0.099186,29.000320,0.439357,1695.875937,163.644558
708,2.527106,0.295712,0.070708,64.000000,0.099186,25.325408,1.402747,1698.403044,163.715266
709,2.179559,0.295197,0.278775,64.000000,0.099186,29.363741,0.355793,1700.582602,163.994041
710,2.322798,0.296166,0.236900,64.000000,0.099186,27.552976,0.418683,1702.905400,164.230941
711,2.540409,0.298775,0.205980,64.000000,0.099186,25.192797,0.481532,1705.445809,164.436920
712,2.360131,0.294464,0.201890,64.000000,0.099186,27.117138,0.491287,1707.805940,164.638811
713,2.228205,0.297029,0.203158,64.000000,0.099186,28.722671,0.488220,1710.034145,164.841969
714,2.251384,0.296078,0.232073,64.000000,0.099186,28.426958,0.427392,1712.285529,165.074041
715,2.111397,0.302317,0.312289,64.000000,0.099186,30.311686,0.317610,1714.396926,165.386330
716,2.312654,0.298739,0.139132,64.000000,0.099186,27.673829,0.712891,1716.709580,165.525462
717,2.158516,0.307636,0.330618,64.000000,0.099186,29.650003,0.300002,1718.868096,165.856080
718,2.306041,0.297359,0.230909,64.000000,0.099186,27.753188,0.429546,1721.174138,166.086989
719,2.355745,0.301115,0.154669,64.000000,0.099186,27.167622,0.641278,1723.529883,166.241658
720,2.221341,0.294715,1.233557,64.000000,0.099186,28.811424,0.080406,1725.751224,167.475215
721,1.448647,0.301145,0.108321,64.000000,0.099186,44.179155,0.915671,1727.199871,167.583535
722,2.290654,0.297026,0.181452,64.000000,0.099186,27.939621,0.546623,1729.490525,167.764987
723,2.374746,0.295824,0.209581,64.000000,0.099186,26.950251,0.473259,1731.865271,167.974568
724,2.349720,0.300580,0.140994,64.000000,0.099186,27.237289,0.703475,1734.214991,168.115562
725,2.005349,0.298064,0.367424,64.000000,0.099186,31.914652,0.269950,1736.220339,168.482986
726,2.378705,0.295137,0.060157,64.000000,0.099186,26.905400,1.648787,1738.599044,168.543143
727,2.193051,0.295017,0.329018,64.000000,0.099186,29.183086,0.301461,1740.792095,168.872161
728,2.304653,0.295198,0.198736,64.000000,0.099186,27.769901,0.499085,1743.096749,169.070896
729,2.249061,0.295851,0.229814,64.000000,0.099186,28.456325,0.431593,1745.345809,169.300710
730,2.441155,0.305693,0.078289,64.000000,0.099186,26.217102,1.266917,1747.786964,169.378999
731,2.296692,0.295374,0.277447,64.000000,0.099186,27.866164,0.357495,1750.083656,169.656447
732,2.382580,0.297169,0.183863,64.000000,0.099186,26.861639,0.539457,1752.466236,169.840309
733,1.997242,0.296266,0.490193,64.000000,0.099186,32.044184,0.202341,1754.463478,170.330502
734,2.341616,0.297089,0.274050,64.000000,0.099186,27.331548,0.361926,1756.805094,170.604552
735,2.360198,0.295688,0.135497,64.000000,0.099186,27.116374,0.732017,1759.165292,170.740049
736,2.054426,0.297315,0.389573,64.000000,0.099186,31.152256,0.254602,1761.219718,171.129622
737,2.020021,0.297124,0.425701,64.000000,0.099186,31.682843,0.232994,1763.239739,171.555322
738,2.292123,0.294296,0.199394,64.000000,0.099186,27.921715,0.497436,1765.531861,171.754717
739,2.310725,0.297451,0.180459,64.000000,0.099186,27.696934,0.549631,1767.842587,171.935176
740,2.433286,0.295714,0.001422,64.000000,0.099186,26.301883,69.729390,1770.275872,171.936598
741,2.333562,0.298472,0.244876,64.000000,0.099186,27.425889,0.405045,1772.609434,172.181475
742,2.420606,0.296255,0.062268,64.000000,0.099186,26.439662,1.592885,1775.030040,172.243743
743,2.049263,0.293636,0.395613,64.000000,0.099186,31.230736,0.250714,1777.079303,172.639356
744,2.157227,0.297137,0.358493,64.000000,0.099186,29.667723,0.276675,1779.236530,172.997849
745,2.296344,0.294801,0.115892,64.000000,0.099186,27.870393,0.855850,1781.532873,173.113741
746,2.324774,0.303534,0.116615,64.000000,0.099186,27.529560,0.850539,1783.857647,173.230356
747,2.106089,0.297802,0.264515,64.000000,0.099186,30.388073,0.374973,1785.963737,173.494871
748,2.323828,0.302259,0.086315,64.000000,0.099186,27.540771,1.149112,1788.287564,173.581186
749,2.366026,0.299865,0.110902,64.000000,0.099186,27.049575,0.894358,1790.653590,173.692088
750,2.254440,0.298094,0.165870,64.000000,0.099186,28.388421,0.597973,1792.908030,173.857958
751,2.422010,0.296202,0.080085,64.000000,0.099186,26.424334,1.238501,1795.330040,173.938044
752,2.333418,0.299656,0.095903,64.000000,0.099186,27.427580,1.034233,1797.663458,174.033946
753,2.304791,0.300329,0.140306,64.000000,0.099186,27.768242,0.706924,1799.968249,174.174253
754,2.403838,0.297260,0.024781,64.000000,0.099186,26.624094,4.002545,1802.372087,174.199034
755,2.526561,0.297333,0.177067,64.000000,0.099186,25.330877,0.560160,1804.898648,174.376101
756,2.446068,0.295075,0.001396,64.000000,0.099186,26.164436,71.034532,1807.344716,174.377497
757,2.162718,0.330031,0.319547,64.000000,0.099186,29.592389,0.310396,1809.507434,174.697044
758,2.337966,0.295998,0.152735,64.000000,0.099186,27.374225,0.649399,1811.845400,174.849779
759,2.197310,0.294178,0.346407,64.000000,0.099186,29.126522,0.286328,1814.042710,175.196185
760,2.229672,0.296132,0.285657,64.000000,0.099186,28.703774,0.347220,1816.272382,175.481843
761,2.356985,0.294000,0.231069,64.000000,0.099186,27.153339,0.429248,1818.629367,175.712912
762,2.276289,0.296855,0.141810,64.000000,0.099186,28.115933,0.699427,1820.905656,175.854722
763,2.212799,0.306942,0.248234,64.000000,0.099186,28.922651,0.399567,1823.118455,176.102956
764,2.391262,0.299390,0.192320,64.000000,0.099186,26.764111,0.515733,1825.509716,176.295276
765,2.365388,0.296038,0.060307,64.000000,0.099186,27.056873,1.644693,1827.875104,176.355583
766,2.327952,0.301837,0.106779,64.000000,0.099186,27.491975,0.928893,1830.203056,176.462361
767,2.392075,0.297159,0.082724,64.000000,0.099186,26.755016,1.199003,1832.595131,176.545085
768,2.301626,0.297395,0.232853,64.000000,0.099186,27.806430,0.425960,1834.896757,176.777938
769,2.285239,0.296582,0.178153,64.000000,0.099186,28.005819,0.556745,1837.181997,176.956091
770,2.413950,0.296265,0.085370,64.000000,0.099186,26.512567,1.161835,1839.595946,177.041461
771,2.276488,0.295444,0.236913,64.000000,0.099186,28.113477,0.418660,1841.872434,177.278374
772,2.404462,0.297838,0.130772,64.000000,0.099186,26.617180,0.758467,1844.276897,177.409146
773,2.179449,0.295529,0.365819,64.000000,0.099186,29.365224,0.271134,1846.456345,177.774965
774,2.507910,0.295552,0.187697,64.000000,0.099186,25.519261,0.528438,1848.964255,177.962661
775,2.340303,0.296787,0.121924,64.000000,0.099186,27.346892,0.813510,1851.304557,178.084585
776,2.469212,0.294943,0.059564,64.000000,0.099186,25.919198,1.665191,1853.773770,178.144149
777,2.362062,0.295016,0.050151,64.000000,0.099186,27.094973,1.977757,1856.135831,178.194300
778,2.181219,0.295391,0.280877,64.000000,0.099186,29.341396,0.353130,1858.317050,178.475176
779,2.231826,0.296581,0.313502,64.000000,0.099186,28.676075,0.316381,1860.548876,178.788678
780,1.998013,0.292476,0.596663,64.000000,0.099186,32.031824,0.166234,1862.546889,179.385341
781,2.295204,0.300657,0.111822,64.000000,0.099186,27.884237,0.887001,1864.842092,179.497163
782,2.350431,0.295986,0.164244,64.000000,0.099186,27.229045,0.603894,1867.192524,179.661407
783,2.161723,0.302207,0.277832,64.000000,0.099186,29.606009,0.357000,1869.354247,179.939239
784,2.226960,0.301067,0.249931,64.000000,0.099186,28.738731,0.396853,1871.581207,180.189170
785,2.296884,0.299915,0.166399,64.000000,0.099186,27.863835,0.596074,1873.878091,180.355569
786,2.626756,0.296572,0.001385,64.000000,0.099186,24.364650,71.618950,1876.504847,180.356954
787,2.207917,0.296084,0.302826,64.000000,0.099186,28.986600,0.327534,1878.712764,180.659780
788,2.066443,0.292256,0.408705,64.000000,0.099186,30.971095,0.242683,1880.779207,181.068485
789,2.340215,0.297336,0.117359,64.000000,0.099186,27.347916,0.845148,1883.119422,181.185844
790,2.307472,0.299219,0.268099,64.000000,0.099186,27.735979,0.369960,1885.426894,181.453943
791,2.472210,0.295775,0.106445,64.000000,0.099186,25.887773,0.931807,1887.899103,181.560388
792,2.125244,0.292750,0.453387,64.000000,0.099186,30.114183,0.218767,1890.024348,182.013775
793,2.391597,0.296400,0.098586,64.000000,0.099186,26.760357,1.006089,1892.415945,182.112361
794,2.255346,0.300460,0.265068,64.000000,0.099186,28.377027,0.374191,1894.671291,182.377428
795,2.160898,0.305522,0.667923,64.000000,0.099186,29.617313,0.148499,1896.832189,183.045351
796,2.125014,0.297151,0.059251,64.000000,0.099186,30.117442,1.673995,1898.957204,183.104602
797,2.404783,0.301558,0.139386,64.000000,0.099186,26.613627,0.711591,1901.361987,183.243988
798,2.461971,0.304317,0.344738,64.000000,0.099186,25.995433,0.287714,1903.823958,183.588726
799,2.409775,0.295834,0.152847,64.000000,0.099186,26.558492,0.648923,1906.233733,183.741573
800,2.248209,0.296082,0.152850,64.000000,0.099186,28.467105,0.648909,1908.481942,183.894424
801,2.492706,0.300539,0.198942,64.000000,0.099186,25.674905,0.498567,1910.974648,184.093366
802,2.276989,0.295819,0.123385,64.000000,0.099186,28.107298,0.803873,1913.251637,184.216751
803,2.422881,0.297010,0.277158,64.000000,0.099186,26.414835,0.357868,1915.674518,184.493909
804,2.371938,0.296841,0.114844,64.000000,0.099186,26.982153,0.863662,1918.046456,184.608752
805,2.335313,0.295929,0.147326,64.000000,0.099186,27.405317,0.673243,1920.381770,184.756078
806,2.434546,0.299650,0.053779,64.000000,0.099186,26.288266,1.844313,1922.816316,184.809857
807,2.419832,0.300597,0.124899,64.000000,0.099186,26.448113,0.794130,1925.236148,184.934756
808,2.534745,0.293737,0.055447,64.000000,0.099186,25.249084,1.788846,1927.770894,184.990203
809,2.270113,0.295997,0.249943,64.000000,0.099186,28.192433,0.396834,1930.041006,185.240146
810,2.400512,0.296842,0.079408,64.000000,0.099186,26.660977,1.249075,1932.441519,185.319553
811,2.371909,0.297957,0.110846,64.000000,0.099186,26.982487,0.894807,1934.813427,185.430400
812,2.462800,0.296313,0.080994,64.000000,0.099186,25.986680,1.224610,1937.276228,185.511393
813,2.370343,0.296099,0.173966,64.000000,0.099186,27.000314,0.570144,1939.646570,185.685360
814,2.402502,0.297589,0.132187,64.000000,0.099186,26.638891,0.750344,1942.049073,185.817547
815,2.080643,0.305466,0.457965,64.000000,0.099186,30.759720,0.216580,1944.129716,186.275512
816,2.298760,0.295846,0.116283,64.000000,0.099186,27.841093,0.852972,1946.428476,186.391794
817,2.408670,0.294888,0.079191,64.000000,0.099186,26.570684,1.252486,1948.837146,186.470986
818,2.356649,0.294074,0.121774,64.000000,0.099186,27.157202,0.814508,1951.193795,186.592760
819,2.200795,0.313585,0.465765,64.000000,0.099186,29.080402,0.212953,1953.394590,187.058525
820,2.416206,0.300296,0.058654,64.000000,0.099186,26.487808,1.691048,1955.810796,187.117179
821,2.318366,0.296065,0.181068,64.000000,0.099186,27.605649,0.547782,1958.129162,187.298247
822,2.495171,0.302869,0.001378,64.000000,0.099186,25.649544,71.963305,1960.624333,187.299625
823,2.151181,0.298054,0.291617,64.000000,0.099186,29.751099,0.340124,1962.775514,187.591242
824,2.281796,0.302123,0.178749,64.000000,0.099186,28.048079,0.554890,1965.057310,187.769991
825,2.290945,0.297257,0.362856,64.000000,0.099186,27.936068,0.273348,1967.348256,188.132847
826,2.421107,0.296472,0.067107,64.000000,0.099186,26.434185,1.478022,1969.769363,188.199954
827,2.107319,0.295768,0.629462,64.000000,0.099186,30.370348,0.157572,1971.876682,188.829417
828,1.977129,0.294520,0.209579,64.000000,0.099186,32.370175,0.473263,1973.853810,189.038995
829,2.374946,0.294761,0.051768,64.000000,0.099186,26.947979,1.915955,1976.228756,189.090764
830,2.017100,0.295183,0.483453,64.000000,0.099186,31.728719,0.205162,1978.245856,189.574217
831,2.259513,0.295197,0.251582,64.000000,0.099186,28.324684,0.394250,1980.505370,189.825798
832,2.089957,0.293598,0.385997,64.000000,0.099186,30.622635,0.256960,1982.595327,190.211796
833,2.378636,0.295079,0.019205,64.000000,0.099186,26.906176,5.164646,1984.973963,190.231001
834,2.236787,0.293265,0.215619,64.000000,0.099186,28.612467,0.460006,1987.210750,190.446619
835,2.009129,0.306768,0.533378,64.000000,0.099186,31.854592,0.185958,1989.219880,190.979997
836,2.332439,0.296132,0.042996,64.000000,0.099186,27.439091,2.306852,1991.552319,191.022993
837,2.563892,0.296415,0.097709,64.000000,0.099186,24.962050,1.015113,1994.116211,191.120702
838,2.098111,0.297498,0.475211,64.000000,0.099186,30.503636,0.208720,1996.214321,191.595913
839,2.320274,0.300533,0.120743,64.000000,0.099186,27.582947,0.821462,1998.534595,191.716656
840,2.437696,0.295733,0.090622,64.000000,0.099186,26.254298,1.094506,2000.972291,191.807278
841,2.185161,0.295272,0.251472,64.000000,0.099186,29.288460,0.394422,2003.157452,192.058750
842,2.479539,0.295936,0.109855,64.000000,0.099186,25.811246,0.902878,2005.636992,192.168605
843,2.143370,0.298564,0.284301,64.000000,0.099186,29.859518,0.348877,2007.780362,192.452906
844,2.371119,0.296844,0.117518,64.000000,0.099186,26.991475,0.844009,2010.151481,192.570423
845,2.208693,0.296984,0.282416,64.000000,0.099186,28.976410,0.351205,2012.360174,192.852839
846,2.325223,0.294879,0.128459,64.000000,0.099186,27.524247,0.772119,2014.685397,192.981299
847,2.163855,0.307994,0.243346,64.000000,0.099186,29.576838,0.407593,2016.849252,193.224644
848,2.050318,0.295440,0.426111,64.000000,0.099186,31.214672,0.232770,2018.899570,193.650755
849,2.376267,0.296237,0.161786,64.000000,0.099186,26.933000,0.613069,2021.275837,193.812541
850,2.211116,0.295065,0.290242,64.000000,0.099186,28.944654,0.341736,2023.486953,194.102783
851,2.220488,0.295484,0.164792,64.000000,0.099186,28.822490,0.601887,2025.707442,194.267574
852,2.434016,0.296070,0.185085,64.000000,0.099186,26.293996,0.535893,2028.141457,194.452660
853,2.266924,0.299935,0.259414,64.000000,0.099186,28.232090,0.382346,2030.408381,194.712074
854,2.307957,0.294761,0.136245,64.000000,0.099186,27.730147,0.727994,2032.716339,194.848319
855,2.094755,0.296607,0.413239,64.000000,0.099186,30.552499,0.240021,2034.811094,195.261558
856,2.186502,0.295424,0.303647,64.000000,0.099186,29.270491,0.326648,2036.997596,195.565206
857,2.369843,0.293377,0.060961,64.000000,0.099186,27.006014,1.627030,2039.367439,195.626167
858,2.382438,0.297141,0.052663,64.000000,0.099186,26.863243,1.883425,2041.749876,195.678830
859,2.295482,0.295817,0.076352,64.000000,0.099186,27.880849,1.299057,2044.045359,195.755182
860,2.141362,0.297410,0.422304,64.000000,0.099186,29.887513,0.234869,2046.186721,196.177486
861,2.610022,0.294583,0.001455,64.000000,0.099186,24.520865,68.160507,2048.796743,196.178941
862,2.426881,0.299670,0.017386,64.000000,0.099186,26.371294,5.704933,2051.223625,196.196327
863,2.379858,0.294919,0.069568,64.000000,0.099186,26.892360,1.425742,2053.603483,196.265895
864,2.338734,0.297357,0.128307,64.000000,0.099186,27.365229,0.773036,2055.942217,196.394202
865,2.024803,0.295201,0.410441,64.000000,0.099186,31.608011,0.241657,2057.967020,196.804643
866,2.228861,0.296613,0.301098,64.000000,0.099186,28.714213,0.329414,2060.195882,197.105740
867,2.346916,0.295739,0.170526,64.000000,0.099186,27.269836,0.581647,2062.542797,197.276266
868,1.975754,0.292287,0.453440,64.000000,0.099186,32.392692,0.218741,2064.518551,197.729706
869,2.308585,0.296418,0.168183,64.000000,0.099186,27.722613,0.589750,2066.827136,197.897889
870,1.850575,0.288062,1.438906,64.000000,0.099186,34.583853,0.068931,2068.677711,199.336795
871,2.288438,0.298164,0.439671,64.000000,0.099186,27.966677,0.225591,2070.966148,199.776467
872,2.434274,0.296231,0.108051,64.000000,0.099186,26.291202,0.917957,2073.400423,199.884517
873,2.419516,0.294128,0.333010,64.000000,0.099186,26.451577,0.297846,2075.819938,200.217528
874,2.345678,0.299956,0.067982,64.000000,0.099186,27.284218,1.459002,2078.165617,200.285510
875,2.549565,0.298164,0.145340,64.000000,0.099186,25.102318,0.682439,2080.715182,200.430850
876,2.491046,0.295572,0.199474,64.000000,0.099186,25.692018,0.497237,2083.206228,200.630324
877,2.381490,0.297118,0.079647,64.000000,0.099186,26.873935,1.245314,2085.587718,200.709972
878,2.525560,0.297625,0.087696,64.000000,0.099186,25.340910,1.131024,2088.113278,200.797667
879,2.350316,0.300344,0.364172,64.000000,0.099186,27.230381,0.272360,2090.463594,201.161839
880,2.942880,0.295338,0.001415,64.000000,0.099186,21.747403,70.096569,2093.406475,201.163254
881,2.475647,0.297934,0.070581,64.000000,0.099186,25.851827,1.405273,2095.882122,201.233835
882,2.547378,0.296179,0.123820,64.000000,0.099186,25.123871,0.801051,2098.429500,201.357655
883,2.440231,0.296084,0.140868,64.000000,0.099186,26.227020,0.704107,2100.869731,201.498523
884,2.606744,0.298696,0.001402,64.000000,0.099186,24.551699,70.764056,2103.476475,201.499924
885,2.731881,0.301607,0.001392,64.000000,0.099186,23.427080,71.260311,2106.208357,201.501316
886,2.134928,0.312493,0.432846,64.000000,0.099186,29.977587,0.229148,2108.343285,201.934163
887,2.557428,0.295779,0.072286,64.000000,0.099186,25.025146,1.372140,2110.900713,202.006448
888,2.361664,0.296846,0.196807,64.000000,0.099186,27.099539,0.503975,2113.262376,202.203255
889,2.360136,0.293691,0.042307,64.000000,0.099186,27.117082,2.344411,2115.622512,202.245563
890,2.399837,0.293870,0.360226,64.000000,0.099186,26.668482,0.275344,2118.022349,202.605788
891,2.063102,0.317500,0.388165,64.000000,0.099186,31.021249,0.255526,2120.085451,202.993953
892,2.383410,0.294763,0.173912,64.000000,0.099186,26.852284,0.570324,2122.468861,203.167865
893,2.169806,0.295934,0.291953,64.000000,0.099186,29.495721,0.339733,2124.638667,203.459818
894,2.405900,0.296456,0.049741,64.000000,0.099186,26.601268,1.994065,2127.044567,203.509558
895,2.357801,0.299001,0.112311,64.000000,0.099186,27.143934,0.883138,2129.402369,203.621869
896,2.441301,0.296614,0.140939,64.000000,0.099186,26.215532,0.703749,2131.843670,203.762808
897,2.446588,0.300240,0.001389,64.000000,0.099186,26.158884,71.394392,2134.290257,203.764197
898,2.309421,0.301452,0.198756,64.000000,0.099186,27.712570,0.499034,2136.599678,203.962953
899,2.255724,0.294568,0.194476,64.000000,0.099186,28.372262,0.510017,2138.855403,204.157429
900,2.312083,0.293801,0.168359,64.000000,0.099186,27.680663,0.589135,2141.167486,204.325788
901,2.423239,0.294081,0.219110,64.000000,0.099186,26.410936,0.452676,2143.590725,204.544898
902,2.559581,0.294076,0.222415,64.000000,0.099186,25.004096,0.445951,2146.150305,204.767313
903,2.250053,0.295438,0.200282,64.000000,0.099186,28.443776,0.495232,2148.400358,204.967595
904,2.732504,0.297150,0.096666,64.000000,0.099186,23.421744,1.026067,2151.132862,205.064261
905,2.452599,0.295825,0.126679,64.000000,0.099186,26.094769,0.782968,2153.585461,205.190940
906,2.140456,0.296119,0.371004,64.000000,0.099186,29.900170,0.267345,2155.725917,205.561944
907,2.202046,0.295527,0.170898,64.000000,0.099186,29.063881,0.580380,2157.927962,205.732843
908,2.441524,0.297882,0.163037,64.000000,0.099186,26.213138,0.608364,2160.369486,205.895880
909,2.301453,0.294314,0.181099,64.000000,0.099186,27.808522,0.547690,2162.670939,206.076978
910,2.182675,0.295418,0.411677,64.000000,0.099186,29.321813,0.240931,2164.853614,206.488656
911,2.278518,0.296576,0.154402,64.000000,0.099186,28.088428,0.642389,2167.132133,206.643057
912,2.193903,0.294607,0.243301,64.000000,0.099186,29.171752,0.407668,2169.326036,206.886358
913,2.728365,0.296918,0.189331,64.000000,0.099186,23.457273,0.523875,2172.054401,207.075689
914,2.320411,0.294775,0.135211,64.000000,0.099186,27.581323,0.733564,2174.374812,207.210901
915,2.304490,0.296353,0.213983,64.000000,0.099186,27.771875,0.463521,2176.679301,207.424884
916,2.460519,0.295793,0.001392,64.000000,0.099186,26.010769,71.243061,2179.139821,207.426276
917,2.340454,0.295240,0.194180,64.000000,0.099186,27.345126,0.510794,2181.480274,207.620456
918,2.205851,0.295362,0.229541,64.000000,0.099186,29.013749,0.432106,2183.686125,207.849997
919,2.295352,0.298091,0.115951,64.000000,0.099186,27.882434,0.855410,2185.981477,207.965948
920,2.281279,0.297571,0.366331,64.000000,0.099186,28.054435,0.270755,2188.262756,208.332280
921,2.234476,0.296047,1.016767,64.000000,0.099186,28.642062,0.097550,2190.497232,209.349047
922,1.785346,0.298881,0.049577,64.000000,0.099186,35.847392,2.000628,2192.282578,209.398625
923,2.366335,0.299857,0.126160,64.000000,0.099186,27.046044,0.786189,2194.648913,209.524785
924,2.245703,0.295921,0.285278,64.000000,0.099186,28.498869,0.347682,2196.894617,209.810063
925,2.428574,0.297965,0.077912,64.000000,0.099186,26.352908,1.273054,2199.323191,209.887975
926,2.547414,0.299007,0.096215,64.000000,0.099186,25.123516,1.030876,2201.870605,209.984190
927,2.234189,0.297725,0.141842,64.000000,0.099186,28.645744,0.699269,2204.104794,210.126032
928,2.424617,0.299918,0.085676,64.000000,0.099186,26.395923,1.157685,2206.529411,210.211708
929,2.308724,0.295693,0.130846,64.000000,0.099186,27.720941,0.758035,2208.838135,210.342554
930,2.424989,0.303224,0.230963,64.000000,0.099186,26.391871,0.429445,2211.263124,210.573518
931,2.401102,0.295444,1.234973,64.000000,0.099186,26.654431,0.080314,2213.664226,211.808491
932,1.587342,0.295246,0.069978,64.000000,0.099186,40.318963,1.417381,2215.251568,211.878469
933,2.488716,0.302775,0.192219,64.000000,0.099186,25.716071,0.516004,2217.740284,212.070689
934,2.359495,0.296542,0.170319,64.000000,0.099186,27.124447,0.582353,2220.099779,212.241008
935,2.331913,0.319390,0.339690,64.000000,0.099186,27.445273,0.291990,2222.431693,212.580698
936,2.187083,0.298373,0.227170,64.000000,0.099186,29.262727,0.436616,2224.618775,212.807868
937,2.303195,0.293155,0.237291,64.000000,0.099186,27.787486,0.417992,2226.921970,213.045159
938,1.999044,0.292442,0.655894,64.000000,0.099186,32.015306,0.151223,2228.921014,213.701053
939,2.377876,0.296946,0.120564,64.000000,0.099186,26.914771,0.822685,2231.298891,213.821616
940,2.278016,0.296769,0.228427,64.000000,0.099186,28.094627,0.434212,2233.576906,214.050044
941,2.246404,0.294250,0.196200,64.000000,0.099186,28.489981,0.505534,2235.823310,214.246244
942,2.236914,0.300720,0.352189,64.000000,0.099186,28.610842,0.281627,2238.060224,214.598433
943,2.349119,0.298965,0.233087,64.000000,0.099186,27.244252,0.425533,2240.409344,214.831519
944,2.362662,0.300598,0.222373,64.000000,0.099186,27.088088,0.446034,2242.772006,215.053892
945,2.257930,0.301632,0.218081,64.000000,0.099186,28.344543,0.454811,2245.029936,215.271974
946,2.210842,0.296612,0.329083,64.000000,0.099186,28.948249,0.301401,2247.240778,215.601056
947,2.420836,0.296011,0.114874,64.000000,0.099186,26.437151,0.863434,2249.661614,215.715930
948,2.224970,0.294277,0.280532,64.000000,0.099186,28.764429,0.353564,2251.886584,215.996462
949,2.262248,0.302417,0.233166,64.000000,0.099186,28.290446,0.425388,2254.148832,216.229628
950,2.250881,0.304278,0.284534,64.000000,0.099186,28.433305,0.348591,2256.399713,216.514162
951,2.420367,0.304530,0.063941,64.000000,0.099186,26.442268,1.551210,2258.820081,216.578103
952,2.479757,0.296206,0.042849,64.000000,0.099186,25.808980,2.314775,2261.299838,216.620952
953,2.114190,0.304085,0.420837,64.000000,0.099186,30.271638,0.235687,2263.414028,217.041789
954,2.319863,0.295362,0.209048,64.000000,0.099186,27.587831,0.474465,2265.733891,217.250837
955,2.280639,0.294432,0.285288,64.000000,0.099186,28.062308,0.347669,2268.014530,217.536125
956,2.567163,0.302052,0.001350,64.000000,0.099186,24.930248,73.486801,2270.581693,217.537475
957,2.413163,0.296151,0.102397,64.000000,0.099186,26.521205,0.968643,2272.994856,217.639872
958,2.371045,0.295719,0.133243,64.000000,0.099186,26.992323,0.744398,2275.365901,217.773115
959,2.264133,0.294586,0.210889,64.000000,0.099186,28.266889,0.470322,2277.630034,217.984004
960,2.466151,0.293900,0.149090,64.000000,0.099186,25.951372,0.665278,2280.096185,218.133094
961,2.392522,0.301113,0.147058,64.000000,0.099186,26.750011,0.674469,2282.488707,218.280152
962,2.122513,0.300435,0.489938,64.000000,0.099186,30.152930,0.202446,2284.611221,218.770090
963,2.442205,0.294945,0.067401,64.000000,0.099186,26.205823,1.471590,2287.053426,218.837491
964,2.290008,0.297284,0.250703,64.000000,0.099186,27.947505,0.395631,2289.343434,219.088194
965,2.138336,0.294350,0.403621,64.000000,0.099186,29.929811,0.245740,2291.481770,219.491815
966,2.268356,0.300905,0.139078,64.000000,0.099186,28.214270,0.713166,2293.750126,219.630893
967,2.464443,0.296064,0.174763,64.000000,0.099186,25.969359,0.567546,2296.214568,219.805656
968,2.434036,0.296071,0.142187,64.000000,0.099186,26.293776,0.697572,2298.648604,219.947843
969,2.182963,0.304910,0.442067,64.000000,0.099186,29.317953,0.224368,2300.831567,220.389910
970,2.429664,0.301473,0.020607,64.000000,0.099186,26.341085,4.813235,2303.261232,220.410517
971,2.009976,0.295934,0.408566,64.000000,0.099186,31.841183,0.242766,2305.271207,220.819083
972,2.284461,0.298714,0.194140,64.000000,0.099186,28.015356,0.510900,2307.555669,221.013222
973,2.297991,0.296555,0.172481,64.000000,0.099186,27.850409,0.575055,2309.853660,221.185703
974,2.228677,0.294824,0.310005,64.000000,0.099186,28.716592,0.319950,2312.082337,221.495708
975,2.445616,0.296778,0.258348,64.000000,0.099186,26.169275,0.383924,2314.527953,221.754055
976,1.797449,0.290138,0.692259,64.000000,0.099186,35.606023,0.143279,2316.325402,222.446315
977,2.515086,0.293753,0.001410,64.000000,0.099186,25.446450,70.368846,2318.840487,222.447724
978,2.506336,0.297159,0.181189,64.000000,0.099186,25.535278,0.547416,2321.346824,222.628913
979,2.135890,0.294693,0.297399,64.000000,0.099186,29.964094,0.333512,2323.482713,222.926312
980,2.382269,0.294882,0.085643,64.000000,0.099186,26.865145,1.158130,2325.864982,223.011955
981,2.187377,0.293535,0.349153,64.000000,0.099186,29.258786,0.284076,2328.052360,223.361108
982,2.464721,0.294587,0.016861,64.000000,0.099186,25.966428,5.882666,2330.517081,223.377969
983,2.688604,0.295228,0.001374,64.000000,0.099186,23.804175,72.171764,2333.205684,223.379343
984,2.453462,0.294041,0.148180,64.000000,0.099186,26.085586,0.669362,2335.659147,223.527523
985,2.185560,0.297740,0.257880,64.000000,0.099186,29.283114,0.384620,2337.844707,223.785403
986,2.374425,0.296142,0.291294,64.000000,0.099186,26.953898,0.340502,2340.219131,224.076697
987,2.268779,0.296142,0.129836,64.000000,0.099186,28.209000,0.763931,2342.487911,224.206533
988,2.183914,0.295146,0.325505,64.000000,0.099186,29.305180,0.304714,2344.671825,224.532038
989,2.109759,0.296253,0.808307,64.000000,0.099186,30.335222,0.122708,2346.781584,225.340345
990,1.756554,0.294721,0.195036,64.000000,0.099186,36.434976,0.508551,2348.538138,225.535382
991,2.380579,0.296037,0.019952,64.000000,0.099186,26.884217,4.971133,2350.918717,225.555334
992,2.329287,0.296037,0.158420,64.000000,0.099186,27.476219,0.626095,2353.248004,225.713754
993,2.338750,0.297252,0.147062,64.000000,0.099186,27.365051,0.674451,2355.586753,225.860816
994,2.243953,0.296528,0.115347,64.000000,0.099186,28.521091,0.859891,2357.830707,225.976163
995,2.460381,0.294292,0.111833,64.000000,0.099186,26.012231,0.886909,2360.291088,226.087996
996,2.460421,0.296576,0.085811,64.000000,0.099186,26.011808,1.155859,2362.751509,226.173808
997,2.535056,0.295201,0.001492,64.000000,0.099186,25.245989,66.475440,2365.286565,226.175300
998,2.210320,0.294752,0.195418,64.000000,0.099186,28.955089,0.507558,2367.496884,226.370717
999,2.181326,0.295801,0.287563,64.000000,0.099186,29.339958,0.344919,2369.678210,226.658281
1000,2.400087,0.295810,0.202085,64.000000,0.099186,26.665705,0.490812,2372.078297,226.860366
1001,2.281169,0.295055,0.247240,64.000000,0.099186,28.055794,0.401173,2374.359465,227.107606
1002,2.640953,0.296074,0.014652,64.000000,0.099186,24.233680,6.769228,2377.000418,227.122259
1003,2.342799,0.297056,0.086660,64.000000,0.099186,27.317746,1.144539,2379.343217,227.208919
1004,2.392122,0.298120,0.190370,64.000000,0.099186,26.754487,0.521016,2381.735339,227.399289
1005,2.183387,0.296746,0.256198,64.000000,0.099186,29.312261,0.387146,2383.918726,227.655487
1006,1.989351,0.299201,0.481636,64.000000,0.099186,32.171296,0.205935,2385.908077,228.137123
1007,2.090812,0.294620,0.303448,64.000000,0.099186,30.610115,0.326864,2387.998889,228.440571
1008,2.275165,0.299172,0.194237,64.000000,0.099186,28.129827,0.510643,2390.274054,228.634808
1009,2.103097,0.296566,0.422818,64.000000,0.099186,30.431316,0.234583,2392.377151,229.057626
1010,2.447484,0.293119,0.083733,64.000000,0.099186,26.149303,1.184546,2394.824635,229.141359
1011,2.473861,0.297942,0.170620,64.000000,0.099186,25.870489,0.581328,2397.298496,229.311979
1012,2.548010,0.299915,0.001509,64.000000,0.099186,25.117639,65.715170,2399.846506,229.313488
1013,2.524103,0.296329,0.070002,64.000000,0.099186,25.355542,1.416909,2402.370609,229.383490
1014,2.228239,0.295560,0.333378,64.000000,0.099186,28.722235,0.297518,2404.598848,229.716868
1015,2.263394,0.293527,0.186169,64.000000,0.099186,28.276125,0.532773,2406.862242,229.903037
1016,2.207619,0.296935,0.449693,64.000000,0.099186,28.990513,0.220564,2409.069861,230.352730
1017,2.302691,0.296454,0.243452,64.000000,0.099186,27.793573,0.407415,2411.372551,230.596181
1018,2.051817,0.295439,0.444720,64.000000,0.099186,31.191863,0.223030,2413.424368,231.040902
1019,2.491168,0.296425,1.152131,64.000000,0.099186,25.690760,0.086089,2415.915536,232.193033
1020,2.514120,0.302786,0.001340,64.000000,0.099186,25.456226,74.020355,2418.429656,232.194373
1021,2.090555,0.295972,0.309801,64.000000,0.099186,30.613887,0.320160,2420.520211,232.504174
1022,2.366639,0.297209,0.170510,64.000000,0.099186,27.042569,0.581700,2422.886850,232.674684
1023,2.473209,0.307542,0.001371,64.000000,0.099186,25.877316,72.325171,2425.360058,232.676055
1024,2.009329,0.294543,0.428764,64.000000,0.099186,31.851425,0.231330,2427.369387,233.104819
1025,2.271091,0.295022,0.230035,64.000000,0.099186,28.180294,0.431178,2429.640478,233.334854
1026,2.260318,0.293309,0.202266,64.000000,0.099186,28.314605,0.490374,2431.900796,233.537120
1027,2.258025,0.300587,0.140766,64.000000,0.099186,28.343359,0.704615,2434.158820,233.677886
1028,2.622226,0.292688,0.049396,64.000000,0.099186,24.406740,2.007980,2436.781047,233.727282
1029,2.227544,0.295895,0.305435,64.000000,0.099186,28.731200,0.324737,2439.008590,234.032717
1030,2.231153,0.293446,0.198358,64.000000,0.099186,28.684719,0.500036,2441.239743,234.231075
1031,2.383849,0.294188,0.971614,64.000000,0.099186,26.847342,0.102084,2443.623592,235.202689
1032,1.747325,0.298227,0.001338,64.000000,0.099186,36.627423,74.141196,2445.370917,235.204026
1033,2.219050,0.295518,0.318782,64.000000,0.099186,28.841175,0.311140,2447.589966,235.522808
1034,2.328224,0.293140,0.152749,64.000000,0.099186,27.488760,0.649340,2449.918191,235.675557
1035,2.246330,0.293935,0.234644,64.000000,0.099186,28.490922,0.422708,2452.164520,235.910201
1036,2.211328,0.294183,0.226499,64.000000,0.099186,28.941887,0.437909,2454.375848,236.136700
1037,2.162876,0.295585,0.300679,64.000000,0.099186,29.590229,0.329873,2456.538724,236.437380
1038,2.479120,0.293833,0.078346,64.000000,0.099186,25.815616,1.265996,2459.017844,236.515726
1039,2.031285,0.289745,0.430621,64.000000,0.099186,31.507147,0.230332,2461.049129,236.946347
1040,2.501596,0.293713,0.001354,64.000000,0.099186,25.583670,73.268577,2463.550725,236.947701
1041,2.340729,0.293640,0.108008,64.000000,0.099186,27.341912,0.918320,2465.891453,237.055709
1042,2.466662,0.294367,0.144618,64.000000,0.099186,25.945995,0.685846,2468.358115,237.200327
1043,2.206837,0.297774,0.219031,64.000000,0.099186,29.000788,0.452841,2470.564952,237.419358
1044,2.404006,0.294551,0.064850,64.000000,0.099186,26.622235,1.529476,2472.968958,237.484207
1045,2.228157,0.290967,0.287758,64.000000,0.099186,28.723293,0.344685,2475.197114,237.771966
1046,2.292789,0.299358,0.139843,64.000000,0.099186,27.913608,0.709268,2477.489903,237.911808
1047,2.322527,0.292597,0.155301,64.000000,0.099186,27.556195,0.638669,2479.812430,238.067109
1048,2.137791,0.295570,0.387222,64.000000,0.099186,29.937445,0.256148,2481.950221,238.454331
1049,2.329224,0.295193,0.231356,64.000000,0.099186,27.476960,0.428715,2484.279445,238.685688
1050,2.196079,0.295336,0.368105,64.000000,0.099186,29.142855,0.269450,2486.475523,239.053792
1051,2.409087,0.292023,0.102243,64.000000,0.099186,26.566078,0.970098,2488.884611,239.156035
1052,2.297516,0.298153,0.086082,64.000000,0.099186,27.856170,1.152230,2491.182127,239.242117
1053,2.264443,0.295448,0.192616,64.000000,0.099186,28.263026,0.514941,2493.446569,239.434733
1054,2.296967,0.293290,0.142680,64.000000,0.099186,27.862831,0.695162,2495.743536,239.577414
1055,2.257314,0.293624,0.158660,64.000000,0.099186,28.352283,0.625149,2498.000850,239.736073
1056,2.496682,0.294799,0.001353,64.000000,0.099186,25.634026,73.310059,2500.497532,239.737426
1057,2.429494,0.294654,0.072865,64.000000,0.099186,26.342939,1.361230,2502.927025,239.810291
1058,2.405541,0.294086,0.181763,64.000000,0.099186,26.605242,0.545687,2505.332566,239.992054
1059,2.242018,0.293858,0.261151,64.000000,0.099186,28.545708,0.379803,2507.574584,240.253205
1060,1.922432,0.291132,1.174135,64.000000,0.099186,33.291156,0.084476,2509.497017,241.427340
1061,2.420516,0.293604,0.059445,64.000000,0.099186,26.440639,1.668521,2511.917533,241.486786
1062,2.321339,0.297704,0.155301,64.000000,0.099186,27.570292,0.638670,2514.238872,241.642086
1063,2.332977,0.318242,0.156802,64.000000,0.099186,27.432755,0.632556,2516.571850,241.798888
1064,2.150080,0.294731,0.281604,64.000000,0.099186,29.766335,0.352217,2518.721930,242.080493
1065,2.213957,0.291834,0.349263,64.000000,0.099186,28.907520,0.283987,2520.935887,242.429755
1066,2.138189,0.294209,0.522585,64.000000,0.099186,29.931871,0.189799,2523.074076,242.952341
1067,2.401938,0.297403,1.380767,64.000000,0.099186,26.645146,0.071834,2525.476014,244.333108
1068,2.251696,0.294818,0.160410,64.000000,0.099186,28.423025,0.618326,2527.727710,244.493518
1069,2.080636,0.301397,0.263244,64.000000,0.099186,30.759829,0.376784,2529.808346,244.756762
1070,2.399622,0.293411,0.001670,64.000000,0.099186,26.670870,59.390505,2532.207967,244.758432
1071,2.197217,0.300906,0.429155,64.000000,0.099186,29.127761,0.231119,2534.405184,245.187586
1072,2.340082,0.298348,0.158457,64.000000,0.099186,27.349470,0.625950,2536.745266,245.346043
1073,2.208178,0.299759,0.191724,64.000000,0.099186,28.983176,0.517337,2538.953443,245.537767
1074,2.263430,0.297636,0.226893,64.000000,0.099186,28.275676,0.437148,2541.216873,245.764660
1075,2.176051,0.301813,0.306798,64.000000,0.099186,29.411069,0.323294,2543.392924,246.071458
1076,2.297570,0.298769,0.169257,64.000000,0.099186,27.855518,0.586007,2545.690494,246.240715
1077,2.355203,0.297411,0.165764,64.000000,0.099186,27.173881,0.598355,2548.045697,246.406480
1078,2.109485,0.294397,0.388903,64.000000,0.099186,30.339154,0.255041,2550.155182,246.795382
1079,2.318736,0.298421,0.294097,64.000000,0.099186,27.601244,0.337256,2552.473918,247.089479
1080,2.206972,0.294683,0.246699,64.000000,0.099186,28.999008,0.402052,2554.680890,247.336178
1081,2.305019,0.295427,0.350253,64.000000,0.099186,27.765500,0.283183,2556.985909,247.686431
1082,2.082287,0.349864,0.416742,64.000000,0.099186,30.735440,0.238003,2559.068196,248.103173
1083,2.005238,0.294582,0.509198,64.000000,0.099186,31.916408,0.194788,2561.073434,248.612372
1084,2.133829,0.289200,0.438730,64.000000,0.099186,29.993038,0.226075,2563.207263,249.051102
1085,2.048355,0.299736,0.341928,64.000000,0.099186,31.244590,0.290078,2565.255617,249.393030
1086,2.069697,0.299790,0.379480,64.000000,0.099186,30.922395,0.261374,2567.325315,249.772510
1087,2.202304,0.311356,0.301426,64.000000,0.099186,29.060480,0.329056,2569.527618,250.073935
1088,2.340829,0.299133,0.093053,64.000000,0.099186,27.340741,1.065910,2571.868447,250.166988
1089,2.292872,0.299950,0.198217,64.000000,0.099186,27.912593,0.500390,2574.161319,250.365206
1090,2.145977,0.297859,0.277916,64.000000,0.099186,29.823250,0.356892,2576.307296,250.643121
1091,2.374627,0.291778,0.107284,64.000000,0.099186,26.951604,0.924520,2578.681923,250.750405
1092,2.419738,0.292345,0.001337,64.000000,0.099186,26.449143,74.206317,2581.101661,250.751742
1093,2.294352,0.291592,0.229246,64.000000,0.099186,27.894586,0.432662,2583.396013,250.980987
1094,2.394388,0.293294,0.162625,64.000000,0.099186,26.729171,0.609905,2585.790401,251.143613
1095,2.908754,0.304871,0.310364,64.000000,0.099186,22.002551,0.319580,2588.699154,251.453976
1096,2.454980,0.293619,0.148453,64.000000,0.099186,26.069463,0.668132,2591.154134,251.602429
1097,2.055160,0.295623,0.484835,64.000000,0.099186,31.141122,0.204577,2593.209294,252.087264
1098,2.172846,0.292520,0.338570,64.000000,0.099186,29.454455,0.292956,2595.382140,252.425833
1099,1.810329,0.292588,0.400961,64.000000,0.099186,35.352687,0.247371,2597.192469,252.826794
