step,read_time_sec,compute_time_sec,write_time_sec,data_read_mb,data_written_mb,read_throughput_mb_s,write_throughput_mb_s,cumulative_read_time,cumulative_write_time
1,2.499015,0.106518,0.052105,32.000000,0.050358,12.805044,0.966476,2.499015,0.052105
2,2.424563,0.103443,0.103590,32.000000,0.050358,13.198255,0.486127,4.923578,0.155694
3,2.390326,0.100365,0.196221,32.000000,0.050358,13.387296,0.256638,7.313904,0.351915
4,2.378286,0.107064,0.297792,32.000000,0.050358,13.455067,0.169104,9.692190,0.649707
5,1.920410,0.072874,0.695994,32.000000,0.050358,16.663105,0.072354,11.612601,1.345701
6,2.462946,0.103099,0.356807,32.000000,0.050358,12.992572,0.141135,14.075546,1.702508
7,2.382656,0.103126,0.166852,32.000000,0.050358,13.430388,0.301812,16.458203,1.869359
8,2.446271,0.103072,0.101855,32.000000,0.050358,13.081135,0.494409,18.904474,1.971214
9,2.564128,0.100162,0.037080,32.000000,0.050358,12.479878,1.358077,21.468601,2.008294
10,2.435826,0.103084,0.083415,32.000000,0.050358,13.137225,0.603701,23.904428,2.091709
11,2.330675,0.101725,0.154255,32.000000,0.050358,13.729926,0.326459,26.235103,2.245964
12,2.311081,0.077049,0.432006,32.000000,0.050358,13.846332,0.116567,28.546184,2.677970
13,2.273987,0.086386,0.376481,32.000000,0.050358,14.072201,0.133759,30.820171,3.054451
14,2.094844,0.073996,0.500590,32.000000,0.050358,15.275599,0.100597,32.915015,3.555041
15,2.442420,0.103089,0.201972,32.000000,0.050358,13.101762,0.249331,35.357435,3.757013
16,2.543051,0.102812,0.210514,32.000000,0.050358,12.583308,0.239213,37.900486,3.967527
17,2.433827,0.103204,0.093834,32.000000,0.050358,13.148015,0.536668,40.334314,4.061362
18,2.329003,0.103811,0.185239,32.000000,0.050358,13.739782,0.271853,42.663317,4.246600
19,2.234618,0.077131,0.440869,32.000000,0.050358,14.320118,0.114224,44.897936,4.687469
20,2.317585,0.105344,0.292650,32.000000,0.050358,13.807479,0.172075,47.215520,4.980119
21,2.129330,0.076066,0.674446,32.000000,0.050358,15.028203,0.074665,49.344850,5.654565
22,2.342893,0.101029,0.164027,32.000000,0.050358,13.658329,0.307008,51.687743,5.818593
23,1.997834,0.074818,0.619237,32.000000,0.050358,16.017346,0.081322,53.685577,6.437829
24,2.530530,0.100914,0.079162,32.000000,0.050358,12.645570,0.636136,56.216107,6.516991
25,2.220577,0.074732,0.459007,32.000000,0.050358,14.410667,0.109710,58.436685,6.975998
26,2.329890,0.097988,0.314975,32.000000,0.050358,13.734554,0.159879,60.766575,7.290973
27,2.437763,0.102277,0.092498,32.000000,0.050358,13.126790,0.544423,63.204337,7.383471
28,2.184921,0.076957,0.551998,32.000000,0.050358,14.645840,0.091228,65.389258,7.935469
29,2.393462,0.108736,0.220619,32.000000,0.050358,13.369753,0.228257,67.782720,8.156088
30,2.272437,0.102542,0.263264,32.000000,0.050358,14.081797,0.191282,70.055158,8.419352
31,2.342697,0.088485,0.273141,32.000000,0.050358,13.659469,0.184365,72.397855,8.692494
32,2.637465,0.099456,0.126421,32.000000,0.050358,12.132864,0.398333,75.035319,8.818915
33,2.347550,0.102802,0.265156,32.000000,0.050358,13.631231,0.189918,77.382870,9.084071
34,2.528479,0.100201,0.240422,32.000000,0.050358,12.655831,0.209456,79.911349,9.324493
35,2.066935,0.074430,0.678445,32.000000,0.050358,15.481858,0.074225,81.978284,10.002938
36,2.431340,0.106814,0.129782,32.000000,0.050358,13.161467,0.388019,84.409624,10.132720
37,2.783715,0.099486,0.068037,32.000000,0.050358,11.495430,0.740156,87.193339,10.200757
38,2.529834,0.106081,0.090987,32.000000,0.050358,12.649054,0.553461,89.723172,10.291744
39,2.472729,0.101895,0.213581,32.000000,0.050358,12.941168,0.235779,92.195901,10.505325
40,2.225279,0.082338,0.569904,32.000000,0.050358,14.380218,0.088362,94.421180,11.075229
41,2.460369,0.099553,0.062175,32.000000,0.050358,13.006180,0.809943,96.881549,11.137404
42,1.964963,0.073025,0.709591,32.000000,0.050358,16.285294,0.070967,98.846512,11.846995
43,2.419829,0.105974,0.142163,32.000000,0.050358,13.224073,0.354226,101.266341,11.989158
44,2.223459,0.102253,0.292356,32.000000,0.050358,14.391989,0.172248,103.489801,12.281514
45,1.933791,0.075858,0.684952,32.000000,0.050358,16.547806,0.073520,105.423592,12.966466
46,2.448336,0.100023,0.144893,32.000000,0.050358,13.070103,0.347552,107.871928,13.111359
47,2.172454,0.077096,0.536731,32.000000,0.050358,14.729888,0.093823,110.044381,13.648089
48,2.463868,0.106425,0.154501,32.000000,0.050358,12.987707,0.325939,112.508250,13.802590
49,2.280339,0.090158,0.325078,32.000000,0.050358,14.033003,0.154910,114.788588,14.127668
50,2.462652,0.106400,0.050587,32.000000,0.050358,12.994123,0.995474,117.251240,14.178255
51,2.284604,0.086414,0.369772,32.000000,0.050358,14.006805,0.136186,119.535844,14.548026
52,2.694029,0.100004,0.031741,32.000000,0.050358,11.878120,1.586543,122.229873,14.579767
53,2.726178,0.100373,0.001813,32.000000,0.050358,11.738047,27.772347,124.956051,14.581580
54,2.182199,0.075977,0.586859,32.000000,0.050358,14.664110,0.085809,127.138249,15.168439
55,2.073277,0.074277,0.537778,32.000000,0.050358,15.434503,0.093641,129.211526,15.706217
56,2.163576,0.102231,0.558961,32.000000,0.050358,14.790329,0.090092,131.375102,16.265178
57,2.200162,0.090931,0.404083,32.000000,0.050358,14.544383,0.124622,133.575264,16.669262
58,2.129397,0.075375,0.642950,32.000000,0.050358,15.027727,0.078323,135.704661,17.312211
59,2.682235,0.102861,0.049329,32.000000,0.050358,11.930349,1.020858,138.386897,17.361540
60,2.662714,0.103459,0.109139,32.000000,0.050358,12.017814,0.461409,141.049610,17.470680
61,2.859449,0.103547,0.112965,32.000000,0.050358,11.190968,0.445782,143.909059,17.583645
62,2.277315,0.102067,0.440714,32.000000,0.050358,14.051633,0.114264,146.186375,18.024358
63,2.310591,0.103152,0.300956,32.000000,0.050358,13.849272,0.167326,148.496965,18.325314
64,2.582499,0.106144,0.181957,32.000000,0.050358,12.391098,0.276757,151.079464,18.507271
65,2.505040,0.105661,0.001959,32.000000,0.050358,12.774247,25.705368,153.584505,18.509230
66,2.472616,0.100395,0.027613,32.000000,0.050358,12.941758,1.823676,156.057121,18.536843
67,2.227160,0.080661,0.397720,32.000000,0.050358,14.368073,0.126616,158.284281,18.934563
68,2.726062,0.102928,0.071441,32.000000,0.050358,11.738543,0.704890,161.010343,19.006004
69,2.420992,0.099763,0.183363,32.000000,0.050358,13.217724,0.274635,163.431335,19.189367
70,2.597381,0.103284,0.212185,32.000000,0.050358,12.320100,0.237330,166.028716,19.401552
71,2.393828,0.103609,0.272810,32.000000,0.050358,13.367709,0.184590,168.422545,19.674361
72,2.426336,0.104703,0.063304,32.000000,0.050358,13.188609,0.795493,170.848881,19.737665
73,2.150595,0.074896,0.688659,32.000000,0.050358,14.879604,0.073125,172.999476,20.426324
74,2.525256,0.103057,0.265249,32.000000,0.050358,12.671984,0.189851,175.524731,20.691573
75,2.365485,0.103400,0.305276,32.000000,0.050358,13.527881,0.164958,177.890216,20.996849
76,2.458190,0.075372,0.571457,32.000000,0.050358,13.017708,0.088122,180.348406,21.568306
77,2.160747,0.071838,0.622221,32.000000,0.050358,14.809692,0.080932,182.509154,22.190527
78,2.294746,0.080790,0.434855,32.000000,0.050358,13.944896,0.115804,184.803900,22.625382
79,2.349422,0.107923,0.148510,32.000000,0.050358,13.620371,0.339087,187.153322,22.773892
80,2.439969,0.102478,0.186588,32.000000,0.050358,13.114921,0.269888,189.593291,22.960480
81,2.635634,0.079923,0.378647,32.000000,0.050358,12.141293,0.132994,192.228924,23.339127
82,2.109174,0.113845,0.380103,32.000000,0.050358,15.171817,0.132485,194.338098,23.719230
83,2.476795,0.103181,0.269403,32.000000,0.050358,12.919923,0.186924,196.814893,23.988632
84,2.490651,0.103315,0.042432,32.000000,0.050358,12.848046,1.186801,199.305544,24.031064
85,2.342146,0.103098,0.191466,32.000000,0.050358,13.662681,0.263012,201.647691,24.222530
86,2.240361,0.092866,0.367437,32.000000,0.050358,14.283411,0.137052,203.888052,24.589967
87,2.526178,0.099981,0.188204,32.000000,0.050358,12.667359,0.267570,206.414230,24.778171
88,2.520444,0.100798,0.228923,32.000000,0.050358,12.696175,0.219977,208.934674,25.007094
89,2.497381,0.100364,0.208863,32.000000,0.050358,12.813421,0.241105,211.432055,25.215957
90,2.130015,0.075367,0.583543,32.000000,0.050358,15.023371,0.086297,213.562070,25.799500
91,3.045401,0.103189,0.231756,32.000000,0.050358,10.507648,0.217288,216.607471,26.031256
92,2.254121,0.108314,0.322005,32.000000,0.050358,14.196223,0.156388,218.861591,26.353261
93,2.497828,0.099926,0.128606,32.000000,0.050358,12.811128,0.391567,221.359420,26.481866
94,2.636718,0.103153,0.167505,32.000000,0.050358,12.136302,0.300634,223.996137,26.649372
95,2.825973,0.100456,0.057920,32.000000,0.050358,11.323535,0.869437,226.822110,26.707292
96,2.357977,0.103314,0.353575,32.000000,0.050358,13.570956,0.142425,229.180087,27.060867
97,2.733164,0.100303,0.345813,32.000000,0.050358,11.708042,0.145622,231.913251,27.406680
98,2.503169,0.101069,0.076698,32.000000,0.050358,12.783795,0.656574,234.416420,27.483378
99,2.535487,0.104147,0.068149,32.000000,0.050358,12.620852,0.738941,236.951907,27.551527
100,2.602025,0.100336,0.063875,32.000000,0.050358,12.298113,0.788375,239.553932,27.615402
101,1.987583,0.071437,0.634193,32.000000,0.050358,16.099953,0.079405,241.541515,28.249595
102,2.249265,0.086904,0.569934,32.000000,0.050358,14.226869,0.088357,243.790780,28.819530
103,2.568043,0.102877,0.266728,32.000000,0.050358,12.460850,0.188799,246.358824,29.086257
104,2.204061,0.109763,0.451022,32.000000,0.050358,14.518652,0.111653,248.562885,29.537280
105,2.390199,0.104594,0.095585,32.000000,0.050358,13.388004,0.526837,250.953084,29.632865
106,2.459938,0.105824,0.112789,32.000000,0.050358,13.008457,0.446478,253.413023,29.745654
107,2.426566,0.075722,0.416022,32.000000,0.050358,13.187358,0.121046,255.839589,30.161676
108,2.371042,0.101663,0.610621,32.000000,0.050358,13.496177,0.082470,258.210631,30.772297
109,2.637354,0.102903,0.132920,32.000000,0.050358,12.133374,0.378859,260.847985,30.905216
110,2.244467,0.087363,0.588697,32.000000,0.050358,14.257285,0.085541,263.092451,31.493913
111,2.223709,0.105081,0.623081,32.000000,0.050358,14.390374,0.080821,265.316160,32.116994
112,2.137069,0.075145,0.538406,32.000000,0.050358,14.973779,0.093531,267.453229,32.655400
113,2.541104,0.102242,0.235412,32.000000,0.050358,12.592953,0.213914,269.994333,32.890812
114,2.146890,0.083043,0.374245,32.000000,0.050358,14.905279,0.134558,272.141223,33.265057
115,2.297982,0.085218,0.503367,32.000000,0.050358,13.925264,0.100042,274.439205,33.768424
116,2.339957,0.103173,0.356905,32.000000,0.050358,13.675465,0.141096,276.779162,34.125328
117,2.619619,0.100736,0.050853,32.000000,0.050358,12.215518,0.990270,279.398781,34.176181
118,2.146325,0.071296,0.646911,32.000000,0.050358,14.909207,0.077844,281.545105,34.823092
119,2.210974,0.074836,0.546263,32.000000,0.050358,14.473257,0.092186,283.756080,35.369355
120,2.311550,0.102094,0.319934,32.000000,0.050358,13.843524,0.157401,286.067630,35.689289
121,2.415659,0.106863,0.213451,32.000000,0.050358,13.246905,0.235922,288.483288,35.902741
122,2.428677,0.100433,0.060966,32.000000,0.050358,13.175899,0.826004,290.911965,35.963706
123,2.508923,0.100211,0.107529,32.000000,0.050358,12.754479,0.468320,293.420888,36.071235
124,2.181440,0.096202,0.502465,32.000000,0.050358,14.669211,0.100222,295.602327,36.573700
125,2.499759,0.100566,0.271208,32.000000,0.050358,12.801235,0.185679,298.102086,36.844908
126,2.442645,0.104308,0.084642,32.000000,0.050358,13.100554,0.594951,300.544731,36.929550
127,2.397346,0.100502,0.227043,32.000000,0.050358,13.348092,0.221799,302.942077,37.156593
128,2.146656,0.130372,0.433129,32.000000,0.050358,14.906908,0.116265,305.088733,37.589723
129,2.291368,0.102343,0.323621,32.000000,0.050358,13.965458,0.155607,307.380101,37.913344
130,2.422935,0.074517,0.511173,32.000000,0.050358,13.207121,0.098514,309.803036,38.424516
131,2.480852,0.101000,0.087631,32.000000,0.050358,12.898793,0.574658,312.283888,38.512147
132,2.462434,0.099689,0.155629,32.000000,0.050358,12.995271,0.323576,314.746323,38.667776
133,1.904326,0.074626,0.903794,32.000000,0.050358,16.803850,0.055718,316.650648,39.571570
134,2.176979,0.080781,0.442765,32.000000,0.050358,14.699267,0.113735,318.827628,40.014334
135,2.325501,0.102157,0.490233,32.000000,0.050358,13.760473,0.102722,321.153129,40.504567
136,2.463227,0.099227,0.263561,32.000000,0.050358,12.991091,0.191067,323.616356,40.768128
137,2.716106,0.103322,0.077973,32.000000,0.050358,11.781575,0.645837,326.332461,40.846101
138,2.445147,0.100238,0.234219,32.000000,0.050358,13.087150,0.215003,328.777608,41.080319
139,1.997246,0.073921,0.659142,32.000000,0.050358,16.022060,0.076399,330.774854,41.739461
140,2.273086,0.096426,0.253408,32.000000,0.050358,14.077775,0.198722,333.047940,41.992870
141,2.312652,0.101499,0.365399,32.000000,0.050358,13.836930,0.137816,335.360592,42.358269
142,2.212470,0.073800,0.488832,32.000000,0.050358,14.463475,0.103017,337.573062,42.847101
143,2.260173,0.097257,0.373082,32.000000,0.050358,14.158205,0.134978,339.833235,43.220182
144,2.621734,0.102090,0.074892,32.000000,0.050358,12.205663,0.672408,342.454969,43.295074
145,2.308082,0.076836,0.411007,32.000000,0.050358,13.864324,0.122523,344.763052,43.706081
146,2.429480,0.102692,0.118120,32.000000,0.050358,13.171542,0.426328,347.192532,43.824201
147,2.330743,0.075427,0.432657,32.000000,0.050358,13.729525,0.116392,349.523275,44.256858
148,2.463058,0.092377,0.243745,32.000000,0.050358,12.991980,0.206600,351.986333,44.500603
149,2.034506,0.072208,0.673269,32.000000,0.050358,15.728636,0.074796,354.020839,45.173872
150,2.725388,0.099127,0.319488,32.000000,0.050358,11.741448,0.157621,356.746227,45.493360
151,2.223081,0.083829,0.501651,32.000000,0.050358,14.394437,0.100384,358.969308,45.995011
152,2.303879,0.099583,0.375472,32.000000,0.050358,13.889615,0.134119,361.273187,46.370483
153,2.659159,0.100391,0.085657,32.000000,0.050358,12.033882,0.587904,363.932346,46.456140
154,2.758543,0.103939,0.002020,32.000000,0.050358,11.600325,24.934538,366.690889,46.458159
155,2.281555,0.099754,0.401313,32.000000,0.050358,14.025522,0.125483,368.972444,46.859472
156,2.620133,0.102131,0.138138,32.000000,0.050358,12.213119,0.364547,371.592577,46.997610
157,2.074606,0.075214,0.502843,32.000000,0.050358,15.424619,0.100146,373.667183,47.500452
158,2.491005,0.073872,0.469242,32.000000,0.050358,12.846222,0.107317,376.158188,47.969694
159,2.271882,0.085295,0.437815,32.000000,0.050358,14.085240,0.115021,378.430069,48.407509
160,2.553260,0.103595,0.025984,32.000000,0.050358,12.532996,1.938029,380.983330,48.433494
161,2.438962,0.099417,0.097360,32.000000,0.050358,13.120334,0.517234,383.422292,48.530853
162,2.267616,0.102140,0.350234,32.000000,0.050358,14.111734,0.143784,385.689908,48.881087
163,2.551995,0.105934,0.235063,32.000000,0.050358,12.539208,0.214231,388.241904,49.116150
164,2.356248,0.073440,0.496328,32.000000,0.050358,13.580914,0.101461,390.598152,49.612478
165,2.142818,0.077718,0.730704,32.000000,0.050358,14.933606,0.068917,392.740970,50.343182
166,2.317730,0.103302,0.284748,32.000000,0.050358,13.806615,0.176850,395.058699,50.627930
167,2.486252,0.103719,0.207915,32.000000,0.050358,12.870777,0.242203,397.544951,50.835846
168,2.184860,0.075587,0.638300,32.000000,0.050358,14.646248,0.078894,399.729811,51.474146
169,2.480946,0.106743,0.203976,32.000000,0.050358,12.898307,0.246881,402.210757,51.678122
170,2.400233,0.105244,0.315896,32.000000,0.050358,13.332037,0.159413,404.610990,51.994018
171,2.584541,0.102687,0.247650,32.000000,0.050358,12.381308,0.203342,407.195532,52.241668
172,2.588487,0.101084,0.061530,32.000000,0.050358,12.362435,0.818423,409.784018,52.303198
173,2.555113,0.099920,0.169732,32.000000,0.050358,12.523906,0.296691,412.339132,52.472930
174,2.334876,0.102118,0.447436,32.000000,0.050358,13.705223,0.112548,414.674008,52.920366
175,2.436050,0.099674,0.348098,32.000000,0.050358,13.136019,0.144665,417.110058,53.268464
176,2.542952,0.106183,0.041279,32.000000,0.050358,12.583801,1.219932,419.653010,53.309743
177,2.476401,0.076133,0.491768,32.000000,0.050358,12.921980,0.102401,422.129411,53.801512
178,2.175623,0.106981,0.311749,32.000000,0.050358,14.708431,0.161533,424.305034,54.113261
179,2.364753,0.106319,0.187054,32.000000,0.050358,13.532069,0.269215,426.669787,54.300315
180,2.420198,0.101342,0.263791,32.000000,0.050358,13.222057,0.190901,429.089985,54.564106
181,2.380741,0.103662,0.341119,32.000000,0.050358,13.441192,0.147626,431.470726,54.905225
182,2.398980,0.103351,0.370724,32.000000,0.050358,13.339000,0.135836,433.869706,55.275949
183,2.500902,0.102705,0.180021,32.000000,0.050358,12.795385,0.279733,436.370608,55.455970
184,2.237069,0.075112,0.476274,32.000000,0.050358,14.304435,0.105733,438.607677,55.932244
185,2.230092,0.103182,0.441947,32.000000,0.050358,14.349184,0.113945,440.837769,56.374191
186,2.134324,0.075494,0.619017,32.000000,0.050358,14.993035,0.081351,442.972093,56.993207
187,2.448316,0.100141,0.170978,32.000000,0.050358,13.070211,0.294528,445.420409,57.164186
188,2.155972,0.074601,0.588645,32.000000,0.050358,14.842490,0.085549,447.576381,57.752831
189,2.005684,0.076285,0.787198,32.000000,0.050358,15.954654,0.063971,449.582066,58.540029
190,2.052639,0.096396,0.663040,32.000000,0.050358,15.589689,0.075950,451.634704,59.203070
191,2.447871,0.103139,0.088274,32.000000,0.050358,13.072586,0.570474,454.082575,59.291343
192,2.622108,0.106009,0.051178,32.000000,0.050358,12.203922,0.983983,456.704683,59.342521
193,2.271877,0.078487,0.587390,32.000000,0.050358,14.085268,0.085731,458.976560,59.929911
194,2.557071,0.103159,0.235922,32.000000,0.050358,12.514320,0.213451,461.533631,60.165833
195,2.559189,0.103010,0.148929,32.000000,0.050358,12.503962,0.338133,464.092820,60.314763
196,2.438898,0.100779,0.213904,32.000000,0.050358,13.120679,0.235422,466.531718,60.528667
197,2.458820,0.106185,0.210759,32.000000,0.050358,13.014374,0.238935,468.990537,60.739426
198,1.910228,0.074837,0.825506,32.000000,0.050358,16.751931,0.061002,470.900765,61.564933
199,2.542790,0.104227,0.270644,32.000000,0.050358,12.584601,0.186066,473.443555,61.835577
200,2.496339,0.103051,0.074717,32.000000,0.050358,12.818771,0.673979,475.939894,61.910294
201,2.318770,0.075299,0.383630,32.000000,0.050358,13.800419,0.131267,478.258665,62.293924
202,2.125663,0.076950,0.751665,32.000000,0.050358,15.054126,0.066995,480.384328,63.045589
203,2.440722,0.104373,0.262116,32.000000,0.050358,13.110873,0.192121,482.825050,63.307705
204,2.671732,0.102010,0.096968,32.000000,0.050358,11.977247,0.519326,485.496782,63.404673
205,2.289511,0.099561,0.305135,32.000000,0.050358,13.976786,0.165034,487.786293,63.709808
206,2.337312,0.115885,0.368974,32.000000,0.050358,13.690940,0.136481,490.123605,64.078782
207,2.383655,0.103185,0.246804,32.000000,0.050358,13.424760,0.204040,492.507260,64.325586
208,2.398972,0.085960,0.404862,32.000000,0.050358,13.339048,0.124383,494.906232,64.730448
209,2.542620,0.105501,0.030719,32.000000,0.050358,12.585445,1.639302,497.448852,64.761167
210,2.403832,0.106278,0.152394,32.000000,0.050358,13.312079,0.330445,499.852684,64.913561
211,2.403662,0.103447,0.166233,32.000000,0.050358,13.313023,0.302936,502.256345,65.079794
212,2.374464,0.102761,0.177614,32.000000,0.050358,13.476727,0.283524,504.630809,65.257408
213,2.499605,0.105996,0.064236,32.000000,0.050358,12.802024,0.783949,507.130414,65.321644
214,2.328317,0.149249,0.541770,32.000000,0.050358,13.743831,0.092951,509.458731,65.863414
215,2.399206,0.102249,0.346090,32.000000,0.050358,13.337745,0.145505,511.857937,66.209504
216,2.386898,0.073970,0.539928,32.000000,0.050358,13.406523,0.093268,514.244835,66.749431
217,2.429678,0.099916,0.160773,32.000000,0.050358,13.170470,0.313223,516.674513,66.910204
218,2.387802,0.075740,0.439966,32.000000,0.050358,13.401446,0.114458,519.062315,67.350170
219,2.296559,0.076151,0.554115,32.000000,0.050358,13.933891,0.090880,521.358874,67.904285
220,2.350443,0.073868,0.448057,32.000000,0.050358,13.614452,0.112391,523.709317,68.352342
221,2.547143,0.106390,0.203859,32.000000,0.050358,12.563095,0.247023,526.256460,68.556201
222,2.174924,0.076615,0.600725,32.000000,0.050358,14.713154,0.083828,528.431385,69.156926
223,2.060960,0.073823,0.808187,32.000000,0.050358,15.526746,0.062310,530.492345,69.965113
224,2.557910,0.103481,0.210467,32.000000,0.050358,12.510214,0.239267,533.050255,70.175579
225,2.423388,0.105814,0.215954,32.000000,0.050358,13.204654,0.233188,535.473643,70.391533
226,2.645242,0.100277,0.151463,32.000000,0.050358,12.097191,0.332477,538.118885,70.542996
227,2.363762,0.075227,0.693638,32.000000,0.050358,13.537743,0.072600,540.482647,71.236634
228,2.271264,0.103124,0.316487,32.000000,0.050358,14.089071,0.159115,542.753911,71.553120
229,2.495029,0.099438,0.149823,32.000000,0.050358,12.825505,0.336116,545.248939,71.702943
230,2.330178,0.104046,0.396161,32.000000,0.050358,13.732859,0.127115,547.579117,72.099104
231,2.308139,0.102037,0.341587,32.000000,0.050358,13.863985,0.147423,549.887255,72.440691
232,2.190299,0.101948,0.447174,32.000000,0.050358,14.609876,0.112613,552.077555,72.887866
233,2.138314,0.102101,0.467235,32.000000,0.050358,14.965065,0.107778,554.215868,73.355101
234,2.343517,0.100359,0.317015,32.000000,0.050358,13.654692,0.158850,556.559385,73.672116
235,2.485196,0.101243,0.091107,32.000000,0.050358,12.876250,0.552735,559.044581,73.763223
236,2.438995,0.075333,0.572419,32.000000,0.050358,13.120157,0.087974,561.483576,74.335641
237,2.268525,0.086293,0.406628,32.000000,0.050358,14.106085,0.123842,563.752100,74.742270
238,2.636806,0.101172,0.137413,32.000000,0.050358,12.135895,0.366471,566.388906,74.879683
239,2.505061,0.106380,0.116349,32.000000,0.050358,12.774140,0.432817,568.893967,74.996032
240,2.408408,0.099507,0.125365,32.000000,0.050358,13.286785,0.401688,571.302375,75.121397
241,2.444345,0.100659,0.351828,32.000000,0.050358,13.091442,0.143132,573.746720,75.473225
242,2.377577,0.103591,0.253228,32.000000,0.050358,13.459081,0.198864,576.124297,75.726453
243,2.462898,0.100769,0.182298,32.000000,0.050358,12.992823,0.276239,578.587195,75.908751
244,2.492849,0.100523,0.186925,32.000000,0.050358,12.836716,0.269402,581.080045,76.095676
245,2.459520,0.103576,0.144788,32.000000,0.050358,13.010671,0.347805,583.539564,76.240463
246,2.279190,0.119451,0.266734,32.000000,0.050358,14.040078,0.188794,585.818754,76.507198
247,2.419805,0.102679,0.347075,32.000000,0.050358,13.224206,0.145092,588.238559,76.854272
248,2.077908,0.073552,0.605527,32.000000,0.050358,15.400104,0.083164,590.316467,77.459799
249,2.285605,0.103434,0.300931,32.000000,0.050358,14.000669,0.167340,592.602072,77.760730
250,2.330528,0.102789,0.271394,32.000000,0.050358,13.730795,0.185552,594.932600,78.032124
251,2.456712,0.101900,0.211123,32.000000,0.050358,13.025540,0.238524,597.389312,78.243247
252,2.308701,0.104373,0.311510,32.000000,0.050358,13.860607,0.161657,599.698013,78.554757
253,2.204885,0.077361,0.532218,32.000000,0.050358,14.513228,0.094619,601.902898,79.086975
254,2.652541,0.107304,0.001911,32.000000,0.050358,12.063904,26.345570,604.555439,79.088886
255,2.154948,0.073533,0.601057,32.000000,0.050358,14.849543,0.083782,606.710388,79.689944
256,2.431537,0.103400,0.157652,32.000000,0.050358,13.160398,0.319424,609.141925,79.847596
257,2.524588,0.101713,0.043538,32.000000,0.050358,12.675334,1.156639,611.666514,79.891134
258,2.235993,0.075407,0.567767,32.000000,0.050358,14.311313,0.088695,613.902507,80.458900
259,2.432625,0.100450,0.134044,32.000000,0.050358,13.154516,0.375681,616.335132,80.592944
260,2.447977,0.103306,0.175197,32.000000,0.050358,13.072018,0.287435,618.783109,80.768142
261,2.466075,0.102089,0.152345,32.000000,0.050358,12.976086,0.330551,621.249183,80.920487
262,2.312622,0.074832,0.864838,32.000000,0.050358,13.837109,0.058228,623.561805,81.785325
263,2.491797,0.101090,0.664778,32.000000,0.050358,12.842138,0.075751,626.053602,82.450103
264,2.120315,0.104674,0.001884,32.000000,0.050358,15.092100,26.731743,628.173917,82.451987
265,2.720483,0.102860,0.062148,32.000000,0.050358,11.762615,0.810283,630.894400,82.514135
266,2.375617,0.100730,0.203814,32.000000,0.050358,13.470187,0.247077,633.270017,82.717949
267,2.490928,0.103550,0.124077,32.000000,0.050358,12.846616,0.405860,635.760945,82.842026
268,2.354552,0.074516,0.466881,32.000000,0.050358,13.590698,0.107860,638.115497,83.308907
269,2.008556,0.074470,0.577430,32.000000,0.050358,15.931842,0.087210,640.124053,83.886338
270,2.777029,0.102217,0.002041,32.000000,0.050358,11.523106,24.678225,642.901082,83.888378
271,2.633570,0.102890,0.071602,32.000000,0.050358,12.150807,0.703297,645.534652,83.959981
272,2.276170,0.075518,0.483233,32.000000,0.050358,14.058704,0.104210,647.810822,84.443214
273,2.458198,0.103047,0.050326,32.000000,0.050358,13.017667,1.000623,650.269020,84.493540
274,2.515898,0.103423,0.219180,32.000000,0.050358,12.719118,0.229756,652.784917,84.712720
275,2.154766,0.114333,0.545129,32.000000,0.050358,14.850803,0.092378,654.939683,85.257850
276,2.567987,0.105701,0.131413,32.000000,0.050358,12.461121,0.383204,657.507670,85.389262
277,2.638512,0.103900,0.194068,32.000000,0.050358,12.128048,0.259486,660.146182,85.583330
278,2.586721,0.100313,0.160144,32.000000,0.050358,12.370872,0.314453,662.732904,85.743474
279,2.578072,0.101310,0.111364,32.000000,0.050358,12.412377,0.452191,665.310975,85.854838
280,2.172467,0.074859,0.576000,32.000000,0.050358,14.729798,0.087427,667.483442,86.430838
281,2.470320,0.112489,0.143663,32.000000,0.050358,12.953785,0.350527,669.953763,86.574501
282,2.574829,0.103831,0.169962,32.000000,0.050358,12.428011,0.296288,672.528591,86.744463
283,2.436466,0.103284,0.161760,32.000000,0.050358,13.133777,0.311312,674.965057,86.906223
284,2.337170,0.101065,0.223845,32.000000,0.050358,13.691771,0.224968,677.302227,87.130068
285,2.382331,0.103210,0.226779,32.000000,0.050358,13.432220,0.222056,679.684559,87.356847
286,2.720655,0.100559,0.001842,32.000000,0.050358,11.761871,27.342746,682.405214,87.358689
287,2.689167,0.099724,0.127998,32.000000,0.050358,11.899594,0.393427,685.094382,87.486687
288,1.964805,0.071341,0.701728,32.000000,0.050358,16.286600,0.071763,687.059187,88.188414
289,2.600220,0.100204,0.097092,32.000000,0.050358,12.306651,0.518662,689.659407,88.285506
290,2.272938,0.103437,0.335878,32.000000,0.050358,14.078697,0.149929,691.932345,88.621384
291,2.141550,0.088156,0.663809,32.000000,0.050358,14.942449,0.075862,694.073895,89.285193
292,2.623187,0.100881,0.237462,32.000000,0.050358,12.198904,0.212067,696.697081,89.522654
293,2.420842,0.103413,0.170238,32.000000,0.050358,13.218540,0.295808,699.117924,89.692892
294,2.589944,0.104176,0.151994,32.000000,0.050358,12.355480,0.331315,701.707867,89.844886
295,2.528610,0.100811,0.079762,32.000000,0.050358,12.655173,0.631350,704.236478,89.924649
296,2.454610,0.101671,0.289064,32.000000,0.050358,13.036692,0.174210,706.691088,90.213713
297,2.309853,0.102036,0.375773,32.000000,0.050358,13.853694,0.134011,709.000941,90.589486
298,2.561538,0.102305,0.208094,32.000000,0.050358,12.492494,0.241996,711.562480,90.797580
299,2.284114,0.085158,0.419909,32.000000,0.050358,14.009811,0.119925,713.846593,91.217489
300,2.376244,0.090221,0.474304,32.000000,0.050358,13.466633,0.106172,716.222837,91.691793
301,2.443556,0.100640,0.171689,32.000000,0.050358,13.095667,0.293309,718.666393,91.863481
302,2.152196,0.149212,0.363162,32.000000,0.050358,14.868534,0.138665,720.818589,92.226644
303,2.532108,0.213399,0.001900,32.000000,0.050358,12.637690,26.510240,723.350697,92.228543
304,2.611161,0.207567,0.025037,32.000000,0.050358,12.255087,2.011365,725.961858,92.253580
305,3.167531,0.207124,0.001882,32.000000,0.050358,10.102506,26.764705,729.129389,92.255461
306,2.156481,0.180478,0.394553,32.000000,0.050358,14.838991,0.127633,731.285870,92.650014
307,2.225809,0.190831,0.415959,32.000000,0.050358,14.376795,0.121064,733.511679,93.065973
308,2.409876,0.206872,0.246628,32.000000,0.050358,13.278693,0.204186,735.921554,93.312601
309,2.595762,0.210339,0.048703,32.000000,0.050358,12.327787,1.033978,738.517316,93.361304
310,2.417164,0.211206,0.320820,32.000000,0.050358,13.238655,0.156966,740.934480,93.682124
311,2.646401,0.210706,0.015932,32.000000,0.050358,12.091892,3.160834,743.580882,93.698055
312,1.998654,0.146600,0.603465,32.000000,0.050358,16.010776,0.083448,745.579536,94.301520
313,2.267668,0.144430,0.482467,32.000000,0.050358,14.111413,0.104376,747.847204,94.783987
314,2.386341,0.231722,0.158720,32.000000,0.050358,13.409652,0.317275,750.233544,94.942707
315,1.860285,0.138277,0.873475,32.000000,0.050358,17.201666,0.057652,752.093829,95.816182
316,2.257939,0.143950,0.501666,32.000000,0.050358,14.172215,0.100381,754.351769,96.317848
317,2.311640,0.204316,0.281193,32.000000,0.050358,13.842983,0.179086,756.663409,96.599041
318,2.492637,0.214906,0.001990,32.000000,0.050358,12.837811,25.308921,759.156046,96.601031
319,2.198626,0.142344,0.836032,32.000000,0.050358,14.554544,0.060234,761.354672,97.437063
320,2.628862,0.207130,0.077710,32.000000,0.050358,12.172568,0.648022,763.983534,97.514773
321,2.085934,0.145698,0.534859,32.000000,0.050358,15.340850,0.094152,766.069468,98.049632
322,2.358709,0.197826,0.273602,32.000000,0.050358,13.566746,0.184055,768.428176,98.323233
323,2.112130,0.155897,0.487963,32.000000,0.050358,15.150582,0.103200,770.540306,98.811196
324,2.206183,0.172669,0.516525,32.000000,0.050358,14.504690,0.097494,772.746489,99.327721
325,2.462618,0.215052,0.187785,32.000000,0.050358,12.994300,0.268168,775.209107,99.515506
326,2.401317,0.145917,0.397343,32.000000,0.050358,13.326023,0.126736,777.610424,99.912849
327,2.488540,0.204407,0.107159,32.000000,0.050358,12.858943,0.469937,780.098964,100.020008
328,2.497944,0.202079,0.101164,32.000000,0.050358,12.810534,0.497785,782.596909,100.121172
329,2.338441,0.209149,0.191945,32.000000,0.050358,13.684331,0.262355,784.935349,100.313117
330,2.124811,0.155835,0.547885,32.000000,0.050358,15.060163,0.091913,787.060160,100.861002
331,2.738239,0.209762,0.033902,32.000000,0.050358,11.686344,1.485378,789.798399,100.894904
332,2.215963,0.143939,0.453616,32.000000,0.050358,14.440673,0.111014,792.014362,101.348520
333,2.418974,0.208302,0.113401,32.000000,0.050358,13.228749,0.444070,794.433337,101.461921
334,2.579215,0.213544,0.001940,32.000000,0.050358,12.406877,25.959191,797.012551,101.463861
335,2.247794,0.164529,0.453639,32.000000,0.050358,14.236178,0.111008,799.260346,101.917500
336,2.326408,0.205324,0.189564,32.000000,0.050358,13.755109,0.265650,801.586754,102.107064
337,2.105511,0.169544,0.432003,32.000000,0.050358,15.198214,0.116568,803.692264,102.539067
338,2.205686,0.165604,0.438192,32.000000,0.050358,14.507958,0.114922,805.897951,102.977259
339,2.629753,0.198481,0.007946,32.000000,0.050358,12.168443,6.337641,808.527704,102.985205
340,2.332137,0.202992,0.206095,32.000000,0.050358,13.721324,0.244343,810.859840,103.191299
341,2.316214,0.186219,0.335882,32.000000,0.050358,13.815648,0.149927,813.176054,103.527182
342,2.627193,0.210942,0.001898,32.000000,0.050358,12.180303,26.531317,815.803247,103.529080
343,2.334796,0.201152,0.146609,32.000000,0.050358,13.705692,0.343484,818.138043,103.675689
344,2.437870,0.209184,0.091571,32.000000,0.050358,13.126214,0.549931,820.575913,103.767260
345,2.317382,0.193841,0.323070,32.000000,0.050358,13.808685,0.155873,822.893295,104.090329
346,2.034285,0.141233,0.848096,32.000000,0.050358,15.730342,0.059377,824.927580,104.938426
347,2.393105,0.206981,0.182601,32.000000,0.050358,13.371748,0.275781,827.320685,105.121027
348,2.671657,0.200997,0.002008,32.000000,0.050358,11.977584,25.082480,829.992343,105.123034
349,2.509954,0.215838,0.210287,32.000000,0.050358,12.749239,0.239472,832.502297,105.333321
350,2.308015,0.205642,0.287832,32.000000,0.050358,13.864726,0.174955,834.810312,105.621153
351,2.583296,0.196169,0.362123,32.000000,0.050358,12.387274,0.139063,837.393608,105.983276
352,2.267090,0.193449,0.291115,32.000000,0.050358,14.115012,0.172982,839.660698,106.274391
353,2.490417,0.208980,0.001955,32.000000,0.050358,12.849255,25.756670,842.151115,106.276346
354,2.376793,0.210153,0.284683,32.000000,0.050358,13.463522,0.176891,844.527908,106.561029
355,2.587296,0.208436,0.001967,32.000000,0.050358,12.368124,25.597323,847.115204,106.562997
356,2.121030,0.162806,0.494049,32.000000,0.050358,15.087006,0.101929,849.236234,107.057045
357,2.205725,0.203368,0.407034,32.000000,0.050358,14.507704,0.123719,851.441959,107.464079
358,2.389895,0.210177,0.109037,32.000000,0.050358,13.389707,0.461841,853.831854,107.573116
359,2.590012,0.212228,0.001899,32.000000,0.050358,12.355156,26.517653,856.421866,107.575015
360,2.097203,0.143702,0.559335,32.000000,0.050358,15.258421,0.090032,858.519069,108.134351
361,2.646669,0.207157,0.060329,32.000000,0.050358,12.090669,0.834722,861.165738,108.194680
362,2.249685,0.156838,0.420421,32.000000,0.050358,14.224213,0.119779,863.415423,108.615101
363,2.540248,0.208267,0.124387,32.000000,0.050358,12.597196,0.404846,865.955671,108.739488
364,2.251884,0.187331,0.360071,32.000000,0.050358,14.210322,0.139855,868.207555,109.099559
365,2.405599,0.210603,0.101409,32.000000,0.050358,13.302302,0.496580,870.613154,109.200968
366,2.134792,0.146910,0.711551,32.000000,0.050358,14.989750,0.070772,872.747946,109.912519
367,2.342306,0.207630,0.201795,32.000000,0.050358,13.661748,0.249549,875.090252,110.114314
368,2.347543,0.202529,0.333139,32.000000,0.050358,13.631273,0.151161,877.437795,110.447453
369,2.180224,0.168740,0.552797,32.000000,0.050358,14.677389,0.091096,879.618019,111.000251
370,2.545584,0.214967,0.130248,32.000000,0.050358,12.570790,0.386629,882.163603,111.130499
371,2.605834,0.208325,0.002009,32.000000,0.050358,12.280138,25.064914,884.769437,111.132508
372,2.434744,0.155176,0.391795,32.000000,0.050358,13.143066,0.128531,887.204181,111.524304
373,2.009504,0.142188,0.650576,32.000000,0.050358,15.924328,0.077405,889.213685,112.174879
374,2.420495,0.207630,0.190779,32.000000,0.050358,13.220436,0.263959,891.634180,112.365658
375,2.278112,0.213321,0.275561,32.000000,0.050358,14.046718,0.182747,893.912292,112.641219
376,2.416255,0.192999,0.219642,32.000000,0.050358,13.243633,0.229272,896.328548,112.860861
377,2.253065,0.204693,0.471717,32.000000,0.050358,14.202872,0.106754,898.581613,113.332578
378,2.308667,0.214592,0.001919,32.000000,0.050358,13.860814,26.246923,900.890280,113.334497
379,2.398384,0.205130,0.213732,32.000000,0.050358,13.342317,0.235612,903.288664,113.548229
380,2.276241,0.201734,0.400970,32.000000,0.050358,14.058268,0.125590,905.564905,113.949199
381,2.761863,0.207213,0.007610,32.000000,0.050358,11.586383,6.617610,908.326767,113.956808
382,2.586627,0.221234,0.099458,32.000000,0.050358,12.371324,0.506320,910.913394,114.056267
383,2.102616,0.145500,0.636514,32.000000,0.050358,15.219137,0.079115,913.016010,114.692781
384,2.428197,0.207069,0.182895,32.000000,0.050358,13.178503,0.275338,915.444207,114.875676
385,2.066073,0.145103,0.574734,32.000000,0.050358,15.488323,0.087619,917.510280,115.450410
386,2.256684,0.183506,0.344228,32.000000,0.050358,14.180095,0.146292,919.766964,115.794637
387,2.421621,0.207536,0.032087,32.000000,0.050358,13.214288,1.569431,922.188585,115.826724
388,2.704798,0.200989,0.003367,32.000000,0.050358,11.830828,14.957575,924.893383,115.830091
389,2.430352,0.168720,0.487734,32.000000,0.050358,13.166819,0.103248,927.323735,116.317825
390,2.310024,0.193987,0.291100,32.000000,0.050358,13.852669,0.172992,929.633759,116.608925
391,2.206648,0.198445,0.462591,32.000000,0.050358,14.501633,0.108860,931.840407,117.071516
392,2.484033,0.202658,0.145190,32.000000,0.050358,12.882276,0.346841,934.324440,117.216706
393,2.588783,0.206066,0.210946,32.000000,0.050358,12.361020,0.238724,936.913223,117.427652
394,2.215590,0.202452,0.974123,32.000000,0.050358,14.443108,0.051696,939.128813,118.401775
395,1.897363,0.206960,0.001905,32.000000,0.050358,16.865509,26.437076,941.026176,118.403680
396,2.459213,0.199599,0.137215,32.000000,0.050358,13.012293,0.366999,943.485389,118.540896
397,2.421024,0.208906,0.013750,32.000000,0.050358,13.217547,3.662466,945.906413,118.554645
398,2.109792,0.163163,0.480952,32.000000,0.050358,15.167374,0.104704,948.016205,119.035597
399,1.921448,0.145101,0.866250,32.000000,0.050358,16.654103,0.058133,949.937654,119.901847
400,2.473990,0.203421,0.083503,32.000000,0.050358,12.934571,0.603065,952.411644,119.985351
401,2.125325,0.144786,1.522226,32.000000,0.050358,15.056519,0.033082,954.536969,121.507576
402,1.681792,0.204208,0.001895,32.000000,0.050358,19.027319,26.567079,956.218761,121.509472
403,2.316406,0.162005,0.404489,32.000000,0.050358,13.814505,0.124497,958.535167,121.913960
404,2.440906,0.184302,0.308691,32.000000,0.050358,13.109885,0.163133,960.976073,122.222652
405,2.330310,0.146407,0.727435,32.000000,0.050358,13.732079,0.069227,963.306383,122.950086
406,2.114893,0.186928,0.426147,32.000000,0.050358,15.130792,0.118170,965.421276,123.376234
407,2.422073,0.201495,0.189618,32.000000,0.050358,13.211825,0.265576,967.843348,123.565851
408,2.241392,0.195265,0.298300,32.000000,0.050358,14.276842,0.168816,970.084740,123.864151
409,1.892912,0.144272,0.646448,32.000000,0.050358,16.905170,0.077899,971.977653,124.510599
410,2.286505,0.193663,0.385856,32.000000,0.050358,13.995162,0.130509,974.264157,124.896455
411,2.478409,0.206993,0.131169,32.000000,0.050358,12.911511,0.383917,976.742566,125.027624
412,2.565436,0.207021,0.114937,32.000000,0.050358,12.473514,0.438135,979.308001,125.142561
413,2.358343,0.200296,0.252427,32.000000,0.050358,13.568848,0.199495,981.666345,125.394987
414,2.337526,0.193350,0.349934,32.000000,0.050358,13.689687,0.143907,984.003871,125.744921
415,2.425550,0.202067,0.158975,32.000000,0.050358,13.192886,0.316765,986.429420,125.903896
416,2.409619,0.200606,0.068650,32.000000,0.050358,13.280110,0.733545,988.839039,125.972546
417,2.534362,0.205922,0.160619,32.000000,0.050358,12.626450,0.313524,991.373401,126.133165
418,2.402433,0.201658,0.143368,32.000000,0.050358,13.319833,0.351248,993.775834,126.276533
419,2.596424,0.206412,0.002095,32.000000,0.050358,12.324645,24.033118,996.372257,126.278629
420,2.136986,0.172021,0.429377,32.000000,0.050358,14.974364,0.117281,998.509243,126.708006
421,2.514683,0.213009,0.001990,32.000000,0.050358,12.725264,25.301508,1001.023926,126.709996
422,2.521682,0.192137,0.354044,32.000000,0.050358,12.689944,0.142236,1003.545608,127.064040
423,2.503645,0.200918,0.140752,32.000000,0.050358,12.781367,0.357776,1006.049252,127.204793
424,2.713251,0.200896,0.082415,32.000000,0.050358,11.793968,0.611025,1008.762504,127.287208
425,2.026703,0.143794,0.608336,32.000000,0.050358,15.789191,0.082780,1010.789207,127.895544
426,2.192882,0.174643,0.517064,32.000000,0.050358,14.592669,0.097392,1012.982088,128.412608
427,2.347584,0.237664,0.190048,32.000000,0.050358,13.631032,0.264974,1015.329673,128.602656
428,2.263294,0.207409,0.288247,32.000000,0.050358,14.138686,0.174704,1017.592967,128.890903
429,2.352365,0.204739,0.339555,32.000000,0.050358,13.603330,0.148305,1019.945332,129.230458
430,2.426866,0.207402,0.096466,32.000000,0.050358,13.185729,0.522026,1022.372198,129.326924
431,2.455040,0.213370,0.119643,32.000000,0.050358,13.034408,0.420900,1024.827239,129.446567
432,2.079170,0.143623,0.624769,32.000000,0.050358,15.390759,0.080602,1026.906408,130.071337
433,2.490815,0.201722,0.041664,32.000000,0.050358,12.847200,1.208668,1029.397224,130.113001
434,2.433363,0.198293,0.106882,32.000000,0.050358,13.150524,0.471154,1031.830587,130.219882
435,2.392760,0.200717,0.216117,32.000000,0.050358,13.373677,0.233012,1034.223347,130.435999
436,2.874329,0.208125,0.001916,32.000000,0.050358,11.133033,26.280455,1037.097676,130.437915
437,2.333487,0.212081,0.117885,32.000000,0.050358,13.713385,0.427176,1039.431162,130.555801
438,2.562289,0.202307,0.069564,32.000000,0.050358,12.488832,0.723910,1041.993452,130.625364
439,2.313470,0.150807,0.440858,32.000000,0.050358,13.832038,0.114227,1044.306921,131.066222
440,2.462039,0.205888,0.171960,32.000000,0.050358,12.997357,0.292845,1046.768960,131.238182
441,2.501259,0.207362,0.002013,32.000000,0.050358,12.793556,25.020703,1049.270219,131.240195
442,2.108116,0.145569,0.550385,32.000000,0.050358,15.179434,0.091496,1051.378335,131.790580
443,2.174001,0.144625,0.566208,32.000000,0.050358,14.719404,0.088939,1053.552336,132.356787
444,2.467051,0.209902,0.054833,32.000000,0.050358,12.970953,0.918393,1056.019387,132.411620
445,2.287730,0.168466,0.442973,32.000000,0.050358,13.987662,0.113681,1058.307117,132.854593
446,2.006408,0.136582,0.686790,32.000000,0.050358,15.948900,0.073323,1060.313525,133.541383
447,2.538082,0.208142,0.137609,32.000000,0.050358,12.607943,0.365949,1062.851608,133.678992
448,2.292256,0.198244,0.302434,32.000000,0.050358,13.960049,0.166508,1065.143863,133.981426
449,2.128783,0.147022,0.588093,32.000000,0.050358,15.032063,0.085629,1067.272646,134.569519
450,2.157185,0.152529,0.461501,32.000000,0.050358,14.834150,0.109117,1069.429831,135.031021
451,2.408316,0.207997,0.086088,32.000000,0.050358,13.287293,0.584956,1071.838147,135.117109
452,2.639751,0.202387,0.001938,32.000000,0.050358,12.122356,25.985821,1074.477898,135.119047
453,2.443450,0.211890,0.064695,32.000000,0.050358,13.096239,0.778391,1076.921347,135.183741
454,2.534763,0.200147,0.014808,32.000000,0.050358,12.624452,3.400812,1079.456111,135.198549
455,2.406610,0.201458,0.167887,32.000000,0.050358,13.296712,0.299951,1081.862721,135.366436
456,2.321523,0.205456,0.325752,32.000000,0.050358,13.784057,0.154589,1084.184243,135.692188
457,2.408789,0.147516,0.571457,32.000000,0.050358,13.284686,0.088122,1086.593032,136.263645
458,2.270033,0.203167,0.230415,32.000000,0.050358,14.096712,0.218553,1088.863065,136.494060
459,2.539047,0.205081,0.067912,32.000000,0.050358,12.603156,0.741511,1091.402112,136.561972
460,2.366827,0.204310,0.210604,32.000000,0.050358,13.520214,0.239111,1093.768938,136.772576
461,2.550521,0.200423,0.191844,32.000000,0.050358,12.546455,0.262493,1096.319459,136.964421
462,2.587040,0.201103,0.002025,32.000000,0.050358,12.369348,24.872284,1098.906499,136.966445
463,2.147479,0.150291,0.491691,32.000000,0.050358,14.901191,0.102418,1101.053979,137.458137
464,2.536224,0.210696,0.150760,32.000000,0.050358,12.617181,0.334027,1103.590203,137.608896
465,2.532605,0.200731,0.069543,32.000000,0.050358,12.635214,0.724126,1106.122807,137.678439
466,2.343033,0.180468,0.401123,32.000000,0.050358,13.657512,0.125542,1108.465840,138.079563
467,2.485536,0.213206,0.081717,32.000000,0.050358,12.874486,0.616244,1110.951376,138.161280
468,2.834990,0.215558,0.001898,32.000000,0.050358,11.287518,26.535748,1113.786366,138.163178
469,2.760150,0.198116,0.240250,32.000000,0.050358,11.593571,0.209606,1116.546517,138.403428
470,2.801156,0.206470,0.136708,32.000000,0.050358,11.423856,0.368361,1119.347672,138.540135
471,2.427038,0.209040,0.102311,32.000000,0.050358,13.184798,0.492204,1121.774710,138.642446
472,2.071127,0.186188,0.537736,32.000000,0.050358,15.450529,0.093648,1123.845837,139.180182
473,2.329857,0.201854,0.149347,32.000000,0.050358,13.734747,0.337187,1126.175694,139.329529
474,2.352536,0.185826,0.310225,32.000000,0.050358,13.602344,0.162327,1128.528229,139.639754
475,2.574545,0.206595,0.001896,32.000000,0.050358,12.429380,26.559106,1131.102775,139.641650
476,2.352894,0.202025,0.079855,32.000000,0.050358,13.600274,0.630619,1133.455668,139.721505
477,2.379568,0.189649,0.284632,32.000000,0.050358,13.447819,0.176923,1135.835236,140.006137
478,2.370508,0.206693,0.219202,32.000000,0.050358,13.499219,0.229733,1138.205744,140.225339
479,2.702659,0.160753,0.538696,32.000000,0.050358,11.840192,0.093481,1140.908403,140.764035
480,2.405825,0.207791,0.085703,32.000000,0.050358,13.301052,0.587583,1143.314228,140.849738
481,2.462448,0.206415,0.019599,32.000000,0.050358,12.995200,2.569458,1145.776675,140.869337
482,2.240512,0.194706,0.329146,32.000000,0.050358,14.282449,0.152995,1148.017187,141.198483
483,2.503535,0.204899,0.193550,32.000000,0.050358,12.781925,0.260180,1150.520723,141.392033
484,2.474612,0.224487,0.243082,32.000000,0.050358,12.931319,0.207164,1152.995335,141.635115
485,2.502596,0.212121,0.030909,32.000000,0.050358,12.786725,1.629230,1155.497930,141.666024
486,2.248350,0.151502,0.399172,32.000000,0.050358,14.232660,0.126156,1157.746280,142.065196
487,2.310372,0.193265,0.282255,32.000000,0.050358,13.850585,0.178412,1160.056652,142.347451
488,2.700576,0.203975,0.001908,32.000000,0.050358,11.849325,26.387469,1162.757228,142.349360
489,2.312076,0.209744,0.385780,32.000000,0.050358,13.840373,0.130535,1165.069304,142.735140
490,2.567910,0.203001,0.078592,32.000000,0.050358,12.461495,0.640753,1167.637215,142.813732
491,2.190855,0.154103,0.413913,32.000000,0.050358,14.606168,0.121663,1169.828070,143.227644
492,2.416523,0.202124,0.091410,32.000000,0.050358,13.242169,0.550899,1172.244592,143.319055
493,2.280100,0.156193,0.625490,32.000000,0.050358,14.034472,0.080509,1174.524692,143.944545
494,2.433136,0.200629,0.054412,32.000000,0.050358,13.151752,0.925499,1176.957828,143.998956
495,2.271118,0.152221,0.413355,32.000000,0.050358,14.089979,0.121827,1179.228946,144.412311
496,2.084737,0.205832,0.495413,32.000000,0.050358,15.349654,0.101648,1181.313683,144.907724
497,2.285175,0.207686,0.253292,32.000000,0.050358,14.003306,0.198814,1183.598858,145.161016
498,2.399895,0.201751,0.096962,32.000000,0.050358,13.333918,0.519357,1185.998753,145.257977
499,2.081995,0.161073,0.584889,32.000000,0.050358,15.369877,0.086098,1188.080747,145.842866
500,2.492005,0.208415,0.001887,32.000000,0.050358,12.841064,26.684361,1190.572753,145.844754
501,2.356748,0.185924,0.285460,32.000000,0.050358,13.578035,0.176410,1192.929500,146.130213
502,2.418646,0.206714,0.182654,32.000000,0.050358,13.230543,0.275701,1195.348146,146.312867
503,2.465262,0.169588,0.341770,32.000000,0.050358,12.980365,0.147344,1197.813408,146.654637
504,2.078354,0.147602,0.609282,32.000000,0.050358,15.396799,0.082651,1199.891762,147.263920
505,2.759053,0.205181,0.048177,32.000000,0.050358,11.598182,1.045266,1202.650815,147.312097
506,2.347619,0.169905,0.400603,32.000000,0.050358,13.630833,0.125705,1204.998434,147.712700
507,2.367176,0.164385,0.410422,32.000000,0.050358,13.518220,0.122698,1207.365610,148.123121
508,2.482612,0.202479,0.054172,32.000000,0.050358,12.889650,0.929597,1209.848222,148.177293
509,2.358602,0.206458,0.156449,32.000000,0.050358,13.567360,0.321880,1212.206824,148.333742
510,2.214162,0.190569,0.355395,32.000000,0.050358,14.452423,0.141695,1214.420985,148.689137
511,2.394696,0.206839,0.192604,32.000000,0.050358,13.362866,0.261458,1216.815681,148.881741
512,2.206548,0.180109,0.408105,32.000000,0.050358,14.502289,0.123394,1219.022229,149.289847
513,2.648606,0.211125,0.002061,32.000000,0.050358,12.081825,24.437275,1221.670836,149.291907
514,2.428909,0.216676,0.141383,32.000000,0.050358,13.174641,0.356181,1224.099744,149.433290
515,2.166484,0.177775,0.433619,32.000000,0.050358,14.770473,0.116134,1226.266229,149.866910
516,2.720344,0.206704,0.001799,32.000000,0.050358,11.763218,27.990281,1228.986573,149.868709
517,1.903419,0.149481,1.044210,32.000000,0.050358,16.811852,0.048226,1230.889992,150.912918
518,2.452519,0.215486,0.136633,32.000000,0.050358,13.047809,0.368562,1233.342511,151.049551
519,2.500838,0.207950,0.196604,32.000000,0.050358,12.795712,0.256139,1235.843349,151.246155
520,2.050401,0.155846,0.570619,32.000000,0.050358,15.606707,0.088251,1237.893749,151.816774
521,2.193339,0.155037,0.448954,32.000000,0.050358,14.589629,0.112167,1240.087088,152.265729
522,2.456141,0.207751,0.203564,32.000000,0.050358,13.028567,0.247380,1242.543229,152.469293
523,2.178660,0.157107,0.498055,32.000000,0.050358,14.687925,0.101109,1244.721890,152.967347
524,2.430899,0.204773,0.185668,32.000000,0.050358,13.163855,0.271225,1247.152789,153.153015
525,2.626165,0.201213,0.001913,32.000000,0.050358,12.185067,26.327678,1249.778954,153.154928
526,2.461014,0.198282,0.197585,32.000000,0.050358,13.002768,0.254867,1252.239968,153.352513
527,2.310176,0.152314,0.541004,32.000000,0.050358,13.851756,0.093082,1254.550145,153.893517
528,2.023492,0.147801,0.764961,32.000000,0.050358,15.814244,0.065831,1256.573637,154.658479
529,2.559718,0.196355,0.232729,32.000000,0.050358,12.501377,0.216380,1259.133355,154.891207
530,2.452364,0.200911,0.184507,32.000000,0.050358,13.048634,0.272931,1261.585719,155.075715
531,2.595989,0.201853,0.001869,32.000000,0.050358,12.326711,26.942801,1264.181707,155.077584
532,2.350492,0.207696,0.258382,32.000000,0.050358,13.614172,0.194896,1266.532199,155.335966
533,2.470590,0.193721,0.296490,32.000000,0.050358,12.952373,0.169847,1269.002789,155.632456
534,2.160494,0.185439,0.447941,32.000000,0.050358,14.811430,0.112421,1271.163283,156.080397
535,2.583936,0.207210,0.079102,32.000000,0.050358,12.384206,0.636618,1273.747219,156.159499
536,2.475715,0.202161,0.041471,32.000000,0.050358,12.925557,1.214292,1276.222934,156.200970
537,2.340383,0.205783,0.231779,32.000000,0.050358,13.672974,0.217267,1278.563318,156.432749
538,2.488900,0.200255,0.125665,32.000000,0.050358,12.857085,0.400731,1281.052218,156.558414
539,2.507291,0.200323,0.319087,32.000000,0.050358,12.762779,0.157818,1283.559509,156.877501
540,2.715720,0.239984,0.332729,32.000000,0.050358,11.783246,0.151348,1286.275229,157.210231
541,2.451926,0.212283,0.125905,32.000000,0.050358,13.050965,0.399966,1288.727155,157.336136
542,2.311203,0.208659,0.322030,32.000000,0.050358,13.845601,0.156376,1291.038358,157.658166
543,2.391004,0.211325,0.260220,32.000000,0.050358,13.383497,0.193520,1293.429362,157.918385
544,2.286872,0.198593,0.280299,32.000000,0.050358,13.992911,0.179657,1295.716235,158.198684
545,2.764877,0.206942,0.200223,32.000000,0.050358,11.573753,0.251509,1298.481111,158.398907
546,2.542646,0.200809,0.062257,32.000000,0.050358,12.585317,0.808873,1301.023757,158.461164
547,2.431960,0.209634,0.041191,32.000000,0.050358,13.158111,1.222541,1303.455717,158.502355
548,2.456923,0.206386,0.001975,32.000000,0.050358,13.024423,25.496803,1305.912640,158.504330
549,2.141286,0.203333,0.474966,32.000000,0.050358,14.944287,0.106024,1308.053926,158.979295
550,3.391617,0.200590,0.001912,32.000000,0.050358,9.435028,26.343558,1311.445543,158.981207
551,2.392482,0.201082,0.168927,32.000000,0.050358,13.375233,0.298104,1313.838025,159.150134
552,2.631067,0.205213,0.002024,32.000000,0.050358,12.162364,24.883001,1316.469092,159.152158
553,2.324152,0.194897,0.469136,32.000000,0.050358,13.768462,0.107342,1318.793244,159.621294
554,2.512798,0.211146,0.052926,32.000000,0.050358,12.734806,0.951473,1321.306043,159.674220
555,2.732635,0.212103,0.041794,32.000000,0.050358,11.710308,1.204899,1324.038678,159.716015
556,2.399194,0.205003,0.122760,32.000000,0.050358,13.337813,0.410213,1326.437872,159.838775
557,2.257185,0.148080,0.443579,32.000000,0.050358,14.176953,0.113526,1328.695056,160.282354
558,2.494917,0.206132,0.183435,32.000000,0.050358,12.826078,0.274528,1331.189973,160.465788
559,2.317265,0.150732,0.480303,32.000000,0.050358,13.809382,0.104846,1333.507238,160.946091
560,2.318121,0.206079,0.281570,32.000000,0.050358,13.804283,0.178847,1335.825360,161.227661
561,2.120068,0.223696,0.464840,32.000000,0.050358,15.093855,0.108334,1337.945428,161.692501
562,2.352041,0.175794,0.640362,32.000000,0.050358,13.605207,0.078640,1340.297468,162.332863
563,2.621668,0.202239,0.021351,32.000000,0.050358,12.205968,2.358576,1342.919137,162.354214
564,2.222283,0.198531,0.397644,32.000000,0.050358,14.399607,0.126640,1345.141419,162.751858
565,2.286961,0.164891,0.448167,32.000000,0.050358,13.992366,0.112364,1347.428381,163.200025
566,2.207631,0.168164,0.451757,32.000000,0.050358,14.495174,0.111471,1349.636012,163.651783
567,2.367063,0.149478,0.383394,32.000000,0.050358,13.518864,0.131348,1352.003075,164.035176
568,2.626489,0.212643,0.069738,32.000000,0.050358,12.183565,0.722096,1354.629564,164.104915
569,2.472186,0.212960,0.067201,32.000000,0.050358,12.944012,0.749363,1357.101750,164.172116
570,2.455952,0.213207,0.074005,32.000000,0.050358,13.029570,0.680465,1359.557702,164.246121
571,2.476844,0.213914,0.163697,32.000000,0.050358,12.919669,0.307628,1362.034545,164.409817
572,2.359136,0.199584,0.119005,32.000000,0.050358,13.564290,0.423159,1364.393681,164.528822
573,2.287569,0.201238,0.290726,32.000000,0.050358,13.988649,0.173214,1366.681250,164.819548
574,2.178565,0.188533,0.351817,32.000000,0.050358,14.688565,0.143136,1368.859816,165.171366
575,2.378298,0.213482,0.081160,32.000000,0.050358,13.454998,0.620477,1371.238114,165.252526
576,2.469389,0.204209,0.061214,32.000000,0.050358,12.958669,0.822654,1373.707503,165.313739
577,2.279234,0.208206,0.295586,32.000000,0.050358,14.039806,0.170366,1375.986737,165.609325
578,2.263936,0.209031,0.304864,32.000000,0.050358,14.134678,0.165181,1378.250673,165.914190
579,2.365865,0.205868,0.048557,32.000000,0.050358,13.525706,1.037090,1380.616538,165.962747
580,2.403236,0.207019,0.121366,32.000000,0.050358,13.315382,0.414924,1383.019774,166.084113
581,2.440398,0.200885,0.009638,32.000000,0.050358,13.112614,5.225191,1385.460172,166.093750
582,2.439637,0.208982,0.002241,32.000000,0.050358,13.116703,22.470716,1387.899809,166.095991
583,2.468716,0.206385,0.251038,32.000000,0.050358,12.962206,0.200599,1390.368525,166.347029
584,2.485220,0.207739,0.008294,32.000000,0.050358,12.876124,6.071719,1392.853745,166.355323
585,2.173339,0.171231,0.371155,32.000000,0.050358,14.723890,0.135679,1395.027084,166.726478
586,2.046749,0.147946,0.607110,32.000000,0.050358,15.634551,0.082947,1397.073833,167.333588
587,2.479516,0.199225,0.006485,32.000000,0.050358,12.905747,7.765332,1399.553348,167.340073
588,2.353804,0.219083,0.190157,32.000000,0.050358,13.595014,0.264822,1401.907152,167.530230
589,2.361810,0.212965,0.236149,32.000000,0.050358,13.548932,0.213246,1404.268962,167.766379
590,2.334310,0.176894,0.363901,32.000000,0.050358,13.708550,0.138383,1406.603272,168.130280
591,2.471555,0.205875,0.060346,32.000000,0.050358,12.947313,0.834486,1409.074827,168.190626
592,2.623283,0.217404,0.002045,32.000000,0.050358,12.198455,24.628849,1411.698110,168.192670
593,2.553011,0.206869,0.001902,32.000000,0.050358,12.534220,26.475800,1414.251121,168.194572
594,2.530045,0.210423,0.066269,32.000000,0.050358,12.647996,0.759895,1416.781166,168.260842
595,2.498267,0.209764,0.081794,32.000000,0.050358,12.808881,0.615669,1419.279433,168.342636
596,2.240045,0.189041,0.470885,32.000000,0.050358,14.285429,0.106943,1421.519477,168.813520
597,2.568327,0.204443,0.042235,32.000000,0.050358,12.459471,1.192328,1424.087805,168.855755
598,2.650974,0.205397,0.209753,32.000000,0.050358,12.071034,0.240082,1426.738779,169.065508
599,2.579952,0.200792,0.087403,32.000000,0.050358,12.403331,0.576156,1429.318731,169.152911
600,2.843575,0.233916,0.362190,32.000000,0.050358,11.253438,0.139037,1432.162306,169.515101
601,2.217842,0.204157,0.436274,32.000000,0.050358,14.428441,0.115427,1434.380148,169.951375
602,2.586775,0.206232,0.001981,32.000000,0.050358,12.370618,25.425717,1436.966923,169.953356
603,2.514328,0.207233,0.001911,32.000000,0.050358,12.727056,26.354312,1439.481251,169.955267
604,2.266994,0.223882,0.294507,32.000000,0.050358,14.115611,0.170991,1441.748245,170.249773
605,2.384656,0.200864,0.144533,32.000000,0.050358,13.419127,0.348418,1444.132900,170.394306
606,2.703480,0.207866,0.109943,32.000000,0.050358,11.836594,0.458036,1446.836381,170.504249
607,2.672975,0.200885,0.002053,32.000000,0.050358,11.971681,24.527472,1449.509356,170.506302
608,2.320951,0.204042,0.229235,32.000000,0.050358,13.787454,0.219678,1451.830306,170.735537
609,2.297511,0.167319,0.358271,32.000000,0.050358,13.928114,0.140558,1454.127817,171.093808
610,2.131825,0.152109,0.499074,32.000000,0.050358,15.010615,0.100902,1456.259642,171.592882
611,2.633066,0.200441,0.001862,32.000000,0.050358,12.153132,27.043563,1458.892708,171.594744
612,2.228437,0.185196,0.484565,32.000000,0.050358,14.359841,0.103924,1461.121145,172.079309
613,2.297980,0.161151,0.458804,32.000000,0.050358,13.925272,0.109759,1463.419125,172.538113
614,2.528109,0.205463,0.211957,32.000000,0.050358,12.657683,0.237585,1465.947234,172.750070
615,2.379456,0.212557,0.201297,32.000000,0.050358,13.448450,0.250166,1468.326691,172.951368
616,2.648512,0.183454,0.321970,32.000000,0.050358,12.082255,0.156405,1470.975203,173.273337
617,2.177967,0.194559,0.376553,32.000000,0.050358,14.692601,0.133734,1473.153170,173.649890
618,2.300126,0.206951,0.390345,32.000000,0.050358,13.912278,0.129009,1475.453296,174.040235
619,2.535279,0.205814,0.014493,32.000000,0.050358,12.621885,3.474609,1477.988575,174.054728
620,2.472035,0.191741,0.352251,32.000000,0.050358,12.944800,0.142960,1480.460610,174.406979
621,2.191598,0.157130,0.410529,32.000000,0.050358,14.601221,0.122666,1482.652208,174.817508
622,2.265021,0.205557,0.367402,32.000000,0.050358,14.127902,0.137065,1484.917229,175.184910
623,2.322185,0.205214,0.408885,32.000000,0.050358,13.780126,0.123159,1487.239414,175.593795
624,2.350312,0.229699,0.253007,32.000000,0.050358,13.615215,0.199037,1489.589726,175.846802
625,2.252400,0.190795,0.368957,32.000000,0.050358,14.207066,0.136487,1491.842126,176.215760
626,2.247955,0.147133,0.483743,32.000000,0.050358,14.235162,0.104100,1494.090081,176.699503
627,2.529985,0.210684,0.149419,32.000000,0.050358,12.648295,0.337024,1496.620066,176.848922
628,2.550328,0.201270,0.080362,32.000000,0.050358,12.547406,0.626636,1499.170394,176.929284
629,2.407271,0.199652,0.357191,32.000000,0.050358,13.293063,0.140983,1501.577665,177.286475
630,2.637468,0.212205,0.001984,32.000000,0.050358,12.132847,25.379829,1504.215133,177.288459
631,2.354819,0.158223,0.452890,32.000000,0.050358,13.589154,0.111192,1506.569952,177.741349
632,2.183572,0.199944,0.540125,32.000000,0.050358,14.654888,0.093234,1508.753524,178.281475
633,2.361508,0.198681,0.214628,32.000000,0.050358,13.550665,0.234628,1511.115032,178.496103
634,2.696237,0.212959,0.002067,32.000000,0.050358,11.868394,24.364372,1513.811268,178.498170
635,2.373331,0.209842,0.112233,32.000000,0.050358,13.483162,0.448690,1516.184599,178.610403
636,2.549250,0.198927,0.063322,32.000000,0.050358,12.552712,0.795270,1518.733849,178.673724
637,2.286514,0.183614,0.442538,32.000000,0.050358,13.995103,0.113793,1521.020363,179.116262
638,2.361303,0.209686,0.297072,32.000000,0.050358,13.551838,0.169514,1523.381666,179.413334
639,2.101085,0.153130,0.458913,32.000000,0.050358,15.230228,0.109733,1525.482751,179.872247
640,2.274262,0.179931,0.338985,32.000000,0.050358,14.070501,0.148555,1527.757013,180.211232
641,2.143830,0.154906,0.477079,32.000000,0.050358,14.926557,0.105555,1529.900843,180.688311
642,2.374637,0.207095,0.058447,32.000000,0.050358,13.475747,0.861597,1532.275479,180.746758
643,2.364283,0.211213,0.294053,32.000000,0.050358,13.534761,0.171254,1534.639762,181.040811
644,2.399331,0.210791,0.145276,32.000000,0.050358,13.337049,0.346636,1537.039093,181.186087
645,2.453190,0.207934,0.026010,32.000000,0.050358,13.044240,1.936061,1539.492283,181.212097
646,2.543372,0.206174,0.040723,32.000000,0.050358,12.581722,1.236597,1542.035655,181.252820
647,1.924095,0.252303,0.620931,32.000000,0.050358,16.631194,0.081101,1543.959750,181.873751
648,2.688423,0.213621,0.001932,32.000000,0.050358,11.902888,26.063761,1546.648173,181.875683
649,2.404008,0.206469,0.209757,32.000000,0.050358,13.311102,0.240077,1549.052182,182.085439
650,2.508185,0.222836,0.243373,32.000000,0.050358,12.758229,0.206916,1551.560367,182.328812
651,2.430115,0.202230,0.043842,32.000000,0.050358,13.168103,1.148630,1553.990481,182.372654
652,2.326732,0.190950,0.297755,32.000000,0.050358,13.753196,0.169125,1556.317213,182.670409
653,2.415583,0.207339,0.089043,32.000000,0.050358,13.247319,0.565542,1558.732796,182.759452
654,2.240878,0.169920,0.368540,32.000000,0.050358,14.280115,0.136641,1560.973674,183.127992
655,2.534868,0.207417,0.002114,32.000000,0.050358,12.623930,23.826482,1563.508543,183.130106
656,2.176881,0.173013,0.460160,32.000000,0.050358,14.699929,0.109435,1565.685424,183.590266
657,2.076520,0.159989,0.541276,32.000000,0.050358,15.410397,0.093035,1567.761944,184.131543
658,2.175278,0.147160,0.493248,32.000000,0.050358,14.710760,0.102094,1569.937223,184.624790
659,2.326844,0.238137,0.238316,32.000000,0.050358,13.752534,0.211307,1572.264067,184.863106
660,2.255830,0.181717,0.375955,32.000000,0.050358,14.185468,0.133947,1574.519896,185.239061
661,2.155630,0.172708,0.480079,32.000000,0.050358,14.844850,0.104895,1576.675526,185.719139
662,2.342003,0.205907,0.343881,32.000000,0.050358,13.663517,0.146440,1579.017529,186.063021
663,2.659329,0.209259,0.001778,32.000000,0.050358,12.033113,28.319388,1581.676858,186.064799
664,2.340866,0.212461,0.149158,32.000000,0.050358,13.670153,0.337614,1584.017724,186.213957
665,2.452494,0.179879,0.317049,32.000000,0.050358,13.047945,0.158833,1586.470217,186.531005
666,2.217270,0.178952,0.689595,32.000000,0.050358,14.432162,0.073025,1588.687487,187.220600
667,2.058431,0.205379,0.120439,32.000000,0.050358,15.545821,0.418120,1590.745918,187.341039
668,2.418831,0.213064,0.075665,32.000000,0.050358,13.229530,0.665535,1593.164750,187.416704
669,2.338241,0.224538,0.184268,32.000000,0.050358,13.685498,0.273286,1595.502991,187.600972
670,2.982543,0.201065,0.001902,32.000000,0.050358,10.729100,26.481634,1598.485534,187.602873
671,2.385098,0.209046,0.217568,32.000000,0.050358,13.416642,0.231458,1600.870631,187.820441
672,2.485409,0.207366,0.178311,32.000000,0.050358,12.875147,0.282415,1603.356040,187.998753
673,2.395679,0.209300,0.044728,32.000000,0.050358,13.357380,1.125860,1605.751719,188.043481
674,2.315191,0.179016,0.398631,32.000000,0.050358,13.821755,0.126327,1608.066910,188.442112
675,2.268994,0.175215,0.437122,32.000000,0.050358,14.103164,0.115203,1610.335905,188.879234
676,2.152105,0.152665,0.480816,32.000000,0.050358,14.869163,0.104734,1612.488010,189.360049
677,2.233680,0.153098,0.753934,32.000000,0.050358,14.326133,0.066793,1614.721690,190.113983
678,1.971761,0.151444,0.633114,32.000000,0.050358,16.229148,0.079540,1616.693451,190.747098
679,2.229331,0.206446,0.329097,32.000000,0.050358,14.354085,0.153018,1618.922781,191.076195
680,1.807644,0.147638,1.088910,32.000000,0.050358,17.702601,0.046246,1620.730425,192.165105
681,2.376292,0.205933,0.151851,32.000000,0.050358,13.466358,0.331628,1623.106717,192.316956
682,2.581413,0.206153,0.050102,32.000000,0.050358,12.396310,1.005115,1625.688131,192.367058
683,2.440854,0.206270,0.120568,32.000000,0.050358,13.110167,0.417673,1628.128985,192.487625
684,2.584922,0.200176,0.285442,32.000000,0.050358,12.379483,0.176420,1630.713907,192.773067
685,2.410731,0.209584,0.014232,32.000000,0.050358,13.273981,3.538414,1633.124638,192.787299
686,2.262855,0.186170,0.358675,32.000000,0.050358,14.141430,0.140400,1635.387493,193.145974
687,2.096997,0.202869,0.531031,32.000000,0.050358,15.259919,0.094830,1637.484489,193.677004
688,2.600219,0.201374,0.002017,32.000000,0.050358,12.306658,24.971186,1640.084708,193.679021
689,1.991498,0.150587,0.660496,32.000000,0.050358,16.068304,0.076242,1642.076206,194.339517
690,2.249420,0.203635,0.312744,32.000000,0.050358,14.225889,0.161019,1644.325626,194.652261
691,2.371555,0.202036,0.008138,32.000000,0.050358,13.493255,6.187703,1646.697181,194.660399
692,2.490975,0.206166,0.036368,32.000000,0.050358,12.846377,1.384687,1649.188156,194.696767
693,2.251991,0.181569,0.541397,32.000000,0.050358,14.209648,0.093015,1651.440147,195.238164
694,2.548080,0.214273,0.152936,32.000000,0.050358,12.558475,0.329274,1653.988227,195.391100
695,2.114185,0.151189,0.491938,32.000000,0.050358,15.135855,0.102366,1656.102412,195.883037
696,2.231628,0.201566,0.288098,32.000000,0.050358,14.339305,0.174794,1658.334041,196.171135
697,2.442425,0.218306,0.159872,32.000000,0.050358,13.101735,0.314989,1660.776465,196.331007
698,2.477518,0.202203,0.525719,32.000000,0.050358,12.916151,0.095788,1663.253983,196.856726
699,2.105544,0.201512,0.041766,32.000000,0.050358,15.197971,1.205719,1665.359528,196.898492
700,2.444275,0.214616,0.069283,32.000000,0.050358,13.091814,0.726847,1667.803803,196.967775
701,2.247576,0.205303,0.458547,32.000000,0.050358,14.237558,0.109820,1670.051379,197.426321
702,2.219267,0.192574,0.364188,32.000000,0.050358,14.419173,0.138274,1672.270647,197.790510
703,2.006684,0.176536,0.596020,32.000000,0.050358,15.946710,0.084490,1674.277330,198.386530
704,2.299169,0.206023,0.272387,32.000000,0.050358,13.918069,0.184876,1676.576500,198.658917
705,2.450600,0.202392,0.053157,32.000000,0.050358,13.058027,0.947347,1679.027100,198.712074
706,2.177331,0.150300,0.559953,32.000000,0.050358,14.696892,0.089932,1681.204431,199.272027
707,2.524765,0.207410,0.002032,32.000000,0.050358,12.674447,24.778306,1683.729196,199.274059
708,2.197549,0.176031,0.491832,32.000000,0.050358,14.561676,0.102388,1685.926745,199.765891
709,2.348285,0.225250,0.914712,32.000000,0.050358,13.626965,0.055053,1688.275030,200.680603
710,1.903977,0.210329,0.034650,32.000000,0.050358,16.806925,1.453346,1690.179008,200.715252
711,2.485079,0.204609,0.122883,32.000000,0.050358,12.876852,0.409804,1692.664087,200.838135
712,2.638534,0.200517,0.001947,32.000000,0.050358,12.127945,25.861139,1695.302621,200.840082
713,2.458077,0.215504,0.001911,32.000000,0.050358,13.018307,26.348300,1697.760698,200.841994
714,2.359696,0.212176,0.212781,32.000000,0.050358,13.561070,0.236665,1700.120394,201.054775
715,2.403038,0.199441,0.154514,32.000000,0.050358,13.316479,0.325911,1702.523432,201.209289
716,2.397909,0.207231,0.120915,32.000000,0.050358,13.344958,0.416474,1704.921341,201.330204
717,2.344100,0.206373,0.249030,32.000000,0.050358,13.651292,0.202216,1707.265442,201.579233
718,2.466887,0.199463,0.128846,32.000000,0.050358,12.971813,0.390838,1709.732329,201.708079
719,2.390578,0.209816,0.065986,32.000000,0.050358,13.385886,0.763160,1712.122907,201.774065
720,2.441397,0.208493,0.115537,32.000000,0.050358,13.107251,0.435859,1714.564303,201.889602
721,2.200027,0.201317,0.366196,32.000000,0.050358,14.545273,0.137516,1716.764331,202.255798
722,2.324058,0.165457,0.402067,32.000000,0.050358,13.769021,0.125247,1719.088389,202.657865
723,2.194996,0.151164,0.646481,32.000000,0.050358,14.578616,0.077895,1721.283384,203.304346
724,2.257346,0.220373,0.284457,32.000000,0.050358,14.175941,0.177031,1723.540730,203.588803
725,2.038906,0.153089,0.659107,32.000000,0.050358,15.694695,0.076403,1725.579636,204.247911
726,2.059232,0.160961,0.452175,32.000000,0.050358,15.539772,0.111368,1727.638868,204.700086
727,2.112523,0.169835,0.473760,32.000000,0.050358,15.147761,0.106294,1729.751391,205.173846
728,2.571496,0.202956,0.068722,32.000000,0.050358,12.444119,0.732779,1732.322887,205.242567
729,2.398363,0.206108,0.166359,32.000000,0.050358,13.342433,0.302706,1734.721250,205.408926
730,2.407567,0.218157,0.064600,32.000000,0.050358,13.291426,0.779532,1737.128817,205.473526
731,2.665579,0.205662,0.002245,32.000000,0.050358,12.004895,22.433998,1739.794397,205.475771
732,2.392839,0.199539,0.099180,32.000000,0.050358,13.373237,0.507743,1742.187235,205.574951
733,2.532424,0.207508,0.001997,32.000000,0.050358,12.636117,25.222810,1744.719659,205.576947
734,2.483283,0.210899,0.074831,32.000000,0.050358,12.886167,0.672958,1747.202942,205.651778
735,2.767723,0.202078,0.032308,32.000000,0.050358,11.561850,1.558658,1749.970665,205.684086
736,2.136921,0.153380,0.549078,32.000000,0.050358,14.974816,0.091713,1752.107586,206.233165
737,2.149905,0.192451,0.620460,32.000000,0.050358,14.884379,0.081162,1754.257491,206.853625
738,2.360588,0.205489,0.313960,32.000000,0.050358,13.555946,0.160395,1756.618079,207.167585
739,2.495143,0.206121,0.001882,32.000000,0.050358,12.824916,26.750643,1759.113222,207.169467
740,2.352399,0.208489,0.362473,32.000000,0.050358,13.603136,0.138928,1761.465621,207.531941
741,2.425149,0.207391,0.774187,32.000000,0.050358,13.195063,0.065046,1763.890770,208.306127
742,1.932139,0.207779,0.002077,32.000000,0.050358,16.561954,24.251064,1765.822909,208.308204
743,2.358412,0.174266,0.344360,32.000000,0.050358,13.568452,0.146236,1768.181322,208.652564
744,2.450803,0.206305,0.269293,32.000000,0.050358,13.056946,0.187000,1770.632124,208.921857
745,2.323372,0.200909,0.283533,32.000000,0.050358,13.773085,0.177608,1772.955496,209.205390
746,2.359839,0.202405,0.357701,32.000000,0.050358,13.560246,0.140782,1775.315335,209.563091
747,2.533000,0.200971,0.080589,32.000000,0.050358,12.633243,0.624869,1777.848335,209.643681
748,2.572614,0.206096,0.001965,32.000000,0.050358,12.438708,25.622877,1780.420950,209.645646
749,2.571338,0.214889,0.054416,32.000000,0.050358,12.444884,0.925431,1782.992287,209.700062
750,2.537594,0.211316,0.002015,32.000000,0.050358,12.610368,24.988807,1785.529882,209.702077
751,2.299073,0.206653,0.190341,32.000000,0.050358,13.918655,0.264567,1787.828955,209.892418
752,2.481350,0.205176,0.104991,32.000000,0.050358,12.896207,0.479637,1790.310304,209.997409
753,2.218483,0.150780,0.448312,32.000000,0.050358,14.424273,0.112328,1792.528787,210.445721
754,1.982432,0.155500,0.619882,32.000000,0.050358,16.141791,0.081238,1794.511219,211.065603
755,2.333746,0.159011,0.346963,32.000000,0.050358,13.711858,0.145139,1796.844965,211.412566
756,2.185075,0.206452,0.300280,32.000000,0.050358,14.644809,0.167703,1799.030040,211.712846
757,2.232114,0.197355,0.361940,32.000000,0.050358,14.336184,0.139133,1801.262154,212.074786
758,2.393007,0.216837,0.038693,32.000000,0.050358,13.372297,1.301477,1803.655161,212.113479
759,2.316020,0.212285,0.168668,32.000000,0.050358,13.816809,0.298562,1805.971181,212.282147
760,2.472462,0.200516,0.239034,32.000000,0.050358,12.942567,0.210672,1808.443642,212.521181
761,2.341265,0.206628,0.203034,32.000000,0.050358,13.667824,0.248026,1810.784907,212.724215
762,2.483026,0.231630,0.206284,32.000000,0.050358,12.887500,0.244119,1813.267933,212.930499
763,2.457030,0.210236,0.327461,32.000000,0.050358,13.023856,0.153782,1815.724963,213.257961
764,2.099335,0.165823,0.529356,32.000000,0.050358,15.242920,0.095130,1817.824298,213.787317
765,2.494205,0.212743,0.025429,32.000000,0.050358,12.829740,1.980338,1820.318503,213.812746
766,2.781725,0.206914,0.002058,32.000000,0.050358,11.503653,24.467825,1823.100228,213.814804
767,2.318050,0.209561,0.239348,32.000000,0.050358,13.804709,0.210396,1825.418278,214.054152
768,2.427477,0.208446,0.206616,32.000000,0.050358,13.182413,0.243726,1827.845755,214.260768
769,2.674529,0.209975,0.011857,32.000000,0.050358,11.964722,4.247085,1830.520284,214.272625
770,2.149798,0.150755,0.763678,32.000000,0.050358,14.885116,0.065941,1832.670082,215.036303
771,2.405215,0.207075,0.145815,32.000000,0.050358,13.304424,0.345354,1835.075297,215.182118
772,2.394141,0.209545,0.186641,32.000000,0.050358,13.365965,0.269811,1837.469438,215.368759
773,2.058357,0.145542,0.515519,32.000000,0.050358,15.546384,0.097684,1839.527794,215.884278
774,2.475789,0.208083,0.094919,32.000000,0.050358,12.925174,0.530533,1842.003583,215.979197
775,2.404201,0.204045,0.358606,32.000000,0.050358,13.310033,0.140427,1844.407784,216.337803
776,2.676792,0.216255,0.030473,32.000000,0.050358,11.954607,1.652546,1847.084577,216.368276
777,2.500417,0.213903,0.001928,32.000000,0.050358,12.797864,26.112875,1849.584994,216.370204
778,2.283416,0.197926,0.206540,32.000000,0.050358,14.014094,0.243816,1851.868409,216.576745
779,2.857041,0.200567,0.138070,32.000000,0.050358,11.200400,0.364726,1854.725450,216.714815
780,2.298658,0.168638,0.406097,32.000000,0.050358,13.921164,0.124004,1857.024109,217.120912
781,2.221677,0.193809,0.405663,32.000000,0.050358,14.403537,0.124137,1859.245785,217.526575
782,2.525563,0.207137,0.001922,32.000000,0.050358,12.670442,26.197957,1861.771348,217.528497
783,2.571091,0.151357,0.467403,32.000000,0.050358,12.446076,0.107740,1864.342440,217.995900
784,2.575364,0.208109,0.001949,32.000000,0.050358,12.425430,25.843368,1866.917803,217.997849
785,2.269168,0.204110,0.341093,32.000000,0.050358,14.102082,0.147637,1869.186972,218.338941
786,2.125538,0.144646,0.784973,32.000000,0.050358,15.055010,0.064152,1871.312510,219.123915
787,2.065572,0.158537,0.512035,32.000000,0.050358,15.492074,0.098348,1873.378082,219.635949
788,2.130862,0.175986,0.385562,32.000000,0.050358,15.017400,0.130609,1875.508944,220.021511
789,2.175148,0.207246,0.295778,32.000000,0.050358,14.711644,0.170255,1877.684092,220.317289
790,2.361712,0.201516,0.302388,32.000000,0.050358,13.549495,0.166534,1880.045803,220.619677
791,2.424810,0.211879,0.001973,32.000000,0.050358,13.196910,25.525727,1882.470614,220.621650
792,2.351522,0.209842,0.189730,32.000000,0.050358,13.608208,0.265418,1884.822135,220.811380
793,2.193786,0.204203,0.357485,32.000000,0.050358,14.586655,0.140867,1887.015922,221.168865
794,2.547484,0.209988,0.142655,32.000000,0.050358,12.561415,0.353004,1889.563405,221.311520
795,2.099210,0.176671,0.513338,32.000000,0.050358,15.243827,0.098099,1891.662616,221.824858
796,2.437335,0.210426,0.002078,32.000000,0.050358,13.129095,24.232229,1894.099950,221.826936
797,2.552854,0.202613,0.055628,32.000000,0.050358,12.534992,0.905259,1896.652804,221.882564
798,2.393629,0.205737,0.198685,32.000000,0.050358,13.368824,0.253455,1899.046433,222.081250
799,2.132048,0.239398,0.431253,32.000000,0.050358,15.009043,0.116771,1901.178481,222.512502
800,2.298014,0.204365,0.209791,32.000000,0.050358,13.925067,0.240038,1903.476495,222.722293
801,2.405010,0.181408,0.337161,32.000000,0.050358,13.305558,0.149358,1905.881505,223.059454
802,2.375082,0.203268,0.220107,32.000000,0.050358,13.473218,0.228788,1908.256587,223.279561
803,2.340884,0.183596,0.322807,32.000000,0.050358,13.670051,0.156000,1910.597471,223.602368
804,2.006438,0.148662,0.749119,32.000000,0.050358,15.948662,0.067223,1912.603909,224.351488
805,1.962861,0.145198,0.608487,32.000000,0.050358,16.302731,0.082759,1914.566770,224.959975
806,2.416745,0.204392,0.129712,32.000000,0.050358,13.240948,0.388228,1916.983515,225.089687
807,2.574945,0.207974,0.039452,32.000000,0.050358,12.427449,1.276430,1919.558460,225.129139
808,2.605550,0.202376,0.045411,32.000000,0.050358,12.281476,1.108929,1922.164011,225.174551
809,2.121757,0.150753,0.584638,32.000000,0.050358,15.081843,0.086135,1924.285767,225.759188
810,2.066522,0.149601,0.523640,32.000000,0.050358,15.484955,0.096169,1926.352289,226.282829
811,2.393017,0.212018,0.140675,32.000000,0.050358,13.372242,0.357973,1928.745306,226.423504
812,2.597947,0.208230,0.092371,32.000000,0.050358,12.317419,0.545170,1931.343253,226.515875
813,2.079634,0.147442,0.611323,32.000000,0.050358,15.387323,0.082375,1933.422887,227.127198
814,2.018738,0.146749,0.616822,32.000000,0.050358,15.851490,0.081641,1935.441624,227.744020
815,2.308743,0.205770,0.271750,32.000000,0.050358,13.860356,0.185309,1937.750367,228.015770
816,2.560866,0.200992,0.001886,32.000000,0.050358,12.495771,26.703194,1940.311234,228.017656
817,2.254337,0.173300,0.360907,32.000000,0.050358,14.194864,0.139531,1942.565570,228.378563
818,2.387129,0.203279,0.071830,32.000000,0.050358,13.405225,0.701071,1944.952699,228.450393
819,2.393680,0.206048,0.434106,32.000000,0.050358,13.368537,0.116004,1947.346379,228.884498
820,2.459557,0.154037,0.466492,32.000000,0.050358,13.010472,0.107950,1949.805936,229.350990
821,2.402473,0.222478,0.209577,32.000000,0.050358,13.319606,0.240283,1952.208410,229.560567
822,2.089407,0.143789,0.699746,32.000000,0.050358,15.315352,0.071966,1954.297816,230.260314
823,2.504507,0.206340,0.026818,32.000000,0.050358,12.776965,1.877740,1956.802324,230.287132
824,2.360712,0.193398,0.338046,32.000000,0.050358,13.555231,0.148967,1959.163036,230.625178
825,2.566569,0.200972,0.061508,32.000000,0.050358,12.468006,0.818725,1961.729605,230.686686
826,2.486002,0.211810,0.022812,32.000000,0.050358,12.872072,2.207469,1964.215607,230.709499
827,2.029357,0.152104,0.548394,32.000000,0.050358,15.768543,0.091828,1966.244964,231.257892
828,2.540122,0.208175,0.099403,32.000000,0.050358,12.597821,0.506602,1968.785086,231.357295
829,2.569297,0.208617,0.114620,32.000000,0.050358,12.454769,0.439345,1971.354383,231.471915
830,2.556798,0.205488,0.051923,32.000000,0.050358,12.515653,0.969859,1973.911181,231.523838
831,2.348867,0.208969,0.688115,32.000000,0.050358,13.623591,0.073182,1976.260048,232.211953
832,1.994773,0.203591,0.041658,32.000000,0.050358,16.041927,1.208831,1978.254821,232.253612
833,2.211745,0.171890,0.345903,32.000000,0.050358,14.468216,0.145584,1980.466565,232.599515
834,2.365634,0.208318,0.206995,32.000000,0.050358,13.527030,0.243280,1982.832199,232.806510
835,2.456454,0.208934,0.286878,32.000000,0.050358,13.026906,0.175537,1985.288654,233.093388
836,2.283867,0.199803,0.256951,32.000000,0.050358,14.011325,0.195982,1987.572520,233.350339
837,2.469033,0.205859,0.002087,32.000000,0.050358,12.960538,24.132858,1990.041554,233.352426
838,2.495339,0.211981,0.028957,32.000000,0.050358,12.823908,1.739068,1992.536893,233.381383
839,2.509579,0.210545,0.006396,32.000000,0.050358,12.751142,7.873595,1995.046472,233.387778
840,2.187494,0.152984,0.627669,32.000000,0.050358,14.628608,0.080230,1997.233966,234.015448
841,2.278027,0.150072,0.593369,32.000000,0.050358,14.047243,0.084868,1999.511994,234.608817
842,2.512241,0.206708,0.014094,32.000000,0.050358,12.737631,3.572966,2002.024235,234.622911
843,2.205469,0.155642,0.424924,32.000000,0.050358,14.509383,0.118510,2004.229704,235.047835
844,2.384323,0.206388,0.176232,32.000000,0.050358,13.420998,0.285747,2006.614027,235.224067
845,2.485833,0.219283,0.001925,32.000000,0.050358,12.872950,26.164106,2009.099860,235.225992
846,2.458669,0.218217,0.086798,32.000000,0.050358,13.015174,0.580173,2011.558529,235.312790
847,2.395101,0.211364,0.200113,32.000000,0.050358,13.360605,0.251647,2013.953630,235.512902
848,2.208301,0.181949,0.431810,32.000000,0.050358,14.490776,0.116620,2016.161931,235.944712
849,2.178778,0.195485,0.376886,32.000000,0.050358,14.687132,0.133615,2018.340709,236.321599
850,2.290360,0.200646,0.210176,32.000000,0.050358,13.971604,0.239598,2020.631069,236.531775
851,2.373507,0.206895,0.054304,32.000000,0.050358,13.482159,0.927334,2023.004576,236.586079
852,2.456264,0.212650,0.025019,32.000000,0.050358,13.027914,2.012793,2025.460841,236.611098
853,2.136908,0.188281,0.450802,32.000000,0.050358,14.974909,0.111707,2027.597748,237.061900
854,2.520516,0.205208,0.344970,32.000000,0.050358,12.695813,0.145978,2030.118265,237.406869
855,2.365250,0.207969,0.187748,32.000000,0.050358,13.529223,0.268220,2032.483515,237.594618
856,2.165837,0.158480,0.405627,32.000000,0.050358,14.774887,0.124148,2034.649352,238.000244
857,2.329269,0.198493,0.268066,32.000000,0.050358,13.738216,0.187856,2036.978621,238.268311
858,2.518973,0.208291,0.006199,32.000000,0.050358,12.703592,8.123804,2039.497594,238.274509
859,2.503634,0.200321,0.001860,32.000000,0.050358,12.781423,27.078493,2042.001227,238.276369
860,2.541298,0.215606,0.001923,32.000000,0.050358,12.591989,26.184526,2044.542526,238.278292
861,2.342500,0.209268,0.151214,32.000000,0.050358,13.660619,0.333023,2046.885026,238.429506
862,2.527461,0.216131,0.121180,32.000000,0.050358,12.660926,0.415562,2049.412487,238.550687
863,2.381179,0.210325,0.212138,32.000000,0.050358,13.438720,0.237383,2051.793666,238.762824
864,2.475541,0.210326,0.196688,32.000000,0.050358,12.926467,0.256029,2054.269207,238.959512
865,2.275085,0.204125,0.226008,32.000000,0.050358,14.065407,0.222814,2056.544292,239.185520
866,2.160087,0.151610,0.503787,32.000000,0.050358,14.814216,0.099959,2058.704380,239.689307
867,2.156584,0.161119,0.498881,32.000000,0.050358,14.838283,0.100942,2060.860963,240.188188
868,2.538405,0.193936,0.227971,32.000000,0.050358,12.606342,0.220895,2063.399368,240.416159
869,2.225607,0.161825,0.421966,32.000000,0.050358,14.378103,0.119341,2065.624975,240.838125
870,2.526071,0.219396,0.040073,32.000000,0.050358,12.667896,1.256647,2068.151045,240.878198
871,2.428280,0.204929,0.001935,32.000000,0.050358,13.178055,26.025250,2070.579325,240.880133
872,1.996533,0.151784,0.636108,32.000000,0.050358,16.027782,0.079165,2072.575858,241.516242
873,2.465338,0.207146,0.094227,32.000000,0.050358,12.979962,0.534433,2075.041197,241.610468
874,2.556261,0.204216,0.153522,32.000000,0.050358,12.518282,0.328017,2077.597458,241.763990
875,2.430281,0.209313,0.001807,32.000000,0.050358,13.167201,27.863610,2080.027739,241.765797
876,1.662128,0.148301,1.064623,32.000000,0.050358,19.252430,0.047301,2081.689867,242.830420
877,2.231592,0.150100,0.453376,32.000000,0.050358,14.339539,0.111073,2083.921459,243.283795
878,2.237703,0.207116,0.312154,32.000000,0.050358,14.300379,0.161324,2086.159162,243.595949
879,2.218218,0.185949,0.421399,32.000000,0.050358,14.425996,0.119501,2088.377380,244.017348
880,2.300549,0.206847,0.227964,32.000000,0.050358,13.909723,0.220903,2090.677929,244.245312
881,2.001948,0.153217,0.825900,32.000000,0.050358,15.984432,0.060973,2092.679877,245.071211
882,2.283945,0.205757,0.222790,32.000000,0.050358,14.010848,0.226033,2094.963821,245.294001
883,2.281928,0.208888,0.267861,32.000000,0.050358,14.023230,0.188000,2097.245749,245.561862
884,2.437117,0.191632,0.298019,32.000000,0.050358,13.130269,0.168975,2099.682866,245.859881
885,1.822338,0.149089,1.067967,32.000000,0.050358,17.559861,0.047153,2101.505204,246.927847
886,2.582535,0.223392,0.002007,32.000000,0.050358,12.390927,25.089103,2104.087739,246.929855
887,2.535002,0.207335,0.071209,32.000000,0.050358,12.623262,0.707186,2106.622741,247.001063
888,2.290538,0.205064,0.189924,32.000000,0.050358,13.970519,0.265147,2108.913279,247.190988
889,2.555438,0.210054,0.001897,32.000000,0.050358,12.522315,26.550901,2111.468717,247.192884
890,2.350507,0.202828,0.176303,32.000000,0.050358,13.614082,0.285632,2113.819224,247.369187
891,2.011892,0.143970,0.748283,32.000000,0.050358,15.905429,0.067298,2115.831116,248.117471
892,2.536256,0.200880,0.112618,32.000000,0.050358,12.617024,0.447155,2118.367371,248.230089
893,2.094195,0.147207,0.572715,32.000000,0.050358,15.280336,0.087928,2120.461566,248.802804
894,2.324692,0.154021,0.511339,32.000000,0.050358,13.765265,0.098482,2122.786258,249.314143
895,2.477738,0.282376,0.007454,32.000000,0.050358,12.915005,6.755957,2125.263996,249.321597
896,2.141386,0.196575,0.486559,32.000000,0.050358,14.943590,0.103498,2127.405383,249.808156
897,2.050963,0.158645,0.613007,32.000000,0.050358,15.602424,0.082149,2129.456346,250.421164
898,2.011176,0.145838,0.567592,32.000000,0.050358,15.911086,0.088722,2131.467522,250.988755
899,1.977854,0.144616,0.558983,32.000000,0.050358,16.179151,0.090088,2133.445376,251.547738
900,2.545146,0.207656,0.001881,32.000000,0.050358,12.572952,26.767493,2135.990522,251.549620
901,2.491554,0.206778,0.226437,32.000000,0.050358,12.843392,0.222392,2138.482076,251.776057
902,2.574525,0.207357,0.150495,32.000000,0.050358,12.429478,0.334614,2141.056601,251.926552
903,2.441782,0.194979,0.258009,32.000000,0.050358,13.105185,0.195179,2143.498383,252.184561
904,2.518431,0.206199,0.331270,32.000000,0.050358,12.706324,0.152015,2146.016814,252.515830
905,2.381622,0.213597,0.094864,32.000000,0.050358,13.436223,0.530845,2148.398435,252.610694
906,2.435162,0.208604,0.002100,32.000000,0.050358,13.140807,23.975233,2150.833598,252.612794
907,2.459349,0.207835,0.079446,32.000000,0.050358,13.011575,0.633865,2153.292946,252.692240
908,2.246043,0.230203,0.258764,32.000000,0.050358,14.247278,0.194609,2155.538989,252.951004
909,2.515906,0.205712,0.404606,32.000000,0.050358,12.719075,0.124461,2158.054896,253.355611
910,2.491898,0.204995,0.225147,32.000000,0.050358,12.841619,0.223666,2160.546793,253.580758
911,2.252409,0.204253,0.414908,32.000000,0.050358,14.207012,0.121371,2162.799202,253.995666
912,2.430727,0.206456,0.268407,32.000000,0.050358,13.164787,0.187618,2165.229929,254.264073
913,2.136481,0.152837,0.470853,32.000000,0.050358,14.977902,0.106950,2167.366410,254.734926
914,2.292382,0.182572,0.386673,32.000000,0.050358,13.959279,0.130234,2169.658792,255.121599
915,2.416755,0.204916,0.383940,32.000000,0.050358,13.240896,0.131160,2172.075546,255.505539
916,2.292933,0.203743,0.426317,32.000000,0.050358,13.955923,0.118123,2174.368480,255.931857
917,2.315106,0.147378,0.490505,32.000000,0.050358,13.822260,0.102665,2176.683586,256.422362
918,2.480909,0.199816,0.056152,32.000000,0.050358,12.898497,0.896805,2179.164495,256.478514
919,2.565019,0.200186,0.156242,32.000000,0.050358,12.475539,0.322307,2181.729515,256.634756
920,2.241608,0.169475,0.403428,32.000000,0.050358,14.275467,0.124825,2183.971123,257.038185
921,2.427305,0.207919,0.095695,32.000000,0.050358,13.183347,0.526233,2186.398427,257.133879
922,2.096063,0.239161,0.424218,32.000000,0.050358,15.266714,0.118707,2188.494491,257.558097
923,2.407177,0.201230,0.163215,32.000000,0.050358,13.293582,0.308536,2190.901667,257.721313
924,2.274303,0.209053,0.145166,32.000000,0.050358,14.070245,0.346898,2193.175970,257.866479
925,2.324454,0.209243,0.248260,32.000000,0.050358,13.766677,0.202843,2195.500424,258.114739
926,2.288287,0.152422,0.465643,32.000000,0.050358,13.984258,0.108147,2197.788711,258.580382
927,2.465686,0.206324,0.125448,32.000000,0.050358,12.978134,0.401424,2200.254397,258.705830
928,2.378670,0.210666,0.222953,32.000000,0.050358,13.452898,0.225867,2202.633067,258.928783
929,2.202373,0.182218,0.444466,32.000000,0.050358,14.529780,0.113300,2204.835440,259.373249
930,2.550836,0.209069,0.122157,32.000000,0.050358,12.544906,0.412237,2207.386276,259.495406
931,2.353318,0.208618,0.243933,32.000000,0.050358,13.597824,0.206441,2209.739594,259.739339
932,2.492059,0.205782,0.189290,32.000000,0.050358,12.840787,0.266035,2212.231653,259.928629
933,2.503802,0.203766,0.007295,32.000000,0.050358,12.780565,6.903511,2214.735454,259.935924
934,2.536901,0.208672,0.001967,32.000000,0.050358,12.613813,25.601696,2217.272356,259.937891
935,2.465709,0.200041,0.201197,32.000000,0.050358,12.978014,0.250291,2219.738064,260.139087
936,2.363342,0.211527,0.091891,32.000000,0.050358,13.540150,0.548014,2222.101406,260.230979
937,2.313306,0.184063,0.348939,32.000000,0.050358,13.833017,0.144317,2224.414712,260.579918
938,2.641176,0.203889,0.032064,32.000000,0.050358,12.115817,1.570565,2227.055888,260.611981
939,2.743419,0.206085,0.003541,32.000000,0.050358,11.664276,14.222922,2229.799307,260.615522
940,2.419602,0.221144,0.255151,32.000000,0.050358,13.225316,0.197365,2232.218909,260.870673
941,2.606897,0.204104,0.195217,32.000000,0.050358,12.275132,0.257958,2234.825805,261.065890
942,2.557213,0.202725,0.048314,32.000000,0.050358,12.513624,1.042303,2237.383018,261.114204
943,2.394105,0.208432,0.160461,32.000000,0.050358,13.366162,0.313832,2239.777124,261.274665
944,2.126194,0.143824,0.974235,32.000000,0.050358,15.050366,0.051690,2241.903318,262.248900
945,2.346402,0.235703,0.284707,32.000000,0.050358,13.637904,0.176876,2244.249719,262.533608
946,2.462798,0.196650,0.432880,32.000000,0.050358,12.993351,0.116332,2246.712517,262.966488
947,2.506807,0.211452,0.001914,32.000000,0.050358,12.765243,26.310085,2249.219324,262.968402
948,2.601129,0.172587,0.455555,32.000000,0.050358,12.302349,0.110542,2251.820454,263.423957
949,2.424953,0.209201,0.073643,32.000000,0.050358,13.196132,0.683811,2254.245407,263.497600
950,2.060995,0.160928,0.611989,32.000000,0.050358,15.526484,0.082286,2256.306401,264.109589
951,2.368442,0.206273,0.183420,32.000000,0.050358,13.510992,0.274549,2258.674843,264.293009
952,2.406130,0.209260,0.039891,32.000000,0.050358,13.299366,1.262375,2261.080973,264.332900
953,2.661677,0.211965,0.024406,32.000000,0.050358,12.022495,2.063319,2263.742650,264.357307
954,2.469567,0.200489,0.067574,32.000000,0.050358,12.957739,0.745228,2266.212217,264.424880
955,2.412003,0.205783,0.001875,32.000000,0.050358,13.266981,26.855355,2268.624220,264.426755
956,2.558158,0.211368,0.112695,32.000000,0.050358,12.509001,0.446849,2271.182378,264.539451
957,2.416407,0.199885,0.111485,32.000000,0.050358,13.242804,0.451699,2273.598784,264.650936
958,2.309666,0.163999,0.431870,32.000000,0.050358,13.854815,0.116604,2275.908451,265.082807
959,2.707024,0.202444,0.354050,32.000000,0.050358,11.821101,0.142234,2278.615474,265.436856
960,2.616294,0.200409,0.153692,32.000000,0.050358,12.231042,0.327655,2281.231768,265.590548
961,2.424012,0.208993,0.064831,32.000000,0.050358,13.201254,0.776755,2283.655780,265.655379
962,2.505609,0.200963,0.194380,32.000000,0.050358,12.771345,0.259070,2286.161390,265.849758
963,2.369809,0.201101,0.161232,32.000000,0.050358,13.503198,0.312332,2288.531199,266.010990
964,2.449213,0.207686,0.196178,32.000000,0.050358,13.065419,0.256694,2290.980412,266.207169
965,2.443024,0.200115,0.257799,32.000000,0.050358,13.098521,0.195337,2293.423436,266.464968
966,2.224829,0.152076,0.420364,32.000000,0.050358,14.383126,0.119796,2295.648265,266.885332
967,2.584376,0.207287,0.001917,32.000000,0.050358,12.382097,26.274833,2298.232642,266.887248
968,2.464032,0.199984,0.042224,32.000000,0.050358,12.986845,1.192649,2300.696673,266.929472
969,2.529101,0.202297,0.151158,32.000000,0.050358,12.652715,0.333146,2303.225775,267.080630
970,2.296653,0.232019,0.345334,32.000000,0.050358,13.933320,0.145823,2305.522428,267.425964
971,2.520555,0.210470,0.102976,32.000000,0.050358,12.695617,0.489024,2308.042983,267.528940
972,2.478942,0.208373,0.104554,32.000000,0.050358,12.908734,0.481642,2310.521925,267.633495
973,2.568435,0.200655,0.001915,32.000000,0.050358,12.458949,26.291870,2313.090359,267.635410
974,2.562924,0.201244,0.015414,32.000000,0.050358,12.485739,3.267035,2315.653283,267.650824
975,2.395840,0.200498,0.073334,32.000000,0.050358,13.356484,0.686692,2318.049124,267.724158
976,2.303689,0.206611,0.117767,32.000000,0.050358,13.890767,0.427606,2320.352812,267.841925
977,2.122681,0.148583,0.589801,32.000000,0.050358,15.075272,0.085381,2322.475494,268.431725
978,2.459445,0.211861,0.012321,32.000000,0.050358,13.011067,4.087014,2324.934938,268.444047
979,2.074635,0.147333,0.492718,32.000000,0.050358,15.424397,0.102204,2327.009574,268.936765
980,2.535968,0.205832,0.134574,32.000000,0.050358,12.618457,0.374201,2329.545541,269.071339
981,2.409943,0.149241,0.473978,32.000000,0.050358,13.278324,0.106245,2331.955484,269.545317
982,2.007466,0.150658,0.586715,32.000000,0.050358,15.940498,0.085830,2333.962950,270.132032
983,2.181188,0.187767,0.522368,32.000000,0.050358,14.670903,0.096403,2336.144138,270.654400
984,2.397697,0.207057,0.223537,32.000000,0.050358,13.346141,0.225277,2338.541835,270.877937
985,2.414068,0.208750,0.087472,32.000000,0.050358,13.255633,0.575701,2340.955903,270.965410
986,2.657672,0.204395,0.365465,32.000000,0.050358,12.040611,0.137791,2343.613575,271.330874
987,1.981787,0.146871,0.592141,32.000000,0.050358,16.147043,0.085044,2345.595362,271.923015
988,2.490308,0.203300,0.707193,32.000000,0.050358,12.849816,0.071208,2348.085670,272.630209
989,1.952436,0.198406,0.071106,32.000000,0.050358,16.389784,0.708208,2350.038106,272.701315
990,2.311016,0.154182,0.541911,32.000000,0.050358,13.846725,0.092926,2352.349122,273.243226
991,2.401266,0.202509,0.247723,32.000000,0.050358,13.326305,0.203282,2354.750387,273.490949
992,2.467113,0.208626,0.146775,32.000000,0.050358,12.970628,0.343095,2357.217500,273.637724
993,2.284710,0.149777,0.484622,32.000000,0.050358,14.006154,0.103912,2359.502210,274.122346
994,2.499325,0.224180,0.276667,32.000000,0.050358,12.803454,0.182016,2362.001535,274.399013
995,2.501542,0.208061,0.144667,32.000000,0.050358,12.792111,0.348096,2364.503077,274.543680
996,2.552768,0.219279,0.260637,32.000000,0.050358,12.535414,0.193211,2367.055845,274.804317
997,2.280565,0.204469,0.325507,32.000000,0.050358,14.031612,0.154706,2369.336410,275.129824
998,2.024709,0.150463,0.689499,32.000000,0.050358,15.804741,0.073035,2371.361119,275.819323
999,2.619914,0.206170,0.001989,32.000000,0.050358,12.214142,25.317115,2373.981033,275.821312
1000,2.550948,0.206091,0.001873,32.000000,0.050358,12.544356,26.879050,2376.531981,275.823185
1001,2.363107,0.207807,0.104388,32.000000,0.050358,13.541496,0.482412,2378.895087,275.927573
1002,2.319701,0.212167,0.274370,32.000000,0.050358,13.794883,0.183540,2381.214788,276.201943
1003,2.493587,0.208441,0.203627,32.000000,0.050358,12.832920,0.247304,2383.708375,276.405570
1004,2.517663,0.205575,0.284048,32.000000,0.050358,12.710198,0.177286,2386.226038,276.689618
1005,2.280543,0.206334,0.233657,32.000000,0.050358,14.031745,0.215520,2388.506581,276.923276
1006,2.401964,0.206224,0.151662,32.000000,0.050358,13.322432,0.332039,2390.908545,277.074938
1007,2.596656,0.210331,0.034093,32.000000,0.050358,12.323543,1.477087,2393.505201,277.109030
1008,2.401521,0.211385,0.006422,32.000000,0.050358,13.324889,7.841613,2395.906722,277.115452
1009,2.487267,0.199971,0.001896,32.000000,0.050358,12.865528,26.558210,2398.393989,277.117348
1010,2.567377,0.208573,0.001935,32.000000,0.050358,12.464083,26.023152,2400.961366,277.119284
1011,2.381309,0.181376,0.304546,32.000000,0.050358,13.437985,0.165354,2403.342675,277.423829
1012,2.463343,0.210268,0.073182,32.000000,0.050358,12.990479,0.688120,2405.806018,277.497011
1013,2.310516,0.209438,0.156573,32.000000,0.050358,13.849721,0.321625,2408.116534,277.653584
1014,2.403560,0.199062,0.248607,32.000000,0.050358,13.313582,0.202560,2410.520094,277.902191
1015,2.491130,0.205371,0.101833,32.000000,0.050358,12.845578,0.494512,2413.011224,278.004025
1016,2.325527,0.210887,0.283727,32.000000,0.050358,13.760323,0.177487,2415.336751,278.287752
1017,2.633972,0.206332,0.063576,32.000000,0.050358,12.148951,0.792094,2417.970723,278.351327
1018,2.059375,0.172725,0.587697,32.000000,0.050358,15.538692,0.085687,2420.030098,278.939025
1019,2.464932,0.206051,0.153710,32.000000,0.050358,12.982104,0.327616,2422.495030,279.092735
1020,2.216047,0.203548,0.283740,32.000000,0.050358,14.440130,0.177479,2424.711077,279.376475
1021,2.389182,0.205533,0.178960,32.000000,0.050358,13.393705,0.281392,2427.100259,279.555435
1022,2.618331,0.209385,0.080520,32.000000,0.050358,12.221527,0.625406,2429.718590,279.635955
1023,2.340910,0.206322,0.147808,32.000000,0.050358,13.669896,0.340697,2432.059500,279.783763
1024,2.506628,0.205455,0.027324,32.000000,0.050358,12.766153,1.843007,2434.566128,279.811087
1025,2.313295,0.203096,0.380851,32.000000,0.050358,13.833082,0.132224,2436.879423,280.191938
1026,1.991823,0.150509,0.685114,32.000000,0.050358,16.065681,0.073503,2438.871247,280.877053
1027,2.476879,0.206052,0.024059,32.000000,0.050358,12.919487,2.093079,2441.348126,280.901112
1028,2.604756,0.209429,0.080553,32.000000,0.050358,12.285220,0.625149,2443.952881,280.981665
1029,2.074244,0.146547,0.617764,32.000000,0.050358,15.427311,0.081516,2446.027125,281.599430
1030,2.364930,0.204356,0.330512,32.000000,0.050358,13.531057,0.152363,2448.392055,281.929941
1031,2.044791,0.160177,0.536583,32.000000,0.050358,15.649520,0.093849,2450.436846,282.466525
1032,2.459898,0.199301,0.002005,32.000000,0.050358,13.008670,25.114127,2452.896744,282.468530
1033,2.417387,0.206005,0.150309,32.000000,0.050358,13.237431,0.335029,2455.314131,282.618839
1034,2.108864,0.151774,0.701219,32.000000,0.050358,15.174044,0.071815,2457.422995,283.320057
1035,2.255301,0.150750,0.631676,32.000000,0.050358,14.188793,0.079721,2459.678296,283.951734
1036,2.465341,0.206367,0.089021,32.000000,0.050358,12.979948,0.565685,2462.143638,284.040755
1037,2.500921,0.205983,0.002064,32.000000,0.050358,12.795284,24.403347,2464.644559,284.042818
1038,2.253287,0.191336,0.256859,32.000000,0.050358,14.201478,0.196052,2466.897846,284.299678
1039,2.248533,0.199284,0.308975,32.000000,0.050358,14.231501,0.162983,2469.146379,284.608653
1040,2.183067,0.224276,0.373650,32.000000,0.050358,14.658279,0.134773,2471.329445,284.982303
1041,2.345235,0.211844,0.120612,32.000000,0.050358,13.644686,0.417520,2473.674681,285.102915
1042,2.425343,0.206285,0.168725,32.000000,0.050358,13.194009,0.298460,2476.100024,285.271640
1043,2.185745,0.150153,0.395894,32.000000,0.050358,14.640319,0.127200,2478.285769,285.667534
1044,2.342126,0.196202,0.391420,32.000000,0.050358,13.662802,0.128654,2480.627894,286.058954
1045,2.455018,0.200721,0.041112,32.000000,0.050358,13.034526,1.224900,2483.082913,286.100066
1046,2.429702,0.205591,0.292654,32.000000,0.050358,13.170342,0.172073,2485.512614,286.392720
1047,2.437481,0.206080,0.044352,32.000000,0.050358,13.128306,1.135402,2487.950095,286.437072
1048,2.238134,0.234464,0.237616,32.000000,0.050358,14.297624,0.211930,2490.188230,286.674688
1049,2.527646,0.205916,0.087998,32.000000,0.050358,12.660001,0.572263,2492.715875,286.762686
1050,1.861416,0.147456,0.839044,32.000000,0.050358,17.191216,0.060018,2494.577291,287.601730
1051,2.463762,0.206378,0.070461,32.000000,0.050358,12.988266,0.714694,2497.041054,287.672190
1052,2.439573,0.207440,0.151334,32.000000,0.050358,13.117049,0.332759,2499.480627,287.823524
1053,2.538975,0.200448,0.001892,32.000000,0.050358,12.603512,26.616718,2502.019602,287.825416
1054,2.220610,0.205749,0.513029,32.000000,0.050358,14.410455,0.098158,2504.240211,288.338445
1055,2.453801,0.154433,0.385745,32.000000,0.050358,13.040992,0.130547,2506.694013,288.724190
1056,2.327581,0.204501,0.210713,32.000000,0.050358,13.748179,0.238987,2509.021593,288.934904
1057,2.283997,0.209324,0.443195,32.000000,0.050358,14.010524,0.113624,2511.305591,289.378099
1058,2.538286,0.200123,0.220750,32.000000,0.050358,12.606933,0.228122,2513.843877,289.598848
1059,2.513010,0.200358,0.190138,32.000000,0.050358,12.733731,0.264849,2516.356887,289.788986
1060,2.451199,0.200105,0.089518,32.000000,0.050358,13.054835,0.562544,2518.808086,289.878504
1061,2.059087,0.157936,0.519947,32.000000,0.050358,15.540872,0.096852,2520.867173,290.398451
1062,2.525321,0.200488,0.018852,32.000000,0.050358,12.671659,2.671210,2523.392493,290.417303
1063,2.361194,0.209640,0.202961,32.000000,0.050358,13.552463,0.248116,2525.753688,290.620264
1064,2.434057,0.206916,0.085689,32.000000,0.050358,13.146777,0.587683,2528.187744,290.705953
1065,2.565940,0.206309,0.001861,32.000000,0.050358,12.471063,27.062674,2530.753685,290.707814
1066,2.411802,0.211835,0.136164,32.000000,0.050358,13.268086,0.369831,2533.165487,290.843978
1067,2.106006,0.149452,0.620460,32.000000,0.050358,15.194639,0.081162,2535.271493,291.464438
1068,2.199585,0.151427,0.434401,32.000000,0.050358,14.548198,0.115925,2537.471078,291.898839
1069,2.612939,0.195897,0.275260,32.000000,0.050358,12.246744,0.182946,2540.084017,292.174099
1070,2.475053,0.208268,0.115637,32.000000,0.050358,12.929013,0.435483,2542.559071,292.289736
1071,2.674597,0.211943,0.001933,32.000000,0.050358,11.964421,26.054268,2545.233667,292.291669
1072,2.312431,0.200161,0.440284,32.000000,0.050358,13.838253,0.114376,2547.546098,292.731952
1073,2.059304,0.151006,0.721159,32.000000,0.050358,15.539233,0.069829,2549.605402,293.453111
1074,2.524142,0.205976,0.046138,32.000000,0.050358,12.677575,1.091457,2552.129544,293.499249
1075,2.409393,0.165600,0.347048,32.000000,0.050358,13.281352,0.145103,2554.538937,293.846297
1076,2.525967,0.211814,0.170808,32.000000,0.050358,12.668417,0.294822,2557.064904,294.017104
1077,2.295699,0.150584,0.691797,32.000000,0.050358,13.939113,0.072793,2559.360602,294.708901
1078,2.438589,0.206948,0.071297,32.000000,0.050358,13.122341,0.706315,2561.799192,294.780198
1079,2.343820,0.211102,0.132309,32.000000,0.050358,13.652925,0.380607,2564.143012,294.912507
1080,2.366410,0.206374,0.125262,32.000000,0.050358,13.522596,0.402020,2566.509421,295.037769
1081,2.490855,0.206303,0.005422,32.000000,0.050358,12.846996,9.287680,2569.000276,295.043191
1082,2.449406,0.210524,0.010805,32.000000,0.050358,13.064394,4.660785,2571.449681,295.053996
1083,2.581567,0.203614,0.066153,32.000000,0.050358,12.395575,0.761227,2574.031248,295.120149
1084,2.026027,0.166516,0.584996,32.000000,0.050358,15.794459,0.086082,2576.057275,295.705145
1085,2.502527,0.206353,0.146290,32.000000,0.050358,12.787077,0.344232,2578.559801,295.851435
1086,2.524537,0.210785,0.001963,32.000000,0.050358,12.675591,25.648338,2581.084339,295.853399
1087,2.587611,0.210530,0.001988,32.000000,0.050358,12.366619,25.329659,2583.671950,295.855387
1088,2.540975,0.211889,0.055097,32.000000,0.050358,12.593591,0.913981,2586.212925,295.910484
1089,2.317533,0.149677,0.410759,32.000000,0.050358,13.807788,0.122597,2588.530457,296.321243
1090,2.361949,0.205234,0.172871,32.000000,0.050358,13.548134,0.291302,2590.892406,296.494114
1091,2.218923,0.148446,0.656544,32.000000,0.050358,14.421411,0.076701,2593.111329,297.150658
1092,2.525969,0.206618,1.346734,32.000000,0.050358,12.668403,0.037393,2595.637299,298.497392
1093,1.729046,0.205810,0.001856,32.000000,0.050358,18.507317,27.137534,2597.366345,298.499248
1094,2.553051,0.207201,0.133266,32.000000,0.050358,12.534023,0.377874,2599.919395,298.632514
1095,2.521119,0.207225,0.075983,32.000000,0.050358,12.692775,0.662750,2602.440515,298.708497
1096,2.407256,0.192542,0.356032,32.000000,0.050358,13.293144,0.141442,2604.847771,299.064530
1097,2.482767,0.206154,0.110374,32.000000,0.050358,12.888845,0.456248,2607.330538,299.174903
1098,2.482710,0.206830,0.165502,32.000000,0.050358,12.889144,0.304273,2609.813247,299.340406
1099,2.449689,0.201528,0.410569,32.000000,0.050358,13.062881,0.122654,2612.262936,299.750975
