step,read_time_sec,compute_time_sec,write_time_sec,data_read_mb,data_written_mb,read_throughput_mb_s,write_throughput_mb_s,cumulative_read_time,cumulative_write_time
1,3.067223,0.059853,0.225058,64.000000,0.099186,20.865782,0.440712,3.067223,0.225058
2,3.134038,0.070688,0.231917,64.000000,0.099186,20.420942,0.427679,6.201260,0.456975
3,2.707045,0.074986,0.311041,64.000000,0.099186,23.642011,0.318884,8.908306,0.768016
4,2.529778,0.074381,0.393639,64.000000,0.099186,25.298660,0.251972,11.438084,1.161655
5,2.705149,0.074862,0.349297,64.000000,0.099186,23.658582,0.283959,14.143234,1.510952
6,2.753103,0.076391,0.285547,64.000000,0.099186,23.246495,0.347354,16.896337,1.796499
7,2.698773,0.061125,0.407056,64.000000,0.099186,23.714481,0.243666,19.595110,2.203555
8,2.986978,0.065807,0.106807,64.000000,0.099186,21.426335,0.928644,22.582088,2.310363
9,2.915096,0.080635,0.259522,64.000000,0.099186,21.954679,0.382187,25.497184,2.569885
10,3.006688,0.081126,0.264251,64.000000,0.099186,21.285877,0.375348,28.503873,2.834136
11,3.126019,0.079938,0.169669,64.000000,0.099186,20.473327,0.584584,31.629891,3.003805
12,3.109063,0.081283,0.230173,64.000000,0.099186,20.584983,0.430919,34.738954,3.233978
13,3.216478,0.060753,0.262959,64.000000,0.099186,19.897539,0.377191,37.955432,3.496937
14,3.017849,0.059656,0.257752,64.000000,0.099186,21.207156,0.384811,40.973281,3.754690
15,3.105431,0.060076,0.254364,64.000000,0.099186,20.609055,0.389937,44.078712,4.009053
16,3.086204,0.075616,0.208418,64.000000,0.099186,20.737447,0.475900,47.164917,4.217471
17,3.020792,0.059175,0.237027,64.000000,0.099186,21.186497,0.418458,50.185709,4.454498
18,2.760810,0.060223,0.289929,64.000000,0.099186,23.181602,0.342104,52.946519,4.744427
19,3.020324,0.060380,0.129579,64.000000,0.099186,21.189776,0.765447,55.966843,4.874007
20,2.625151,0.077662,0.397779,64.000000,0.099186,24.379551,0.249350,58.591994,5.271785
21,2.597214,0.080983,0.379933,64.000000,0.099186,24.641794,0.261062,61.189208,5.651718
22,2.806198,0.075376,0.201410,64.000000,0.099186,22.806658,0.492457,63.995406,5.853128
23,2.808636,0.075207,0.181520,64.000000,0.099186,22.786863,0.546418,66.804042,6.034648
24,2.716470,0.073338,0.317781,64.000000,0.099186,23.559988,0.312120,69.520512,6.352430
25,2.806342,0.060655,0.204166,64.000000,0.099186,22.805492,0.485809,72.326853,6.556596
26,2.759368,0.078233,0.322094,64.000000,0.099186,23.193720,0.307941,75.086221,6.878690
27,2.757728,0.072453,0.315700,64.000000,0.099186,23.207506,0.314178,77.843949,7.194389
28,2.923247,0.060232,0.225410,64.000000,0.099186,21.893460,0.440024,80.767197,7.419799
29,2.797124,0.079364,0.224634,64.000000,0.099186,22.880647,0.441545,83.564320,7.644433
30,3.159955,0.077384,0.107743,64.000000,0.099186,20.253451,0.920578,86.724276,7.752176
31,2.978297,0.076363,0.341130,64.000000,0.099186,21.488793,0.290757,89.702572,8.093306
32,2.861176,0.074319,0.499015,64.000000,0.099186,22.368425,0.198764,92.563748,8.592321
33,3.058378,0.073454,0.415200,64.000000,0.099186,20.926126,0.238887,95.622126,9.007521
34,2.889028,0.072689,0.443974,64.000000,0.099186,22.152779,0.223405,98.511154,9.451495
35,3.213555,0.059675,0.195978,64.000000,0.099186,19.915638,0.506109,101.724709,9.647473
36,3.120354,0.074968,0.211752,64.000000,0.099186,20.510490,0.468406,104.845064,9.859225
37,3.036120,0.073485,0.303020,64.000000,0.099186,21.079537,0.327325,107.881184,10.162245
38,2.823151,0.073759,0.401240,64.000000,0.099186,22.669707,0.247199,110.704334,10.563485
39,3.034091,0.075263,0.255267,64.000000,0.099186,21.093631,0.388557,113.738426,10.818752
40,3.052771,0.074830,0.223781,64.000000,0.099186,20.964563,0.443228,116.791196,11.042533
41,2.992512,0.065557,0.155198,64.000000,0.099186,21.386712,0.639092,119.783708,11.197731
42,3.062610,0.067771,0.242322,64.000000,0.099186,20.897205,0.409315,122.846319,11.440053
43,3.181868,0.059982,0.132639,64.000000,0.099186,20.113971,0.747789,126.028187,11.572692
44,2.874520,0.079005,0.387140,64.000000,0.099186,22.264586,0.256202,128.902707,11.959832
45,3.067413,0.076813,0.212064,64.000000,0.099186,20.864487,0.467716,131.970120,12.171896
46,3.190834,0.066113,0.127406,64.000000,0.099186,20.057453,0.778501,135.160954,12.299302
47,3.163970,0.065524,0.198163,64.000000,0.099186,20.227749,0.500527,138.324924,12.497465
48,3.300340,0.065845,0.153258,64.000000,0.099186,19.391942,0.647184,141.625264,12.650723
49,3.224160,0.060215,0.198051,64.000000,0.099186,19.850133,0.500810,144.849424,12.848774
50,3.047959,0.074709,0.302214,64.000000,0.099186,20.997660,0.328197,147.897383,13.150988
51,3.300370,0.059756,0.216774,64.000000,0.099186,19.391765,0.457555,151.197753,13.367762
52,3.406602,0.065138,0.136466,64.000000,0.099186,18.787051,0.726818,154.604354,13.504228
53,3.238690,0.075050,0.232557,64.000000,0.099186,19.761077,0.426501,157.843044,13.736785
54,3.351942,0.060628,0.217089,64.000000,0.099186,19.093407,0.456890,161.194987,13.953875
55,3.043981,0.075526,0.312384,64.000000,0.099186,21.025095,0.317513,164.238968,14.266258
56,3.316389,0.060524,0.211171,64.000000,0.099186,19.298098,0.469695,167.555357,14.477429
57,3.364446,0.063938,0.142902,64.000000,0.099186,19.022449,0.694085,170.919803,14.620331
58,3.322150,0.059143,0.242885,64.000000,0.099186,19.264632,0.408366,174.241953,14.863216
59,3.244863,0.062257,0.205724,64.000000,0.099186,19.723480,0.482131,177.486817,15.068940
60,3.347892,0.061862,0.141240,64.000000,0.099186,19.116506,0.702250,180.834709,15.210180
61,2.927443,0.074202,0.482778,64.000000,0.099186,21.862082,0.205448,183.762152,15.692958
62,2.926011,0.074349,0.478681,64.000000,0.099186,21.872779,0.207207,186.688163,16.171639
63,3.369428,0.078276,0.152335,64.000000,0.099186,18.994321,0.651103,190.057591,16.323975
64,3.000292,0.074681,0.401305,64.000000,0.099186,21.331258,0.247158,193.057883,16.725280
65,3.238442,0.075877,0.233185,64.000000,0.099186,19.762589,0.425352,196.296325,16.958465
66,3.327010,0.060300,0.236522,64.000000,0.099186,19.236493,0.419352,199.623335,17.194987
67,3.042544,0.074187,0.383585,64.000000,0.099186,21.035031,0.258576,202.665879,17.578572
68,3.132145,0.075957,0.272739,64.000000,0.099186,20.433279,0.363667,205.798024,17.851311
69,3.032418,0.076223,0.478062,64.000000,0.099186,21.105271,0.207475,208.830442,18.329373
70,3.073056,0.077926,0.340471,64.000000,0.099186,20.826173,0.291319,211.903498,18.669845
71,3.269849,0.081311,0.162166,64.000000,0.099186,19.572768,0.611632,215.173347,18.832011
72,3.017465,0.078169,0.417969,64.000000,0.099186,21.209858,0.237304,218.190812,19.249980
73,3.244684,0.081568,0.193989,64.000000,0.099186,19.724573,0.511298,221.435496,19.443969
74,3.318893,0.059987,0.215591,64.000000,0.099186,19.283536,0.460064,224.754389,19.659560
75,3.151523,0.079365,0.260838,64.000000,0.099186,20.307644,0.380258,227.905912,19.920399
76,3.225519,0.075911,0.231243,64.000000,0.099186,19.841766,0.428924,231.131431,20.151642
77,3.154200,0.079320,0.246544,64.000000,0.099186,20.290410,0.402305,234.285631,20.398186
78,3.381858,0.059742,0.136120,64.000000,0.099186,18.924511,0.728667,237.667488,20.534306
79,3.370193,0.057701,0.142916,64.000000,0.099186,18.990013,0.694015,241.037681,20.677222
80,3.270264,0.057852,0.242229,64.000000,0.099186,19.570283,0.409471,244.307945,20.919452
81,3.292758,0.060047,0.123497,64.000000,0.099186,19.436591,0.803145,247.600704,21.042949
82,3.271895,0.057976,0.251927,64.000000,0.099186,19.560528,0.393709,250.872599,21.294875
83,3.083532,0.074282,0.230549,64.000000,0.099186,20.755417,0.430217,253.956131,21.525424
84,3.183079,0.059288,0.158943,64.000000,0.099186,20.106316,0.624033,257.139211,21.684368
85,2.871650,0.076115,0.287094,64.000000,0.099186,22.286838,0.345483,260.010861,21.971461
86,2.925319,0.083603,0.227809,64.000000,0.099186,21.877957,0.435390,262.936180,22.199271
87,3.020840,0.061210,0.216898,64.000000,0.099186,21.186162,0.457293,265.957019,22.416169
88,2.844902,0.076310,0.204422,64.000000,0.099186,22.496379,0.485203,268.801922,22.620590
89,2.916403,0.074721,0.182328,64.000000,0.099186,21.944842,0.543997,271.718325,22.802918
90,2.655372,0.074366,0.413404,64.000000,0.099186,24.102082,0.239925,274.373697,23.216322
91,2.755481,0.076920,0.353173,64.000000,0.099186,23.226436,0.280842,277.129178,23.569495
92,2.977593,0.078255,0.123459,64.000000,0.099186,21.493873,0.803395,280.106770,23.692954
93,3.007977,0.060607,0.128246,64.000000,0.099186,21.276760,0.773405,283.114747,23.821199
94,2.903420,0.082445,0.225240,64.000000,0.099186,22.042968,0.440356,286.018168,24.046440
95,2.899593,0.067369,0.164148,64.000000,0.099186,22.072060,0.604248,288.917761,24.210588
96,2.705780,0.061834,0.170454,64.000000,0.099186,23.653065,0.581892,291.623541,24.381042
97,2.890587,0.060780,0.161517,64.000000,0.099186,22.140834,0.614090,294.514128,24.542559
98,2.982308,0.060883,0.174254,64.000000,0.099186,21.459891,0.569203,297.496436,24.716813
99,2.804982,0.074049,0.222421,64.000000,0.099186,22.816543,0.445938,300.301418,24.939234
100,2.708352,0.075010,0.226528,64.000000,0.099186,23.630605,0.437853,303.009770,25.165762
101,2.776615,0.073822,0.174257,64.000000,0.099186,23.049651,0.569194,305.786385,25.340019
102,2.663601,0.075871,0.301269,64.000000,0.099186,24.027626,0.329228,308.449985,25.641287
103,2.773094,0.060041,0.217520,64.000000,0.099186,23.078916,0.455985,311.223079,25.858807
104,2.863847,0.061153,0.233843,64.000000,0.099186,22.347565,0.424157,314.086926,26.092650
105,2.539690,0.074480,0.456912,64.000000,0.099186,25.199927,0.217079,316.626616,26.549562
106,2.999426,0.060464,1.482987,64.000000,0.099186,21.337413,0.066883,319.626042,28.032549
107,1.813622,0.060826,0.001278,64.000000,0.099186,35.288494,77.624801,321.439665,28.033827
108,2.583609,0.076506,0.435947,64.000000,0.099186,24.771555,0.227518,324.023273,28.469774
109,2.866561,0.077093,0.165819,64.000000,0.099186,22.326404,0.598158,326.889834,28.635593
110,2.834548,0.077931,0.194834,64.000000,0.099186,22.578556,0.509079,329.724382,28.830427
111,2.915478,0.060523,0.241456,64.000000,0.099186,21.951803,0.410782,332.639860,29.071883
112,2.888443,0.080137,0.199570,64.000000,0.099186,22.157268,0.496999,335.528303,29.271453
113,2.695579,0.075876,0.406480,64.000000,0.099186,23.742584,0.244012,338.223882,29.677932
114,2.676859,0.074015,0.416777,64.000000,0.099186,23.908618,0.237984,340.900741,30.094709
115,2.872862,0.073071,0.292823,64.000000,0.099186,22.277435,0.338723,343.773603,30.387532
116,3.179969,0.061292,0.123371,64.000000,0.099186,20.125984,0.803965,346.953571,30.510903
117,2.718209,0.074320,0.248972,64.000000,0.099186,23.544913,0.398383,349.671781,30.759875
118,3.626962,0.079529,0.130854,64.000000,0.099186,17.645622,0.757988,353.298743,30.890729
119,2.727377,0.079337,0.211304,64.000000,0.099186,23.465772,0.469400,356.026119,31.102033
120,2.723948,0.061005,0.128890,64.000000,0.099186,23.495309,0.769539,358.750067,31.230923
121,2.362579,0.073871,0.442853,64.000000,0.099186,27.089040,0.223970,361.112646,31.673776
122,2.285386,0.077758,0.376612,64.000000,0.099186,28.004023,0.263364,363.398032,32.050388
123,2.532647,0.073526,0.313725,64.000000,0.099186,25.270001,0.316156,365.930679,32.364113
124,2.655611,0.074845,0.190123,64.000000,0.099186,24.099913,0.521693,368.586291,32.554236
125,2.495406,0.074585,0.333519,64.000000,0.099186,25.647129,0.297392,371.081697,32.887755
126,2.474240,0.075184,0.380646,64.000000,0.099186,25.866526,0.260573,373.555937,33.268401
127,2.837537,0.068269,0.121136,64.000000,0.099186,22.554771,0.818799,376.393474,33.389537
128,2.700646,0.073635,0.247799,64.000000,0.099186,23.698034,0.400268,379.094120,33.637336
129,2.653238,0.074857,0.228012,64.000000,0.099186,24.121473,0.435003,381.747358,33.865348
130,2.688028,0.075717,0.284100,64.000000,0.099186,23.809274,0.349123,384.435386,34.149448
131,2.573992,0.075678,0.349723,64.000000,0.099186,24.864105,0.283613,387.009378,34.499171
132,2.737797,0.074872,0.227171,64.000000,0.099186,23.376460,0.436613,389.747175,34.726343
133,2.716572,0.074194,0.322922,64.000000,0.099186,23.559107,0.307152,392.463746,35.049265
134,2.618967,0.087282,0.331348,64.000000,0.099186,24.437120,0.299341,395.082713,35.380612
135,2.729546,0.074073,0.245251,64.000000,0.099186,23.447122,0.404426,397.812259,35.625864
136,2.860652,0.074205,0.228161,64.000000,0.099186,22.372525,0.434719,400.672910,35.854025
137,2.916389,0.076267,0.279776,64.000000,0.099186,21.944950,0.354519,403.589299,36.133801
138,2.876004,0.060624,1.770494,64.000000,0.099186,22.253099,0.056022,406.465303,37.904295
139,1.681792,0.059690,0.001223,64.000000,0.099186,38.054656,81.098006,408.147095,37.905518
140,2.896030,0.060055,0.181716,64.000000,0.099186,22.099218,0.545830,411.043125,38.087234
141,2.829255,0.078398,0.234437,64.000000,0.099186,22.620798,0.423082,413.872379,38.321670
142,2.875520,0.081516,0.200632,64.000000,0.099186,22.256843,0.494367,416.747899,38.522303
143,2.920762,0.078173,0.174315,64.000000,0.099186,21.912089,0.569005,419.668662,38.696617
144,2.660635,0.080209,0.407113,64.000000,0.099186,24.054411,0.243632,422.329296,39.103731
145,2.729263,0.078597,0.378084,64.000000,0.099186,23.449555,0.262338,425.058559,39.481815
146,2.991718,0.066594,0.145945,64.000000,0.099186,21.392391,0.679613,428.050277,39.627760
147,2.983349,0.075940,0.216462,64.000000,0.099186,21.452399,0.458215,431.033626,39.844221
148,3.095810,0.067189,0.173353,64.000000,0.099186,20.673102,0.572163,434.129437,40.017574
149,3.162623,0.062757,0.195354,64.000000,0.099186,20.236368,0.507723,437.292059,40.212928
150,3.190747,0.061045,0.214777,64.000000,0.099186,20.058001,0.461808,440.482806,40.427706
151,2.980211,0.074251,0.311563,64.000000,0.099186,21.474992,0.318350,443.463017,40.739268
152,2.945004,0.073036,0.362942,64.000000,0.099186,21.731717,0.273283,446.408021,41.102210
153,3.298862,0.056597,0.173170,64.000000,0.099186,19.400628,0.572767,449.706883,41.275380
154,3.069470,0.077825,0.190206,64.000000,0.099186,20.850504,0.521467,452.776353,41.465586
155,3.179680,0.057394,0.202140,64.000000,0.099186,20.127814,0.490679,455.956033,41.667726
156,3.003344,0.074972,0.305792,64.000000,0.099186,21.309584,0.324358,458.959377,41.973517
157,3.244320,0.060343,0.160726,64.000000,0.099186,19.726784,0.617111,462.203697,42.134244
158,3.106572,0.075974,0.200306,64.000000,0.099186,20.601483,0.495173,465.310269,42.334549
159,2.855319,0.072343,0.400984,64.000000,0.099186,22.414305,0.247356,468.165589,42.735534
160,3.271708,0.059793,0.174129,64.000000,0.099186,19.561648,0.569612,471.437297,42.909663
161,3.122831,0.072271,0.238162,64.000000,0.099186,20.494222,0.416465,474.560128,43.147824
162,3.165184,0.075916,0.189612,64.000000,0.099186,20.219994,0.523100,477.725312,43.337436
163,3.275228,0.113311,0.074408,64.000000,0.099186,19.540627,1.333005,481.000539,43.411844
164,3.166622,0.127350,0.226893,64.000000,0.099186,20.210814,0.437149,484.167161,43.638737
165,3.242024,0.128137,0.199184,64.000000,0.099186,19.740757,0.497962,487.409185,43.837920
166,3.186851,0.140241,0.213238,64.000000,0.099186,20.082523,0.465141,490.596035,44.051158
167,2.981456,0.136091,0.375633,64.000000,0.099186,21.466023,0.264050,493.577491,44.426792
168,2.875472,0.134962,0.445038,64.000000,0.099186,22.257216,0.222871,496.452963,44.871830
169,3.115202,0.137756,0.277873,64.000000,0.099186,20.544417,0.356947,499.568165,45.149702
170,3.193593,0.125404,0.175704,64.000000,0.099186,20.040124,0.564507,502.761758,45.325406
171,3.255077,0.118486,0.155995,64.000000,0.099186,19.661593,0.635826,506.016835,45.481401
172,2.909783,0.129470,0.386821,64.000000,0.099186,21.994770,0.256413,508.926617,45.868222
173,3.068063,0.136346,0.198256,64.000000,0.099186,20.860068,0.500293,511.994680,46.066478
174,3.041324,0.130100,0.249280,64.000000,0.099186,21.043464,0.397889,515.036005,46.315758
175,3.084593,0.127693,0.282871,64.000000,0.099186,20.748279,0.350640,518.120598,46.598629
176,3.162382,0.130543,0.232138,64.000000,0.099186,20.237908,0.427272,521.282980,46.830767
177,3.013828,0.136968,0.276667,64.000000,0.099186,21.235449,0.358503,524.296808,47.107434
178,3.099983,0.130334,0.185757,64.000000,0.099186,20.645272,0.533956,527.396792,47.293191
179,2.929185,0.126659,0.402252,64.000000,0.099186,21.849084,0.246576,530.325976,47.695443
180,2.822637,0.135348,0.428837,64.000000,0.099186,22.673833,0.231291,533.148613,48.124280
181,3.080955,0.112526,0.187027,64.000000,0.099186,20.772781,0.530330,536.229568,48.311307
182,3.048683,0.130083,0.162966,64.000000,0.099186,20.992674,0.608629,539.278251,48.474273
183,2.983882,0.129776,0.183939,64.000000,0.099186,21.448569,0.539233,542.262133,48.658212
184,3.200924,0.113838,0.080533,64.000000,0.099186,19.994226,1.231620,545.463057,48.738745
185,2.961300,0.134361,0.292161,64.000000,0.099186,21.612127,0.339491,548.424357,49.030905
186,2.923167,0.130771,0.205343,64.000000,0.099186,21.894061,0.483026,551.347525,49.236248
187,2.694079,0.133432,0.428270,64.000000,0.099186,23.755797,0.231597,554.041604,49.664518
188,2.983565,0.127249,0.134366,64.000000,0.099186,21.450846,0.738179,557.025169,49.798883
189,2.918386,0.124130,0.147455,64.000000,0.099186,21.929929,0.672654,559.943555,49.946338
190,2.892574,0.143492,0.261388,64.000000,0.099186,22.125620,0.379459,562.836130,50.207726
191,3.122443,0.115547,0.063032,64.000000,0.099186,20.496769,1.573589,565.958573,50.270757
192,3.035333,0.113037,0.178641,64.000000,0.099186,21.085003,0.555224,568.993906,50.449399
193,2.985977,0.138883,0.194819,64.000000,0.099186,21.433521,0.509119,571.979883,50.644217
194,3.094370,0.123531,0.156552,64.000000,0.099186,20.682726,0.633564,575.074252,50.800770
195,2.801612,0.124381,0.365902,64.000000,0.099186,22.843995,0.271073,577.875864,51.166671
196,2.953201,0.127608,0.178775,64.000000,0.099186,21.671399,0.554808,580.829065,51.345447
197,3.121060,0.111473,0.156683,64.000000,0.099186,20.505856,0.633034,583.950125,51.502130
198,3.149050,0.112888,0.158617,64.000000,0.099186,20.323591,0.625318,587.099175,51.660747
199,3.058434,0.134245,0.244174,64.000000,0.099186,20.925739,0.406210,590.157609,51.904921
200,3.022381,0.131843,0.201481,64.000000,0.099186,21.175355,0.492283,593.179990,52.106402
201,3.012076,0.133147,0.155813,64.000000,0.099186,21.247803,0.636569,596.192067,52.262216
202,3.002042,0.126208,0.259418,64.000000,0.099186,21.318819,0.382340,599.194109,52.521634
203,2.891984,0.130788,0.436992,64.000000,0.099186,22.130137,0.226974,602.086093,52.958626
204,3.043962,0.134557,0.212496,64.000000,0.099186,21.025230,0.466765,605.130055,53.171122
205,3.049091,0.143619,0.154786,64.000000,0.099186,20.989860,0.640793,608.179146,53.325908
206,3.224529,0.112396,0.157523,64.000000,0.099186,19.847857,0.629660,611.403676,53.483432
207,3.198660,0.123132,0.161654,64.000000,0.099186,20.008378,0.613570,614.602336,53.645086
208,3.096576,0.138374,0.210584,64.000000,0.099186,20.667991,0.471005,617.698911,53.855669
209,3.018180,0.127579,0.383176,64.000000,0.099186,21.204835,0.258852,620.717091,54.238846
210,2.871889,0.128462,0.448838,64.000000,0.099186,22.284985,0.220984,623.588980,54.687684
211,2.847234,0.137753,0.400148,64.000000,0.099186,22.477959,0.247873,626.436213,55.087832
212,2.912944,0.131906,0.345825,64.000000,0.099186,21.970897,0.286809,629.349158,55.433657
213,2.887592,0.127839,0.443973,64.000000,0.099186,22.163794,0.223405,632.236750,55.877631
214,3.024250,0.135707,0.267000,64.000000,0.099186,21.162273,0.371482,635.261000,56.144631
215,2.919100,0.139267,0.215118,64.000000,0.099186,21.924563,0.461076,638.180100,56.359749
216,2.796326,0.129426,0.353840,64.000000,0.099186,22.887173,0.280313,640.976426,56.713590
217,2.948112,0.134418,0.302531,64.000000,0.099186,21.708806,0.327854,643.924539,57.016121
218,3.106615,0.124818,0.209560,64.000000,0.099186,20.601203,0.473305,647.031153,57.225681
219,3.135348,0.121754,0.107959,64.000000,0.099186,20.412406,0.918735,650.166501,57.333640
220,3.064002,0.137225,0.168503,64.000000,0.099186,20.887717,0.588630,653.230503,57.502144
221,2.658854,0.132713,0.390369,64.000000,0.099186,24.070525,0.254083,655.889357,57.892512
222,2.817074,0.143036,0.151643,64.000000,0.099186,22.718606,0.654074,658.706431,58.044156
223,2.627644,0.131455,0.298810,64.000000,0.099186,24.356422,0.331937,661.334075,58.342965
224,2.965113,0.124794,0.105452,64.000000,0.099186,21.584336,0.940576,664.299188,58.448418
225,2.963456,0.128528,0.111629,64.000000,0.099186,21.596408,0.888533,667.262644,58.560047
226,2.961706,0.123069,0.185109,64.000000,0.099186,21.609166,0.535824,670.224350,58.745156
227,2.899654,0.127121,0.226479,64.000000,0.099186,22.071599,0.437947,673.124004,58.971635
228,3.093545,0.110893,0.150888,64.000000,0.099186,20.688237,0.657349,676.217549,59.122523
229,3.067207,0.122040,0.115966,64.000000,0.099186,20.865892,0.855302,679.284756,59.238489
230,2.785609,0.124476,0.379609,64.000000,0.099186,22.975224,0.261285,682.070365,59.618097
231,3.037190,0.140522,0.200475,64.000000,0.099186,21.072109,0.494756,685.107555,59.818572
232,2.994781,0.131211,0.309982,64.000000,0.099186,21.370508,0.319973,688.102337,60.128554
233,3.030775,0.125979,0.263093,64.000000,0.099186,21.116713,0.376999,691.133111,60.391647
234,2.856788,0.139231,0.203037,64.000000,0.099186,22.402784,0.488512,693.989899,60.594684
235,2.874805,0.133073,0.247609,64.000000,0.099186,22.262378,0.400575,696.864704,60.842293
236,3.041716,0.123771,0.133899,64.000000,0.099186,21.040752,0.740750,699.906421,60.976192
237,3.007531,0.144203,0.199972,64.000000,0.099186,21.279910,0.495998,702.913952,61.176165
238,2.917121,0.135558,0.278720,64.000000,0.099186,21.939441,0.355862,705.831073,61.454885
239,2.985301,0.135339,0.260220,64.000000,0.099186,21.438372,0.381162,708.816374,61.715105
240,2.868633,0.138436,0.325525,64.000000,0.099186,22.310278,0.304696,711.685007,62.040630
241,2.889298,0.136063,0.296698,64.000000,0.099186,22.150710,0.334299,714.574305,62.337328
242,3.164125,0.113420,0.075411,64.000000,0.099186,20.226762,1.315266,717.738430,62.412739
243,2.980281,0.134195,0.200906,64.000000,0.099186,21.474482,0.493693,720.718711,62.613645
244,3.194438,0.115683,0.168784,64.000000,0.099186,20.034823,0.587649,723.913149,62.782430
245,3.111201,0.113299,0.114273,64.000000,0.099186,20.570831,0.867970,727.024351,62.896703
246,3.113205,0.111395,0.155200,64.000000,0.099186,20.557590,0.639085,730.137556,63.051903
247,3.203001,0.112506,0.201187,64.000000,0.099186,19.981261,0.493003,733.340557,63.253091
248,2.772141,0.127716,0.465632,64.000000,0.099186,23.086849,0.213014,736.112698,63.718723
249,3.195144,0.120582,0.102773,64.000000,0.099186,20.030399,0.965093,739.307842,63.821496
250,2.931712,0.134391,0.432128,64.000000,0.099186,21.830245,0.229529,742.239554,64.253625
251,2.888080,0.131419,0.369248,64.000000,0.099186,22.160051,0.268616,745.127634,64.622872
252,2.932132,0.126969,0.424358,64.000000,0.099186,21.827118,0.233732,748.059767,65.047230
253,3.154832,0.112683,0.143461,64.000000,0.099186,20.286339,0.691379,751.214599,65.190691
254,2.993780,0.125541,0.268904,64.000000,0.099186,21.377656,0.368853,754.208379,65.459594
255,3.107757,0.135057,0.258733,64.000000,0.099186,20.593632,0.383352,757.316136,65.718328
256,3.204762,0.144583,0.185963,64.000000,0.099186,19.970280,0.533364,760.520899,65.904291
257,3.175671,0.128281,0.198128,64.000000,0.099186,20.153219,0.500616,763.696570,66.102418
258,2.903841,0.125267,0.498182,64.000000,0.099186,22.039776,0.199096,766.600411,66.600600
259,3.005687,0.128141,0.390103,64.000000,0.099186,21.292970,0.254256,769.606098,66.990703
260,3.199791,0.128879,0.179168,64.000000,0.099186,20.001308,0.553592,772.805888,67.169871
261,3.020131,0.127555,0.389091,64.000000,0.099186,21.191136,0.254917,775.826019,67.558962
262,2.817911,0.126889,0.374610,64.000000,0.099186,22.711859,0.264771,778.643930,67.933573
263,2.860348,0.122398,0.332944,64.000000,0.099186,22.374900,0.297906,781.504278,68.266516
264,2.916548,0.124950,0.240940,64.000000,0.099186,21.943751,0.411663,784.420826,68.507456
265,3.006807,0.110138,0.167332,64.000000,0.099186,21.285035,0.592750,787.427633,68.674788
266,2.976438,0.124577,0.282341,64.000000,0.099186,21.502215,0.351299,790.404071,68.957128
267,2.964511,0.124124,0.258707,64.000000,0.099186,21.588721,0.383391,793.368582,69.215835
268,3.021949,0.128490,14.904052,64.000000,0.099186,21.178385,0.006655,796.390531,84.119888
269,2.881689,0.133108,0.343482,64.000000,0.099186,22.209201,0.288766,799.272219,84.463369
270,2.818270,0.128623,0.348344,64.000000,0.099186,22.708967,0.284736,802.090489,84.811713
271,2.877540,0.125035,0.472069,64.000000,0.099186,22.241222,0.210109,804.968029,85.283782
272,3.057938,0.128255,0.276724,64.000000,0.099186,20.929136,0.358429,808.025967,85.560507
273,3.210127,0.122338,0.189893,64.000000,0.099186,19.936909,0.522327,811.236094,85.750399
274,3.145718,0.125202,0.148086,64.000000,0.099186,20.345119,0.669788,814.381811,85.898485
275,3.026248,0.136556,0.267075,64.000000,0.099186,21.148303,0.371378,817.408059,86.165560
276,3.303221,0.125318,0.104590,64.000000,0.099186,19.375030,0.948329,820.711279,86.270150
277,3.371779,0.118220,0.135589,64.000000,0.099186,18.981078,0.731517,824.083058,86.405740
278,2.939075,0.129353,0.429789,64.000000,0.099186,21.775555,0.230778,827.022134,86.835528
279,3.340150,0.111672,0.082986,64.000000,0.099186,19.160814,1.195211,830.362284,86.918515
280,3.198851,0.131114,10.122589,64.000000,0.099186,20.007182,0.009798,833.561135,97.041104
281,3.222421,0.110583,0.184897,64.000000,0.099186,19.860847,0.536439,836.783556,97.226001
282,3.113068,0.141514,0.256178,64.000000,0.099186,20.558495,0.387176,839.896624,97.482178
283,2.988905,0.150920,0.341425,64.000000,0.099186,21.412527,0.290506,842.885529,97.823603
284,3.129950,0.137956,0.196471,64.000000,0.099186,20.447614,0.504838,846.015478,98.020074
285,3.161306,0.136668,0.203564,64.000000,0.099186,20.244795,0.487246,849.176785,98.223639
286,3.197341,0.136572,0.155933,64.000000,0.099186,20.016633,0.636081,852.374126,98.379572
287,3.117018,0.138001,0.273460,64.000000,0.099186,20.532443,0.362708,855.491144,98.653031
288,3.198076,0.129860,0.170779,64.000000,0.099186,20.012031,0.580787,858.689220,98.823810
289,3.275682,0.127507,0.118272,64.000000,0.099186,19.537914,0.838625,861.964903,98.942082
290,3.010896,0.135591,0.309071,64.000000,0.099186,21.256134,0.320916,864.975798,99.251153
291,3.178888,0.120276,0.071236,64.000000,0.099186,20.132825,1.392365,868.154686,99.322389
292,2.998676,0.124150,0.310339,64.000000,0.099186,21.342750,0.319605,871.153363,99.632728
293,2.971270,0.125095,0.397044,64.000000,0.099186,21.539613,0.249811,874.124633,100.029772
294,3.061667,0.111291,0.177465,64.000000,0.099186,20.903648,0.558903,877.186299,100.207237
295,2.848046,0.137965,0.333896,64.000000,0.099186,22.471550,0.297057,880.034345,100.541133
296,2.947427,0.126743,0.285383,64.000000,0.099186,21.713853,0.347553,882.981772,100.826516
297,3.014189,0.142637,0.149031,64.000000,0.099186,21.232907,0.665540,885.995961,100.975547
298,2.919199,0.136155,0.192509,64.000000,0.099186,21.923822,0.515227,888.915160,101.168056
299,2.756879,0.128141,0.405628,64.000000,0.099186,23.214657,0.244524,891.672039,101.573684
300,2.945052,0.128012,0.237664,64.000000,0.099186,21.731362,0.417337,894.617092,101.811348
301,3.218390,0.114098,0.148509,64.000000,0.099186,19.885718,0.667877,897.835482,101.959857
302,2.984123,0.126917,0.300253,64.000000,0.099186,21.446838,0.330342,900.819605,102.260110
303,2.999323,0.124889,0.333492,64.000000,0.099186,21.338149,0.297416,903.818928,102.593602
304,2.840086,0.126117,0.477187,64.000000,0.099186,22.534531,0.207856,906.659013,103.070789
305,3.091074,0.130233,0.257274,64.000000,0.099186,20.704774,0.385527,909.750088,103.328062
306,2.976699,0.126438,0.364534,64.000000,0.099186,21.500329,0.272090,912.726786,103.692596
307,3.139315,0.128426,0.169189,64.000000,0.099186,20.386612,0.586243,915.866102,103.861785
308,2.918768,0.127159,0.344420,64.000000,0.099186,21.927061,0.287980,918.784869,104.206205
309,2.885615,0.130211,0.372131,64.000000,0.099186,22.178983,0.266535,921.670484,104.578336
310,2.767423,0.126399,0.424525,64.000000,0.099186,23.126211,0.233640,924.437907,105.002862
311,3.180677,0.114792,0.740183,64.000000,0.099186,20.121503,0.134002,927.618584,105.743044
312,2.717687,0.112108,0.045278,64.000000,0.099186,23.549437,2.190578,930.336271,105.788323
313,2.861287,0.127718,0.340566,64.000000,0.099186,22.367555,0.291239,933.197558,106.128888
314,2.826406,0.125783,0.342885,64.000000,0.099186,22.643597,0.289269,936.023964,106.471773
315,2.983972,0.133714,0.192794,64.000000,0.099186,21.447926,0.514465,939.007936,106.664567
316,2.898954,0.123814,0.286779,64.000000,0.099186,22.076928,0.345862,941.906890,106.951346
317,2.954152,0.111027,0.134513,64.000000,0.099186,21.664420,0.737369,944.861042,107.085860
318,2.982969,0.111819,0.136770,64.000000,0.099186,21.455132,0.725205,947.844012,107.222629
319,2.756881,0.125913,0.319659,64.000000,0.099186,23.214644,0.310287,950.600892,107.542288
320,2.884868,0.128632,0.203234,64.000000,0.099186,22.184727,0.488039,953.485760,107.745522
321,3.006075,0.128737,0.196878,64.000000,0.099186,21.290221,0.503793,956.491835,107.942400
322,2.902461,0.126329,0.232299,64.000000,0.099186,22.050251,0.426975,959.394296,108.174699
323,2.873232,0.143782,0.193099,64.000000,0.099186,22.274570,0.513655,962.267528,108.367798
324,2.752280,0.130706,0.293110,64.000000,0.099186,23.253448,0.338391,965.019808,108.660908
325,2.977247,0.110975,0.128520,64.000000,0.099186,21.496368,0.771754,967.997055,108.789428
326,3.120595,0.112623,0.165229,64.000000,0.099186,20.508913,0.600295,971.117649,108.954657
327,2.902302,0.126175,0.275186,64.000000,0.099186,22.051463,0.360433,974.019951,109.229843
328,2.893735,0.126503,0.232048,64.000000,0.099186,22.116749,0.427438,976.913686,109.461890
329,2.740479,0.127455,0.485204,64.000000,0.099186,23.353586,0.204421,979.654164,109.947094
330,2.992821,0.131611,0.206433,64.000000,0.099186,21.384510,0.480474,982.646985,110.153528
331,3.126244,0.111655,0.180175,64.000000,0.099186,20.471852,0.550498,985.773228,110.333703
332,3.111158,0.112577,0.130315,64.000000,0.099186,20.571121,0.761124,988.884386,110.464018
333,2.942562,0.138023,0.244021,64.000000,0.099186,21.749756,0.406465,991.826948,110.708039
334,3.220640,0.112386,0.107039,64.000000,0.099186,19.871829,0.926630,995.047587,110.815078
335,3.159146,0.111735,0.160732,64.000000,0.099186,20.258637,0.617087,998.206734,110.975811
336,2.938151,0.129786,0.281382,64.000000,0.099186,21.782410,0.352496,1001.144884,111.257192
337,2.761520,0.129510,0.396891,64.000000,0.099186,23.175646,0.249907,1003.906404,111.654084
338,2.800068,0.130214,0.347020,64.000000,0.099186,22.856585,0.285822,1006.706472,112.001103
339,2.986067,0.123869,0.270713,64.000000,0.099186,21.432875,0.366388,1009.692539,112.271816
340,2.991835,0.111758,0.165852,64.000000,0.099186,21.391551,0.598037,1012.684375,112.437668
341,3.094529,0.109340,0.162345,64.000000,0.099186,20.681662,0.610959,1015.778904,112.600013
342,2.867229,0.127250,0.205721,64.000000,0.099186,22.321202,0.482138,1018.646133,112.805734
343,2.710393,0.122113,0.394521,64.000000,0.099186,23.612810,0.251408,1021.356526,113.200255
344,2.794515,0.127716,0.349878,64.000000,0.099186,22.902008,0.283487,1024.151041,113.550133
345,2.761720,0.129717,0.346613,64.000000,0.099186,23.173962,0.286157,1026.912761,113.896747
346,2.904413,0.129944,0.250354,64.000000,0.099186,22.035436,0.396182,1029.817174,114.147101
347,2.827118,0.131204,0.156105,64.000000,0.099186,22.637898,0.635380,1032.644291,114.303206
348,2.749970,0.126902,0.151743,64.000000,0.099186,23.272979,0.653645,1035.394261,114.454949
349,2.713615,0.127467,0.219313,64.000000,0.099186,23.584778,0.452258,1038.107876,114.674261
350,2.843571,0.122719,0.124090,64.000000,0.099186,22.506907,0.799306,1040.951448,114.798351
351,2.839090,0.129097,0.196343,64.000000,0.099186,22.542432,0.505166,1043.790538,114.994695
352,2.695600,0.125373,0.262653,64.000000,0.099186,23.742395,0.377632,1046.486138,115.257347
353,2.663868,0.123048,0.404773,64.000000,0.099186,24.025217,0.245041,1049.150006,115.662120
354,2.651325,0.125989,0.323951,64.000000,0.099186,24.138871,0.306175,1051.801331,115.986071
355,3.153364,0.116490,0.079478,64.000000,0.099186,20.295783,1.247972,1054.954696,116.065549
356,2.913478,0.124912,0.380510,64.000000,0.099186,21.966874,0.260666,1057.868173,116.446059
357,3.074629,0.137087,0.211379,64.000000,0.099186,20.815520,0.469233,1060.942802,116.657438
358,3.145577,0.126170,0.199674,64.000000,0.099186,20.346030,0.496738,1064.088379,116.857112
359,3.241101,0.135182,0.169916,64.000000,0.099186,19.746379,0.583736,1067.329480,117.027028
360,2.938563,0.128822,0.440442,64.000000,0.099186,21.779354,0.225196,1070.268043,117.467470
361,3.198290,0.133408,0.271829,64.000000,0.099186,20.010696,0.364884,1073.466332,117.739299
362,3.201010,0.139968,0.182766,64.000000,0.099186,19.993691,0.542695,1076.667342,117.922065
363,3.085513,0.126825,0.226494,64.000000,0.099186,20.742094,0.437919,1079.752855,118.148559
364,3.298128,0.111077,0.079381,64.000000,0.099186,19.404947,1.249491,1083.050983,118.227940
365,2.826234,0.126763,0.466311,64.000000,0.099186,22.644976,0.212703,1085.877217,118.694251
366,2.966790,0.124923,0.355880,64.000000,0.099186,21.572136,0.278706,1088.844007,119.050131
367,2.845340,0.126634,0.462504,64.000000,0.099186,22.492922,0.214454,1091.689346,119.512635
368,2.825858,0.130952,0.443389,64.000000,0.099186,22.647985,0.223699,1094.515205,119.956025
369,2.933967,0.125028,0.311518,64.000000,0.099186,21.813470,0.318395,1097.449172,120.267543
370,3.060602,0.125424,0.331677,64.000000,0.099186,20.910921,0.299044,1100.509774,120.599220
371,2.864030,0.124550,0.464676,64.000000,0.099186,22.346138,0.213452,1103.373803,121.063896
372,3.121076,0.140563,0.190778,64.000000,0.099186,20.505750,0.519903,1106.494879,121.254674
373,3.169924,0.126272,0.132828,64.000000,0.099186,20.189756,0.746724,1109.664803,121.387502
374,3.259745,0.126873,0.062860,64.000000,0.099186,19.633435,1.577884,1112.924549,121.450362
375,3.013836,0.126363,0.291047,64.000000,0.099186,21.235394,0.340790,1115.938385,121.741410
376,2.867713,0.128708,9.950813,64.000000,0.099186,22.317432,0.009968,1118.806098,131.692223
377,2.765620,0.124954,0.500748,64.000000,0.099186,23.141281,0.198076,1121.571719,132.192971
378,2.788054,0.123266,0.484783,64.000000,0.099186,22.955081,0.204599,1124.359772,132.677754
379,3.069174,0.125364,0.157581,64.000000,0.099186,20.852514,0.629429,1127.428947,132.835335
380,3.028901,0.125412,0.339094,64.000000,0.099186,21.129777,0.292503,1130.457848,133.174429
381,3.052677,0.130064,0.328696,64.000000,0.099186,20.965204,0.301756,1133.510525,133.503124
382,3.008675,0.124591,0.355865,64.000000,0.099186,21.271824,0.278718,1136.519200,133.858989
383,3.205881,0.113386,0.120268,64.000000,0.099186,19.963309,0.824706,1139.725081,133.979258
384,2.918290,0.129981,0.407448,64.000000,0.099186,21.930649,0.243432,1142.643371,134.386705
385,2.997865,0.126769,0.389121,64.000000,0.099186,21.348528,0.254898,1145.641236,134.775826
386,3.219417,0.108032,0.629551,64.000000,0.099186,19.879378,0.157550,1148.860653,135.405377
387,2.956077,0.123472,0.050514,64.000000,0.099186,21.650313,1.963526,1151.816730,135.455891
388,3.196051,0.112595,0.088135,64.000000,0.099186,20.024714,1.125391,1155.012780,135.544026
389,2.968967,0.126997,0.260391,64.000000,0.099186,21.556320,0.380912,1157.981747,135.804416
390,3.182979,0.121056,0.102261,64.000000,0.099186,20.106952,0.969929,1161.164726,135.906677
391,3.078644,0.113037,0.159242,64.000000,0.099186,20.788370,0.622861,1164.243370,136.065920
392,3.053390,0.113867,0.189937,64.000000,0.099186,20.960311,0.522203,1167.296760,136.255857
393,2.882520,0.128085,0.357116,64.000000,0.099186,22.202791,0.277741,1170.179281,136.612974
394,3.094189,0.130209,0.109021,64.000000,0.099186,20.683935,0.909791,1173.273469,136.721994
395,3.017086,0.131400,1.559929,64.000000,0.099186,21.212522,0.063584,1176.290555,138.281923
396,2.097775,0.116404,0.001285,64.000000,0.099186,30.508511,77.194353,1178.388331,138.283208
397,3.100859,0.142808,0.160670,64.000000,0.099186,20.639445,0.617327,1181.489189,138.443878
398,3.355598,0.114282,0.073388,64.000000,0.099186,19.072604,1.351532,1184.844788,138.517266
399,3.238235,0.137246,0.153173,64.000000,0.099186,19.763851,0.647543,1188.083023,138.670439
400,3.003533,0.126754,0.373634,64.000000,0.099186,21.308238,0.265463,1191.086556,139.044073
401,3.279103,0.128152,0.137376,64.000000,0.099186,19.517533,0.722002,1194.365659,139.181449
402,3.056923,0.136910,0.264228,64.000000,0.099186,20.936086,0.375380,1197.422582,139.445677
403,3.138557,0.138268,0.158425,64.000000,0.099186,20.391537,0.626074,1200.561139,139.604102
404,3.218394,0.123254,0.493010,64.000000,0.099186,19.885696,0.201184,1203.779533,140.097113
405,2.960606,0.119250,0.105143,64.000000,0.099186,21.617195,0.943345,1206.740139,140.202256
406,2.978199,0.132282,0.368339,64.000000,0.099186,21.489499,0.269279,1209.718337,140.570595
407,2.938352,0.132723,0.420316,64.000000,0.099186,21.780920,0.235979,1212.656689,140.990911
408,2.968513,0.126733,0.339224,64.000000,0.099186,21.559614,0.292390,1215.625202,141.330135
409,3.030163,0.127885,0.266595,64.000000,0.099186,21.120979,0.372047,1218.655365,141.596731
410,3.236732,0.124194,0.100393,64.000000,0.099186,19.773030,0.987976,1221.892097,141.697124
411,3.022508,0.130708,0.286325,64.000000,0.099186,21.174468,0.346411,1224.914605,141.983448
412,3.132123,0.129818,0.244190,64.000000,0.099186,20.433424,0.406184,1228.046728,142.227638
413,3.011152,0.125585,0.507944,64.000000,0.099186,21.254321,0.195270,1231.057880,142.735582
414,3.020021,0.129517,0.376339,64.000000,0.099186,21.191907,0.263555,1234.077901,143.111921
415,3.305208,0.113185,0.162985,64.000000,0.099186,19.363379,0.608557,1237.383109,143.274906
416,3.271293,0.115212,0.194863,64.000000,0.099186,19.564131,0.509004,1240.654402,143.469769
417,3.131482,0.127552,0.234969,64.000000,0.099186,20.437607,0.422124,1243.785884,143.704738
418,3.289823,0.113261,0.098477,64.000000,0.099186,19.453937,1.007202,1247.075707,143.803215
419,3.215766,0.114255,0.169249,64.000000,0.099186,19.901947,0.586035,1250.291472,143.972464
420,3.124055,0.125256,0.292803,64.000000,0.099186,20.486193,0.338746,1253.415528,144.265268
421,3.088288,0.126418,0.322900,64.000000,0.099186,20.723456,0.307173,1256.503816,144.588167
422,3.291966,0.114522,0.216429,64.000000,0.099186,19.441268,0.458284,1259.795782,144.804596
423,2.834626,0.128521,0.520862,64.000000,0.099186,22.577936,0.190426,1262.630408,145.325458
424,2.917023,0.130894,0.434079,64.000000,0.099186,21.940175,0.228497,1265.547431,145.759537
425,3.106856,0.127306,0.288112,64.000000,0.099186,20.599603,0.344262,1268.654287,146.047649
426,3.210019,0.129669,0.196702,64.000000,0.099186,19.937576,0.504245,1271.864306,146.244351
427,3.275311,0.116160,0.153054,64.000000,0.099186,19.540128,0.648045,1275.139617,146.397405
428,3.218874,0.128750,0.171734,64.000000,0.099186,19.882728,0.577555,1278.358492,146.569140
429,3.249614,0.109717,0.193155,64.000000,0.099186,19.694645,0.513504,1281.608106,146.762295
430,3.194331,0.128589,0.168498,64.000000,0.099186,20.035497,0.588646,1284.802436,146.930793
431,3.191281,0.124312,0.261650,64.000000,0.099186,20.054644,0.379079,1287.993717,147.192443
432,3.174999,0.125717,0.212203,64.000000,0.099186,20.157484,0.467411,1291.168717,147.404646
433,2.931682,0.138314,0.398980,64.000000,0.099186,21.830469,0.248599,1294.100399,147.803627
434,3.147647,0.135512,0.256008,64.000000,0.099186,20.332647,0.387432,1297.248046,148.059635
435,3.291721,0.117292,0.137567,64.000000,0.099186,19.442719,0.721003,1300.539767,148.197202
436,3.192622,0.113799,0.160551,64.000000,0.099186,20.046222,0.617784,1303.732388,148.357753
437,2.915718,0.128169,0.348796,64.000000,0.099186,21.949993,0.284367,1306.648107,148.706548
438,3.150047,0.113777,0.166002,64.000000,0.099186,20.317154,0.597498,1309.798154,148.872551
439,3.115059,0.111053,0.181602,64.000000,0.099186,20.545358,0.546172,1312.913213,149.054153
440,3.231388,0.114766,0.128573,64.000000,0.099186,19.805728,0.771439,1316.144602,149.182725
441,3.144660,0.114693,0.196332,64.000000,0.099186,20.351959,0.505196,1319.289262,149.379057
442,2.875474,0.126946,0.388269,64.000000,0.099186,22.257202,0.255457,1322.164736,149.767326
443,2.991206,0.138961,0.260449,64.000000,0.099186,21.396051,0.380827,1325.155942,150.027775
444,3.170928,0.114260,0.166014,64.000000,0.099186,20.183366,0.597456,1328.326870,150.193789
445,3.125520,0.126203,0.124362,64.000000,0.099186,20.476591,0.797557,1331.452390,150.318151
446,3.219943,0.115815,0.148833,64.000000,0.099186,19.876128,0.666425,1334.672333,150.466984
447,3.071274,0.131534,0.291579,64.000000,0.099186,20.838255,0.340168,1337.743608,150.758563
448,3.038922,0.127227,0.356771,64.000000,0.099186,21.060096,0.278010,1340.782530,151.115334
449,3.031454,0.127430,0.520847,64.000000,0.099186,21.111983,0.190432,1343.813984,151.636181
450,3.095841,0.112981,0.079493,64.000000,0.099186,20.672898,1.247729,1346.909825,151.715675
451,3.066549,0.128199,0.361828,64.000000,0.099186,20.870365,0.274124,1349.976374,152.077503
452,2.957340,0.131766,0.344353,64.000000,0.099186,21.641072,0.288036,1352.933714,152.421855
453,2.896123,0.135893,0.299896,64.000000,0.099186,22.098507,0.330734,1355.829837,152.721752
454,2.899343,0.134431,0.358514,64.000000,0.099186,22.073965,0.276658,1358.729180,153.080266
455,2.802498,0.136359,0.379578,64.000000,0.099186,22.836771,0.261306,1361.531678,153.459844
456,2.961273,0.139537,0.130784,64.000000,0.099186,21.612324,0.758394,1364.492951,153.590628
457,2.956610,0.142368,0.168564,64.000000,0.099186,21.646415,0.588416,1367.449561,153.759192
458,3.066157,0.129198,0.099789,64.000000,0.099186,20.873036,0.993961,1370.515718,153.858981
459,2.847465,0.128147,0.284402,64.000000,0.099186,22.476132,0.348753,1373.363183,154.143383
460,2.785626,0.127649,0.331654,64.000000,0.099186,22.975086,0.299064,1376.148809,154.475037
461,2.689458,0.129580,0.493041,64.000000,0.099186,23.796617,0.201172,1378.838267,154.968078
462,2.816598,0.138326,0.227125,64.000000,0.099186,22.722447,0.436703,1381.654865,155.195203
463,2.721111,0.127606,0.359321,64.000000,0.099186,23.519803,0.276037,1384.375976,155.554525
464,2.652673,0.128431,0.405557,64.000000,0.099186,24.126608,0.244567,1387.028649,155.960082
465,3.111588,0.118365,0.076770,64.000000,0.099186,20.568273,1.291985,1390.140237,156.036852
466,2.985058,0.131671,0.189230,64.000000,0.099186,21.440122,0.524156,1393.125295,156.226082
467,2.964260,0.129660,0.335828,64.000000,0.099186,21.590552,0.295348,1396.089555,156.561910
468,2.871712,0.126056,0.307876,64.000000,0.099186,22.286359,0.322162,1398.961267,156.869785
469,2.865094,0.128137,0.349073,64.000000,0.099186,22.337839,0.284141,1401.826360,157.218859
470,3.092487,0.116281,0.116762,64.000000,0.099186,20.695315,0.849471,1404.918848,157.335621
471,2.956773,0.133949,0.206169,64.000000,0.099186,21.645216,0.481090,1407.875621,157.541790
472,3.204567,0.115546,0.075741,64.000000,0.099186,19.971499,1.309545,1411.080188,157.617531
473,3.106924,0.116139,0.149884,64.000000,0.099186,20.599154,0.661752,1414.187111,157.767415
474,2.918008,0.128480,0.344853,64.000000,0.099186,21.932767,0.287618,1417.105120,158.112268
475,3.324426,0.113920,0.080545,64.000000,0.099186,19.251445,1.231434,1420.429546,158.192813
476,3.040090,0.131457,0.232959,64.000000,0.099186,21.052007,0.425766,1423.469636,158.425772
477,3.168664,0.115909,0.160978,64.000000,0.099186,20.197788,0.616148,1426.638300,158.586749
478,3.210003,0.147320,1.265794,64.000000,0.099186,19.937675,0.078359,1429.848303,159.852543
479,2.161938,0.114919,0.001241,64.000000,0.099186,29.603073,79.929426,1432.010241,159.853784
480,2.986739,0.141407,0.275493,64.000000,0.099186,21.428054,0.360031,1434.996979,160.129277
481,3.004324,0.140700,0.228983,64.000000,0.099186,21.302628,0.433159,1438.001304,160.358260
482,2.937210,0.127683,0.385367,64.000000,0.099186,21.789385,0.257380,1440.938513,160.743627
483,3.175575,0.131680,0.217351,64.000000,0.099186,20.153832,0.456341,1444.114088,160.960978
484,3.022603,0.127052,0.353411,64.000000,0.099186,21.173800,0.280654,1447.136692,161.314388
485,3.239286,0.115745,0.150059,64.000000,0.099186,19.757440,0.660981,1450.375978,161.464447
486,2.903600,0.125678,0.457225,64.000000,0.099186,22.041600,0.216930,1453.279578,161.921672
487,2.970328,0.125541,0.350344,64.000000,0.099186,21.546441,0.283110,1456.249906,162.272016
488,2.913000,0.125379,0.412537,64.000000,0.099186,21.970479,0.240429,1459.162906,162.684554
489,2.831759,0.127966,0.489135,64.000000,0.099186,22.600791,0.202778,1461.994665,163.173689
490,3.021801,0.129598,0.287927,64.000000,0.099186,21.179422,0.344483,1465.016466,163.461616
491,3.123910,0.132404,0.181281,64.000000,0.099186,20.487148,0.547138,1468.140376,163.642897
492,3.202508,0.117765,0.169137,64.000000,0.099186,19.984339,0.586425,1471.342884,163.812034
493,3.193886,0.128513,0.191958,64.000000,0.099186,20.038286,0.516706,1474.536770,164.003992
494,3.041486,0.130101,0.308279,64.000000,0.099186,21.042346,0.321740,1477.578256,164.312272
495,3.200453,0.125789,0.157707,64.000000,0.099186,19.997167,0.628926,1480.778709,164.469979
496,3.213437,0.121034,0.161414,64.000000,0.099186,19.916369,0.614482,1483.992146,164.631392
497,3.297464,0.139476,0.149752,64.000000,0.099186,19.408852,0.662336,1487.289611,164.781144
498,3.326875,0.118762,0.095864,64.000000,0.099186,19.237273,1.034650,1490.616486,164.877008
499,3.273171,0.116263,0.152493,64.000000,0.099186,19.552903,0.650428,1493.889657,165.029502
500,3.076452,0.128805,0.304246,64.000000,0.099186,20.803188,0.326005,1496.966108,165.333748
501,3.037995,0.130620,0.242097,64.000000,0.099186,21.066525,0.409695,1500.004104,165.575845
502,3.093135,0.130526,0.289389,64.000000,0.099186,20.690979,0.342743,1503.097239,165.865234
503,3.168182,0.119466,0.202137,64.000000,0.099186,20.200860,0.490688,1506.265421,166.067371
504,2.914575,0.130282,0.358271,64.000000,0.099186,21.958601,0.276846,1509.179996,166.425642
505,2.831199,0.131191,0.325513,64.000000,0.099186,22.605263,0.304707,1512.011196,166.751154
506,2.740185,0.130405,0.417224,64.000000,0.099186,23.356091,0.237728,1514.751380,167.168379
507,2.767677,0.131639,0.453051,64.000000,0.099186,23.124084,0.218929,1517.519057,167.621430
508,2.898600,0.129664,0.171572,64.000000,0.099186,22.079621,0.578100,1520.417658,167.793002
509,2.836632,0.116198,0.133179,64.000000,0.099186,22.561965,0.744759,1523.254290,167.926181
510,2.951642,0.117319,0.134529,64.000000,0.099186,21.682847,0.737281,1526.205932,168.060710
511,2.716242,0.135741,0.298485,64.000000,0.099186,23.561965,0.332298,1528.922174,168.359195
512,2.810853,0.136918,0.219819,64.000000,0.099186,22.768885,0.451216,1531.733028,168.579014
513,2.930835,0.126552,0.110121,64.000000,0.099186,21.836777,0.900696,1534.663863,168.689135
514,2.762635,0.129217,0.308430,64.000000,0.099186,23.166285,0.321583,1537.426499,168.997566
515,3.159025,0.117116,0.064741,64.000000,0.099186,20.259414,1.532050,1540.585524,169.062306
516,3.005000,0.141528,0.140434,64.000000,0.099186,21.297835,0.706280,1543.590524,169.202740
517,3.256679,0.128407,0.130262,64.000000,0.099186,19.651921,0.761437,1546.847203,169.333002
518,2.913293,0.126616,0.384043,64.000000,0.099186,21.968267,0.258268,1549.760496,169.717045
519,3.154595,0.116241,0.154154,64.000000,0.099186,20.287867,0.643421,1552.915091,169.871199
520,3.077667,0.118801,0.246887,64.000000,0.099186,20.794969,0.401747,1555.992758,170.118086
521,2.947275,0.126023,0.389552,64.000000,0.099186,21.714972,0.254615,1558.940034,170.507637
522,2.998008,0.128275,0.218924,64.000000,0.099186,21.347511,0.453061,1561.938041,170.726561
523,2.927733,0.128573,0.381733,64.000000,0.099186,21.859919,0.259830,1564.865774,171.108295
524,3.126273,0.116214,0.184948,64.000000,0.099186,20.471662,0.536291,1567.992047,171.293243
525,2.800900,0.127717,0.431675,64.000000,0.099186,22.849797,0.229770,1570.792947,171.724918
526,3.050705,0.127796,1.403495,64.000000,0.099186,20.978756,0.070671,1573.843652,173.128413
527,2.090149,0.115003,0.001270,64.000000,0.099186,30.619833,78.078450,1575.933800,173.129683
528,3.078562,0.128316,0.236112,64.000000,0.099186,20.788925,0.420081,1579.012363,173.365795
529,3.064238,0.126436,0.242732,64.000000,0.099186,20.886106,0.408624,1582.076601,173.608526
530,2.913403,0.125350,0.340075,64.000000,0.099186,21.967441,0.291659,1584.990003,173.948601
531,2.839417,0.126488,0.406493,64.000000,0.099186,22.539839,0.244004,1587.829420,174.355094
532,3.057440,0.127843,0.286771,64.000000,0.099186,20.932544,0.345871,1590.886860,174.641865
533,3.058713,0.129012,0.330464,64.000000,0.099186,20.923830,0.300141,1593.945574,174.972329
534,2.823611,0.126962,0.470640,64.000000,0.099186,22.666016,0.210747,1596.769184,175.442969
535,3.042695,0.115662,0.172801,64.000000,0.099186,21.033988,0.573990,1599.811879,175.615770
536,2.865822,0.129403,0.358816,64.000000,0.099186,22.332158,0.276426,1602.677701,175.974586
537,3.063521,0.116206,0.142440,64.000000,0.099186,20.890995,0.696337,1605.741222,176.117025
538,3.061558,0.122375,0.143288,64.000000,0.099186,20.904388,0.692212,1608.802780,176.260314
539,3.108051,0.116580,0.110192,64.000000,0.099186,20.591683,0.900117,1611.910831,176.370506
540,2.703024,0.126929,0.464656,64.000000,0.099186,23.677189,0.213461,1614.613855,176.835162
541,2.897662,0.126942,0.254617,64.000000,0.099186,22.086771,0.389550,1617.511517,177.089779
542,3.042587,0.116785,0.202214,64.000000,0.099186,21.034734,0.490499,1620.554104,177.291993
543,2.853165,0.126278,0.357767,64.000000,0.099186,22.431230,0.277236,1623.407269,177.649760
544,2.918968,0.127182,0.217450,64.000000,0.099186,21.925555,0.456132,1626.326237,177.867211
545,3.205391,0.130450,0.147329,64.000000,0.099186,19.966363,0.673227,1629.531628,178.014540
546,3.294207,0.122413,0.091928,64.000000,0.099186,19.428045,1.078954,1632.825835,178.106468
547,3.078082,0.116818,0.162128,64.000000,0.099186,20.792168,0.611774,1635.903917,178.268596
548,3.175192,0.115917,0.107602,64.000000,0.099186,20.156262,0.921781,1639.079109,178.376198
549,2.987001,0.126983,0.283299,64.000000,0.099186,21.426174,0.350110,1642.066110,178.659498
550,2.815375,0.128062,0.423565,64.000000,0.099186,22.732320,0.234169,1644.881484,179.083063
551,2.900971,0.127380,0.350517,64.000000,0.099186,22.061582,0.282971,1647.782455,179.433580
552,3.183076,0.116695,0.171438,64.000000,0.099186,20.106339,0.578552,1650.965531,179.605018
553,2.907184,0.126581,0.404491,64.000000,0.099186,22.014432,0.245212,1653.872715,180.009508
554,3.418259,0.114736,0.093184,64.000000,0.099186,18.722981,1.064413,1657.290974,180.102692
555,3.161931,0.128669,0.802194,64.000000,0.099186,20.240796,0.123643,1660.452904,180.904886
556,2.746566,0.114862,0.054331,64.000000,0.099186,23.301823,1.825595,1663.199471,180.959217
557,2.863157,0.125465,0.407157,64.000000,0.099186,22.352946,0.243606,1666.062628,181.366373
558,3.132902,0.128632,0.170826,64.000000,0.099186,20.428342,0.580627,1669.195530,181.537199
559,3.109606,0.127664,0.286192,64.000000,0.099186,20.581384,0.346571,1672.305137,181.823391
560,2.952026,0.125098,0.434260,64.000000,0.099186,21.680028,0.228402,1675.257162,182.257651
561,3.292155,0.115309,0.159828,64.000000,0.099186,19.440152,0.620581,1678.549318,182.417479
562,3.035181,0.127295,0.354717,64.000000,0.099186,21.086060,0.279620,1681.584498,182.772196
563,3.177176,0.115491,0.165103,64.000000,0.099186,20.143677,0.600753,1684.761674,182.937299
564,3.197081,0.129729,0.210612,64.000000,0.099186,20.018262,0.470941,1687.958754,183.147911
565,2.946582,0.128330,0.238798,64.000000,0.099186,21.720083,0.415355,1690.905336,183.386709
566,2.911606,0.125738,0.359802,64.000000,0.099186,21.980998,0.275668,1693.816942,183.746511
567,2.950121,0.127456,0.338064,64.000000,0.099186,21.694025,0.293394,1696.767063,184.084576
568,2.970868,0.127089,0.273317,64.000000,0.099186,21.542522,0.362897,1699.737932,184.357893
569,2.914010,0.126215,0.310762,64.000000,0.099186,21.962864,0.319170,1702.651941,184.668655
570,2.960474,0.126791,0.303281,64.000000,0.099186,21.618159,0.327043,1705.612415,184.971936
571,2.929193,0.127484,0.329784,64.000000,0.099186,21.849019,0.300761,1708.541609,185.301720
572,3.058155,0.128118,0.150675,64.000000,0.099186,20.927652,0.658278,1711.599764,185.452395
573,2.956956,0.128153,0.284243,64.000000,0.099186,21.643878,0.348948,1714.556720,185.736638
574,3.228011,0.116831,0.153866,64.000000,0.099186,19.826448,0.644627,1717.784731,185.890504
575,3.153711,0.129005,0.215348,64.000000,0.099186,20.293551,0.460584,1720.938442,186.105852
576,3.086748,0.127837,0.332523,64.000000,0.099186,20.733796,0.298283,1724.025190,186.438374
577,3.206892,0.129309,0.249675,64.000000,0.099186,19.957019,0.397261,1727.232082,186.688049
578,3.238706,0.115363,0.157929,64.000000,0.099186,19.760976,0.628042,1730.470789,186.845978
579,2.989775,0.126635,0.368917,64.000000,0.099186,21.406291,0.268857,1733.460564,187.214895
580,2.863753,0.126590,0.522917,64.000000,0.099186,22.348295,0.189678,1736.324317,187.737811
581,3.251403,0.115469,0.158994,64.000000,0.099186,19.683812,0.623835,1739.575720,187.896805
582,3.127874,0.126548,0.273711,64.000000,0.099186,20.461181,0.362374,1742.703594,188.170516
583,3.044748,0.126599,0.321346,64.000000,0.099186,21.019805,0.308658,1745.748342,188.491862
584,3.229657,0.115213,0.162892,64.000000,0.099186,19.816343,0.608908,1748.977999,188.654754
585,3.169992,0.127774,0.271421,64.000000,0.099186,20.189324,0.365433,1752.147991,188.926174
586,3.215768,0.129810,0.208053,64.000000,0.099186,19.901935,0.476733,1755.363759,189.134228
587,2.888328,0.124701,0.481429,64.000000,0.099186,22.158146,0.206024,1758.252087,189.615657
588,3.203733,0.115545,0.183483,64.000000,0.099186,19.976694,0.540572,1761.455820,189.799140
589,3.220433,0.114861,0.204022,64.000000,0.099186,19.873102,0.486153,1764.676254,190.003162
590,2.949436,0.127595,0.344660,64.000000,0.099186,21.699061,0.287779,1767.625690,190.347822
591,3.018591,0.113769,0.259623,64.000000,0.099186,21.201948,0.382038,1770.644281,190.607445
592,3.053483,0.128486,0.248308,64.000000,0.099186,20.959674,0.399447,1773.697763,190.855754
593,2.857947,0.126596,0.434082,64.000000,0.099186,22.393696,0.228496,1776.555710,191.289835
594,3.065158,0.127627,0.223216,64.000000,0.099186,20.879836,0.444349,1779.620869,191.513051
595,3.011543,0.126355,0.316314,64.000000,0.099186,21.251564,0.313568,1782.632412,191.829366
596,2.887178,0.129500,0.394009,64.000000,0.099186,22.166976,0.251735,1785.519589,192.223374
597,2.824456,0.126578,0.473894,64.000000,0.099186,22.659233,0.209300,1788.344045,192.697268
598,3.015399,0.127966,0.252984,64.000000,0.099186,21.224389,0.392064,1791.359444,192.950252
599,2.983844,0.127223,0.285001,64.000000,0.099186,21.448843,0.348020,1794.343288,193.235253
600,3.224674,0.116743,0.112540,64.000000,0.099186,19.846965,0.881340,1797.567962,193.347793
601,3.072313,0.130332,0.201293,64.000000,0.099186,20.831210,0.492744,1800.640275,193.549086
602,3.157668,0.116687,0.148086,64.000000,0.099186,20.268122,0.669785,1803.797943,193.697172
603,2.934184,0.131328,0.340857,64.000000,0.099186,21.811855,0.290990,1806.732128,194.038030
604,2.890043,0.143054,0.395336,64.000000,0.099186,22.144997,0.250890,1809.622171,194.433366
605,3.213435,0.116653,0.160469,64.000000,0.099186,19.916385,0.618099,1812.835605,194.593835
606,3.172545,0.124347,0.157491,64.000000,0.099186,20.173079,0.629789,1816.008150,194.751326
607,3.007370,0.140309,0.271260,64.000000,0.099186,21.281051,0.365649,1819.015521,195.022586
608,3.164304,0.118385,0.197963,64.000000,0.099186,20.225619,0.501032,1822.179824,195.220549
609,2.936433,0.126819,0.356909,64.000000,0.099186,21.795147,0.277902,1825.116258,195.577458
610,3.150758,0.115078,0.133719,64.000000,0.099186,20.312572,0.741751,1828.267016,195.711177
611,3.043370,0.128324,0.255853,64.000000,0.099186,21.029323,0.387668,1831.310385,195.967030
612,3.124766,0.130707,0.181982,64.000000,0.099186,20.481535,0.545030,1834.435151,196.149012
613,3.137925,0.127619,0.576304,64.000000,0.099186,20.395645,0.172107,1837.573076,196.725316
614,2.960783,0.118501,0.075617,64.000000,0.099186,21.615902,1.311680,1840.533859,196.800934
615,3.012114,0.138623,0.199714,64.000000,0.099186,21.247533,0.496640,1843.545973,197.000648
616,2.886728,0.141991,0.282836,64.000000,0.099186,22.170433,0.350684,1846.432701,197.283483
617,3.145798,0.136693,0.156323,64.000000,0.099186,20.344600,0.634494,1849.578499,197.439806
618,3.119508,0.129582,0.136409,64.000000,0.099186,20.516058,0.727124,1852.698007,197.576215
619,3.065529,0.123769,0.186408,64.000000,0.099186,20.877312,0.532089,1855.763535,197.762623
620,2.955905,0.133991,0.262885,64.000000,0.099186,21.651577,0.377297,1858.719440,198.025509
621,3.012798,0.139941,0.195379,64.000000,0.099186,21.242714,0.507660,1861.732238,198.220887
622,2.930384,0.140350,0.253384,64.000000,0.099186,21.840144,0.391446,1864.662621,198.474271
623,2.642754,0.133115,0.462956,64.000000,0.099186,24.217161,0.214245,1867.305375,198.937226
624,3.096184,0.131532,0.135437,64.000000,0.099186,20.670609,0.732343,1870.401559,199.072663
625,2.899055,0.127035,0.237952,64.000000,0.099186,22.076160,0.416832,1873.300614,199.310614
626,3.056422,0.127399,0.265203,64.000000,0.099186,20.939519,0.374000,1876.357036,199.575817
627,3.078061,0.132977,0.130094,64.000000,0.099186,20.792309,0.762416,1879.435097,199.705912
628,2.955498,0.131435,0.336217,64.000000,0.099186,21.654554,0.295006,1882.390595,200.042128
629,2.840750,0.126741,0.388045,64.000000,0.099186,22.529259,0.255604,1885.231346,200.430173
630,2.933164,0.134554,0.298834,64.000000,0.099186,21.819443,0.331910,1888.164509,200.729007
631,3.006477,0.142379,0.272768,64.000000,0.099186,21.287374,0.363627,1891.170987,201.001776
632,2.874678,0.130202,0.428677,64.000000,0.099186,22.263364,0.231377,1894.045664,201.430453
633,3.021728,0.114444,0.249767,64.000000,0.099186,21.179936,0.397115,1897.067392,201.680219
634,2.856242,0.146343,0.219253,64.000000,0.099186,22.407067,0.452381,1899.923634,201.899473
635,2.978321,0.129348,0.173704,64.000000,0.099186,21.488618,0.571006,1902.901955,202.073177
636,2.750340,0.135408,0.274917,64.000000,0.099186,23.269847,0.360785,1905.652295,202.348093
637,2.802612,0.115400,0.150835,64.000000,0.099186,22.835840,0.657581,1908.454907,202.498928
638,2.439164,0.126587,0.370586,64.000000,0.099186,26.238500,0.267646,1910.894071,202.869514
639,2.736541,0.117280,0.177728,64.000000,0.099186,23.387192,0.558077,1913.630611,203.047242
640,2.710226,0.117740,0.152088,64.000000,0.099186,23.614265,0.652159,1916.340838,203.199331
641,2.492003,0.125505,0.382136,64.000000,0.099186,25.682153,0.259557,1918.832841,203.581467
642,2.511467,0.127912,0.450366,64.000000,0.099186,25.483112,0.220234,1921.344308,204.031833
643,2.797558,0.125674,0.317561,64.000000,0.099186,22.877098,0.312337,1924.141865,204.349394
644,2.752657,0.127872,0.278369,64.000000,0.099186,23.250260,0.356311,1926.894523,204.627763
645,2.780216,0.127403,0.411965,64.000000,0.099186,23.019795,0.240763,1929.674739,205.039728
646,3.041898,0.115248,0.176323,64.000000,0.099186,21.039497,0.562525,1932.716637,205.216051
647,3.067198,0.116015,0.118953,64.000000,0.099186,20.865950,0.833822,1935.783835,205.335004
648,2.904480,0.128403,0.303083,64.000000,0.099186,22.034924,0.327256,1938.688315,205.638087
649,3.008285,0.134983,0.201119,64.000000,0.099186,21.274582,0.493171,1941.696600,205.839206
650,3.257127,0.116665,0.079975,64.000000,0.099186,19.649221,1.240213,1944.953726,205.919181
651,3.278240,0.121976,0.164942,64.000000,0.099186,19.522670,0.601339,1948.231966,206.084123
652,3.398125,0.115105,0.081038,64.000000,0.099186,18.833916,1.223940,1951.630091,206.165161
653,3.024899,0.125483,0.445809,64.000000,0.099186,21.157734,0.222485,1954.654990,206.610971
654,3.281169,0.112473,0.172158,64.000000,0.099186,19.505242,0.576132,1957.936159,206.783129
655,3.132115,0.128185,0.221273,64.000000,0.099186,20.433476,0.448251,1961.068274,207.004402
656,3.029876,0.134629,0.307938,64.000000,0.099186,21.122979,0.322097,1964.098150,207.312340
657,3.028334,0.125901,0.303385,64.000000,0.099186,21.133734,0.326931,1967.126483,207.615725
658,3.224291,0.117119,0.200328,64.000000,0.099186,19.849328,0.495117,1970.350774,207.816053
659,2.877594,0.127289,0.462829,64.000000,0.099186,22.240806,0.214304,1973.228367,208.278882
660,2.944755,0.123945,0.411042,64.000000,0.099186,21.733553,0.241304,1976.173123,208.689924
661,3.159645,0.131218,0.190645,64.000000,0.099186,20.255441,0.520266,1979.332768,208.880569
662,3.248065,0.115104,0.223868,64.000000,0.099186,19.704037,0.443056,1982.580833,209.104436
663,3.100093,0.127454,0.250132,64.000000,0.099186,20.644541,0.396535,1985.680926,209.354568
664,2.971656,0.125248,0.388278,64.000000,0.099186,21.536814,0.255451,1988.652582,209.742846
665,3.248906,0.116201,0.197194,64.000000,0.099186,19.698939,0.502988,1991.901488,209.940040
666,3.268868,0.116020,0.158539,64.000000,0.099186,19.578645,0.625627,1995.170356,210.098578
667,3.062243,0.126153,0.315403,64.000000,0.099186,20.899710,0.314473,1998.232599,210.413982
668,3.218516,0.126826,0.225035,64.000000,0.099186,19.884938,0.440758,2001.451116,210.639017
669,3.231426,0.129503,0.212694,64.000000,0.099186,19.805497,0.466332,2004.682542,210.851710
670,3.060643,0.126790,0.373564,64.000000,0.099186,20.910638,0.265513,2007.743185,211.225274
671,3.099025,0.127932,0.357715,64.000000,0.099186,20.651658,0.277276,2010.842210,211.582989
672,3.199865,0.134449,0.216233,64.000000,0.099186,20.000842,0.458700,2014.042075,211.799222
673,3.343872,0.116223,0.081396,64.000000,0.099186,19.139490,1.218562,2017.385947,211.880618
674,3.362125,0.116209,0.087787,64.000000,0.099186,19.035582,1.129843,2020.748071,211.968405
675,3.019211,0.131818,0.402411,64.000000,0.099186,21.197591,0.246479,2023.767282,212.370816
676,3.320226,0.134332,0.103874,64.000000,0.099186,19.275796,0.954870,2027.087508,212.474690
677,3.176251,0.135990,0.249152,64.000000,0.099186,20.149539,0.398093,2030.263759,212.723842
678,3.236388,0.139481,0.157911,64.000000,0.099186,19.775132,0.628111,2033.500147,212.881754
679,3.231287,0.123611,0.180712,64.000000,0.099186,19.806351,0.548863,2036.731434,213.062465
680,3.410922,0.123913,0.084665,64.000000,0.099186,18.763253,1.171506,2040.142357,213.147131
681,3.340350,0.116844,0.141852,64.000000,0.099186,19.159668,0.699223,2043.482707,213.288983
682,3.000867,0.125884,0.387904,64.000000,0.099186,21.327171,0.255697,2046.483574,213.676887
683,3.207430,0.128173,0.199435,64.000000,0.099186,19.953672,0.497335,2049.691003,213.876322
684,3.201322,0.128581,0.210877,64.000000,0.099186,19.991739,0.470350,2052.892326,214.087199
685,3.237259,0.121331,0.196497,64.000000,0.099186,19.769810,0.504771,2056.129585,214.283696
686,3.032560,0.127584,0.350191,64.000000,0.099186,21.104283,0.283234,2059.162145,214.633887
687,3.310007,0.115181,0.180146,64.000000,0.099186,19.335309,0.550586,2062.472151,214.814033
688,3.094896,0.127525,0.300483,64.000000,0.099186,20.679210,0.330088,2065.567047,215.114516
689,3.289727,0.126723,0.344110,64.000000,0.099186,19.454501,0.288239,2068.856774,215.458626
690,3.135934,0.124244,0.116658,64.000000,0.099186,20.408595,0.850228,2071.992708,215.575284
691,3.017545,0.131727,0.371463,64.000000,0.099186,21.209296,0.267014,2075.010253,215.946747
692,3.052745,0.130424,0.339811,64.000000,0.099186,20.964741,0.291885,2078.062997,216.286558
693,3.116126,0.135404,0.273928,64.000000,0.099186,20.538323,0.362088,2081.179123,216.560486
694,3.220174,0.139252,0.162887,64.000000,0.099186,19.874700,0.608923,2084.399298,216.723373
695,3.230009,0.121961,0.189936,64.000000,0.099186,19.814188,0.522207,2087.629306,216.913309
696,3.168445,0.133914,0.219757,64.000000,0.099186,20.199185,0.451344,2090.797751,217.133066
697,3.072019,0.131326,0.321669,64.000000,0.099186,20.833202,0.308348,2093.869770,217.454735
698,3.163784,0.127240,1.496557,64.000000,0.099186,20.228944,0.066276,2097.033554,218.951292
699,2.317963,0.114852,0.001325,64.000000,0.099186,27.610455,74.845736,2099.351516,218.952617
700,3.024637,0.124314,0.330704,64.000000,0.099186,21.159564,0.299924,2102.376153,219.283321
701,3.307328,0.117213,0.202736,64.000000,0.099186,19.350969,0.489238,2105.683481,219.486056
702,3.290476,0.116832,0.154620,64.000000,0.099186,19.450076,0.641482,2108.973957,219.640676
703,3.074837,0.125683,0.306521,64.000000,0.099186,20.814113,0.323586,2112.048794,219.947198
704,3.277516,0.129661,0.146608,64.000000,0.099186,19.526980,0.676540,2115.326310,220.093805
705,3.254221,0.140240,0.151217,64.000000,0.099186,19.666766,0.655920,2118.580531,220.245022
706,3.240823,0.138435,0.147649,64.000000,0.099186,19.748072,0.671768,2121.821354,220.392671
707,3.399013,0.125878,0.235974,64.000000,0.099186,18.828996,0.420326,2125.220366,220.628645
708,3.047235,0.127021,0.114755,64.000000,0.099186,21.002650,0.864329,2128.267601,220.743400
709,3.212061,0.128273,0.149938,64.000000,0.099186,19.924901,0.661512,2131.479662,220.893338
710,3.175824,0.115278,0.125874,64.000000,0.099186,20.152250,0.787976,2134.655486,221.019213
711,2.991883,0.127455,0.324111,64.000000,0.099186,21.391211,0.306025,2137.647369,221.343324
712,3.175222,0.129466,0.128064,64.000000,0.099186,20.156069,0.774501,2140.822591,221.471388
713,2.891448,0.131323,0.436317,64.000000,0.099186,22.134236,0.227326,2143.714040,221.907705
714,2.859543,0.131120,0.379361,64.000000,0.099186,22.381197,0.261455,2146.573583,222.287065
715,2.779681,0.130115,0.455435,64.000000,0.099186,23.024226,0.217783,2149.353264,222.742501
716,3.162321,0.115032,0.364851,64.000000,0.099186,20.238297,0.271853,2152.515585,223.107352
717,3.007524,0.114891,0.131132,64.000000,0.099186,21.279962,0.756383,2155.523109,223.238484
718,2.877306,0.129768,0.412721,64.000000,0.099186,22.243032,0.240322,2158.400415,223.651205
719,3.058425,0.127960,0.199513,64.000000,0.099186,20.925804,0.497141,2161.458840,223.850717
720,3.192621,0.115260,0.131239,64.000000,0.099186,20.046224,0.755767,2164.651461,223.981956
721,3.164397,0.115632,0.203840,64.000000,0.099186,20.225020,0.486587,2167.815859,224.185796
722,3.085159,0.115425,0.206275,64.000000,0.099186,20.744476,0.480843,2170.901017,224.392072
723,3.096537,0.128617,0.154748,64.000000,0.099186,20.668248,0.640953,2173.997555,224.546819
724,3.140135,0.127530,0.212631,64.000000,0.099186,20.381288,0.466469,2177.137690,224.759450
725,2.913597,0.125430,0.401422,64.000000,0.099186,21.965972,0.247087,2180.051287,225.160872
726,3.190067,0.116271,0.071804,64.000000,0.099186,20.062276,1.381340,2183.241354,225.232676
727,3.031545,0.133551,0.205477,64.000000,0.099186,21.111349,0.482710,2186.272899,225.438154
728,2.879610,0.125441,0.401965,64.000000,0.099186,22.225233,0.246753,2189.152509,225.840119
729,2.784256,0.123683,0.431438,64.000000,0.099186,22.986392,0.229896,2191.936765,226.271557
730,2.930880,0.123824,0.333986,64.000000,0.099186,21.836442,0.296976,2194.867645,226.605543
731,3.137343,0.128776,0.220318,64.000000,0.099186,20.399428,0.450194,2198.004988,226.825862
732,3.137684,0.150149,0.161681,64.000000,0.099186,20.397210,0.613466,2201.142672,226.987543
733,2.775411,0.144637,0.386713,64.000000,0.099186,23.059648,0.256485,2203.918083,227.374256
734,2.945727,0.129565,1.841521,64.000000,0.099186,21.726382,0.053861,2206.863811,229.215776
735,1.619014,0.161125,0.001819,64.000000,0.099186,39.530230,54.517871,2208.482825,229.217596
736,2.796503,0.143652,0.318249,64.000000,0.099186,22.885723,0.311661,2211.279328,229.535845
737,3.005951,0.149783,0.216252,64.000000,0.099186,21.291099,0.458660,2214.285279,229.752097
738,3.100641,0.124110,0.070624,64.000000,0.099186,20.640894,1.404430,2217.385920,229.822720
739,2.854928,0.129823,0.224052,64.000000,0.099186,22.417375,0.442691,2220.240848,230.046772
740,2.748844,0.127564,0.321137,64.000000,0.099186,23.282514,0.308859,2222.989692,230.367909
741,2.857787,0.127647,0.210984,64.000000,0.099186,22.394948,0.470110,2225.847480,230.578893
742,2.907756,0.129511,0.167230,64.000000,0.099186,22.010100,0.593111,2228.755236,230.746123
743,2.967079,0.115814,0.178366,64.000000,0.099186,21.570036,0.556080,2231.722315,230.924490
744,2.855977,0.128022,0.242413,64.000000,0.099186,22.409148,0.409161,2234.578291,231.166903
745,2.664711,0.127783,0.409295,64.000000,0.099186,24.017614,0.242333,2237.243002,231.576198
746,2.864318,0.133052,0.207894,64.000000,0.099186,22.343884,0.477100,2240.107321,231.784092
747,2.944631,0.139201,0.228784,64.000000,0.099186,21.734471,0.433536,2243.051952,232.012875
748,3.057943,0.131563,0.127906,64.000000,0.099186,20.929100,0.775462,2246.109895,232.140781
749,3.099161,0.115125,0.107828,64.000000,0.099186,20.650749,0.919851,2249.209056,232.248609
750,3.018988,0.115203,0.175513,64.000000,0.099186,21.199154,0.565119,2252.228045,232.424123
751,3.073209,0.115766,0.117112,64.000000,0.099186,20.825139,0.846935,2255.301253,232.541234
752,2.829513,0.124703,0.347595,64.000000,0.099186,22.618733,0.285349,2258.130766,232.888830
753,3.049960,0.128116,0.227746,64.000000,0.099186,20.983880,0.435512,2261.180727,233.116575
754,2.961973,0.127059,0.366520,64.000000,0.099186,21.607219,0.270615,2264.142700,233.483095
755,3.061040,0.116456,0.072813,64.000000,0.099186,20.907925,1.362206,2267.203740,233.555908
756,2.663387,0.128577,0.288199,64.000000,0.099186,24.029557,0.344158,2269.867127,233.844107
757,2.810154,0.114181,0.180923,64.000000,0.099186,22.774551,0.548221,2272.677281,234.025030
758,2.660660,0.128065,0.369162,64.000000,0.099186,24.054178,0.268678,2275.337941,234.394192
759,2.545135,0.129081,0.385824,64.000000,0.099186,25.146009,0.257076,2277.883077,234.780016
760,2.592476,0.125046,0.430646,64.000000,0.099186,24.686828,0.230319,2280.475552,235.210663
761,2.966121,0.126757,0.163968,64.000000,0.099186,21.577002,0.604912,2283.441673,235.374630
762,2.660814,0.128523,0.357373,64.000000,0.099186,24.052789,0.277542,2286.102488,235.732003
763,2.912228,0.128070,0.103748,64.000000,0.099186,21.976302,0.956025,2289.014716,235.835751
764,2.973325,0.129286,0.174089,64.000000,0.099186,21.524723,0.569742,2291.988041,236.009840
765,2.910612,0.141334,0.261249,64.000000,0.099186,21.988500,0.379660,2294.898653,236.271089
766,2.872977,0.123431,0.184576,64.000000,0.099186,22.276548,0.537372,2297.771630,236.455665
767,2.792975,0.138095,0.171373,64.000000,0.099186,22.914632,0.578772,2300.564605,236.627038
768,2.641381,0.133066,0.324448,64.000000,0.099186,24.229747,0.305707,2303.205986,236.951486
769,2.860508,0.135276,0.290621,64.000000,0.099186,22.373649,0.341289,2306.066494,237.242107
770,2.915087,0.136087,0.273642,64.000000,0.099186,21.954748,0.362466,2308.981581,237.515749
771,2.836299,0.137020,0.202647,64.000000,0.099186,22.564620,0.489452,2311.817880,237.718396
772,2.600521,0.132761,0.428493,64.000000,0.099186,24.610451,0.231476,2314.418401,238.146890
773,3.258671,0.147025,0.032290,64.000000,0.099186,19.639911,3.071704,2317.677071,238.179180
774,2.898121,0.125395,0.452445,64.000000,0.099186,22.083275,0.219222,2320.575192,238.631625
775,2.983965,0.126027,0.316540,64.000000,0.099186,21.447973,0.313344,2323.559157,238.948165
776,2.910241,0.126571,0.415099,64.000000,0.099186,21.991305,0.238945,2326.469398,239.363264
777,3.108763,0.130975,0.216694,64.000000,0.099186,20.586967,0.457724,2329.578161,239.579957
778,3.169829,0.142018,0.142062,64.000000,0.099186,20.190362,0.698187,2332.747991,239.722019
779,3.174039,0.128880,0.188383,64.000000,0.099186,20.163583,0.526511,2335.922030,239.910403
780,2.893650,0.135796,0.441725,64.000000,0.099186,22.117395,0.224542,2338.815680,240.352128
781,3.240830,0.128751,0.132554,64.000000,0.099186,19.748026,0.748267,2342.056510,240.484682
782,3.073748,0.128074,0.251801,64.000000,0.099186,20.821489,0.393906,2345.130257,240.736483
783,3.046490,0.131713,1.666956,64.000000,0.099186,21.007784,0.059501,2348.176747,242.403439
784,2.139052,0.114924,0.001303,64.000000,0.099186,29.919794,76.117652,2350.315799,242.404742
785,2.842005,0.125611,0.472939,64.000000,0.099186,22.519313,0.209722,2353.157804,242.877682
786,3.274433,0.115316,0.130704,64.000000,0.099186,19.545367,0.758860,2356.432238,243.008385
787,3.192475,0.116648,0.190892,64.000000,0.099186,20.047143,0.519593,2359.624713,243.199277
788,2.942155,0.124899,0.364492,64.000000,0.099186,21.752763,0.272121,2362.566868,243.563769
789,2.999378,0.126180,0.400016,64.000000,0.099186,21.337761,0.247955,2365.566245,243.963785
790,3.219330,0.126712,0.107858,64.000000,0.099186,19.879911,0.919596,2368.785575,244.071643
791,3.175019,0.121806,0.071148,64.000000,0.099186,20.157360,1.394083,2371.960594,244.142791
792,2.812014,0.126019,1.297167,64.000000,0.099186,22.759485,0.076463,2374.772609,245.439958
793,2.475798,0.117554,0.001295,64.000000,0.099186,25.850247,76.583065,2377.248407,245.441253
794,2.999215,0.139498,0.176968,64.000000,0.099186,21.338914,0.560474,2380.247623,245.618221
795,3.169031,0.115852,0.204040,64.000000,0.099186,20.195450,0.486111,2383.416653,245.822261
796,3.244741,0.115523,0.111727,64.000000,0.099186,19.724225,0.887749,2386.661394,245.933988
797,2.976079,0.127722,0.182932,64.000000,0.099186,21.504804,0.542201,2389.637474,246.116921
798,3.098669,0.119434,0.139141,64.000000,0.099186,20.654028,0.712844,2392.736143,246.256062
799,3.068661,0.116124,0.143319,64.000000,0.099186,20.856002,0.692063,2395.804804,246.399381
800,2.778027,0.126879,0.356696,64.000000,0.099186,23.037936,0.278068,2398.582830,246.756077
801,2.980196,0.129291,0.205072,64.000000,0.099186,21.475095,0.483664,2401.563027,246.961150
802,2.968006,0.126411,0.337853,64.000000,0.099186,21.563300,0.293577,2404.531032,247.299003
803,2.834206,0.130797,0.371033,64.000000,0.099186,22.581277,0.267324,2407.365239,247.670036
804,2.759968,0.126998,0.395831,64.000000,0.099186,23.188675,0.250577,2410.125207,248.065867
805,2.850963,0.126411,0.368021,64.000000,0.099186,22.448553,0.269512,2412.976170,248.433888
806,2.890448,0.127341,0.280398,64.000000,0.099186,22.141896,0.353732,2415.866618,248.714286
807,2.870044,0.132302,0.400997,64.000000,0.099186,22.299313,0.247348,2418.736662,249.115284
808,3.001875,0.140806,0.232796,64.000000,0.099186,21.320010,0.426064,2421.738537,249.348079
809,3.085270,0.136840,0.215848,64.000000,0.099186,20.743728,0.459517,2424.823806,249.563928
810,2.907297,0.133054,0.360680,64.000000,0.099186,22.013574,0.274997,2427.731104,249.924607
811,3.318832,0.123877,0.060947,64.000000,0.099186,19.283891,1.627419,2431.049936,249.985554
812,3.174489,0.125033,0.114087,64.000000,0.099186,20.160727,0.869391,2434.224425,250.099641
813,2.981783,0.126602,0.290876,64.000000,0.099186,21.463666,0.340990,2437.206208,250.390517
814,3.094153,0.141483,0.279773,64.000000,0.099186,20.684176,0.354523,2440.300361,250.670290
815,3.254312,0.128442,0.105548,64.000000,0.099186,19.666213,0.939724,2443.554673,250.775838
816,2.874727,0.133652,0.437060,64.000000,0.099186,22.262983,0.226939,2446.429400,251.212898
817,3.018262,0.134127,0.380135,64.000000,0.099186,21.204259,0.260923,2449.447661,251.593033
818,3.040698,0.130770,0.358760,64.000000,0.099186,21.047802,0.276469,2452.488359,251.951793
819,3.068225,0.131095,0.266098,64.000000,0.099186,20.858965,0.372742,2455.556584,252.217891
820,2.916601,0.127175,0.379862,64.000000,0.099186,21.943351,0.261110,2458.473185,252.597753
821,2.974915,0.126026,0.411982,64.000000,0.099186,21.513223,0.240753,2461.448100,253.009735
822,3.143310,0.139757,0.218657,64.000000,0.099186,20.360706,0.453615,2464.591409,253.228391
823,3.055171,0.126565,0.301892,64.000000,0.099186,20.948088,0.328548,2467.646581,253.530283
824,3.260064,0.115265,0.146656,64.000000,0.099186,19.631514,0.676318,2470.906645,253.676939
825,3.110876,0.139070,0.211351,64.000000,0.099186,20.572984,0.469295,2474.017521,253.888290
826,3.152193,0.135293,0.253704,64.000000,0.099186,20.303323,0.390952,2477.169714,254.141994
827,3.025117,0.138790,0.325134,64.000000,0.099186,21.156209,0.305062,2480.194831,254.467128
828,3.061190,0.128805,0.331529,64.000000,0.099186,20.906905,0.299177,2483.256021,254.798657
829,3.259682,0.117132,0.114913,64.000000,0.099186,19.633819,0.863136,2486.515702,254.913570
830,3.221726,0.114568,0.198506,64.000000,0.099186,19.865125,0.499661,2489.737429,255.112077
831,3.192963,0.116436,0.211254,64.000000,0.099186,20.044079,0.469511,2492.930392,255.323331
832,3.054513,0.129466,0.231746,64.000000,0.099186,20.952606,0.427993,2495.984904,255.555077
833,2.967141,0.126786,0.270701,64.000000,0.099186,21.569582,0.366404,2498.952046,255.825778
834,2.997266,0.128241,0.281055,64.000000,0.099186,21.352791,0.352906,2501.949312,256.106833
835,3.180497,0.117199,0.156759,64.000000,0.099186,20.122644,0.632729,2505.129808,256.263592
836,2.896417,0.126878,0.306176,64.000000,0.099186,22.096266,0.323950,2508.026225,256.569768
837,2.893844,0.125238,0.324941,64.000000,0.099186,22.115912,0.305243,2510.920069,256.894709
838,2.950583,0.127544,0.273702,64.000000,0.099186,21.690627,0.362387,2513.870653,257.168411
839,3.084352,0.139092,0.158941,64.000000,0.099186,20.749901,0.624044,2516.955005,257.327352
840,3.038705,0.129061,0.160513,64.000000,0.099186,21.061601,0.617930,2519.993710,257.487865
841,3.210986,0.115478,0.132705,64.000000,0.099186,19.931574,0.747418,2523.204696,257.620569
842,2.900414,0.126791,0.380810,64.000000,0.099186,22.065813,0.260461,2526.105110,258.001379
843,3.072891,0.127414,0.218109,64.000000,0.099186,20.827291,0.454753,2529.178001,258.219489
844,2.860608,0.129489,0.470335,64.000000,0.099186,22.372865,0.210883,2532.038609,258.689824
845,3.104249,0.128749,0.217700,64.000000,0.099186,20.616900,0.455609,2535.142859,258.907524
846,2.828990,0.126359,0.474530,64.000000,0.099186,22.622914,0.209019,2537.971849,259.382054
847,2.884930,0.127711,0.432600,64.000000,0.099186,22.184250,0.229278,2540.856779,259.814654
848,2.943452,0.128499,0.341026,64.000000,0.099186,21.743181,0.290845,2543.800230,260.155681
849,3.021835,0.134551,0.341891,64.000000,0.099186,21.179182,0.290110,2546.822066,260.497572
850,3.106902,0.114045,0.216140,64.000000,0.099186,20.599300,0.458896,2549.928967,260.713712
851,3.153206,0.114081,0.181741,64.000000,0.099186,20.296802,0.545755,2553.082173,260.895453
852,2.950432,0.125136,0.360850,64.000000,0.099186,21.691740,0.274867,2556.032605,261.256303
853,2.883921,0.129877,0.383703,64.000000,0.099186,22.192009,0.258497,2558.916526,261.640006
854,3.180664,0.117191,0.122702,64.000000,0.099186,20.121585,0.808348,2562.097190,261.762708
855,3.241131,0.117202,0.198831,64.000000,0.099186,19.746192,0.498845,2565.338321,261.961539
856,2.915535,0.125765,0.398480,64.000000,0.099186,21.951377,0.248911,2568.253856,262.360019
857,2.838425,0.140425,0.391146,64.000000,0.099186,22.547715,0.253578,2571.092281,262.751165
858,3.024244,0.134163,0.215910,64.000000,0.099186,21.162313,0.459385,2574.116525,262.967076
859,2.867202,0.140164,0.133789,64.000000,0.099186,22.321412,0.741359,2576.983727,263.100865
860,2.772807,0.134956,0.259321,64.000000,0.099186,23.081302,0.382484,2579.756534,263.360186
861,2.949933,0.139036,0.153364,64.000000,0.099186,21.695409,0.646736,2582.706467,263.513550
862,2.866794,0.138707,0.304395,64.000000,0.099186,22.324587,0.325846,2585.573262,263.817944
863,3.020838,0.138317,0.116917,64.000000,0.099186,21.186174,0.848343,2588.594100,263.934862
864,2.772066,0.136453,0.250306,64.000000,0.099186,23.087471,0.396259,2591.366166,264.185167
865,2.909913,0.115609,0.092961,64.000000,0.099186,21.993783,1.066962,2594.276079,264.278129
866,2.898505,0.128095,0.165362,64.000000,0.099186,22.080350,0.599809,2597.174584,264.443491
867,2.662092,0.126457,0.432679,64.000000,0.099186,24.041239,0.229237,2599.836676,264.876170
868,2.861776,0.130336,0.296478,64.000000,0.099186,22.363736,0.334547,2602.698452,265.172649
869,2.708657,0.141654,0.141345,64.000000,0.099186,23.627945,0.701731,2605.407109,265.313994
870,2.594346,0.129369,0.270146,64.000000,0.099186,24.669030,0.367156,2608.001455,265.584140
871,2.809416,0.129697,0.075666,64.000000,0.099186,22.780532,1.310832,2610.810872,265.659806
872,2.512689,0.129034,0.190651,64.000000,0.099186,25.470721,0.520248,2613.323561,265.850458
873,2.454410,0.125256,0.423009,64.000000,0.099186,26.075508,0.234477,2615.777971,266.273467
874,2.615690,0.129337,0.612205,64.000000,0.099186,24.467727,0.162014,2618.393661,266.885672
875,2.504195,0.115517,0.051774,64.000000,0.099186,25.557113,1.915745,2620.897857,266.937446
876,2.707544,0.128546,0.164874,64.000000,0.099186,23.637658,0.601588,2623.605401,267.102320
877,2.741625,0.132238,0.245717,64.000000,0.099186,23.343821,0.403660,2626.347026,267.348036
878,2.502638,0.126787,0.435566,64.000000,0.099186,25.573013,0.227717,2628.849664,267.783603
879,2.793499,0.126455,0.398041,64.000000,0.099186,22.910333,0.249185,2631.643163,268.181644
880,3.199835,0.117201,0.076941,64.000000,0.099186,20.001031,1.289109,2634.842998,268.258585
881,2.952375,0.117556,0.192383,64.000000,0.099186,21.677462,0.515566,2637.795373,268.450968
882,2.632532,0.126691,0.299323,64.000000,0.099186,24.311197,0.331368,2640.427905,268.750291
883,2.858932,0.128696,0.220242,64.000000,0.099186,22.385982,0.450349,2643.286837,268.970533
884,2.830162,0.128308,0.221599,64.000000,0.099186,22.613549,0.447592,2646.116999,269.192132
885,2.869814,0.131846,0.249222,64.000000,0.099186,22.301100,0.397983,2648.986813,269.441353
886,2.798228,0.131430,0.258385,64.000000,0.099186,22.871613,0.383869,2651.785041,269.699739
887,2.740997,0.126278,0.290274,64.000000,0.099186,23.349170,0.341697,2654.526038,269.990013
888,2.878026,0.126572,0.331989,64.000000,0.099186,22.237463,0.298763,2657.404064,270.322002
889,2.951495,0.130802,0.190191,64.000000,0.099186,21.683929,0.521506,2660.355559,270.512193
890,3.011374,0.125781,0.266830,64.000000,0.099186,21.252760,0.371719,2663.366932,270.779024
891,3.202871,0.115535,0.115888,64.000000,0.099186,19.982074,0.855874,2666.569803,270.894912
892,2.832809,0.125636,0.460443,64.000000,0.099186,22.592415,0.215414,2669.402612,271.355355
893,3.050110,0.126719,0.271637,64.000000,0.099186,20.982850,0.365142,2672.452722,271.626992
894,3.252473,0.115508,0.163732,64.000000,0.099186,19.677334,0.605783,2675.705195,271.790723
895,3.255476,0.114368,0.157310,64.000000,0.099186,19.659185,0.630513,2678.960671,271.948033
896,3.233148,0.123144,0.132484,64.000000,0.099186,19.794946,0.748665,2682.193819,272.080517
897,3.116888,0.126422,0.202733,64.000000,0.099186,20.533302,0.489244,2685.310707,272.283250
898,3.194762,0.116043,0.165453,64.000000,0.099186,20.032788,0.599480,2688.505470,272.448703
899,3.203624,0.118414,0.200007,64.000000,0.099186,19.977374,0.495912,2691.709094,272.648710
900,2.991115,0.127680,0.351298,64.000000,0.099186,21.396705,0.282342,2694.700209,273.000008
901,3.123891,0.138433,0.151551,64.000000,0.099186,20.487273,0.654473,2697.824099,273.151559
902,3.121039,0.139284,0.165210,64.000000,0.099186,20.505989,0.600363,2700.945139,273.316769
903,3.110382,0.127820,0.186045,64.000000,0.099186,20.576251,0.533128,2704.055521,273.502814
904,3.058607,0.124633,0.278512,64.000000,0.099186,20.924557,0.356128,2707.114128,273.781326
905,3.179490,0.114654,0.128271,64.000000,0.099186,20.129013,0.773254,2710.293618,273.909597
906,2.938546,0.126888,0.342367,64.000000,0.099186,21.779480,0.289707,2713.232164,274.251963
907,2.879119,0.124914,0.418739,64.000000,0.099186,22.229020,0.236868,2716.111283,274.670703
908,3.169539,0.130030,0.165490,64.000000,0.099186,20.192209,0.599345,2719.280822,274.836193
909,2.922098,0.124771,0.362492,64.000000,0.099186,21.902072,0.273623,2722.202920,275.198685
910,3.100719,0.128029,0.225256,64.000000,0.099186,20.640373,0.440326,2725.303640,275.423941
911,3.129793,0.129592,0.163065,64.000000,0.099186,20.448637,0.608258,2728.433433,275.587006
912,3.224417,0.116470,0.072253,64.000000,0.099186,19.848551,1.372755,2731.657849,275.659259
913,2.995601,0.129357,1.089121,64.000000,0.099186,21.364663,0.091070,2734.653450,276.748380
914,2.521179,0.115242,0.045369,64.000000,0.099186,25.384945,2.186209,2737.174629,276.793749
915,3.223809,0.129893,0.149980,64.000000,0.099186,19.852291,0.661329,2740.398439,276.943729
916,2.907105,0.132828,0.408650,64.000000,0.099186,22.015029,0.242716,2743.305543,277.352379
917,3.123640,0.141937,0.189590,64.000000,0.099186,20.488917,0.523159,2746.429184,277.541969
918,3.199887,0.126106,0.144277,64.000000,0.099186,20.000708,0.687470,2749.629070,277.686246
919,2.959016,0.132856,0.410386,64.000000,0.099186,21.628813,0.241690,2752.588086,278.096631
920,3.232520,0.127708,0.191432,64.000000,0.099186,19.798796,0.518126,2755.820606,278.288063
921,3.243708,0.127474,0.114559,64.000000,0.099186,19.730504,0.865808,2759.064314,278.402622
922,3.062441,0.142580,0.483896,64.000000,0.099186,20.898364,0.204974,2762.126755,278.886518
923,3.072000,0.130702,0.131085,64.000000,0.099186,20.833333,0.756654,2765.198755,279.017603
924,3.223241,0.127126,0.148921,64.000000,0.099186,19.855792,0.666029,2768.421996,279.166525
925,3.115359,0.130097,0.138453,64.000000,0.099186,20.543379,0.716387,2771.537355,279.304978
926,2.889023,0.129901,0.387888,64.000000,0.099186,22.152815,0.255708,2774.426378,279.692865
927,2.950638,0.133815,0.325795,64.000000,0.099186,21.690225,0.304443,2777.377016,280.018660
928,3.115136,0.130511,0.150515,64.000000,0.099186,20.544850,0.658978,2780.492152,280.169175
929,2.899683,0.133962,0.345489,64.000000,0.099186,22.071376,0.287088,2783.391835,280.514664
930,3.117201,0.138349,0.173142,64.000000,0.099186,20.531240,0.572858,2786.509036,280.687806
931,2.929367,0.158408,0.417498,64.000000,0.099186,21.847723,0.237572,2789.438403,281.105304
932,3.036090,0.126603,0.130852,64.000000,0.099186,21.079747,0.758003,2792.474493,281.236156
933,2.872868,0.138709,0.267319,64.000000,0.099186,22.277387,0.371039,2795.347361,281.503475
934,2.687932,0.123066,0.381876,64.000000,0.099186,23.810128,0.259734,2798.035293,281.885351
935,3.058913,0.130069,0.131249,64.000000,0.099186,20.922462,0.755708,2801.094206,282.016600
936,3.106247,0.122998,0.099818,64.000000,0.099186,20.603640,0.993667,2804.200454,282.116418
937,2.900222,0.128715,0.183069,64.000000,0.099186,22.067279,0.541796,2807.100675,282.299487
938,2.976436,0.139134,0.133723,64.000000,0.099186,21.502223,0.741729,2810.077112,282.433209
939,3.066777,0.127408,0.158161,64.000000,0.099186,20.868815,0.627121,2813.143889,282.591370
940,2.888700,0.127613,0.454420,64.000000,0.099186,22.155295,0.218270,2816.032589,283.045790
941,3.125810,0.122025,0.139848,64.000000,0.099186,20.474691,0.709241,2819.158399,283.185638
942,2.810448,0.130513,0.314577,64.000000,0.099186,22.772174,0.315300,2821.968846,283.500214
943,2.779597,0.129486,0.369357,64.000000,0.099186,23.024920,0.268537,2824.748444,283.869571
944,3.018430,0.121010,0.149899,64.000000,0.099186,21.203076,0.661684,2827.766874,284.019470
945,2.951443,0.127283,0.233060,64.000000,0.099186,21.684305,0.425582,2830.718317,284.252530
946,2.911217,0.115131,0.128650,64.000000,0.099186,21.983930,0.770972,2833.629534,284.381180
947,2.970433,0.121979,0.118866,64.000000,0.099186,21.545682,0.834433,2836.599967,284.500047
948,2.988286,0.117315,0.115334,64.000000,0.099186,21.416960,0.859990,2839.588253,284.615380
949,2.904837,0.115953,0.178474,64.000000,0.099186,22.032217,0.555744,2842.493090,284.793855
950,2.811953,0.128431,0.321665,64.000000,0.099186,22.759983,0.308352,2845.305043,285.115519
951,2.571474,0.125492,0.527002,64.000000,0.099186,24.888451,0.188208,2847.876517,285.642521
952,2.712463,0.129751,0.221819,64.000000,0.099186,23.594790,0.447149,2850.588980,285.864340
953,2.662567,0.128500,0.255579,64.000000,0.099186,24.036952,0.388083,2853.251547,286.119919
954,2.619452,0.127638,0.342111,64.000000,0.099186,24.432594,0.289924,2855.870999,286.462029
955,2.614096,0.127501,0.319290,64.000000,0.099186,24.482649,0.310645,2858.485095,286.781319
956,2.628957,0.126442,0.324158,64.000000,0.099186,24.344252,0.305980,2861.114052,287.105478
957,2.687179,0.127323,0.268664,64.000000,0.099186,23.816800,0.369183,2863.801231,287.374141
958,2.497147,0.135661,1.377687,64.000000,0.099186,25.629249,0.071995,2866.298378,288.751829
959,2.094099,0.115277,0.001237,64.000000,0.099186,30.562065,80.205024,2868.392478,288.753065
960,2.597842,0.125588,0.324563,64.000000,0.099186,24.635828,0.305598,2870.990320,289.077628
961,2.844596,0.114915,0.103554,64.000000,0.099186,22.498804,0.957814,2873.834916,289.181183
962,2.554493,0.125360,0.370450,64.000000,0.099186,25.053899,0.267745,2876.389408,289.551633
963,2.817736,0.138437,0.149302,64.000000,0.099186,22.713273,0.664331,2879.207144,289.700935
964,2.727657,0.113808,0.195244,64.000000,0.099186,23.463358,0.508009,2881.934801,289.896179
965,2.741027,0.127466,0.204304,64.000000,0.099186,23.348915,0.485482,2884.675828,290.100483
966,2.854327,0.142061,0.272293,64.000000,0.099186,22.422101,0.364262,2887.530154,290.372776
967,2.692256,0.132205,0.420284,64.000000,0.099186,23.771883,0.235997,2890.222411,290.793060
968,3.015500,0.128951,0.311110,64.000000,0.099186,21.223679,0.318813,2893.237911,291.104170
969,3.079246,0.127258,0.215349,64.000000,0.099186,20.784312,0.460582,2896.317156,291.319519
970,3.048504,0.128243,0.232580,64.000000,0.099186,20.993904,0.426459,2899.365660,291.552100
971,3.209485,0.127339,0.132646,64.000000,0.099186,19.940893,0.747751,2902.575145,291.684745
972,2.782320,0.127371,0.518296,64.000000,0.099186,23.002389,0.191369,2905.357465,292.203042
973,3.039589,0.140951,0.199503,64.000000,0.099186,21.055480,0.497165,2908.397054,292.402545
974,2.773211,0.131557,0.489847,64.000000,0.099186,23.077944,0.202483,2911.170264,292.892392
975,3.007916,0.134990,0.306074,64.000000,0.099186,21.277192,0.324058,2914.178180,293.198466
976,3.150957,0.130153,0.143246,64.000000,0.099186,20.311288,0.692418,2917.329137,293.341712
977,3.076355,0.140574,0.260649,64.000000,0.099186,20.803840,0.380535,2920.405492,293.602361
978,3.047383,0.139440,0.200524,64.000000,0.099186,21.001630,0.494635,2923.452875,293.802884
979,2.977828,0.127578,0.327638,64.000000,0.099186,21.492175,0.302731,2926.430703,294.130522
980,3.179792,0.131730,0.765214,64.000000,0.099186,20.127103,0.129619,2929.610495,294.895736
981,2.651341,0.114985,0.048875,64.000000,0.099186,24.138724,2.029401,2932.261836,294.944610
982,3.046019,0.126138,0.258752,64.000000,0.099186,21.011033,0.383325,2935.307855,295.203362
983,2.960850,0.126461,0.344738,64.000000,0.099186,21.615413,0.287714,2938.268705,295.548100
984,3.015322,0.127838,0.283252,64.000000,0.099186,21.224927,0.350169,2941.284028,295.831352
985,2.982350,0.127889,0.302079,64.000000,0.099186,21.459590,0.328344,2944.266377,296.133431
986,2.803251,0.128085,0.315089,64.000000,0.099186,22.830632,0.314787,2947.069628,296.448520
987,2.993473,0.127791,0.195010,64.000000,0.099186,21.379852,0.508619,2950.063101,296.643530
988,3.044645,0.115568,0.202491,64.000000,0.099186,21.020514,0.489829,2953.107746,296.846021
989,2.993947,0.129904,0.228605,64.000000,0.099186,21.376465,0.433874,2956.101693,297.074626
990,2.938506,0.130645,0.160862,64.000000,0.099186,21.779772,0.616591,2959.040199,297.235488
991,2.874998,0.124333,0.141073,64.000000,0.099186,22.260886,0.703085,2961.915197,297.376561
992,2.780679,0.128156,0.319652,64.000000,0.099186,23.015961,0.310293,2964.695876,297.696213
993,2.914274,0.119303,0.116048,64.000000,0.099186,21.960875,0.854701,2967.610150,297.812260
994,2.589289,0.133337,0.375821,64.000000,0.099186,24.717207,0.263918,2970.199439,298.188082
995,2.656628,0.132271,0.346417,64.000000,0.099186,24.090686,0.286320,2972.856067,298.534498
996,2.584318,0.129877,0.409966,64.000000,0.099186,24.764755,0.241937,2975.440385,298.944464
997,2.464921,0.133032,0.393327,64.000000,0.099186,25.964326,0.252172,2977.905306,299.337791
998,2.703352,0.139716,0.226964,64.000000,0.099186,23.674312,0.437013,2980.608658,299.564754
999,2.853679,0.121424,0.063452,64.000000,0.099186,22.427186,1.563162,2983.462337,299.628206
1000,2.685582,0.138240,0.217842,64.000000,0.099186,23.830962,0.455311,2986.147919,299.846049
1001,2.579384,0.138934,0.322078,64.000000,0.099186,24.812126,0.307956,2988.727303,300.168127
1002,2.636381,0.132566,0.305102,64.000000,0.099186,24.275699,0.325091,2991.363685,300.473229
1003,2.785971,0.128621,0.201539,64.000000,0.099186,22.972241,0.492144,2994.149656,300.674767
1004,3.053543,0.114725,0.180974,64.000000,0.099186,20.959257,0.548067,2997.203199,300.855741
1005,2.817256,0.125456,0.416226,64.000000,0.099186,22.717140,0.238298,3000.020455,301.271967
1006,2.962965,0.128297,0.427801,64.000000,0.099186,21.599983,0.231851,3002.983420,301.699768
1007,2.839875,0.127701,0.175787,64.000000,0.099186,22.536203,0.564239,3005.823296,301.875555
1008,2.682867,0.124602,0.430620,64.000000,0.099186,23.855080,0.230333,3008.506162,302.306175
1009,2.758004,0.126865,0.294071,64.000000,0.099186,23.205185,0.337286,3011.264167,302.600246
1010,2.889525,0.129120,0.156057,64.000000,0.099186,22.148970,0.635574,3014.153691,302.756303
1011,2.552977,0.126213,0.479988,64.000000,0.099186,25.068770,0.206643,3016.706669,303.236291
1012,2.913130,0.116003,0.177408,64.000000,0.099186,21.969498,0.559084,3019.619798,303.413699
1013,2.918008,0.126719,0.305409,64.000000,0.099186,21.932768,0.324764,3022.537807,303.719108
1014,2.809982,0.124321,0.464611,64.000000,0.099186,22.775943,0.213482,3025.347789,304.183720
1015,2.956442,0.127965,0.267993,64.000000,0.099186,21.647644,0.370106,3028.304231,304.451713
1016,2.735851,0.124361,0.540185,64.000000,0.099186,23.393089,0.183615,3031.040082,304.991898
1017,3.204252,0.115621,0.164819,64.000000,0.099186,19.973463,0.601786,3034.244333,305.156717
1018,3.185552,0.115332,0.198930,64.000000,0.099186,20.090711,0.498597,3037.429885,305.355647
1019,3.180653,0.115240,0.192432,64.000000,0.099186,20.121652,0.515435,3040.610539,305.548079
1020,3.233663,0.116175,0.125529,64.000000,0.099186,19.791793,0.790143,3043.844202,305.673608
1021,3.027469,0.127468,0.336244,64.000000,0.099186,21.139769,0.294982,3046.871671,306.009852
1022,3.151531,0.129083,0.189354,64.000000,0.099186,20.307593,0.523813,3050.023202,306.199206
1023,3.188374,0.131443,0.208866,64.000000,0.099186,20.072927,0.474879,3053.211576,306.408071
1024,3.214057,0.129421,0.209714,64.000000,0.099186,19.912529,0.472959,3056.425633,306.617785
1025,3.001108,0.133159,0.348267,64.000000,0.099186,21.325460,0.284799,3059.426740,306.966052
1026,3.118316,0.127933,0.333237,64.000000,0.099186,20.523896,0.297644,3062.545057,307.299288
1027,3.351712,0.117725,0.076840,64.000000,0.099186,19.094719,1.290818,3065.896769,307.376128
1028,3.066405,0.128553,0.330069,64.000000,0.099186,20.871346,0.300501,3068.963174,307.706196
1029,3.097327,0.127807,0.323534,64.000000,0.099186,20.662980,0.306571,3072.060501,308.029730
1030,3.260496,0.116181,0.192194,64.000000,0.099186,19.628918,0.516072,3075.320996,308.221924
1031,3.106979,0.130359,0.262158,64.000000,0.099186,20.598789,0.378344,3078.427975,308.484082
1032,3.186749,0.119733,0.128031,64.000000,0.099186,20.083161,0.774700,3081.614724,308.612114
1033,3.228721,0.116326,0.099296,64.000000,0.099186,19.822092,0.998890,3084.843445,308.711410
1034,3.153962,0.129739,0.170504,64.000000,0.099186,20.291940,0.581723,3087.997407,308.881914
1035,3.150883,0.130369,0.203898,64.000000,0.099186,20.311764,0.486449,3091.148290,309.085812
1036,3.119419,0.153875,0.187728,64.000000,0.099186,20.516643,0.528350,3094.267709,309.273539
1037,3.062044,0.129047,0.220363,64.000000,0.099186,20.901072,0.450103,3097.329753,309.493902
1038,3.206316,0.116154,0.141200,64.000000,0.099186,19.960604,0.702451,3100.536069,309.635102
1039,2.943455,0.127611,0.377532,64.000000,0.099186,21.743154,0.262722,3103.479524,310.012634
1040,3.099173,0.142131,0.197564,64.000000,0.099186,20.650669,0.502045,3106.578697,310.210198
1041,2.874963,0.132064,0.419497,64.000000,0.099186,22.261153,0.236440,3109.453660,310.629695
1042,3.101852,0.122446,0.114018,64.000000,0.099186,20.632838,0.869913,3112.555512,310.743714
1043,3.034889,0.130883,0.156322,64.000000,0.099186,21.088089,0.634499,3115.590400,310.900035
1044,2.945558,0.127680,0.301404,64.000000,0.099186,21.727634,0.329079,3118.535958,311.201439
1045,2.849911,0.127084,0.472364,64.000000,0.099186,22.456841,0.209978,3121.385869,311.673803
1046,2.825112,0.126289,0.479359,64.000000,0.099186,22.653972,0.206914,3124.210981,312.153162
1047,2.919948,0.128710,0.228316,64.000000,0.099186,21.918198,0.434424,3127.130929,312.381478
1048,2.939922,0.127226,0.268660,64.000000,0.099186,21.769286,0.369187,3130.070851,312.650138
1049,3.185030,0.118223,0.081743,64.000000,0.099186,20.094004,1.213387,3133.255881,312.731881
1050,3.069690,0.117889,0.182147,64.000000,0.099186,20.849011,0.544538,3136.325571,312.914028
1051,3.074589,0.117412,0.171068,64.000000,0.099186,20.815788,0.579805,3139.400160,313.085095
1052,3.197443,0.116091,0.087495,64.000000,0.099186,20.015993,1.133624,3142.597603,313.172590
1053,2.877392,0.128821,0.325408,64.000000,0.099186,22.242363,0.304805,3145.474995,313.497998
1054,3.004711,0.127106,0.405583,64.000000,0.099186,21.299886,0.244551,3148.479706,313.903581
1055,3.136599,0.127767,0.201655,64.000000,0.099186,20.404264,0.491859,3151.616305,314.105236
1056,3.076604,0.129652,0.168551,64.000000,0.099186,20.802155,0.588464,3154.692910,314.273787
1057,3.016029,0.130581,0.195853,64.000000,0.099186,21.219957,0.506430,3157.708939,314.469640
1058,2.953269,0.128808,0.357492,64.000000,0.099186,21.670902,0.277449,3160.662207,314.827132
1059,3.009798,0.128328,0.223348,64.000000,0.099186,21.263885,0.444086,3163.672006,315.050481
1060,2.822915,0.125697,0.428794,64.000000,0.099186,22.671597,0.231314,3166.494921,315.479275
1061,3.037933,0.148126,0.187768,64.000000,0.099186,21.066954,0.528235,3169.532854,315.667043
1062,3.104095,0.129938,0.139284,64.000000,0.099186,20.617923,0.712113,3172.636950,315.806327
1063,3.086227,0.119245,0.169570,64.000000,0.099186,20.737292,0.584928,3175.723177,315.975897
1064,2.729519,0.126399,0.496519,64.000000,0.099186,23.447355,0.199763,3178.452696,316.472415
1065,2.835987,0.126818,0.392685,64.000000,0.099186,22.567098,0.252584,3181.288683,316.865100
1066,2.978713,0.130249,0.316677,64.000000,0.099186,21.485791,0.313208,3184.267396,317.181777
1067,2.951205,0.127631,0.347984,64.000000,0.099186,21.686060,0.285031,3187.218600,317.529761
1068,3.161517,0.116247,0.164234,64.000000,0.099186,20.243444,0.603931,3190.380118,317.693995
1069,3.205655,0.128868,0.174673,64.000000,0.099186,19.964720,0.567838,3193.585773,317.868668
1070,3.117768,0.129718,0.217502,64.000000,0.099186,20.527505,0.456023,3196.703541,318.086170
1071,3.111376,0.128796,0.230315,64.000000,0.099186,20.569674,0.430653,3199.814917,318.316485
1072,3.089756,0.127220,0.288775,64.000000,0.099186,20.713610,0.343472,3202.904673,318.605259
1073,3.212850,0.116323,0.166265,64.000000,0.099186,19.920010,0.596555,3206.117523,318.771524
1074,3.019833,0.129279,0.236325,64.000000,0.099186,21.193226,0.419701,3209.137356,319.007849
1075,3.021470,0.133816,0.292104,64.000000,0.099186,21.181740,0.339557,3212.158826,319.299953
1076,2.794551,0.127145,0.479446,64.000000,0.099186,22.901710,0.206876,3214.953377,319.779399
1077,2.886923,0.128349,0.318247,64.000000,0.099186,22.168931,0.311663,3217.840300,320.097646
1078,2.827928,0.127370,0.373213,64.000000,0.099186,22.631411,0.265762,3220.668228,320.470859
1079,2.981718,0.128829,0.271102,64.000000,0.099186,21.464137,0.365862,3223.649946,320.741961
1080,2.764503,0.127604,0.456552,64.000000,0.099186,23.150634,0.217250,3226.414449,321.198513
1081,2.859464,0.127409,0.363894,64.000000,0.099186,22.381819,0.272568,3229.273913,321.562407
1082,2.833427,0.128509,0.299334,64.000000,0.099186,22.587487,0.331355,3232.107340,321.861742
1083,2.734512,0.132948,0.414137,64.000000,0.099186,23.404544,0.239500,3234.841852,322.275879
1084,2.697344,0.133004,0.389243,64.000000,0.099186,23.727040,0.254818,3237.539196,322.665122
1085,2.978719,0.141267,0.173337,64.000000,0.099186,21.485743,0.572215,3240.517916,322.838459
1086,2.908843,0.129731,0.194674,64.000000,0.099186,22.001872,0.509497,3243.426759,323.033133
1087,2.912801,0.130458,0.157802,64.000000,0.099186,21.971978,0.628549,3246.339560,323.190934
1088,3.020289,0.132792,0.185443,64.000000,0.099186,21.190024,0.534859,3249.359850,323.376378
1089,2.769784,0.131346,0.373771,64.000000,0.099186,23.106493,0.265365,3252.129634,323.750149
1090,2.934841,0.137537,0.216116,64.000000,0.099186,21.806974,0.458948,3255.064475,323.966265
1091,2.763302,0.126850,0.446174,64.000000,0.099186,23.160696,0.222303,3257.827777,324.412439
1092,2.961581,0.118030,0.130835,64.000000,0.099186,21.610081,0.758098,3260.789358,324.543274
1093,2.881423,0.127302,0.418465,64.000000,0.099186,22.211244,0.237024,3263.670781,324.961739
1094,3.254751,0.128288,0.129959,64.000000,0.099186,19.663560,0.763208,3266.925533,325.091698
1095,2.977978,0.127747,0.330647,64.000000,0.099186,21.491092,0.299975,3269.903511,325.422346
1096,3.112351,0.118393,0.141914,64.000000,0.099186,20.563231,0.698918,3273.015862,325.564259
1097,2.844716,0.128853,0.323753,64.000000,0.099186,22.497854,0.306363,3275.860578,325.888012
1098,3.206941,0.117740,0.161911,64.000000,0.099186,19.956714,0.612594,3279.067518,326.049924
1099,2.959125,0.139830,0.197681,64.000000,0.099186,21.628012,0.501746,3282.026644,326.247605
