step,read_time_sec,compute_time_sec,write_time_sec,data_read_mb,data_written_mb,read_throughput_mb_s,write_throughput_mb_s,cumulative_read_time,cumulative_write_time
1,1.217796,0.144906,1.289970,64.000000,0.099186,52.553973,0.076890,1.217796,1.289970
2,1.136156,0.145688,0.567224,64.000000,0.099186,56.330289,0.174862,2.353952,1.857194
3,0.994944,0.143251,0.952167,64.000000,0.099186,64.325201,0.104169,3.348896,2.809361
4,1.046387,0.144027,1.033265,64.000000,0.099186,61.162847,0.095993,4.395283,3.842626
5,0.747289,0.143101,1.454814,64.000000,0.099186,85.642900,0.068178,5.142572,5.297439
6,1.611487,0.142326,0.785998,64.000000,0.099186,39.714879,0.126191,6.754059,6.083438
7,1.596934,0.140972,0.715233,64.000000,0.099186,40.076785,0.138676,8.350993,6.798670
8,1.763905,0.139852,0.902932,64.000000,0.099186,36.283127,0.109849,10.114899,7.701603
9,2.082075,0.147963,0.335490,64.000000,0.099186,30.738565,0.295645,12.196974,8.037092
10,2.701820,0.146608,0.324952,64.000000,0.099186,23.687734,0.305233,14.898794,8.362044
11,2.358130,0.138163,0.527839,64.000000,0.099186,27.140145,0.187909,17.256924,8.889883
12,5.632861,0.139883,0.780362,64.000000,0.099186,11.361900,0.127102,22.889785,9.670245
13,7.320080,0.149570,0.197162,64.000000,0.099186,8.743074,0.503068,30.209865,9.867407
14,2.686157,0.146396,0.243909,64.000000,0.099186,23.825861,0.406651,32.896022,10.111316
15,5.392700,0.144522,0.178739,64.000000,0.099186,11.867896,0.554919,38.288722,10.290056
16,35.062642,0.147355,0.001445,64.000000,0.099186,1.825305,68.646350,73.351364,10.291500
17,45.362545,0.140196,8.783198,64.000000,0.099186,1.410856,0.011293,118.713909,19.074698
18,19.379266,0.144735,0.077851,64.000000,0.099186,3.302499,1.274053,138.093175,19.152549
19,2.358396,0.144898,0.167752,64.000000,0.099186,27.137083,0.591267,140.451572,19.320300
20,2.313826,0.147209,0.513175,64.000000,0.099186,27.659814,0.193279,142.765398,19.833475
21,2.333598,0.145767,0.147006,64.000000,0.099186,27.425460,0.674709,145.098996,19.980481
22,2.173192,0.147980,0.405235,64.000000,0.099186,29.449766,0.244761,147.272188,20.385716
23,2.336134,0.156839,0.308005,64.000000,0.099186,27.395694,0.322027,149.608322,20.693721
24,2.258997,0.146050,0.257740,64.000000,0.099186,28.331152,0.384830,151.867319,20.951461
25,2.318884,0.147720,0.223081,64.000000,0.099186,27.599487,0.444618,154.186203,21.174542
26,4.801350,0.147263,0.347183,64.000000,0.099186,13.329584,0.285688,158.987553,21.521725
27,2.357643,0.148725,0.203813,64.000000,0.099186,27.145757,0.486653,161.345196,21.725538
28,21.127221,0.149189,0.253312,64.000000,0.099186,3.029267,0.391556,182.472416,21.978850
29,2.453257,0.146510,0.121411,64.000000,0.099186,26.087770,0.816945,184.925673,22.100261
30,2.180118,0.145658,0.300634,64.000000,0.099186,29.356203,0.329923,187.105792,22.400895
31,2.303918,0.145652,0.243531,64.000000,0.099186,27.778770,0.407282,189.409709,22.644426
32,2.235272,0.145636,0.315095,64.000000,0.099186,28.631869,0.314781,191.644981,22.959521
33,2.229156,0.146348,0.380445,64.000000,0.099186,28.710412,0.260711,193.874137,23.339966
34,2.332021,0.144397,0.262583,64.000000,0.099186,27.444005,0.377731,196.206158,23.602549
35,2.415458,0.145107,0.102951,64.000000,0.099186,26.496015,0.963430,198.621616,23.705500
36,2.323005,0.145890,0.155607,64.000000,0.099186,27.550524,0.637415,200.944621,23.861106
37,2.213708,0.146210,0.372424,64.000000,0.099186,28.910769,0.266325,203.158329,24.233531
38,2.135841,0.152334,0.444996,64.000000,0.099186,29.964773,0.222892,205.294170,24.678526
39,2.281107,0.146899,0.349278,64.000000,0.099186,28.056550,0.283974,207.575277,25.027805
40,2.380207,0.145742,0.226326,64.000000,0.099186,26.888419,0.438244,209.955484,25.254131
41,2.406166,0.146923,0.001400,64.000000,0.099186,26.598331,70.868616,212.361650,25.255530
42,2.162102,0.145129,0.135752,64.000000,0.099186,29.600821,0.730639,214.523753,25.391283
43,2.274983,0.146265,0.278178,64.000000,0.099186,28.132080,0.356556,216.798735,25.669461
44,2.287788,0.145290,0.239528,64.000000,0.099186,27.974619,0.414089,219.086523,25.908989
45,2.253049,0.144608,0.345901,64.000000,0.099186,28.405949,0.286747,221.339573,26.254889
46,2.401018,0.145561,0.083612,64.000000,0.099186,26.655360,1.186268,223.740591,26.338501
47,2.324553,0.144219,0.166372,64.000000,0.099186,27.532178,0.596170,226.065143,26.504873
48,2.223247,0.146968,0.193451,64.000000,0.099186,28.786725,0.512720,228.288390,26.698324
49,2.297869,0.145177,0.240599,64.000000,0.099186,27.851893,0.412246,230.586259,26.938923
50,2.320772,0.144515,0.160901,64.000000,0.099186,27.577031,0.616443,232.907031,27.099823
51,2.449833,0.145654,0.049434,64.000000,0.099186,26.124225,2.006452,235.356865,27.149257
52,2.183995,0.144140,0.277127,64.000000,0.099186,29.304097,0.357907,237.540860,27.426384
53,1.960831,0.140745,0.533930,64.000000,0.099186,32.639216,0.185766,239.501691,27.960314
54,2.545105,0.146558,0.102988,64.000000,0.099186,25.146314,0.963082,242.046796,28.063302
55,2.365746,0.145519,0.306093,64.000000,0.099186,27.052774,0.324039,244.412542,28.369395
56,2.163354,0.165190,0.379656,64.000000,0.099186,29.583690,0.261252,246.575896,28.749051
57,2.248919,0.149430,0.308145,64.000000,0.099186,28.458122,0.321881,248.824815,29.057196
58,2.284860,0.147162,0.266850,64.000000,0.099186,28.010469,0.371692,251.109675,29.324046
59,1.846744,0.141697,0.769596,64.000000,0.099186,34.655582,0.128881,252.956419,30.093641
60,2.374842,0.146380,0.231850,64.000000,0.099186,26.949166,0.427801,255.331261,30.325492
61,2.172548,0.147760,0.340768,64.000000,0.099186,29.458492,0.291066,257.503809,30.666260
62,2.002194,0.145354,0.603561,64.000000,0.099186,31.964932,0.164335,259.506003,31.269820
63,2.179464,0.149108,0.300953,64.000000,0.099186,29.365024,0.329573,261.685467,31.570773
64,2.114557,0.149056,0.351057,64.000000,0.099186,30.266387,0.282535,263.800024,31.921830
65,1.924604,0.144596,0.544660,64.000000,0.099186,33.253594,0.182106,265.724628,32.466490
66,2.342875,0.145534,0.278898,64.000000,0.099186,27.316864,0.355635,268.067503,32.745388
67,2.320405,0.145509,0.227890,64.000000,0.099186,27.581392,0.435236,270.387908,32.973278
68,2.288456,0.146152,0.188115,64.000000,0.099186,27.966457,0.527263,272.676364,33.161393
69,2.306468,0.145078,0.273462,64.000000,0.099186,27.748055,0.362705,274.982832,33.434855
70,2.175651,0.145548,0.338215,64.000000,0.099186,29.416477,0.293263,277.158483,33.773070
71,2.145161,0.147672,0.413606,64.000000,0.099186,29.834587,0.239808,279.303644,34.186676
72,2.304241,0.146286,0.241083,64.000000,0.099186,27.774870,0.411419,281.607886,34.427759
73,2.143984,0.145782,0.336739,64.000000,0.099186,29.850971,0.294548,283.751869,34.764498
74,2.233549,0.145477,0.267661,64.000000,0.099186,28.653954,0.370566,285.985418,35.032159
75,3.138754,0.146012,0.385905,64.000000,0.099186,20.390258,0.257022,289.124172,35.418063
76,2.193046,0.145373,0.356125,64.000000,0.099186,29.183160,0.278514,291.317217,35.774188
77,2.293148,0.144492,0.208965,64.000000,0.099186,27.909237,0.474654,293.610365,35.983153
78,2.318133,0.145929,0.263113,64.000000,0.099186,27.608427,0.376971,295.928498,36.246266
79,2.065363,0.148836,1.099864,64.000000,0.099186,30.987286,0.090180,297.993861,37.346129
80,1.670808,0.146645,0.288226,64.000000,0.099186,38.304815,0.344125,299.664669,37.634356
81,2.337713,0.146886,0.102840,64.000000,0.099186,27.377179,0.964470,302.002383,37.737195
82,2.187505,0.145574,0.298302,64.000000,0.099186,29.257079,0.332502,304.189887,38.035497
83,2.378301,0.149156,0.195230,64.000000,0.099186,26.909964,0.508047,306.568189,38.230727
84,2.234937,0.145764,0.206837,64.000000,0.099186,28.636157,0.479537,308.803125,38.437564
85,2.390923,0.147395,0.233873,64.000000,0.099186,26.767903,0.424102,311.194049,38.671437
86,2.285048,0.147790,0.284919,64.000000,0.099186,28.008169,0.348120,313.479096,38.956355
87,2.259848,0.148226,0.216266,64.000000,0.099186,28.320483,0.458630,315.738945,39.172621
88,2.327161,0.145835,0.292782,64.000000,0.099186,27.501319,0.338770,318.066106,39.465404
89,2.074909,0.145364,0.336544,64.000000,0.099186,30.844720,0.294719,320.141015,39.801948
90,2.289653,0.145967,0.282954,64.000000,0.099186,27.951832,0.350537,322.430668,40.084902
91,2.373081,0.145991,0.202052,64.000000,0.099186,26.969159,0.490894,324.803749,40.286954
92,2.310366,0.147281,0.300405,64.000000,0.099186,27.701233,0.330174,327.114116,40.587359
93,2.354314,0.145825,0.237170,64.000000,0.099186,27.184137,0.418207,329.468430,40.824529
94,2.198383,0.148734,0.409985,64.000000,0.099186,29.112313,0.241926,331.666813,41.234513
95,2.085757,0.147151,0.431075,64.000000,0.099186,30.684301,0.230090,333.752570,41.665589
96,2.279050,0.148179,0.243193,64.000000,0.099186,28.081877,0.407849,336.031620,41.908781
97,2.044777,0.146879,0.447694,64.000000,0.099186,31.299259,0.221548,338.076397,42.356475
98,2.262305,0.145102,0.202246,64.000000,0.099186,28.289733,0.490423,340.338701,42.558721
99,2.363313,0.146973,0.202141,64.000000,0.099186,27.080628,0.490678,342.702014,42.760862
100,2.235009,0.144821,0.280559,64.000000,0.099186,28.635226,0.353530,344.937024,43.041421
101,2.427739,0.145568,0.103367,64.000000,0.099186,26.361977,0.959548,347.364763,43.144788
102,2.228844,0.145490,0.450344,64.000000,0.099186,28.714432,0.220245,349.593607,43.595132
103,2.334218,0.158802,0.366901,64.000000,0.099186,27.418173,0.270335,351.927825,43.962033
104,2.366535,0.145012,0.258949,64.000000,0.099186,27.043761,0.383032,354.294360,44.220982
105,2.312975,0.145875,0.240096,64.000000,0.099186,27.669989,0.413110,356.607336,44.461078
106,2.234221,0.146424,0.244196,64.000000,0.099186,28.645337,0.406173,358.841556,44.705274
107,2.480482,0.146154,0.001377,64.000000,0.099186,25.801435,72.019791,361.322038,44.706651
108,2.005751,0.148403,0.420799,64.000000,0.099186,31.908244,0.235708,363.327790,45.127451
109,2.190779,0.147931,0.236785,64.000000,0.099186,29.213357,0.418886,365.518568,45.364236
110,2.086950,0.146766,0.387049,64.000000,0.099186,30.666766,0.256262,367.605518,45.751284
111,2.214336,0.147489,0.322131,64.000000,0.099186,28.902568,0.307906,369.819854,46.073415
112,2.277633,0.145660,0.226883,64.000000,0.099186,28.099352,0.437168,372.097487,46.300298
113,1.894583,0.141701,0.602785,64.000000,0.099186,33.780523,0.164546,373.992070,46.903084
114,2.209626,0.145561,0.386561,64.000000,0.099186,28.964180,0.256585,376.201695,47.289645
115,2.227432,0.145007,0.300897,64.000000,0.099186,28.732643,0.329634,378.429127,47.590542
116,2.371144,0.146287,0.038068,64.000000,0.099186,26.991193,2.605513,380.800271,47.628610
117,2.213919,0.147950,0.314530,64.000000,0.099186,28.908018,0.315347,383.014190,47.943139
118,2.417748,0.144715,0.124148,64.000000,0.099186,26.470919,0.798936,385.431937,48.067287
119,2.137027,0.145121,0.503217,64.000000,0.099186,29.948143,0.197104,387.568965,48.570504
120,2.206217,0.148384,0.294601,64.000000,0.099186,29.008939,0.336679,389.775181,48.865105
121,2.241300,0.147077,0.330041,64.000000,0.099186,28.554861,0.300526,392.016481,49.195146
122,2.196140,0.146724,0.234156,64.000000,0.099186,29.142045,0.423590,394.212620,49.429302
123,1.958763,0.145485,0.548234,64.000000,0.099186,32.673690,0.180919,396.171383,49.977536
124,2.338421,0.145906,0.098395,64.000000,0.099186,27.368898,1.008043,398.509804,50.075931
125,1.968892,0.148859,0.302472,64.000000,0.099186,32.505594,0.327918,400.478696,50.378402
126,2.259125,0.146741,0.184835,64.000000,0.099186,28.329558,0.536619,402.737820,50.563237
127,2.251562,0.145524,0.253992,64.000000,0.099186,28.424713,0.390507,404.989382,50.817230
128,2.115867,0.148278,0.320259,64.000000,0.099186,30.247649,0.309706,407.105249,51.137489
129,2.204954,0.144750,0.234694,64.000000,0.099186,29.025549,0.422618,409.310203,51.372182
130,2.205664,0.157579,0.387845,64.000000,0.099186,29.016208,0.255736,411.515867,51.760027
131,2.171026,0.144801,0.337911,64.000000,0.099186,29.479146,0.293527,413.686893,52.097938
132,2.500649,0.145432,0.018307,64.000000,0.099186,25.593351,5.418004,416.187542,52.116245
133,2.304138,0.144733,0.208655,64.000000,0.099186,27.776117,0.475358,418.491680,52.324900
134,2.143055,0.145714,0.315549,64.000000,0.099186,29.863905,0.314328,420.634735,52.640449
135,2.046075,0.145850,0.462703,64.000000,0.099186,31.279403,0.214362,422.680810,53.103152
136,2.254699,0.145246,0.255106,64.000000,0.099186,28.385160,0.388803,424.935510,53.358258
137,2.194612,0.148343,0.438230,64.000000,0.099186,29.162325,0.226333,427.130122,53.796488
138,2.330091,0.145368,0.257831,64.000000,0.099186,27.466735,0.384694,429.460213,54.054319
139,2.394319,0.145936,0.170672,64.000000,0.099186,26.729937,0.581150,431.854532,54.224991
140,2.184646,0.144648,0.337179,64.000000,0.099186,29.295367,0.294164,434.039178,54.562170
141,2.344236,0.145592,0.268611,64.000000,0.099186,27.301010,0.369255,436.383414,54.830781
142,2.026864,0.150231,0.429282,64.000000,0.099186,31.575871,0.231051,438.410278,55.260063
143,2.478298,0.145133,0.098797,64.000000,0.099186,25.824174,1.003938,440.888576,55.358859
144,2.033962,0.148346,0.343071,64.000000,0.099186,31.465679,0.289112,442.922538,55.701931
145,2.164515,0.146269,0.281909,64.000000,0.099186,29.567828,0.351836,445.087053,55.983840
146,1.998754,0.142376,0.515477,64.000000,0.099186,32.019946,0.192416,447.085807,56.499317
147,2.396895,0.145542,0.162395,64.000000,0.099186,26.701214,0.610770,449.482702,56.661712
148,2.328597,0.147055,0.218145,64.000000,0.099186,27.484358,0.454678,451.811299,56.879857
149,2.103998,0.139690,0.801968,64.000000,0.099186,30.418285,0.123678,453.915297,57.681825
150,2.341749,0.144444,0.176295,64.000000,0.099186,27.330005,0.562613,456.257045,57.858120
151,2.260128,0.148380,0.213285,64.000000,0.099186,28.316975,0.465040,458.517174,58.071405
152,1.849808,0.145189,0.556376,64.000000,0.099186,34.598176,0.178272,460.366982,58.627781
153,2.282545,0.145675,0.238714,64.000000,0.099186,28.038877,0.415501,462.649527,58.866495
154,2.030364,0.146446,0.355813,64.000000,0.099186,31.521442,0.278758,464.679891,59.222308
155,2.104458,0.149800,0.411238,64.000000,0.099186,30.411630,0.241188,466.784349,59.633547
156,2.212868,0.143334,0.759722,64.000000,0.099186,28.921738,0.130556,468.997218,60.393269
157,2.235932,0.148335,0.267675,64.000000,0.099186,28.623404,0.370546,471.233150,60.660944
158,1.979014,0.147363,0.454928,64.000000,0.099186,32.339330,0.218025,473.212165,61.115872
159,2.310804,0.145702,0.262556,64.000000,0.099186,27.695982,0.377771,475.522969,61.378428
160,2.420046,0.147791,0.098178,64.000000,0.099186,26.445779,1.010261,477.943015,61.476606
161,2.285387,0.146904,0.225721,64.000000,0.099186,28.004016,0.439418,480.228402,61.702327
162,2.335280,0.148375,0.200026,64.000000,0.099186,27.405712,0.495865,482.563681,61.902353
163,2.208687,0.286383,0.153452,64.000000,0.099186,28.976492,0.646366,484.772368,62.055805
164,2.213996,0.288362,0.132402,64.000000,0.099186,28.907007,0.749130,486.986364,62.188207
165,1.953690,0.291205,0.430740,64.000000,0.099186,32.758516,0.230269,488.940055,62.618946
166,2.308598,0.281659,0.146605,64.000000,0.099186,27.722452,0.676552,491.248653,62.765551
167,2.133039,0.282604,0.159815,64.000000,0.099186,30.004143,0.620631,493.381691,62.925366
168,2.259537,0.282721,0.084978,64.000000,0.099186,28.324392,1.167192,495.641228,63.010344
169,2.274531,0.282589,0.079228,64.000000,0.099186,28.137669,1.251912,497.915759,63.089572
170,2.036443,0.299639,0.331782,64.000000,0.099186,31.427348,0.298949,499.952202,63.421354
171,2.324894,0.283614,0.001512,64.000000,0.099186,27.528139,65.596696,502.277096,63.422866
172,2.271957,0.288971,0.112601,64.000000,0.099186,28.169551,0.880861,504.549053,63.535467
173,2.355424,0.284907,0.033084,64.000000,0.099186,27.171324,2.998014,506.904477,63.568551
174,2.151833,0.289640,0.182197,64.000000,0.099186,29.742084,0.544388,509.056310,63.750748
175,2.230143,0.291175,0.086111,64.000000,0.099186,28.697714,1.151832,511.286453,63.836859
176,2.092618,0.291661,0.253341,64.000000,0.099186,30.583706,0.391511,513.379070,64.090201
177,2.220265,0.292129,0.154743,64.000000,0.099186,28.825389,0.640974,515.599335,64.244943
178,2.050285,0.284846,0.390469,64.000000,0.099186,31.215168,0.254017,517.649621,64.635412
179,2.244095,0.283434,0.122878,64.000000,0.099186,28.519286,0.807192,519.893716,64.758290
180,2.095507,0.280614,0.268108,64.000000,0.099186,30.541529,0.369947,521.989224,65.026399
181,2.163623,0.281379,0.190991,64.000000,0.099186,29.580014,0.519323,524.152847,65.217389
182,2.003062,0.271810,1.685769,64.000000,0.099186,31.951077,0.058837,526.155909,66.903158
183,2.248508,0.282440,0.184744,64.000000,0.099186,28.463322,0.536883,528.404417,67.087902
184,2.415945,0.280932,0.001332,64.000000,0.099186,26.490668,74.449222,530.820362,67.089234
185,2.195732,0.281963,0.182756,64.000000,0.099186,29.147451,0.542722,533.016094,67.271991
186,2.384568,0.281998,0.001337,64.000000,0.099186,26.839242,74.199266,535.400662,67.273327
187,2.247211,0.303603,0.364987,64.000000,0.099186,28.479743,0.271752,537.647874,67.638314
188,2.296030,0.278623,0.182818,64.000000,0.099186,27.874199,0.542538,539.943904,67.821133
189,2.777415,0.277539,1.062779,64.000000,0.099186,23.043008,0.093327,542.721319,68.883912
190,3.476165,0.279578,0.001389,64.000000,0.099186,18.411092,71.393569,546.197484,68.885301
191,2.160293,0.267057,1.215803,64.000000,0.099186,29.625615,0.081581,548.357777,70.101104
192,2.462708,0.285156,0.001377,64.000000,0.099186,25.987648,72.051442,550.820485,70.102480
193,1.968282,0.280553,0.485281,64.000000,0.099186,32.515672,0.204389,552.788767,70.587761
194,2.432516,0.279354,0.093314,64.000000,0.099186,26.310206,1.062927,555.221283,70.681075
195,2.275173,0.277231,0.062916,64.000000,0.099186,28.129727,1.576488,557.496456,70.743991
196,2.367053,0.280306,0.065503,64.000000,0.099186,27.037843,1.514221,559.863509,70.809494
197,2.252114,0.275045,0.120410,64.000000,0.099186,28.417740,0.823737,562.115623,70.929903
198,2.373078,0.274846,0.239671,64.000000,0.099186,26.969197,0.413843,564.488701,71.169574
199,2.203887,0.283726,0.216236,64.000000,0.099186,29.039608,0.458693,566.692587,71.385810
200,2.263514,0.277629,0.152879,64.000000,0.099186,28.274622,0.648787,568.956101,71.538689
201,2.301601,0.281586,0.075219,64.000000,0.099186,27.806728,1.318628,571.257703,71.613908
202,2.324278,0.275726,0.153499,64.000000,0.099186,27.535433,0.646165,573.581981,71.767407
203,2.280658,0.276507,0.150735,64.000000,0.099186,28.062080,0.658017,575.862638,71.918142
204,1.935825,0.275425,0.440256,64.000000,0.099186,33.060836,0.225292,577.798463,72.358398
205,2.256085,0.280111,0.091232,64.000000,0.099186,28.367724,1.087182,580.054549,72.449630
206,1.920550,0.281920,0.435512,64.000000,0.099186,33.323782,0.227746,581.975099,72.885142
207,8.414822,0.280230,0.001416,64.000000,0.099186,7.605628,70.062206,590.389920,72.886558
208,3.967350,0.275971,0.118891,64.000000,0.099186,16.131674,0.834260,594.357271,73.005449
209,2.229872,0.276836,0.129275,64.000000,0.099186,28.701197,0.767246,596.587143,73.134724
210,2.284715,0.281981,0.063312,64.000000,0.099186,28.012251,1.566628,598.871858,73.198036
211,2.206757,0.283480,0.177447,64.000000,0.099186,29.001833,0.558960,601.078615,73.375483
212,2.353679,0.285652,0.294964,64.000000,0.099186,27.191476,0.336265,603.432293,73.670447
213,1.872368,0.285121,0.560019,64.000000,0.099186,34.181322,0.177112,605.304661,74.230466
214,2.359580,0.276328,0.116261,64.000000,0.099186,27.123476,0.853133,607.664241,74.346727
215,2.171835,0.284746,0.179817,64.000000,0.099186,29.468164,0.551593,609.836076,74.526544
216,2.070011,0.303545,0.395288,64.000000,0.099186,30.917712,0.250921,611.906087,74.921832
217,2.176146,0.276044,0.230868,64.000000,0.099186,29.409798,0.429622,614.082232,75.152700
218,2.199741,0.274988,0.255332,64.000000,0.099186,29.094340,0.388459,616.281973,75.408032
219,2.069661,0.298573,0.340606,64.000000,0.099186,30.922935,0.291204,618.351634,75.748637
220,2.287968,0.276391,0.077250,64.000000,0.099186,27.972419,1.283953,620.639602,75.825888
221,2.373786,0.275011,0.066527,64.000000,0.099186,26.961151,1.490913,623.013388,75.892415
222,1.934980,0.304023,0.385352,64.000000,0.099186,33.075272,0.257390,624.948368,76.277767
223,2.232547,0.283250,0.225147,64.000000,0.099186,28.666808,0.440538,627.180916,76.502914
224,2.275693,0.275023,0.145560,64.000000,0.099186,28.123297,0.681409,629.456609,76.648474
225,2.379489,0.279638,0.046128,64.000000,0.099186,26.896532,2.150217,631.836098,76.694603
226,2.307620,0.275631,0.068686,64.000000,0.099186,27.734199,1.444041,634.143718,76.763289
227,2.393174,0.282587,0.001392,64.000000,0.099186,26.742724,71.251506,636.536892,76.764681
228,2.079725,0.300073,0.318648,64.000000,0.099186,30.773301,0.311271,638.616617,77.083329
229,2.129484,0.285154,0.207474,64.000000,0.099186,30.054229,0.478064,640.746101,77.290803
230,1.859373,0.279980,0.535339,64.000000,0.099186,34.420204,0.185277,642.605474,77.826143
231,2.230364,0.281924,0.157476,64.000000,0.099186,28.694865,0.629847,644.835839,77.983619
232,2.396265,0.282915,0.073009,64.000000,0.099186,26.708235,1.358537,647.232103,78.056628
233,2.195863,0.276050,0.174160,64.000000,0.099186,29.145722,0.569511,649.427966,78.230788
234,2.185829,0.279087,0.196292,64.000000,0.099186,29.279503,0.505297,651.613795,78.427080
235,2.260170,0.275905,0.169286,64.000000,0.099186,28.316451,0.585907,653.873966,78.596366
236,2.136528,0.277049,0.223339,64.000000,0.099186,29.955147,0.444105,656.010493,78.819705
237,2.257755,0.275538,0.126225,64.000000,0.099186,28.346739,0.785785,658.268249,78.945931
238,2.345475,0.275789,0.079784,64.000000,0.099186,27.286589,1.243186,660.613723,79.025714
239,2.477492,0.274442,0.001372,64.000000,0.099186,25.832574,72.287377,663.091215,79.027086
240,2.347314,0.274846,0.138381,64.000000,0.099186,27.265205,0.716760,665.438530,79.165467
241,2.229689,0.274876,0.139599,64.000000,0.099186,28.703551,0.710506,667.668219,79.305066
242,1.849534,0.278258,0.507266,64.000000,0.099186,34.603318,0.195530,669.517752,79.812333
243,2.089658,0.281051,0.312919,64.000000,0.099186,30.627023,0.316970,671.607410,80.125252
244,2.293669,0.276824,0.205812,64.000000,0.099186,27.902898,0.481924,673.901079,80.331064
245,2.260148,0.275157,0.156443,64.000000,0.099186,28.316736,0.634009,676.161226,80.487507
246,1.882215,0.277960,0.579157,64.000000,0.099186,34.002499,0.171259,678.043441,81.066664
247,2.293403,0.277247,0.203361,64.000000,0.099186,27.906133,0.487733,680.336844,81.270025
248,1.845903,0.271618,0.555539,64.000000,0.099186,34.671371,0.178540,682.182747,81.825564
249,2.022466,0.275977,0.328358,64.000000,0.099186,31.644537,0.302066,684.205213,82.153922
250,2.136825,0.276838,0.308821,64.000000,0.099186,29.950980,0.321176,686.342038,82.462744
251,2.058208,0.277984,0.298262,64.000000,0.099186,31.095010,0.332546,688.400246,82.761006
252,2.269699,0.281045,0.126821,64.000000,0.099186,28.197577,0.782096,690.669945,82.887827
253,2.270811,0.274795,0.129393,64.000000,0.099186,28.183765,0.766545,692.940756,83.017220
254,1.939396,0.273944,0.447298,64.000000,0.099186,32.999972,0.221744,694.880151,83.464519
255,3.156631,0.274453,0.101824,64.000000,0.099186,20.274778,0.974091,698.036782,83.566343
256,2.093149,0.277291,0.167011,64.000000,0.099186,30.575948,0.593889,700.129931,83.733354
257,2.240856,0.283974,0.084337,64.000000,0.099186,28.560512,1.176073,702.370787,83.817690
258,2.359181,0.277171,0.137049,64.000000,0.099186,27.128060,0.723725,704.729968,83.954740
259,2.177645,0.275385,0.197701,64.000000,0.099186,29.389549,0.501698,706.907613,84.152440
260,2.262891,0.274670,0.177637,64.000000,0.099186,28.282404,0.558364,709.170504,84.330077
261,2.153161,0.275778,0.267143,64.000000,0.099186,29.723735,0.371284,711.323665,84.597220
262,2.237602,0.274951,0.207488,64.000000,0.099186,28.602046,0.478033,713.561268,84.804708
263,2.030785,0.278720,0.394669,64.000000,0.099186,31.514914,0.251314,715.592052,85.199377
264,2.345322,0.282961,0.170915,64.000000,0.099186,27.288367,0.580323,717.937374,85.370292
265,2.210945,0.276874,0.203168,64.000000,0.099186,28.946905,0.488197,720.148318,85.573460
266,2.026342,0.278979,0.397525,64.000000,0.099186,31.584010,0.249509,722.174660,85.970985
267,2.183371,0.281972,0.166709,64.000000,0.099186,29.312478,0.594964,724.358031,86.137694
268,2.316365,0.275710,0.074053,64.000000,0.099186,27.629496,1.339388,726.674396,86.211747
269,2.432893,0.277223,0.001370,64.000000,0.099186,26.306125,72.403255,729.107289,86.213117
270,2.346265,0.285033,0.047099,64.000000,0.099186,27.277391,2.105909,731.453555,86.260216
271,2.319975,0.277762,0.175287,64.000000,0.099186,27.586506,0.565848,733.773529,86.435503
272,2.202038,0.277514,0.207021,64.000000,0.099186,29.063979,0.479111,735.975568,86.642524
273,2.315414,0.277350,0.123141,64.000000,0.099186,27.640848,0.805470,738.290982,86.765664
274,2.222553,0.278105,0.149890,64.000000,0.099186,28.795720,0.661725,740.513534,86.915554
275,1.945310,0.274486,0.470103,64.000000,0.099186,32.899645,0.210987,742.458844,87.385658
276,2.188962,0.285982,0.169577,64.000000,0.099186,29.237605,0.584902,744.647806,87.555235
277,2.159507,0.292179,0.225534,64.000000,0.099186,29.636389,0.439782,746.807313,87.780769
278,2.148342,0.284709,0.350482,64.000000,0.099186,29.790415,0.282999,748.955655,88.131250
279,2.439081,0.279567,0.001324,64.000000,0.099186,26.239387,74.902710,751.394737,88.132575
280,1.893620,0.286595,0.548629,64.000000,0.099186,33.797704,0.180789,753.288356,88.681203
281,2.343214,0.281427,0.112086,64.000000,0.099186,27.312907,0.884913,755.631571,88.793289
282,2.298770,0.280433,0.124691,64.000000,0.099186,27.840981,0.795455,757.930340,88.917980
283,2.257749,0.283876,0.181417,64.000000,0.099186,28.346819,0.546730,760.188089,89.099397
284,2.276465,0.276616,0.124982,64.000000,0.099186,28.113765,0.793599,762.464554,89.224379
285,2.255714,0.279426,0.154023,64.000000,0.099186,28.372395,0.643966,764.720268,89.378402
286,2.151028,0.285295,0.158286,64.000000,0.099186,29.753213,0.626627,766.871296,89.536688
287,2.032794,0.277588,0.364835,64.000000,0.099186,31.483754,0.271865,768.904091,89.901523
288,2.176936,0.276717,0.191440,64.000000,0.099186,29.399114,0.518105,771.081027,90.092963
289,2.376878,0.277471,0.001457,64.000000,0.099186,26.926073,68.067423,773.457905,90.094420
290,2.306106,0.276120,0.106728,64.000000,0.099186,27.752409,0.929336,775.764011,90.201148
291,2.197760,0.278602,0.174638,64.000000,0.099186,29.120558,0.567951,777.961771,90.375786
292,2.154134,0.278316,0.254443,64.000000,0.099186,29.710317,0.389816,780.115905,90.630229
293,2.261404,0.277559,0.214495,64.000000,0.099186,28.301006,0.462416,782.377309,90.844724
294,2.220980,0.278705,0.156890,64.000000,0.099186,28.816110,0.632201,784.598289,91.001614
295,2.285827,0.278791,0.109509,64.000000,0.099186,27.998624,0.905734,786.884115,91.111123
296,2.415503,0.277812,0.001423,64.000000,0.099186,26.495512,69.696660,789.299619,91.112546
297,2.241381,0.276534,0.170491,64.000000,0.099186,28.553819,0.581767,791.541000,91.283037
298,2.318526,0.281949,0.106286,64.000000,0.099186,27.603744,0.933195,793.859526,91.389323
299,2.223548,0.279555,0.171547,64.000000,0.099186,28.782832,0.578184,796.083074,91.560870
300,2.315964,0.277761,0.100151,64.000000,0.099186,27.634284,0.990365,798.399038,91.661021
301,2.302218,0.279857,0.135462,64.000000,0.099186,27.799279,0.732205,800.701256,91.796483
302,2.316654,0.278605,0.148052,64.000000,0.099186,27.626051,0.669939,803.017910,91.944535
303,2.341253,0.278413,0.145420,64.000000,0.099186,27.335785,0.682067,805.359163,92.089955
304,2.393945,0.283765,0.002304,64.000000,0.099186,26.734119,43.041683,807.753108,92.092259
305,2.288629,0.285395,0.082781,64.000000,0.099186,27.964338,1.198167,810.041737,92.175041
306,2.142855,0.295779,0.212683,64.000000,0.099186,29.866701,0.466356,812.184592,92.387724
307,1.857091,0.289374,0.553704,64.000000,0.099186,34.462501,0.179132,814.041683,92.941428
308,2.419188,0.277665,0.027896,64.000000,0.099186,26.455157,3.555526,816.460871,92.969324
309,2.369856,0.279422,0.030465,64.000000,0.099186,27.005862,3.255708,818.830727,92.999790
310,2.021579,0.276570,0.390803,64.000000,0.099186,31.658419,0.253800,820.852306,93.390593
311,2.048319,0.276688,0.386542,64.000000,0.099186,31.245137,0.256598,822.900624,93.777135
312,2.224995,0.284613,0.195411,64.000000,0.099186,28.764109,0.507576,825.125619,93.972546
313,2.180007,0.278724,0.187919,64.000000,0.099186,29.357703,0.527813,827.305627,94.160465
314,2.420877,0.279520,0.020709,64.000000,0.099186,26.436706,4.789536,829.726503,94.181174
315,2.449728,0.278053,0.001332,64.000000,0.099186,26.125349,74.467500,832.176231,94.182506
316,2.330462,0.278904,0.087316,64.000000,0.099186,27.462369,1.135938,834.506693,94.269822
317,2.348821,0.278167,0.070507,64.000000,0.099186,27.247717,1.406756,836.855513,94.340329
318,2.254465,0.278053,0.099019,64.000000,0.099186,28.388115,1.001682,839.109978,94.439348
319,2.411303,0.286654,0.001336,64.000000,0.099186,26.541666,74.252480,841.521281,94.440684
320,2.324214,0.278529,0.099498,64.000000,0.099186,27.536185,0.996862,843.845496,94.540182
321,2.403134,0.284141,0.036493,64.000000,0.099186,26.631885,2.717935,846.248630,94.576676
322,2.217567,0.287545,0.171230,64.000000,0.099186,28.860456,0.579254,848.466197,94.747906
323,2.241709,0.278374,0.165306,64.000000,0.099186,28.549650,0.600016,850.707906,94.913212
324,2.172271,0.279123,0.195488,64.000000,0.099186,29.462255,0.507375,852.880177,95.108700
325,2.349152,0.281447,0.028135,64.000000,0.099186,27.243872,3.525314,855.229329,95.136835
326,2.141798,0.286822,0.223489,64.000000,0.099186,29.881431,0.443807,857.371127,95.360324
327,2.257716,0.279655,0.172990,64.000000,0.099186,28.347229,0.573362,859.628844,95.533314
328,2.286714,0.279860,0.097902,64.000000,0.099186,27.987765,1.013111,861.915557,95.631217
329,2.214603,0.278572,0.219210,64.000000,0.099186,28.899080,0.452470,864.130160,95.850427
330,2.111017,0.280207,0.239141,64.000000,0.099186,30.317139,0.414760,866.241178,96.089567
331,1.899030,0.276771,0.524405,64.000000,0.099186,33.701412,0.189140,868.140208,96.613972
332,2.321154,0.279913,0.089550,64.000000,0.099186,27.572493,1.107607,870.461362,96.703522
333,1.928438,0.282002,0.456587,64.000000,0.099186,33.187480,0.217233,872.389800,97.160109
334,2.300024,0.280887,0.131012,64.000000,0.099186,27.825800,0.757073,874.689823,97.291122
335,2.031896,0.286551,0.342744,64.000000,0.099186,31.497677,0.289388,876.721719,97.633865
336,2.393776,0.280836,0.103986,64.000000,0.099186,26.735999,0.953839,879.115496,97.737851
337,2.307220,0.285531,0.102848,64.000000,0.099186,27.739013,0.964396,881.422715,97.840699
338,2.303221,0.280659,0.076942,64.000000,0.099186,27.787177,1.289106,883.725936,97.917641
339,2.238142,0.279677,0.118038,64.000000,0.099186,28.595143,0.840289,885.964078,98.035678
340,2.293667,0.278300,0.073048,64.000000,0.099186,27.902920,1.357811,888.257745,98.108727
341,2.325629,0.280521,0.192504,64.000000,0.099186,27.519441,0.515240,890.583374,98.301231
342,2.260837,0.281775,0.146308,64.000000,0.099186,28.308105,0.677925,892.844210,98.447539
343,1.901835,0.310398,0.402699,64.000000,0.099186,33.651708,0.246303,894.746046,98.850239
344,2.315188,0.279140,0.157676,64.000000,0.099186,27.643539,0.629051,897.061234,99.007914
345,2.379455,0.279302,0.028085,64.000000,0.099186,26.896913,3.531617,899.440689,99.035999
346,2.310494,0.279438,0.107065,64.000000,0.099186,27.699705,0.926411,901.751183,99.143064
347,2.190868,0.268451,0.728420,64.000000,0.099186,29.212163,0.136166,903.942051,99.871484
348,2.395290,0.288167,0.001453,64.000000,0.099186,26.719105,68.273579,906.337341,99.872937
349,2.300255,0.283265,0.083721,64.000000,0.099186,27.823000,1.184714,908.637596,99.956658
350,2.308218,0.278544,0.108911,64.000000,0.099186,27.727019,0.910710,910.945814,100.065569
351,2.329380,0.283584,0.072255,64.000000,0.099186,27.475122,1.372726,913.275194,100.137824
352,2.278169,0.281372,0.128681,64.000000,0.099186,28.092740,0.770792,915.553363,100.266504
353,1.972741,0.278861,0.448148,64.000000,0.099186,32.442178,0.221324,917.526103,100.714652
354,2.300553,0.280865,0.112195,64.000000,0.099186,27.819402,0.884050,919.826656,100.826847
355,2.176782,0.293502,0.232275,64.000000,0.099186,29.401205,0.427019,922.003438,101.059122
356,2.299414,0.281192,0.117837,64.000000,0.099186,27.833178,0.841724,924.302852,101.176959
357,2.272629,0.279789,0.153698,64.000000,0.099186,28.161217,0.645330,926.575481,101.330657
358,2.407692,0.281412,0.082589,64.000000,0.099186,26.581475,1.200962,928.983172,101.413245
359,2.154693,0.282657,0.220609,64.000000,0.099186,29.702603,0.449600,931.137866,101.633855
360,2.249841,0.279461,0.166758,64.000000,0.099186,28.446450,0.594789,933.387707,101.800613
361,2.155678,0.290785,0.254312,64.000000,0.099186,29.689035,0.390017,935.543385,102.054925
362,2.281651,0.280674,0.201457,64.000000,0.099186,28.049858,0.492342,937.825037,102.256382
363,2.297021,0.282961,0.121856,64.000000,0.099186,27.862174,0.813962,940.122058,102.378238
364,2.289748,0.285906,0.085025,64.000000,0.099186,27.950674,1.166554,942.411806,102.463262
365,2.312294,0.279212,0.106252,64.000000,0.099186,27.678145,0.933493,944.724099,102.569515
366,2.154636,0.284516,0.323638,64.000000,0.099186,29.703387,0.306472,946.878736,102.893153
367,2.160183,0.280771,0.238138,64.000000,0.099186,29.627117,0.416506,949.038919,103.131291
368,2.225572,0.281484,0.151135,64.000000,0.099186,28.756654,0.656274,951.264491,103.282426
369,2.422123,0.282093,0.001361,64.000000,0.099186,26.423105,72.867189,953.686613,103.283787
370,2.229115,0.290250,0.113133,64.000000,0.099186,28.710944,0.876722,955.915729,103.396920
371,2.310969,0.281408,0.148526,64.000000,0.099186,27.694006,0.667802,958.226698,103.545446
372,2.313682,0.283256,0.107967,64.000000,0.099186,27.661534,0.918671,960.540380,103.653412
373,2.191431,0.286489,0.215362,64.000000,0.099186,29.204658,0.460555,962.731812,103.868774
374,2.017834,0.298345,0.321817,64.000000,0.099186,31.717183,0.308206,964.749645,104.190591
375,2.269519,0.288114,0.086977,64.000000,0.099186,28.199812,1.140376,967.019164,104.277568
376,1.850967,0.304917,0.598033,64.000000,0.099186,34.576515,0.165854,968.870131,104.875601
377,2.295205,0.289126,0.121322,64.000000,0.099186,27.884221,0.817540,971.165336,104.996923
378,2.318555,0.282765,0.099363,64.000000,0.099186,27.603399,0.998216,973.483891,105.096286
379,2.026853,0.284450,0.343179,64.000000,0.099186,31.576050,0.289021,975.510744,105.439465
380,2.329825,0.290506,0.113035,64.000000,0.099186,27.469876,0.877480,977.840569,105.552500
381,2.205679,0.283161,0.193490,64.000000,0.099186,29.016013,0.512615,980.046247,105.745990
382,2.091354,0.284802,0.294473,64.000000,0.099186,30.602184,0.336825,982.137601,106.040463
383,2.206926,0.283081,0.166330,64.000000,0.099186,28.999616,0.596320,984.344527,106.206793
384,2.307104,0.287353,0.055869,64.000000,0.099186,27.740401,1.775329,986.651631,106.262662
385,2.388686,0.284472,0.014707,64.000000,0.099186,26.792972,6.744009,989.040318,106.277369
386,2.315282,0.284202,0.090759,64.000000,0.099186,27.642424,1.092847,991.355599,106.368129
387,2.169949,0.313076,0.224631,64.000000,0.099186,29.493787,0.441551,993.525548,106.592759
388,2.258315,0.290457,0.288527,64.000000,0.099186,28.339719,0.343766,995.783863,106.881287
389,2.439593,0.282034,0.004764,64.000000,0.099186,26.233887,20.820412,998.223455,106.886050
390,2.037427,0.285076,0.344276,64.000000,0.099186,31.412162,0.288100,1000.260883,107.230326
391,2.301721,0.288963,0.124135,64.000000,0.099186,27.805281,0.799017,1002.562604,107.354461
392,2.333261,0.283539,0.021912,64.000000,0.099186,27.429423,4.526662,1004.895865,107.376373
393,2.338875,0.286351,0.056890,64.000000,0.099186,27.363579,1.743469,1007.234740,107.433263
394,2.351666,0.289101,0.068868,64.000000,0.099186,27.214754,1.440233,1009.586405,107.502131
395,2.419860,0.284482,0.076524,64.000000,0.099186,26.447816,1.296142,1012.006265,107.578655
396,2.187649,0.289562,0.219365,64.000000,0.099186,29.255155,0.452150,1014.193914,107.798020
397,2.202394,0.283173,0.219833,64.000000,0.099186,29.059290,0.451187,1016.396307,108.017853
398,2.178342,0.285427,0.205772,64.000000,0.099186,29.380143,0.482018,1018.574649,108.223625
399,2.013393,0.285198,0.340491,64.000000,0.099186,31.787139,0.291303,1020.588042,108.564116
400,2.193860,0.284266,0.221382,64.000000,0.099186,29.172326,0.448032,1022.781902,108.785498
401,2.244271,0.282720,0.232570,64.000000,0.099186,28.517059,0.426478,1025.026173,109.018068
402,2.326466,0.291324,0.085176,64.000000,0.099186,27.509536,1.164482,1027.352639,109.103244
403,2.081483,0.288058,0.215007,64.000000,0.099186,30.747309,0.461316,1029.434122,109.318250
404,2.348413,0.283174,0.189847,64.000000,0.099186,27.252452,0.522451,1031.782535,109.508098
405,2.183964,0.287731,0.268302,64.000000,0.099186,29.304510,0.369680,1033.966499,109.776400
406,2.415824,0.286600,0.001371,64.000000,0.099186,26.492001,72.334718,1036.382322,109.777771
407,2.359045,0.284731,0.113018,64.000000,0.099186,27.129628,0.877609,1038.741367,109.890790
408,2.331496,0.284495,0.143034,64.000000,0.099186,27.450187,0.693445,1041.072863,110.033823
409,1.912340,0.281523,0.446589,64.000000,0.099186,33.466845,0.222097,1042.985203,110.480412
410,2.317424,0.284632,0.115720,64.000000,0.099186,27.616875,0.857123,1045.302627,110.596132
411,2.345442,0.284384,0.028327,64.000000,0.099186,27.286969,3.501456,1047.648069,110.624459
412,2.315878,0.285553,0.017173,64.000000,0.099186,27.635305,5.775740,1049.963947,110.641632
413,2.155233,0.291429,0.229857,64.000000,0.099186,29.695167,0.431511,1052.119180,110.871489
414,2.101249,0.304631,0.322814,64.000000,0.099186,30.458081,0.307254,1054.220428,111.194303
415,2.367038,0.283261,0.146280,64.000000,0.099186,27.038008,0.678057,1056.587467,111.340583
416,2.336906,0.284347,0.005626,64.000000,0.099186,27.386634,17.629421,1058.924373,111.346209
417,2.191253,0.290300,0.211792,64.000000,0.099186,29.207029,0.468317,1061.115626,111.558001
418,2.034495,0.285832,0.357230,64.000000,0.099186,31.457432,0.277653,1063.150122,111.915231
419,2.200660,0.287316,0.180552,64.000000,0.099186,29.082181,0.549348,1065.350782,112.095783
420,2.192187,0.286354,0.248071,64.000000,0.099186,29.194590,0.399829,1067.542969,112.343854
421,2.199130,0.285504,0.183171,64.000000,0.099186,29.102420,0.541493,1069.742099,112.527025
422,2.082677,0.286664,0.296059,64.000000,0.099186,30.729684,0.335020,1071.824776,112.823084
423,2.136212,0.290992,0.255989,64.000000,0.099186,29.959578,0.387462,1073.960987,113.079073
424,2.131853,0.284574,0.283592,64.000000,0.099186,30.020827,0.349749,1076.092841,113.362665
425,2.311397,0.285450,0.090642,64.000000,0.099186,27.688879,1.094266,1078.404238,113.453307
426,2.122133,0.286985,0.230130,64.000000,0.099186,30.158335,0.431000,1080.526371,113.683436
427,2.443033,0.285165,0.003157,64.000000,0.099186,26.196943,31.421944,1082.969404,113.686593
428,2.190564,0.287558,0.266314,64.000000,0.099186,29.216222,0.372440,1085.159968,113.952906
429,2.377298,0.292458,0.045933,64.000000,0.099186,26.921316,2.159346,1087.537266,113.998840
430,2.158076,0.285264,0.209928,64.000000,0.099186,29.656050,0.472476,1089.695342,114.208768
431,2.086867,0.288571,0.306650,64.000000,0.099186,30.667980,0.323450,1091.782209,114.515418
432,2.419913,0.293117,0.001388,64.000000,0.099186,26.447231,71.436608,1094.202122,114.516806
433,2.358200,0.285532,0.119946,64.000000,0.099186,27.139346,0.826925,1096.560322,114.636752
434,2.322018,0.286878,0.057983,64.000000,0.099186,27.562236,1.710605,1098.882340,114.694735
435,2.346398,0.293187,0.048787,64.000000,0.099186,27.275848,2.033049,1101.228738,114.743522
436,2.287395,0.291730,0.096059,64.000000,0.099186,27.979424,1.032553,1103.516133,114.839581
437,2.298253,0.287131,0.126757,64.000000,0.099186,27.847234,0.782486,1105.814387,114.966338
438,2.313130,0.289049,0.155558,64.000000,0.099186,27.668137,0.637615,1108.127517,115.121896
439,2.193504,0.288547,0.232455,64.000000,0.099186,29.177059,0.426689,1110.321021,115.354351
440,2.276551,0.289969,0.144760,64.000000,0.099186,28.112707,0.685173,1112.597571,115.499111
441,2.476054,0.290977,0.004615,64.000000,0.099186,25.847575,21.493299,1115.073626,115.503726
442,2.307510,0.287114,0.097788,64.000000,0.099186,27.735523,1.014299,1117.381136,115.601513
443,2.045890,0.324946,0.305392,64.000000,0.099186,31.282227,0.324783,1119.427026,115.906905
444,2.312224,0.290201,0.073764,64.000000,0.099186,27.678978,1.344645,1121.739250,115.980669
445,2.198379,0.292775,0.240185,64.000000,0.099186,29.112365,0.412956,1123.937629,116.220854
446,2.324269,0.294593,0.096187,64.000000,0.099186,27.535534,1.031177,1126.261898,116.317041
447,2.288728,0.288366,0.171439,64.000000,0.099186,27.963131,0.578548,1128.550626,116.488480
448,1.723244,0.277405,0.770804,64.000000,0.099186,37.139252,0.128678,1130.273870,117.259285
449,2.432788,0.291631,0.001478,64.000000,0.099186,26.307264,67.090876,1132.706658,117.260763
450,2.268627,0.288804,0.212424,64.000000,0.099186,28.210896,0.466925,1134.975285,117.473187
451,2.277909,0.288837,0.069751,64.000000,0.099186,28.095943,1.422001,1137.253194,117.542938
452,2.305149,0.289757,0.050267,64.000000,0.099186,27.763934,1.973201,1139.558343,117.593205
453,2.292560,0.288883,0.138652,64.000000,0.099186,27.916386,0.715358,1141.850903,117.731857
454,2.366031,0.287874,0.043430,64.000000,0.099186,27.049516,2.283807,1144.216935,117.775287
455,2.051013,0.296412,0.250004,64.000000,0.099186,31.204086,0.396738,1146.267948,118.025290
456,2.361647,0.296567,0.023258,64.000000,0.099186,27.099727,4.264526,1148.629596,118.048549
457,2.323526,0.288959,0.080910,64.000000,0.099186,27.544345,1.225876,1150.953122,118.129459
458,2.280285,0.295481,0.137720,64.000000,0.099186,28.066666,0.720201,1153.233407,118.267179
459,1.965164,0.314564,0.465372,64.000000,0.099186,32.567256,0.213132,1155.198571,118.732551
460,2.465052,0.292501,0.023603,64.000000,0.099186,25.962938,4.202210,1157.663623,118.756155
461,2.049593,0.295966,0.303904,64.000000,0.099186,31.225712,0.326373,1159.713216,119.060058
462,2.203577,0.291426,0.159767,64.000000,0.099186,29.043685,0.620818,1161.916793,119.219825
463,2.251138,0.294816,0.115280,64.000000,0.099186,28.430068,0.860395,1164.167931,119.335104
464,2.139473,0.296388,0.236767,64.000000,0.099186,29.913906,0.418919,1166.307404,119.571871
465,2.066770,0.291438,0.341426,64.000000,0.099186,30.966196,0.290505,1168.374174,119.913297
466,2.172087,0.289350,0.233498,64.000000,0.099186,29.464748,0.424782,1170.546261,120.146796
467,2.257002,0.291094,0.066236,64.000000,0.099186,28.356204,1.497472,1172.803263,120.213031
468,2.300278,0.290792,0.088889,64.000000,0.099186,27.822725,1.115846,1175.103541,120.301920
469,2.086516,0.293539,0.263672,64.000000,0.099186,30.673136,0.376172,1177.190057,120.565592
470,2.387752,0.289007,0.001381,64.000000,0.099186,26.803455,71.825676,1179.577809,120.566973
471,2.333694,0.289798,0.050858,64.000000,0.099186,27.424331,1.950263,1181.911503,120.617831
472,2.323134,0.297052,0.087606,64.000000,0.099186,27.548994,1.132184,1184.234637,120.705436
473,2.052376,0.291370,0.317585,64.000000,0.099186,31.183377,0.312313,1186.287013,121.023021
474,2.373987,0.296022,0.001347,64.000000,0.099186,26.958870,73.620164,1188.660999,121.024369
475,2.220643,0.291238,0.203457,64.000000,0.099186,28.820483,0.487503,1190.881642,121.227826
476,2.335799,0.292318,0.044455,64.000000,0.099186,27.399623,2.231160,1193.217441,121.272280
477,2.233312,0.288374,0.104866,64.000000,0.099186,28.656994,0.945834,1195.450752,121.377147
478,2.283061,0.289775,0.197494,64.000000,0.099186,28.032542,0.502223,1197.733813,121.574641
479,1.875876,0.313327,0.452397,64.000000,0.099186,34.117390,0.219245,1199.609689,122.027038
480,2.360144,0.297942,0.003333,64.000000,0.099186,27.116995,29.761857,1201.969833,122.030370
481,2.327362,0.296789,0.048425,64.000000,0.099186,27.498951,2.048245,1204.297195,122.078795
482,2.329689,0.293340,0.041108,64.000000,0.099186,27.471482,2.412802,1206.626883,122.119903
483,1.814733,0.295516,0.488494,64.000000,0.099186,35.266894,0.203044,1208.441616,122.608397
484,1.947961,0.288584,0.471640,64.000000,0.099186,32.854861,0.210300,1210.389578,123.080038
485,2.259237,0.292208,0.124692,64.000000,0.099186,28.328146,0.795447,1212.648815,123.204730
486,1.888863,0.289943,0.489036,64.000000,0.099186,33.882814,0.202819,1214.537678,123.693766
487,2.152791,0.293175,0.268191,64.000000,0.099186,29.728851,0.369833,1216.690469,123.961957
488,2.209341,0.292178,0.124503,64.000000,0.099186,28.967916,0.796657,1218.899810,124.086459
489,2.362539,0.293000,0.025476,64.000000,0.099186,27.089496,3.893337,1221.262349,124.111935
490,2.114622,0.298825,0.268916,64.000000,0.099186,30.265455,0.368836,1223.376971,124.380851
491,2.253837,0.292677,0.199562,64.000000,0.099186,28.396017,0.497018,1225.630808,124.580414
492,2.203871,0.292261,0.144384,64.000000,0.099186,29.039809,0.686960,1227.834680,124.724797
493,2.335155,0.296501,0.036545,64.000000,0.099186,27.407170,2.714058,1230.169835,124.761343
494,2.026249,0.300622,0.357035,64.000000,0.099186,31.585453,0.277804,1232.196084,125.118378
495,2.214088,0.293065,0.175064,64.000000,0.099186,28.905808,0.566570,1234.410172,125.293442
496,1.987521,0.294322,0.465533,64.000000,0.099186,32.200916,0.213059,1236.397693,125.758975
497,2.301863,0.293391,0.113224,64.000000,0.099186,27.803564,0.876013,1238.699556,125.872199
498,2.379968,0.295265,0.040411,64.000000,0.099186,26.891123,2.454428,1241.079524,125.912610
499,2.408089,0.293252,0.001440,64.000000,0.099186,26.577089,68.886303,1243.487613,125.914050
500,2.145610,0.293264,0.249483,64.000000,0.099186,29.828353,0.397566,1245.633223,126.163533
501,2.374774,0.294774,0.040429,64.000000,0.099186,26.949935,2.453337,1248.007997,126.203962
502,2.169278,0.293619,0.269195,64.000000,0.099186,29.502898,0.368454,1250.177275,126.473157
503,2.354868,0.294617,0.036801,64.000000,0.099186,27.177748,2.695213,1252.532143,126.509958
504,2.123886,0.291116,0.201417,64.000000,0.099186,30.133445,0.492441,1254.656029,126.711375
505,2.366245,0.294576,0.039438,64.000000,0.099186,27.047069,2.514959,1257.022274,126.750814
506,2.322711,0.292145,0.122222,64.000000,0.099186,27.554013,0.811521,1259.344985,126.873036
507,2.345011,0.300518,0.065112,64.000000,0.099186,27.291986,1.523322,1261.689995,126.938148
508,2.187752,0.310406,0.154578,64.000000,0.099186,29.253776,0.641656,1263.877747,127.092726
509,2.111676,0.292390,0.247816,64.000000,0.099186,30.307687,0.400240,1265.989423,127.340542
510,2.243089,0.297259,0.135229,64.000000,0.099186,28.532086,0.733468,1268.232511,127.475771
511,2.311741,0.294504,0.086961,64.000000,0.099186,27.684759,1.140578,1270.544253,127.562732
512,2.403741,0.294046,0.054894,64.000000,0.099186,26.625163,1.806848,1272.947994,127.617626
513,1.992971,0.298229,0.409898,64.000000,0.099186,32.112860,0.241977,1274.940965,128.027525
514,2.241383,0.296356,0.128215,64.000000,0.099186,28.553802,0.773593,1277.182348,128.155739
515,2.227184,0.295018,0.219569,64.000000,0.099186,28.735833,0.451730,1279.409532,128.375308
516,2.444610,0.296301,0.001344,64.000000,0.099186,26.180041,73.780620,1281.854142,128.376652
517,2.207257,0.294345,0.144191,64.000000,0.099186,28.995270,0.687878,1284.061399,128.520844
518,2.334536,0.296288,0.036252,64.000000,0.099186,27.414441,2.736036,1286.395935,128.557095
519,1.984221,0.291804,0.412509,64.000000,0.099186,32.254474,0.240445,1288.380156,128.969604
520,2.168026,0.301393,0.168554,64.000000,0.099186,29.519938,0.588452,1290.548182,129.138158
521,1.819556,0.295908,0.617383,64.000000,0.099186,35.173410,0.160655,1292.367738,129.755542
522,2.146894,0.295008,0.210873,64.000000,0.099186,29.810505,0.470359,1294.514632,129.966414
523,2.389193,0.299512,0.001379,64.000000,0.099186,26.787284,71.905240,1296.903826,129.967794
524,2.281738,0.291920,0.055194,64.000000,0.099186,28.048795,1.797042,1299.185564,130.022988
525,2.296073,0.293334,0.069794,64.000000,0.099186,27.873675,1.421115,1301.481637,130.092782
526,2.148380,0.293046,0.168543,64.000000,0.099186,29.789892,0.588490,1303.630017,130.261325
527,2.032452,0.296132,0.293965,64.000000,0.099186,31.489058,0.337408,1305.662469,130.555290
528,1.900206,0.305763,0.449913,64.000000,0.099186,33.680565,0.220456,1307.562674,131.005203
529,2.437918,0.299566,0.001461,64.000000,0.099186,26.251911,67.888753,1310.000592,131.006664
530,2.391656,0.295064,0.019090,64.000000,0.099186,26.759696,5.195650,1312.392249,131.025754
531,2.204706,0.294234,0.143646,64.000000,0.099186,29.028814,0.690487,1314.596955,131.169401
532,2.124387,0.296682,0.290074,64.000000,0.099186,30.126332,0.341934,1316.721342,131.459474
533,2.256642,0.299293,0.143804,64.000000,0.099186,28.360723,0.689731,1318.977984,131.603278
534,2.314687,0.293943,0.067550,64.000000,0.099186,27.649521,1.468333,1321.292671,131.670828
535,2.266587,0.296844,0.155926,64.000000,0.099186,28.236283,0.636110,1323.559259,131.826754
536,2.148619,0.298182,0.221784,64.000000,0.099186,29.786569,0.447219,1325.707878,132.048538
537,2.092966,0.293103,0.183170,64.000000,0.099186,30.578619,0.541498,1327.800844,132.231707
538,2.311473,0.294382,0.112102,64.000000,0.099186,27.687978,0.884780,1330.112316,132.343810
539,2.286136,0.298377,0.154299,64.000000,0.099186,27.994831,0.642817,1332.398453,132.498108
540,2.320828,0.293128,0.158475,64.000000,0.099186,27.576367,0.625877,1334.719280,132.656584
541,2.252190,0.295376,0.150724,64.000000,0.099186,28.416790,0.658064,1336.971470,132.807308
542,2.301000,0.296192,0.134898,64.000000,0.099186,27.813991,0.735266,1339.272470,132.942206
543,2.227052,0.299886,0.161139,64.000000,0.099186,28.737537,0.615531,1341.499523,133.103345
544,2.346740,0.303817,0.077006,64.000000,0.099186,27.271878,1.288022,1343.846262,133.180351
545,2.314639,0.291147,0.061806,64.000000,0.099186,27.650103,1.604798,1346.160901,133.242157
546,2.260994,0.292828,0.167326,64.000000,0.099186,28.306138,0.592771,1348.421895,133.409483
547,2.302958,0.294230,0.117076,64.000000,0.099186,27.790345,0.847193,1350.724853,133.526559
548,2.114049,0.299646,0.299931,64.000000,0.099186,30.273663,0.330696,1352.838902,133.826489
549,2.054245,0.296471,0.382768,64.000000,0.099186,31.155000,0.259128,1354.893147,134.209257
550,2.252225,0.293392,0.168030,64.000000,0.099186,28.416343,0.590288,1357.145372,134.377287
551,2.367625,0.295886,0.047153,64.000000,0.099186,27.031313,2.103477,1359.512996,134.424440
552,2.252317,0.294599,0.974914,64.000000,0.099186,28.415178,0.101738,1361.765314,135.399354
553,1.527384,0.310599,0.071716,64.000000,0.099186,41.901705,1.383036,1363.292698,135.471070
554,2.262799,0.297566,0.121003,64.000000,0.099186,28.283550,0.819699,1365.555497,135.592073
555,2.120881,0.297591,0.294511,64.000000,0.099186,30.176146,0.336781,1367.676378,135.886584
556,2.404338,0.296942,0.003080,64.000000,0.099186,26.618555,32.207767,1370.080715,135.889664
557,2.333901,0.295160,0.026245,64.000000,0.099186,27.421896,3.779277,1372.414617,135.915909
558,2.194004,0.296097,0.229155,64.000000,0.099186,29.170410,0.432833,1374.608621,136.145064
559,2.206186,0.295383,0.240718,64.000000,0.099186,29.009341,0.412043,1376.814807,136.385781
560,2.097451,0.294656,0.256011,64.000000,0.099186,30.513227,0.387429,1378.912258,136.641792
561,2.317712,0.300029,0.055920,64.000000,0.099186,27.613438,1.773723,1381.229970,136.697711
562,2.005739,0.298506,0.405347,64.000000,0.099186,31.908435,0.244694,1383.235709,137.103058
563,2.409102,0.295709,0.100840,64.000000,0.099186,26.565915,0.983601,1385.644811,137.203897
564,1.974178,0.301893,0.441679,64.000000,0.099186,32.418557,0.224566,1387.618989,137.645577
565,2.293787,0.301433,0.180808,64.000000,0.099186,27.901460,0.548570,1389.912776,137.826385
566,2.291178,0.299841,0.047362,64.000000,0.099186,27.933228,2.094216,1392.203954,137.873747
567,2.414986,0.295634,0.001322,64.000000,0.099186,26.501185,75.031502,1394.618940,137.875069
568,2.141289,0.294872,0.268031,64.000000,0.099186,29.888533,0.370055,1396.760230,138.143099
569,2.321737,0.299896,0.071043,64.000000,0.099186,27.565574,1.396142,1399.081966,138.214142
570,2.119427,0.292478,0.253892,64.000000,0.099186,30.196838,0.390662,1401.201394,138.468034
571,1.976237,0.293756,0.454244,64.000000,0.099186,32.384772,0.218354,1403.177631,138.922278
572,2.300328,0.294346,0.124220,64.000000,0.099186,27.822114,0.798471,1405.477959,139.046498
573,2.270649,0.293774,0.187218,64.000000,0.099186,28.185773,0.529788,1407.748609,139.233716
574,2.271521,0.301838,0.107680,64.000000,0.099186,28.174957,0.921116,1410.020129,139.341396
575,2.118067,0.300340,0.229623,64.000000,0.099186,30.216229,0.431952,1412.138196,139.571019
576,2.079901,0.295926,0.213980,64.000000,0.099186,30.770695,0.463529,1414.218097,139.784999
577,2.399526,0.301250,0.040412,64.000000,0.099186,26.671932,2.454363,1416.617624,139.825411
578,2.174449,0.294271,0.129764,64.000000,0.099186,29.432745,0.764354,1418.792073,139.955176
579,2.250115,0.295903,0.168499,64.000000,0.099186,28.442989,0.588645,1421.042188,140.123675
580,2.005919,0.300353,0.538287,64.000000,0.099186,31.905571,0.184262,1423.048107,140.661962
581,2.209339,0.293037,0.232076,64.000000,0.099186,28.967939,0.427385,1425.257446,140.894038
582,2.171268,0.294428,0.202569,64.000000,0.099186,29.475867,0.489639,1427.428714,141.096607
583,2.642151,0.294463,0.185922,64.000000,0.099186,24.222691,0.533481,1430.070865,141.282529
584,2.063877,0.297901,0.367848,64.000000,0.099186,31.009599,0.269638,1432.134742,141.650378
585,2.343689,0.294937,0.102234,64.000000,0.099186,27.307382,0.970184,1434.478430,141.752612
586,1.944714,0.298412,0.401909,64.000000,0.099186,32.909728,0.246787,1436.423144,142.154522
587,2.297916,0.294785,0.055703,64.000000,0.099186,27.851323,1.780618,1438.721060,142.210225
588,2.168762,0.296134,0.243677,64.000000,0.099186,29.509924,0.407039,1440.889822,142.453901
589,2.180800,0.295204,0.262995,64.000000,0.099186,29.347034,0.377140,1443.070621,142.716896
590,2.285988,0.296378,0.063855,64.000000,0.099186,27.996651,1.553310,1445.356609,142.780751
591,2.286485,0.297782,0.133368,64.000000,0.099186,27.990564,0.743699,1447.643094,142.914119
592,2.196334,0.296182,0.174290,64.000000,0.099186,29.139464,0.569087,1449.839428,143.088409
593,2.412206,0.294523,0.001497,64.000000,0.099186,26.531732,66.254617,1452.251634,143.089906
594,2.307601,0.291437,0.062136,64.000000,0.099186,27.734432,1.596259,1454.559235,143.152042
595,2.335268,0.299197,0.041886,64.000000,0.099186,27.405853,2.367973,1456.894502,143.193929
596,2.330393,0.294826,0.105018,64.000000,0.099186,27.463178,0.944463,1459.224895,143.298947
597,2.336216,0.294418,0.088765,64.000000,0.099186,27.394727,1.117405,1461.561111,143.387712
598,2.095620,0.296134,0.280825,64.000000,0.099186,30.539892,0.353195,1463.656731,143.668536
599,2.338280,0.297613,0.144551,64.000000,0.099186,27.370545,0.686168,1465.995011,143.813087
600,2.092995,0.295681,0.257457,64.000000,0.099186,30.578184,0.385253,1468.088007,144.070544
601,2.322065,0.301100,0.052656,64.000000,0.099186,27.561676,1.883649,1470.410072,144.123200
602,2.078115,0.294445,0.300633,64.000000,0.099186,30.797144,0.329924,1472.488186,144.423833
603,2.324646,0.292400,0.046983,64.000000,0.099186,27.531079,2.111083,1474.812832,144.470817
604,2.194647,0.293714,0.312994,64.000000,0.099186,29.161869,0.316894,1477.007479,144.783811
605,2.315817,0.295604,0.055592,64.000000,0.099186,27.636036,1.784184,1479.323296,144.839403
606,2.419250,0.296149,0.001344,64.000000,0.099186,26.454483,73.773047,1481.742545,144.840747
607,2.287202,0.294801,0.069784,64.000000,0.099186,27.981786,1.421337,1484.029747,144.910531
608,2.184727,0.299934,0.176630,64.000000,0.099186,29.294274,0.561548,1486.214475,145.087161
609,2.309238,0.293795,0.049750,64.000000,0.099186,27.714775,1.993702,1488.523712,145.136910
610,2.057077,0.294618,0.325471,64.000000,0.099186,31.112101,0.304746,1490.580789,145.462381
611,2.357972,0.293451,0.040499,64.000000,0.099186,27.141962,2.449116,1492.938762,145.502880
612,1.996883,0.312761,0.451197,64.000000,0.099186,32.049949,0.219828,1494.935645,145.954077
613,2.467347,0.294392,0.001371,64.000000,0.099186,25.938789,72.329970,1497.402992,145.955448
614,2.137684,0.292333,0.263858,64.000000,0.099186,29.938945,0.375907,1499.540676,146.219306
615,2.203148,0.294488,0.153646,64.000000,0.099186,29.049336,0.645550,1501.743825,146.372951
616,2.232066,0.294008,0.085521,64.000000,0.099186,28.672991,1.159782,1503.975890,146.458472
617,2.342516,0.293961,0.094228,64.000000,0.099186,27.321057,1.052620,1506.318406,146.552700
618,2.107110,0.302465,0.307429,64.000000,0.099186,30.373360,0.322631,1508.425515,146.860129
619,2.187556,0.296217,0.189219,64.000000,0.099186,29.256398,0.524187,1510.613071,147.049347
620,2.312131,0.298602,0.059121,64.000000,0.099186,27.680094,1.677664,1512.925202,147.108469
621,2.349081,0.301837,0.061555,64.000000,0.099186,27.244698,1.611331,1515.274283,147.170024
622,2.073168,0.293413,0.340811,64.000000,0.099186,30.870633,0.291029,1517.347451,147.510835
623,2.034581,0.295959,0.332520,64.000000,0.099186,31.456110,0.298286,1519.382031,147.843355
624,2.277032,0.294711,0.054026,64.000000,0.099186,28.106767,1.835899,1521.659063,147.897381
625,2.080176,0.296902,0.276505,64.000000,0.099186,30.766631,0.358713,1523.739239,148.173886
626,2.207863,0.294064,0.191901,64.000000,0.099186,28.987310,0.516861,1525.947102,148.365787
627,1.799079,0.289155,0.654843,64.000000,0.099186,35.573752,0.151465,1527.746181,149.020630
628,2.352833,0.295117,0.029550,64.000000,0.099186,27.201245,3.356564,1530.099014,149.050179
629,2.169214,0.296962,0.212789,64.000000,0.099186,29.503769,0.466123,1532.268229,149.262968
630,2.119511,0.292689,0.260197,64.000000,0.099186,30.195646,0.381196,1534.387740,149.523165
631,2.257544,0.291838,0.140471,64.000000,0.099186,28.349394,0.706093,1536.645283,149.663637
632,2.228449,0.294592,0.141609,64.000000,0.099186,28.719526,0.700422,1538.873732,149.805245
633,2.063917,0.309424,0.308984,64.000000,0.099186,31.009001,0.321006,1540.937649,150.114230
634,2.309862,0.293848,0.089092,64.000000,0.099186,27.707285,1.113299,1543.247511,150.203322
635,2.162018,0.292943,0.152708,64.000000,0.099186,29.601976,0.649513,1545.409529,150.356030
636,1.981909,0.297941,0.315857,64.000000,0.099186,32.292094,0.314022,1547.391438,150.671886
637,2.386418,0.297845,0.128118,64.000000,0.099186,26.818432,0.774179,1549.777857,150.800004
638,2.097359,0.295485,0.434301,64.000000,0.099186,30.514573,0.228381,1551.875215,151.234305
639,2.334007,0.296626,0.037111,64.000000,0.099186,27.420652,2.672656,1554.209222,151.271416
640,2.179575,0.296940,0.169007,64.000000,0.099186,29.363518,0.586875,1556.388798,151.440423
641,2.280894,0.294951,0.158021,64.000000,0.099186,28.059172,0.627675,1558.669692,151.598444
642,2.084761,0.296633,0.352042,64.000000,0.099186,30.698968,0.281745,1560.754453,151.950486
643,1.955788,0.294452,0.509969,64.000000,0.099186,32.723382,0.194494,1562.710241,152.460455
644,2.230171,0.294724,0.116414,64.000000,0.099186,28.697348,0.852007,1564.940412,152.576869
645,2.330701,0.296791,0.127149,64.000000,0.099186,27.459555,0.780078,1567.271112,152.704018
646,2.296387,0.300368,0.074641,64.000000,0.099186,27.869873,1.328836,1569.567499,152.778659
647,2.020744,0.297993,0.302271,64.000000,0.099186,31.671496,0.328136,1571.588243,153.080930
648,2.392989,0.293811,0.064646,64.000000,0.099186,26.744798,1.534293,1573.981232,153.145576
649,1.914521,0.313239,0.455182,64.000000,0.099186,33.428728,0.217904,1575.895753,153.600758
650,2.402200,0.299922,0.018436,64.000000,0.099186,26.642240,5.380155,1578.297953,153.619193
651,2.169529,0.300326,0.210875,64.000000,0.099186,29.499496,0.470354,1580.467482,153.830068
652,2.360610,0.296551,0.051458,64.000000,0.099186,27.111631,1.927525,1582.828092,153.881526
653,2.139436,0.297126,0.243038,64.000000,0.099186,29.914425,0.408108,1584.967528,154.124564
654,2.076197,0.293717,0.270292,64.000000,0.099186,30.825585,0.366958,1587.043726,154.394856
655,2.342517,0.294523,0.043564,64.000000,0.099186,27.321043,2.276791,1589.386243,154.438420
656,2.301482,0.298222,0.071343,64.000000,0.099186,27.808166,1.390270,1591.687725,154.509763
657,2.278330,0.294464,0.155814,64.000000,0.099186,28.090756,0.636567,1593.966054,154.665577
658,2.110074,0.293013,0.356874,64.000000,0.099186,30.330693,0.277930,1596.076128,155.022452
659,2.331185,0.293237,0.149524,64.000000,0.099186,27.453850,0.663344,1598.407313,155.171976
660,2.349969,0.295544,0.084341,64.000000,0.099186,27.234407,1.176007,1600.757282,155.256317
661,2.349185,0.293919,0.081152,64.000000,0.099186,27.243488,1.222218,1603.106467,155.337469
662,2.043317,0.292632,0.418021,64.000000,0.099186,31.321618,0.237275,1605.149784,155.755490
663,2.579564,0.294616,0.001373,64.000000,0.099186,24.810399,72.255675,1607.729348,155.756863
664,1.969921,0.295335,0.437997,64.000000,0.099186,32.488612,0.226453,1609.699269,156.194860
665,2.449329,0.297019,0.003897,64.000000,0.099186,26.129606,25.451042,1612.148598,156.198757
666,2.398145,0.295015,0.046245,64.000000,0.099186,26.687297,2.144788,1614.546742,156.245002
667,2.395294,0.296256,0.001353,64.000000,0.099186,26.719059,73.315044,1616.942036,156.246355
668,2.161133,0.298322,0.158744,64.000000,0.099186,29.614091,0.624816,1619.103170,156.405099
669,2.347700,0.293731,0.001373,64.000000,0.099186,27.260720,72.240835,1621.450870,156.406472
670,1.963608,0.294700,0.530583,64.000000,0.099186,32.593063,0.186938,1623.414478,156.937055
671,2.425474,0.303292,0.001314,64.000000,0.099186,26.386599,75.508915,1625.839952,156.938369
672,2.213819,0.299125,0.167462,64.000000,0.099186,28.909322,0.592290,1628.053770,157.105830
673,2.412135,0.295691,0.010729,64.000000,0.099186,26.532509,9.245034,1630.465906,157.116559
674,2.290035,0.296563,0.075434,64.000000,0.099186,27.947171,1.314878,1632.755941,157.191993
675,2.224751,0.292473,0.170084,64.000000,0.099186,28.767269,0.583159,1634.980691,157.362076
676,2.171188,0.302098,0.235748,64.000000,0.099186,29.476944,0.420728,1637.151880,157.597825
677,2.115634,0.300425,0.254410,64.000000,0.099186,30.250986,0.389867,1639.267513,157.852235
678,2.361753,0.293283,0.056207,64.000000,0.099186,27.098517,1.764661,1641.629266,157.908442
679,2.360735,0.292307,0.001346,64.000000,0.099186,27.110203,73.705672,1643.990001,157.909787
680,2.286029,0.297254,0.138629,64.000000,0.099186,27.996141,0.715475,1646.276030,158.048417
681,2.346894,0.299929,0.099259,64.000000,0.099186,27.270080,0.999263,1648.622925,158.147676
682,2.307061,0.295319,0.081325,64.000000,0.099186,27.740918,1.219628,1650.929986,158.229001
683,2.262611,0.295307,0.132331,64.000000,0.099186,28.285899,0.749532,1653.192597,158.361331
684,2.299343,0.300801,0.080113,64.000000,0.099186,27.834034,1.238076,1655.491941,158.441444
685,2.236580,0.293919,0.253946,64.000000,0.099186,28.615120,0.390579,1657.728520,158.695390
686,2.366135,0.294499,0.001407,64.000000,0.099186,27.048334,70.489018,1660.094655,158.696797
687,2.340448,0.293657,0.079352,64.000000,0.099186,27.345195,1.249952,1662.435103,158.776149
688,2.295837,0.294174,0.098190,64.000000,0.099186,27.876546,1.010140,1664.730940,158.874339
689,2.186582,0.298743,0.217023,64.000000,0.099186,29.269427,0.457029,1666.917522,159.091362
690,2.366759,0.297321,0.040611,64.000000,0.099186,27.041203,2.442319,1669.284280,159.131974
691,2.330238,0.299180,0.046191,64.000000,0.099186,27.465002,2.147308,1671.614519,159.178164
692,2.008652,0.304692,0.394855,64.000000,0.099186,31.862162,0.251196,1673.623171,159.573020
693,2.285985,0.300733,0.127699,64.000000,0.099186,27.996687,0.776717,1675.909155,159.700718
694,2.057417,0.294059,0.285460,64.000000,0.099186,31.106962,0.347460,1677.966573,159.986179
695,2.262175,0.301814,0.070846,64.000000,0.099186,28.291358,1.400014,1680.228748,160.057025
696,2.319692,0.294457,0.070963,64.000000,0.099186,27.589866,1.397711,1682.548440,160.127988
697,2.251671,0.294118,0.131163,64.000000,0.099186,28.423334,0.756205,1684.800111,160.259151
698,2.403032,0.299462,0.031236,64.000000,0.099186,26.633016,3.175401,1687.203143,160.290387
699,2.322338,0.295076,0.057753,64.000000,0.099186,27.558437,1.717426,1689.525481,160.348139
700,2.249071,0.295430,0.177883,64.000000,0.099186,28.456193,0.557591,1691.774552,160.526022
701,2.338014,0.295996,0.070533,64.000000,0.099186,27.373664,1.406232,1694.112566,160.596555
702,2.347176,0.294061,0.069215,64.000000,0.099186,27.266810,1.433008,1696.459742,160.665770
703,2.160370,0.295193,0.180484,64.000000,0.099186,29.624557,0.549556,1698.620112,160.846254
704,2.307274,0.294381,0.051945,64.000000,0.099186,27.738363,1.909425,1700.927386,160.898200
705,2.361324,0.294797,0.014957,64.000000,0.099186,27.103444,6.631520,1703.288709,160.913156
706,2.315074,0.293017,0.082219,64.000000,0.099186,27.644907,1.206356,1705.603783,160.995376
707,2.162282,0.293197,0.252276,64.000000,0.099186,29.598360,0.393165,1707.766065,161.247652
708,1.911943,0.300725,0.450446,64.000000,0.099186,33.473804,0.220195,1709.678008,161.698098
709,1.892381,0.303476,0.469756,64.000000,0.099186,33.819830,0.211143,1711.570389,162.167854
710,2.345027,0.292629,0.027978,64.000000,0.099186,27.291792,3.545083,1713.915416,162.195833
711,2.264770,0.296764,0.160156,64.000000,0.099186,28.258941,0.619308,1716.180186,162.355989
712,2.392574,0.298760,0.001306,64.000000,0.099186,26.749438,75.939264,1718.572760,162.357295
713,2.904541,0.298627,0.333219,64.000000,0.099186,22.034463,0.297660,1721.477300,162.690514
714,2.119443,0.312711,0.269319,64.000000,0.099186,30.196609,0.368284,1723.596744,162.959833
715,1.992415,0.295773,0.375678,64.000000,0.099186,32.121815,0.264019,1725.589159,163.335511
716,2.202523,0.300817,0.238747,64.000000,0.099186,29.057589,0.415445,1727.791682,163.574257
717,2.333284,0.292594,0.055207,64.000000,0.099186,27.429147,1.796626,1730.124966,163.629464
718,2.260240,0.300714,0.065696,64.000000,0.099186,28.315578,1.509781,1732.385206,163.695160
719,2.206611,0.296471,0.233318,64.000000,0.099186,29.003755,0.425110,1734.591817,163.928478
720,2.479217,0.298951,0.001405,64.000000,0.099186,25.814602,70.595078,1737.071034,163.929883
721,2.437381,0.295156,0.001362,64.000000,0.099186,26.257687,72.845943,1739.508415,163.931244
722,2.228795,0.294631,0.764556,64.000000,0.099186,28.715074,0.129730,1741.737210,164.695800
723,1.772722,0.292887,0.081784,64.000000,0.099186,36.102668,1.212773,1743.509932,164.777584
724,2.355420,0.293939,0.043016,64.000000,0.099186,27.171370,2.305781,1745.865353,164.820601
725,2.248540,0.296026,0.122585,64.000000,0.099186,28.462913,0.809121,1748.113893,164.943185
726,2.270510,0.295658,0.113983,64.000000,0.099186,28.187503,0.870179,1750.384402,165.057169
727,2.086902,0.294467,0.288713,64.000000,0.099186,30.667461,0.343545,1752.471305,165.345882
728,2.431698,0.299041,0.001321,64.000000,0.099186,26.319056,75.109400,1754.903003,165.347202
729,2.402741,0.295907,0.001391,64.000000,0.099186,26.636242,71.311083,1757.305744,165.348593
730,2.186396,0.299199,1.259085,64.000000,0.099186,29.271921,0.078776,1759.492140,166.607678
731,2.089120,0.297791,0.260288,64.000000,0.099186,30.634916,0.381063,1761.581260,166.867966
732,2.304613,0.298718,0.112932,64.000000,0.099186,27.770387,0.878284,1763.885873,166.980897
733,1.958784,0.300580,0.430947,64.000000,0.099186,32.673332,0.230158,1765.844657,167.411844
734,2.173716,0.295371,0.275988,64.000000,0.099186,29.442675,0.359385,1768.018372,167.687832
735,1.913788,0.297144,0.448383,64.000000,0.099186,33.441527,0.221208,1769.932160,168.136215
736,2.332915,0.297254,0.139250,64.000000,0.099186,27.433492,0.712288,1772.265075,168.275464
737,2.311515,0.293719,0.112357,64.000000,0.099186,27.687465,0.882771,1774.576591,168.387822
738,2.171847,0.294468,0.286378,64.000000,0.099186,29.468005,0.346346,1776.748438,168.674200
739,2.361841,0.298350,0.001297,64.000000,0.099186,27.097508,76.484384,1779.110279,168.675497
740,2.225655,0.295701,0.711831,64.000000,0.099186,28.755573,0.139339,1781.335934,169.387327
741,1.694944,0.292673,0.175994,64.000000,0.099186,37.759354,0.563574,1783.030878,169.563322
742,1.885667,0.291910,0.539431,64.000000,0.099186,33.940246,0.183871,1784.916545,170.102753
743,2.376775,0.295727,0.030599,64.000000,0.099186,26.927242,3.241454,1787.293320,170.133352
744,2.344100,0.299644,0.001430,64.000000,0.099186,27.302594,69.382876,1789.637420,170.134782
745,2.250792,0.296662,0.146399,64.000000,0.099186,28.434435,0.677506,1791.888212,170.281180
746,2.214271,0.297038,0.106830,64.000000,0.099186,28.903415,0.928444,1794.102483,170.388011
747,2.197564,0.293621,0.199919,64.000000,0.099186,29.123159,0.496130,1796.300047,170.587930
748,2.356467,0.294650,0.046537,64.000000,0.099186,27.159303,2.131335,1798.656514,170.634467
749,2.134995,0.294340,0.217417,64.000000,0.099186,29.976650,0.456201,1800.791509,170.851884
750,2.145407,0.293767,0.199526,64.000000,0.099186,29.831171,0.497107,1802.936916,171.051410
751,2.132105,0.295865,0.321707,64.000000,0.099186,30.017285,0.308311,1805.069021,171.373117
752,2.326382,0.295797,0.052392,64.000000,0.099186,27.510533,1.893137,1807.395403,171.425510
753,2.265292,0.295164,0.173288,64.000000,0.099186,28.252426,0.572375,1809.660695,171.598798
754,2.017016,0.297213,0.380325,64.000000,0.099186,31.730034,0.260793,1811.677711,171.979123
755,2.244460,0.298674,0.172392,64.000000,0.099186,28.514658,0.575351,1813.922171,172.151515
756,2.338979,0.298799,0.070329,64.000000,0.099186,27.362365,1.410313,1816.261150,172.221844
757,2.216480,0.297810,0.124718,64.000000,0.099186,28.874615,0.795281,1818.477630,172.346562
758,2.365465,0.294846,0.068421,64.000000,0.099186,27.055987,1.449632,1820.843095,172.414983
759,1.932304,0.290395,0.442988,64.000000,0.099186,33.121090,0.223902,1822.775399,172.857971
760,2.278764,0.294123,0.148137,64.000000,0.099186,28.085395,0.669554,1825.054163,173.006109
761,2.081574,0.294410,0.311662,64.000000,0.099186,30.745962,0.318249,1827.135737,173.317770
762,2.316818,0.294432,0.159550,64.000000,0.099186,27.624099,0.621660,1829.452555,173.477320
763,2.260315,0.293677,0.110139,64.000000,0.099186,28.314637,0.900551,1831.712870,173.587460
764,2.315752,0.296532,0.084467,64.000000,0.099186,27.636807,1.174252,1834.028622,173.671927
765,2.114564,0.300535,0.354895,64.000000,0.099186,30.266282,0.279480,1836.143187,174.026822
766,2.206934,0.298809,0.159939,64.000000,0.099186,28.999510,0.620147,1838.350120,174.186761
767,2.288297,0.299977,0.165910,64.000000,0.099186,27.968403,0.597828,1840.638417,174.352672
768,2.217308,0.293798,0.181497,64.000000,0.099186,28.863828,0.546489,1842.855725,174.534168
769,2.311592,0.298129,0.075909,64.000000,0.099186,27.686552,1.306639,1845.167317,174.610078
770,2.191744,0.294920,0.118307,64.000000,0.099186,29.200490,0.838378,1847.359061,174.728385
771,2.309378,0.294972,0.134182,64.000000,0.099186,27.713092,0.739188,1849.668439,174.862567
772,2.322432,0.301129,0.047561,64.000000,0.099186,27.557323,2.085446,1851.990870,174.910128
773,2.190248,0.293200,0.228883,64.000000,0.099186,29.220430,0.433348,1854.181119,175.139011
774,2.381929,0.291638,0.076052,64.000000,0.099186,26.868978,1.304194,1856.563048,175.215062
775,2.163907,0.295527,0.259526,64.000000,0.099186,29.576135,0.382181,1858.726954,175.474588
776,2.054616,0.294581,0.258483,64.000000,0.099186,31.149367,0.383723,1860.781571,175.733072
777,2.222687,0.294405,0.160865,64.000000,0.099186,28.793975,0.616580,1863.004258,175.893936
778,1.903761,0.299300,0.451688,64.000000,0.099186,33.617672,0.219590,1864.908019,176.345624
779,2.229240,0.295606,0.062629,64.000000,0.099186,28.709336,1.583714,1867.137259,176.408253
780,2.384979,0.295795,0.001264,64.000000,0.099186,26.834620,78.490384,1869.522237,176.409516
781,2.324203,0.294124,0.081578,64.000000,0.099186,27.536324,1.215842,1871.846440,176.491094
782,2.289872,0.294498,0.065226,64.000000,0.099186,27.949163,1.520654,1874.136312,176.556320
783,1.889042,0.295534,0.424846,64.000000,0.099186,33.879603,0.233463,1876.025354,176.981166
784,1.885497,0.301290,0.443804,64.000000,0.099186,33.943298,0.223490,1877.910852,177.424971
785,2.247131,0.297293,0.152186,64.000000,0.099186,28.480762,0.651740,1880.157983,177.577157
786,2.285863,0.293897,0.124296,64.000000,0.099186,27.998180,0.797983,1882.443845,177.701453
787,1.959197,0.295199,0.422566,64.000000,0.099186,32.666453,0.234723,1884.403042,178.124019
788,2.256635,0.298089,0.101680,64.000000,0.099186,28.360810,0.975467,1886.659677,178.225700
789,2.445908,0.299910,0.001465,64.000000,0.099186,26.166154,67.713699,1889.105585,178.227164
790,2.176557,0.299195,0.211818,64.000000,0.099186,29.404244,0.468260,1891.282141,178.438983
791,2.425078,0.292746,0.001431,64.000000,0.099186,26.390899,69.322551,1893.707220,178.440413
792,2.280957,0.294719,0.085162,64.000000,0.099186,28.058400,1.164678,1895.988177,178.525575
793,2.249312,0.299402,0.133861,64.000000,0.099186,28.453144,0.740961,1898.237489,178.659436
794,2.041261,0.295017,0.317474,64.000000,0.099186,31.353176,0.312422,1900.278749,178.976911
795,2.009316,0.291319,0.417806,64.000000,0.099186,31.851635,0.237397,1902.288065,179.394717
796,2.040496,0.292360,0.320045,64.000000,0.099186,31.364923,0.309912,1904.328561,179.714762
797,2.238696,0.298687,0.121695,64.000000,0.099186,28.588075,0.815040,1906.567257,179.836457
798,2.173849,0.294621,0.209912,64.000000,0.099186,29.440863,0.472512,1908.741106,180.046368
799,2.290191,0.302080,0.116783,64.000000,0.099186,27.945265,0.849316,1911.031298,180.163152
800,2.381782,0.297899,0.001443,64.000000,0.099186,26.870642,68.724259,1913.413079,180.164595
801,2.305664,0.293324,0.082634,64.000000,0.099186,27.757736,1.200301,1915.718743,180.247229
802,2.301708,0.294443,0.085006,64.000000,0.099186,27.805440,1.166809,1918.020451,180.332235
803,2.201498,0.292155,0.194650,64.000000,0.099186,29.071120,0.509560,1920.221948,180.526885
804,1.996575,0.294249,0.362369,64.000000,0.099186,32.054897,0.273715,1922.218523,180.889254
805,2.265586,0.293066,0.069936,64.000000,0.099186,28.248766,1.418234,1924.484109,180.959191
806,2.142571,0.304505,0.272564,64.000000,0.099186,29.870653,0.363899,1926.626680,181.231755
807,2.023296,0.296132,0.376251,64.000000,0.099186,31.631553,0.263616,1928.649976,181.608006
808,2.127836,0.300508,0.225177,64.000000,0.099186,30.077512,0.440481,1930.777812,181.833183
809,2.346392,0.292084,0.037756,64.000000,0.099186,27.275915,2.627041,1933.124204,181.870939
810,2.267677,0.293269,0.106192,64.000000,0.099186,28.222717,0.934029,1935.391881,181.977130
811,2.232867,0.294195,0.176386,64.000000,0.099186,28.662697,0.562324,1937.624748,182.153516
812,2.408247,0.294326,0.001344,64.000000,0.099186,26.575343,73.817465,1940.032995,182.154860
813,2.244925,0.294671,0.135575,64.000000,0.099186,28.508753,0.731594,1942.277920,182.290435
814,2.066443,0.293423,0.263070,64.000000,0.099186,30.971100,0.377032,1944.344362,182.553505
815,2.274785,0.302072,0.077770,64.000000,0.099186,28.134527,1.275369,1946.619148,182.631275
816,2.330608,0.297744,0.070387,64.000000,0.099186,27.460643,1.409158,1948.949756,182.701662
817,2.377306,0.294377,0.001337,64.000000,0.099186,26.921225,74.166088,1951.327062,182.702999
818,2.012299,0.312478,0.394111,64.000000,0.099186,31.804424,0.251670,1953.339361,183.097110
819,2.401248,0.296194,0.010010,64.000000,0.099186,26.652807,9.908567,1955.740609,183.107120
820,1.934131,0.311844,0.444358,64.000000,0.099186,33.089791,0.223212,1957.674740,183.551478
821,1.898173,0.290609,0.475216,64.000000,0.099186,33.716639,0.208718,1959.572913,184.026693
822,2.097333,0.294248,0.285324,64.000000,0.099186,30.514940,0.347626,1961.670246,184.312017
823,2.283623,0.294548,0.070000,64.000000,0.099186,28.025638,1.416933,1963.953869,184.382018
824,2.378599,0.293507,0.001402,64.000000,0.099186,26.906594,70.743918,1966.332468,184.383420
825,2.290447,0.294489,0.079166,64.000000,0.099186,27.942148,1.252880,1968.622915,184.462586
826,2.099023,0.302016,0.263932,64.000000,0.099186,30.490380,0.375801,1970.721938,184.726518
827,2.149466,0.301170,0.224568,64.000000,0.099186,29.774840,0.441674,1972.871404,184.951086
828,2.330860,0.296047,0.001345,64.000000,0.099186,27.457676,73.755547,1975.202264,184.952431
829,2.195863,0.300354,0.172166,64.000000,0.099186,29.145715,0.576106,1977.398127,185.124597
830,2.356645,0.294350,0.001310,64.000000,0.099186,27.157254,75.700072,1979.754771,185.125907
831,2.193998,0.297771,0.203061,64.000000,0.099186,29.170493,0.488455,1981.948769,185.328968
832,2.187982,0.299239,0.151973,64.000000,0.099186,29.250694,0.652656,1984.136752,185.480941
833,2.267227,0.297583,0.120447,64.000000,0.099186,28.228314,0.823480,1986.403979,185.601388
834,2.277263,0.294758,0.118438,64.000000,0.099186,28.103909,0.837452,1988.681242,185.719826
835,2.118698,0.292738,0.209451,64.000000,0.099186,30.207229,0.473552,1990.799940,185.929277
836,2.070294,0.293498,0.348533,64.000000,0.099186,30.913489,0.284582,1992.870234,186.277810
837,2.115239,0.293753,0.265880,64.000000,0.099186,30.256630,0.373048,1994.985473,186.543690
838,1.863020,0.293672,0.614516,64.000000,0.099186,34.352817,0.161405,1996.848493,187.158206
839,2.186554,0.296184,0.183558,64.000000,0.099186,29.269796,0.540351,1999.035048,187.341764
840,2.103549,0.296878,0.229087,64.000000,0.099186,30.424771,0.432962,2001.138597,187.570851
841,2.338365,0.293601,0.039596,64.000000,0.099186,27.369555,2.504938,2003.476961,187.610448
842,2.227505,0.295129,0.139415,64.000000,0.099186,28.731700,0.711443,2005.704466,187.749863
843,2.020314,0.317110,0.377100,64.000000,0.099186,31.678251,0.263023,2007.724780,188.126963
844,2.230239,0.300392,0.086377,64.000000,0.099186,28.696474,1.148294,2009.955019,188.213340
845,2.184264,0.296262,0.206450,64.000000,0.099186,29.300485,0.480435,2012.139283,188.419790
846,2.000661,0.296764,0.363001,64.000000,0.099186,31.989429,0.273238,2014.139944,188.782792
847,2.252101,0.294841,0.097248,64.000000,0.099186,28.417911,1.019923,2016.392045,188.880040
848,2.012759,0.300014,0.303929,64.000000,0.099186,31.797147,0.326345,2018.404804,189.183970
849,2.399252,0.297630,0.001383,64.000000,0.099186,26.674986,71.709512,2020.804055,189.185353
850,2.256828,0.294903,0.103531,64.000000,0.099186,28.358386,0.958028,2023.060883,189.288884
851,1.529486,0.287667,0.892589,64.000000,0.099186,41.844133,0.111122,2024.590369,190.181473
852,2.379410,0.308678,0.001309,64.000000,0.099186,26.897430,75.778033,2026.969779,190.182782
853,2.197856,0.297963,0.208793,64.000000,0.099186,29.119284,0.475044,2029.167635,190.391575
854,2.000271,0.300900,0.353369,64.000000,0.099186,31.995667,0.280686,2031.167906,190.744944
855,2.170578,0.292906,0.203848,64.000000,0.099186,29.485236,0.486568,2033.338483,190.948792
856,2.389084,0.293314,0.001412,64.000000,0.099186,26.788506,70.227545,2035.727568,190.950205
857,2.169570,0.301881,0.213091,64.000000,0.099186,29.498933,0.465463,2037.897138,191.163295
858,2.219538,0.293333,0.094586,64.000000,0.099186,28.834825,1.048632,2040.116676,191.257881
859,2.193595,0.296529,0.166448,64.000000,0.099186,29.175854,0.595896,2042.310271,191.424330
860,2.069760,0.293540,0.286918,64.000000,0.099186,30.921466,0.345695,2044.380030,191.711247
861,2.179695,0.295584,0.194818,64.000000,0.099186,29.361910,0.509120,2046.559725,191.906066
862,2.287684,0.296718,0.144908,64.000000,0.099186,27.975897,0.684475,2048.847409,192.050974
863,2.082846,0.308522,0.308720,64.000000,0.099186,30.727190,0.321281,2050.930255,192.359694
864,2.315852,0.294937,0.096741,64.000000,0.099186,27.635623,1.025275,2053.246106,192.456435
865,2.170908,0.298995,0.265961,64.000000,0.099186,29.480756,0.372934,2055.417014,192.722396
866,2.327325,0.295689,0.082798,64.000000,0.099186,27.499386,1.197924,2057.744338,192.805194
867,2.240268,0.293192,0.183164,64.000000,0.099186,28.568009,0.541515,2059.984607,192.988358
868,2.323132,0.295483,0.025199,64.000000,0.099186,27.549021,3.936085,2062.307738,193.013557
869,2.424828,0.295404,0.001350,64.000000,0.099186,26.393623,73.467260,2064.732566,193.014908
870,1.958869,0.306302,0.390888,64.000000,0.099186,32.671914,0.253745,2066.691435,193.405796
871,2.325418,0.299655,0.071474,64.000000,0.099186,27.521929,1.387719,2069.016854,193.477270
872,2.278837,0.295445,0.146506,64.000000,0.099186,28.084507,0.677011,2071.295690,193.623776
873,2.299365,0.292868,0.088642,64.000000,0.099186,27.833770,1.118949,2073.595055,193.712418
874,2.277641,0.294560,0.139395,64.000000,0.099186,28.099253,0.711548,2075.872696,193.851812
875,2.263752,0.294266,0.111671,64.000000,0.099186,28.271653,0.888198,2078.136448,193.963483
876,2.433360,0.296979,0.001383,64.000000,0.099186,26.301078,71.737363,2080.569808,193.964866
877,2.267335,0.296713,0.110990,64.000000,0.099186,28.226967,0.893651,2082.837143,194.075856
878,2.318959,0.294238,0.042566,64.000000,0.099186,27.598591,2.330170,2085.156102,194.118422
879,2.134969,0.296293,0.148895,64.000000,0.099186,29.977016,0.666146,2087.291071,194.267317
880,1.956445,0.299078,0.405805,64.000000,0.099186,32.712391,0.244418,2089.247516,194.673122
881,2.109579,0.299872,0.192366,64.000000,0.099186,30.337801,0.515612,2091.357096,194.865488
882,2.292562,0.295274,0.063294,64.000000,0.099186,27.916365,1.567062,2093.649658,194.928782
883,2.041911,0.297973,0.303683,64.000000,0.099186,31.343187,0.326610,2095.691569,195.232465
884,1.953204,0.309251,0.430271,64.000000,0.099186,32.766672,0.230520,2097.644773,195.662736
885,2.001218,0.292679,0.355101,64.000000,0.099186,31.980528,0.279317,2099.645991,196.017837
886,2.305540,0.295220,0.097154,64.000000,0.099186,27.759225,1.020910,2101.951531,196.114992
887,2.192046,0.299738,0.218871,64.000000,0.099186,29.196467,0.453171,2104.143577,196.333863
888,2.330236,0.294644,0.001375,64.000000,0.099186,27.465026,72.157482,2106.473813,196.335237
889,2.348611,0.295103,0.074676,64.000000,0.099186,27.250149,1.328208,2108.822424,196.409914
890,2.319194,0.293570,0.058043,64.000000,0.099186,27.595794,1.708823,2111.141618,196.467957
891,2.186425,0.291489,0.210887,64.000000,0.099186,29.271525,0.470327,2113.328043,196.678844
892,2.007632,0.300064,0.406921,64.000000,0.099186,31.878348,0.243747,2115.335676,197.085766
893,2.319651,0.298104,0.082383,64.000000,0.099186,27.590363,1.203967,2117.655326,197.168148
894,2.363858,0.295495,0.006021,64.000000,0.099186,27.074386,16.474185,2120.019184,197.174169
895,2.179648,0.294773,0.224654,64.000000,0.099186,29.362542,0.441506,2122.198832,197.398823
896,2.311200,0.300015,0.156564,64.000000,0.099186,27.691241,0.633518,2124.510032,197.555387
897,2.176419,0.294612,0.166291,64.000000,0.099186,29.406108,0.596461,2126.686450,197.721677
898,2.169761,0.293729,0.215082,64.000000,0.099186,29.496331,0.461155,2128.856212,197.936759
899,2.382188,0.293429,0.025744,64.000000,0.099186,26.866054,3.852746,2131.238400,197.962503
900,2.165875,0.293429,0.164612,64.000000,0.099186,29.549257,0.602542,2133.404275,198.127116
901,2.198483,0.300924,0.188035,64.000000,0.099186,29.110979,0.527487,2135.602759,198.315151
902,2.270948,0.293275,0.110996,64.000000,0.099186,28.182061,0.893602,2137.873707,198.426146
903,2.188341,0.294237,0.151064,64.000000,0.099186,29.245898,0.656582,2140.062048,198.577210
904,2.265820,0.292105,0.140593,64.000000,0.099186,28.245842,0.705484,2142.327868,198.717803
905,2.153372,0.296063,0.201914,64.000000,0.099186,29.720833,0.491229,2144.481240,198.919717
906,2.320073,0.295173,0.157034,64.000000,0.099186,27.585333,0.631621,2146.801313,199.076751
907,2.143195,0.293756,0.189678,64.000000,0.099186,29.861961,0.522918,2148.944508,199.266429
908,2.054539,0.316069,0.375302,64.000000,0.099186,31.150533,0.264283,2150.999047,199.641730
909,2.128600,0.302640,0.222698,64.000000,0.099186,30.066708,0.445383,2153.127648,199.864428
910,2.198372,0.294597,0.239707,64.000000,0.099186,29.112453,0.413780,2155.326019,200.104135
911,2.113285,0.294511,0.259447,64.000000,0.099186,30.284606,0.382298,2157.439304,200.363582
912,2.182822,0.294619,0.207610,64.000000,0.099186,29.319838,0.477751,2159.622127,200.571192
913,2.367611,0.294170,0.023525,64.000000,0.099186,27.031468,4.216249,2161.989738,200.594716
914,2.277800,0.300981,0.069415,64.000000,0.099186,28.097285,1.428883,2164.267538,200.664132
915,1.869305,0.293988,0.545285,64.000000,0.099186,34.237330,0.181897,2166.136843,201.209417
916,2.147921,0.295348,0.174376,64.000000,0.099186,29.796259,0.568806,2168.284763,201.383792
917,2.002738,0.299278,0.313412,64.000000,0.099186,31.956251,0.316471,2170.287501,201.697205
918,2.176284,0.297448,0.141924,64.000000,0.099186,29.407931,0.698865,2172.463785,201.839129
919,2.373307,0.297183,0.001361,64.000000,0.099186,26.966597,72.870776,2174.837091,201.840490
920,2.311138,0.297294,0.072638,64.000000,0.099186,27.691983,1.365477,2177.148230,201.913128
921,1.820834,0.300984,0.497406,64.000000,0.099186,35.148729,0.199406,2178.969064,202.410535
922,2.206734,0.299167,0.141228,64.000000,0.099186,29.002134,0.702312,2181.175798,202.551762
923,2.245244,0.296168,0.118571,64.000000,0.099186,28.504701,0.836514,2183.421042,202.670333
924,2.133101,0.293302,0.126515,64.000000,0.099186,30.003261,0.783988,2185.554143,202.796847
925,2.260252,0.301221,0.093368,64.000000,0.099186,28.315426,1.062308,2187.814395,202.890216
926,2.255000,0.295030,0.177361,64.000000,0.099186,28.381379,0.559232,2190.069395,203.067577
927,2.368389,0.294228,0.002269,64.000000,0.099186,27.022585,43.722832,2192.437784,203.069845
928,2.196017,0.299703,0.182971,64.000000,0.099186,29.143676,0.542086,2194.633801,203.252816
929,2.281536,0.294088,0.122670,64.000000,0.099186,28.051283,0.808559,2196.915336,203.375486
930,1.764660,0.306744,0.589395,64.000000,0.099186,36.267608,0.168284,2198.679996,203.964880
931,2.261233,0.300415,0.120499,64.000000,0.099186,28.303143,0.823129,2200.941229,204.085379
932,2.302763,0.295062,0.059117,64.000000,0.099186,27.792697,1.677803,2203.243993,204.144496
933,2.089900,0.291992,0.294805,64.000000,0.099186,30.623477,0.336446,2205.333892,204.439301
934,2.355520,0.297259,0.010621,64.000000,0.099186,27.170220,9.338738,2207.689412,204.449922
935,2.331168,0.293812,0.006304,64.000000,0.099186,27.454053,15.734248,2210.020580,204.456225
936,2.343927,0.298671,0.093554,64.000000,0.099186,27.304599,1.060205,2212.364508,204.549779
937,1.660364,0.293003,0.803070,64.000000,0.099186,38.545759,0.123508,2214.024872,205.352849
938,2.268210,0.302275,0.076563,64.000000,0.099186,28.216080,1.295484,2216.293082,205.429412
939,2.185992,0.298295,0.197096,64.000000,0.099186,29.277322,0.503236,2218.479074,205.626508
940,2.105405,0.296221,0.259091,64.000000,0.099186,30.397953,0.382823,2220.584479,205.885599
941,2.063307,0.294326,0.343496,64.000000,0.099186,31.018168,0.288754,2222.647786,206.229095
942,1.868965,0.297072,0.495682,64.000000,0.099186,34.243553,0.200100,2224.516751,206.724777
943,2.273484,0.295424,0.159156,64.000000,0.099186,28.150622,0.623201,2226.790236,206.883933
944,2.327502,0.300551,0.020172,64.000000,0.099186,27.497286,4.917104,2229.117738,206.904104
945,2.288093,0.295273,0.092799,64.000000,0.099186,27.970885,1.068821,2231.405831,206.996904
946,2.222247,0.301561,0.153043,64.000000,0.099186,28.799685,0.648094,2233.628078,207.149946
947,2.374404,0.294593,0.001444,64.000000,0.099186,26.954135,68.674440,2236.002482,207.151390
948,2.200640,0.297658,0.201867,64.000000,0.099186,29.082445,0.491343,2238.203122,207.353257
949,2.302634,0.299624,0.072293,64.000000,0.099186,27.794252,1.371992,2240.505756,207.425551
950,1.974656,0.297875,0.390294,64.000000,0.099186,32.410709,0.254131,2242.480412,207.815845
951,2.510353,0.294218,0.165691,64.000000,0.099186,25.494422,0.598620,2244.990765,207.981536
952,2.127685,0.298866,0.188847,64.000000,0.099186,30.079644,0.525220,2247.118450,208.170383
953,2.323221,0.297429,0.118188,64.000000,0.099186,27.547956,0.839223,2249.441672,208.288571
954,2.310223,0.300771,0.001317,64.000000,0.099186,27.702956,75.331649,2251.751894,208.289887
955,2.300119,0.294022,0.078321,64.000000,0.099186,27.824649,1.266400,2254.052013,208.368208
956,2.426961,0.296666,0.001446,64.000000,0.099186,26.370432,68.581133,2256.478974,208.369655
957,2.325875,0.292873,0.048901,64.000000,0.099186,27.516526,2.028306,2258.804849,208.418556
958,2.018958,0.297610,0.323032,64.000000,0.099186,31.699513,0.307046,2260.823807,208.741588
959,1.883155,0.305197,0.464477,64.000000,0.099186,33.985522,0.213543,2262.706962,209.206065
960,2.136922,0.292931,0.200850,64.000000,0.099186,29.949624,0.493830,2264.843884,209.406915
961,2.323966,0.293714,0.093743,64.000000,0.099186,27.539132,1.058068,2267.167849,209.500658
962,2.271797,0.295498,0.131549,64.000000,0.099186,28.171528,0.753982,2269.439647,209.632207
963,2.398661,0.297972,0.001364,64.000000,0.099186,26.681552,72.735578,2271.838308,209.633571
964,1.867436,0.314693,0.460974,64.000000,0.099186,34.271584,0.215166,2273.705744,210.094545
965,1.724070,0.287884,0.665381,64.000000,0.099186,37.121462,0.149066,2275.429814,210.759925
966,2.297604,0.300956,0.068903,64.000000,0.099186,27.855101,1.439506,2277.727418,210.828828
967,2.076492,0.294225,0.321129,64.000000,0.099186,30.821211,0.308866,2279.803911,211.149957
968,2.062433,0.297470,0.388156,64.000000,0.099186,31.031307,0.255531,2281.866344,211.538113
969,2.294076,0.300786,0.064784,64.000000,0.099186,27.897946,1.531036,2284.160419,211.602897
970,2.371866,0.301977,0.001361,64.000000,0.099186,26.982979,72.870187,2286.532285,211.604258
971,2.145344,0.299091,0.181305,64.000000,0.099186,29.832044,0.547067,2288.677629,211.785563
972,2.146787,0.294002,0.218457,64.000000,0.099186,29.811995,0.454030,2290.824416,212.004020
973,2.394096,0.293364,0.001327,64.000000,0.099186,26.732430,74.744100,2293.218512,212.005347
974,2.178612,0.294620,0.311147,64.000000,0.099186,29.376499,0.318775,2295.397124,212.316494
975,2.268330,0.300044,0.125553,64.000000,0.099186,28.214595,0.789993,2297.665454,212.442046
976,2.077368,0.300840,0.332915,64.000000,0.099186,30.808220,0.297932,2299.742821,212.774962
977,2.320531,0.293850,0.098114,64.000000,0.099186,27.579894,1.010924,2302.063352,212.873076
978,1.956315,0.295982,0.397349,64.000000,0.099186,32.714575,0.249619,2304.019667,213.270425
979,2.229229,0.295364,0.154545,64.000000,0.099186,28.709474,0.641791,2306.248896,213.424970
980,2.002261,0.295434,0.381202,64.000000,0.099186,31.963869,0.260193,2308.251157,213.806172
981,1.790415,0.282904,0.644352,64.000000,0.099186,35.745903,0.153931,2310.041572,214.450524
982,2.241821,0.296198,0.100430,64.000000,0.099186,28.548221,0.987610,2312.283393,214.550954
983,2.386807,0.294104,0.001412,64.000000,0.099186,26.814062,70.266501,2314.670200,214.552366
984,2.269428,0.295318,0.155150,64.000000,0.099186,28.200938,0.639290,2316.939628,214.707516
985,2.302962,0.300393,0.044198,64.000000,0.099186,27.790303,2.244105,2319.242590,214.751714
986,1.988132,0.315096,0.318502,64.000000,0.099186,32.191026,0.311414,2321.230722,215.070216
987,1.857438,0.302360,0.481949,64.000000,0.099186,34.456060,0.205802,2323.088160,215.552166
988,2.004035,0.321903,0.328935,64.000000,0.099186,31.935570,0.301537,2325.092195,215.881100
989,2.238120,0.298739,0.171270,64.000000,0.099186,28.595430,0.579122,2327.330315,216.052370
990,2.263096,0.292603,0.133387,64.000000,0.099186,28.279846,0.743594,2329.593411,216.185757
991,2.325275,0.293933,0.065252,64.000000,0.099186,27.523631,1.520042,2331.918685,216.251009
992,2.144268,0.296800,0.191302,64.000000,0.099186,29.847018,0.518477,2334.062953,216.442312
993,2.372213,0.296941,0.001344,64.000000,0.099186,26.979026,73.795661,2336.435166,216.443656
994,1.773646,0.300996,0.623607,64.000000,0.099186,36.083855,0.159052,2338.208812,217.067263
995,2.246200,0.292868,0.134963,64.000000,0.099186,28.492571,0.734910,2340.455012,217.202226
996,2.124597,0.292990,0.309531,64.000000,0.099186,30.123363,0.320439,2342.579609,217.511757
997,2.389132,0.296500,0.001432,64.000000,0.099186,26.787973,69.287684,2344.968741,217.513189
998,2.346283,0.292276,0.030873,64.000000,0.099186,27.277183,3.212664,2347.315024,217.544062
999,2.307308,0.292921,0.089466,64.000000,0.099186,27.737958,1.108640,2349.622332,217.633529
1000,2.043308,0.291217,0.350027,64.000000,0.099186,31.321760,0.283367,2351.665640,217.983555
1001,1.926737,0.300269,0.433117,64.000000,0.099186,33.216773,0.229005,2353.592377,218.416673
1002,2.117525,0.294603,0.311188,64.000000,0.099186,30.223967,0.318733,2355.709902,218.727861
1003,2.286676,0.295455,0.098823,64.000000,0.099186,27.988227,1.003673,2357.996578,218.826684
1004,2.254033,0.293313,0.094010,64.000000,0.099186,28.393551,1.055053,2360.250611,218.920694
1005,1.811074,0.295157,0.546485,64.000000,0.099186,35.338155,0.181498,2362.061684,219.467179
1006,2.017810,0.296554,0.339041,64.000000,0.099186,31.717549,0.292549,2364.079495,219.806220
1007,2.372422,0.295613,0.048040,64.000000,0.099186,26.976646,2.064640,2366.451917,219.854260
1008,1.894147,0.295750,0.452514,64.000000,0.099186,33.788296,0.219189,2368.346064,220.306774
1009,1.986277,0.316216,0.365426,64.000000,0.099186,32.221080,0.271426,2370.332341,220.672200
1010,2.307529,0.296864,0.115390,64.000000,0.099186,27.735299,0.859571,2372.639870,220.787590
1011,2.327844,0.295014,0.020353,64.000000,0.099186,27.493253,4.873273,2374.967714,220.807943
1012,1.973595,0.295350,0.315871,64.000000,0.099186,32.428133,0.314008,2376.941309,221.123813
1013,2.026688,0.295429,0.311169,64.000000,0.099186,31.578621,0.318752,2378.967997,221.434983
1014,2.438867,0.301461,0.001387,64.000000,0.099186,26.241693,71.496856,2381.406864,221.436370
1015,2.305742,0.292878,0.035090,64.000000,0.099186,27.756791,2.826632,2383.712606,221.471460
1016,2.236933,0.294476,0.059058,64.000000,0.099186,28.610598,1.679468,2385.949539,221.530518
1017,2.066156,0.294553,0.284368,64.000000,0.099186,30.975390,0.348794,2388.015695,221.814886
1018,2.241793,0.294222,0.107438,64.000000,0.099186,28.548580,0.923191,2390.257488,221.922324
1019,2.088238,0.294641,0.514376,64.000000,0.099186,30.647844,0.192828,2392.345726,222.436700
1020,1.853428,0.297140,0.279361,64.000000,0.099186,34.530609,0.355046,2394.199154,222.716061
1021,2.117351,0.299767,0.237038,64.000000,0.099186,30.226447,0.418438,2396.316505,222.953099
1022,2.034458,0.294771,0.358286,64.000000,0.099186,31.458010,0.276835,2398.350963,223.311385
1023,2.337888,0.295233,0.043215,64.000000,0.099186,27.375135,2.295194,2400.688851,223.354600
1024,2.263079,0.293208,0.175265,64.000000,0.099186,28.280051,0.565920,2402.951931,223.529865
1025,2.261978,0.293943,0.117233,64.000000,0.099186,28.293815,0.846057,2405.213909,223.647098
1026,2.140100,0.293048,0.215473,64.000000,0.099186,29.905141,0.460317,2407.354010,223.862571
1027,2.196698,0.308346,0.229456,64.000000,0.099186,29.134637,0.432265,2409.550708,224.092028
1028,2.299533,0.292304,0.164553,64.000000,0.099186,27.831734,0.602759,2411.850241,224.256581
1029,2.308779,0.293698,0.094748,64.000000,0.099186,27.720275,1.046837,2414.159020,224.351329
1030,2.219116,0.295054,0.244353,64.000000,0.099186,28.840313,0.405913,2416.378136,224.595682
1031,2.145137,0.293441,0.241875,64.000000,0.099186,29.834922,0.410071,2418.523274,224.837557
1032,2.179744,0.293607,0.314889,64.000000,0.099186,29.361247,0.314987,2420.703018,225.152446
1033,2.447614,0.294966,0.001363,64.000000,0.099186,26.147917,72.768556,2423.150631,225.153809
1034,2.297405,0.291027,0.095843,64.000000,0.099186,27.857513,1.034883,2425.448037,225.249652
1035,2.307040,0.296109,0.126048,64.000000,0.099186,27.741178,0.786893,2427.755076,225.375699
1036,2.208749,0.301151,0.217791,64.000000,0.099186,28.975673,0.455419,2429.963826,225.593490
1037,2.232566,0.296163,0.231142,64.000000,0.099186,28.666565,0.429112,2432.196392,225.824632
1038,2.411923,0.295834,1.331791,64.000000,0.099186,26.534844,0.074476,2434.608315,227.156423
1039,1.246442,0.304806,0.001422,64.000000,0.099186,51.346141,69.750083,2435.854757,227.157845
1040,2.265752,0.301118,0.117895,64.000000,0.099186,28.246693,0.841307,2438.120509,227.275740
1041,2.026899,0.304151,0.360327,64.000000,0.099186,31.575323,0.275266,2440.147408,227.636068
1042,2.281267,0.297057,0.223081,64.000000,0.099186,28.054587,0.444618,2442.428675,227.859149
1043,2.215723,0.292636,0.225065,64.000000,0.099186,28.884474,0.440698,2444.644398,228.084214
1044,2.365369,0.295264,0.062345,64.000000,0.099186,27.057085,1.590927,2447.009768,228.146559
1045,2.220874,0.292602,0.130192,64.000000,0.099186,28.817480,0.761844,2449.230642,228.276751
1046,1.926052,0.293402,0.445650,64.000000,0.099186,33.228597,0.222565,2451.156694,228.722401
1047,2.306298,0.293982,0.069803,64.000000,0.099186,27.750105,1.420936,2453.462991,228.792204
1048,1.836516,0.285782,0.613780,64.000000,0.099186,34.848593,0.161599,2455.299507,229.405984
1049,2.326987,0.293231,0.131062,64.000000,0.099186,27.503371,0.756786,2457.626495,229.537046
1050,2.228114,0.295404,0.180481,64.000000,0.099186,28.723842,0.549566,2459.854609,229.717527
1051,1.899830,0.293002,0.504479,64.000000,0.099186,33.687217,0.196611,2461.754439,230.222006
1052,2.048652,0.299295,0.402066,64.000000,0.099186,31.240057,0.246691,2463.803091,230.624071
1053,3.287573,0.293537,0.177816,64.000000,0.099186,19.467249,0.557800,2467.090664,230.801888
1054,2.292026,0.293587,0.096786,64.000000,0.099186,27.922896,1.024801,2469.382690,230.898673
1055,2.129789,0.294268,0.316680,64.000000,0.099186,30.049925,0.313206,2471.512479,231.215353
1056,1.964868,0.292146,0.418018,64.000000,0.099186,32.572157,0.237277,2473.477347,231.633371
1057,2.308381,0.295275,0.115290,64.000000,0.099186,27.725062,0.860314,2475.785728,231.748662
1058,2.305123,0.293314,0.192550,64.000000,0.099186,27.764248,0.515118,2478.090851,231.941212
1059,2.140309,0.294416,0.247638,64.000000,0.099186,29.902218,0.400529,2480.231160,232.188849
1060,2.186828,0.299659,0.200294,64.000000,0.099186,29.266138,0.495202,2482.417988,232.389143
1061,2.242106,0.293303,0.182889,64.000000,0.099186,28.544598,0.542330,2484.660093,232.572032
1062,2.277691,0.293810,0.145297,64.000000,0.099186,28.098630,0.682642,2486.937785,232.717329
1063,2.254963,0.292491,0.117094,64.000000,0.099186,28.381841,0.847065,2489.192748,232.834423
1064,2.245324,0.293617,0.127157,64.000000,0.099186,28.503681,0.780027,2491.438072,232.961580
1065,2.263180,0.293428,0.136514,64.000000,0.099186,28.278796,0.726560,2493.701251,233.098094
1066,2.370458,0.294297,0.048905,64.000000,0.099186,26.999003,2.028149,2496.071709,233.146999
1067,2.321977,0.293213,0.088207,64.000000,0.099186,27.562719,1.124462,2498.393686,233.235206
1068,2.294670,0.293268,0.201864,64.000000,0.099186,27.890722,0.491350,2500.688356,233.437071
1069,2.423208,0.294110,0.027343,64.000000,0.099186,26.411269,3.627474,2503.111564,233.464414
1070,2.282437,0.294327,0.099621,64.000000,0.099186,28.040205,0.995628,2505.394001,233.564035
1071,2.168243,0.297491,0.953281,64.000000,0.099186,29.516990,0.104047,2507.562244,234.517316
1072,1.586873,0.295343,0.081311,64.000000,0.099186,40.330878,1.219836,2509.149117,234.598627
1073,2.207420,0.299389,0.190246,64.000000,0.099186,28.993121,0.521357,2511.356538,234.788873
1074,2.268179,0.299681,0.122837,64.000000,0.099186,28.216467,0.807459,2513.624717,234.911710
1075,2.082648,0.296636,0.357216,64.000000,0.099186,30.730109,0.277664,2515.707365,235.268926
1076,2.119821,0.297387,0.318360,64.000000,0.099186,30.191235,0.311553,2517.827185,235.587286
1077,2.313481,0.293327,0.093122,64.000000,0.099186,27.663944,1.065113,2520.140666,235.680408
1078,2.305072,0.294516,0.183878,64.000000,0.099186,27.764856,0.539411,2522.445738,235.864286
1079,2.392643,0.297713,0.025869,64.000000,0.099186,26.748659,3.834146,2524.838381,235.890155
1080,2.220275,0.299801,0.222467,64.000000,0.099186,28.825258,0.445846,2527.058656,236.112622
1081,2.092236,0.295866,0.277006,64.000000,0.099186,30.589280,0.358065,2529.150893,236.389628
1082,2.417400,0.308895,0.001408,64.000000,0.099186,26.474721,70.442011,2531.568293,236.391036
1083,2.377833,0.292273,0.046340,64.000000,0.099186,26.915266,2.140384,2533.946126,236.437376
1084,2.378051,0.295209,0.075930,64.000000,0.099186,26.912793,1.306273,2536.324177,236.513307
1085,2.239877,0.293444,0.082682,64.000000,0.099186,28.572997,1.199606,2538.564054,236.595989
1086,2.347499,0.295771,0.041867,64.000000,0.099186,27.263053,2.369052,2540.911554,236.637856
1087,2.388177,0.295048,0.061441,64.000000,0.099186,26.798684,1.614327,2543.299731,236.699297
1088,2.347132,0.295103,0.034978,64.000000,0.099186,27.267321,2.835689,2545.646862,236.734275
1089,2.287877,0.299202,0.060648,64.000000,0.099186,27.973535,1.635447,2547.934739,236.794923
1090,2.372555,0.300609,0.049335,64.000000,0.099186,26.975142,2.010461,2550.307294,236.844258
1091,2.307532,0.301307,0.114517,64.000000,0.099186,27.735258,0.866122,2552.614826,236.958775
1092,2.158894,0.298197,0.246060,64.000000,0.099186,29.644808,0.403096,2554.773720,237.204835
1093,2.349474,0.294549,0.017498,64.000000,0.099186,27.240138,5.668445,2557.123194,237.222333
1094,2.340991,0.300271,0.090123,64.000000,0.099186,27.338845,1.100557,2559.464186,237.312456
1095,2.336032,0.294596,0.061891,64.000000,0.099186,27.396884,1.602597,2561.800218,237.374347
1096,2.284348,0.292730,0.165519,64.000000,0.099186,28.016745,0.599243,2564.084566,237.539866
1097,2.314245,0.293152,0.191349,64.000000,0.099186,27.654810,0.518351,2566.398811,237.731215
1098,2.068594,0.306965,0.324948,64.000000,0.099186,30.938892,0.305236,2568.467404,238.056163
1099,2.344103,0.299077,0.051834,64.000000,0.099186,27.302552,1.913515,2570.811508,238.107998
1100,2.001516,0.292018,0.074067,64.000000,0.099186,31.975764,1.339141,2572.813024,238.182065
