step,read_time_sec,compute_time_sec,write_time_sec,data_read_mb,data_written_mb,read_throughput_mb_s,write_throughput_mb_s,cumulative_read_time,cumulative_write_time
1,2.613505,0.148361,0.332731,64.000000,0.099186,24.488185,0.298096,2.613505,0.332731
2,2.168774,0.150646,0.284333,64.000000,0.099186,29.509758,0.348837,4.782279,0.617064
3,2.287065,0.151077,0.272296,64.000000,0.099186,27.983466,0.364257,7.069344,0.889360
4,2.669984,0.163989,1.340067,64.000000,0.099186,23.970178,0.074016,9.739329,2.229428
5,1.513130,0.146324,0.192401,64.000000,0.099186,42.296441,0.515516,11.252458,2.421829
6,2.256787,0.148343,0.348690,64.000000,0.099186,28.358905,0.284453,13.509245,2.770519
7,2.195030,0.149939,0.270759,64.000000,0.099186,29.156781,0.366326,15.704275,3.041277
8,2.881559,0.148559,0.198737,64.000000,0.099186,22.210202,0.499082,18.585833,3.240014
9,2.328229,0.149023,0.130049,64.000000,0.099186,27.488709,0.762681,20.914062,3.370063
10,2.629171,0.152760,0.451234,64.000000,0.099186,24.342277,0.219810,23.543233,3.821297
11,2.427123,0.149209,0.208232,64.000000,0.099186,26.368673,0.476324,25.970355,4.029529
12,2.247973,0.149125,0.273980,64.000000,0.099186,28.470090,0.362020,28.218328,4.303509
13,1.990345,0.146305,0.539654,64.000000,0.099186,32.155228,0.183795,30.208673,4.843162
14,2.338290,0.152354,0.391239,64.000000,0.099186,27.370425,0.253518,32.546964,5.234401
15,2.197700,0.159372,0.319802,64.000000,0.099186,29.121360,0.310148,34.744663,5.554203
16,2.128648,0.161848,0.219155,64.000000,0.099186,30.066037,0.452583,36.873311,5.773358
17,2.331583,0.148294,0.190477,64.000000,0.099186,27.449160,0.520723,39.204894,5.963835
18,2.435764,0.149370,0.134436,64.000000,0.099186,26.275122,0.737792,41.640658,6.098271
19,2.479193,0.149139,0.146774,64.000000,0.099186,25.814850,0.675774,44.119852,6.245045
20,2.287604,0.151222,0.325620,64.000000,0.099186,27.976865,0.304606,46.407456,6.570665
21,2.100288,0.148245,0.341254,64.000000,0.099186,30.472013,0.290651,48.507744,6.911920
22,2.311821,0.148419,0.252872,64.000000,0.099186,27.683806,0.392239,50.819565,7.164791
23,2.178989,0.149442,0.452451,64.000000,0.099186,29.371422,0.219219,52.998554,7.617242
24,2.153733,0.149273,0.372468,64.000000,0.099186,29.715848,0.266294,55.152286,7.989710
25,2.404721,0.148380,0.214657,64.000000,0.099186,26.614315,0.462068,57.557007,8.204367
26,2.117996,0.149466,0.391534,64.000000,0.099186,30.217241,0.253327,59.675004,8.595901
27,2.369198,0.148658,0.267752,64.000000,0.099186,27.013356,0.370439,62.044202,8.863653
28,2.139250,0.151464,0.346460,64.000000,0.099186,29.917032,0.286284,64.183452,9.210113
29,2.497651,0.149588,0.126294,64.000000,0.099186,25.624077,0.785360,66.681102,9.336406
30,2.363167,0.146799,0.207536,64.000000,0.099186,27.082297,0.477921,69.044270,9.543943
31,1.993562,0.151322,0.535278,64.000000,0.099186,32.103334,0.185298,71.037832,10.079221
32,2.508543,0.151217,0.240697,64.000000,0.099186,25.512815,0.412078,73.546376,10.319918
33,2.209309,0.148843,0.354324,64.000000,0.099186,28.968333,0.279930,75.755685,10.674242
34,2.405895,0.149961,0.480126,64.000000,0.099186,26.601329,0.206583,78.161579,11.154368
35,2.590074,0.148669,0.160813,64.000000,0.099186,24.709721,0.616778,80.751653,11.315181
36,2.405390,0.151502,0.140563,64.000000,0.099186,26.606909,0.705631,83.157043,11.455744
37,2.616423,0.151095,0.274575,64.000000,0.099186,24.460877,0.361235,85.773466,11.730319
38,2.416040,0.150344,0.180232,64.000000,0.099186,26.489628,0.550323,88.189506,11.910551
39,2.367490,0.150504,0.369175,64.000000,0.099186,27.032853,0.268669,90.556996,12.279726
40,2.156580,0.152141,0.379617,64.000000,0.099186,29.676620,0.261279,92.713576,12.659343
41,2.274763,0.148299,0.212384,64.000000,0.099186,28.134796,0.467013,94.988339,12.871727
42,2.225236,0.150565,0.091681,64.000000,0.099186,28.761000,1.081856,97.213575,12.963408
43,2.123164,0.150339,0.370759,64.000000,0.099186,30.143692,0.267521,99.336739,13.334167
44,2.265674,0.151468,0.335851,64.000000,0.099186,28.247669,0.295328,101.602412,13.670018
45,2.284011,0.148757,0.261559,64.000000,0.099186,28.020880,0.379211,103.886423,13.931577
46,2.116890,0.162125,0.364731,64.000000,0.099186,30.233027,0.271943,106.003314,14.296308
47,2.169005,0.147345,0.468768,64.000000,0.099186,29.506621,0.211588,108.172318,14.765076
48,2.054797,0.156731,0.378222,64.000000,0.099186,31.146634,0.262243,110.227115,15.143298
49,2.371300,0.150168,0.261702,64.000000,0.099186,26.989412,0.379003,112.598415,15.405000
50,2.212878,0.149248,0.424764,64.000000,0.099186,28.921612,0.233508,114.811293,15.829764
51,2.546627,0.148251,0.115789,64.000000,0.099186,25.131285,0.856612,117.357920,15.945553
52,2.275822,0.148951,0.287212,64.000000,0.099186,28.121711,0.345340,119.633742,16.232765
53,2.259036,0.151751,0.230689,64.000000,0.099186,28.330671,0.429956,121.892777,16.463454
54,2.052979,0.150132,0.457873,64.000000,0.099186,31.174204,0.216623,123.945757,16.921327
55,2.385101,0.148497,0.236104,64.000000,0.099186,26.833247,0.420095,126.330858,17.157431
56,2.148636,0.151290,0.435948,64.000000,0.099186,29.786333,0.227518,128.479494,17.593378
57,2.215501,0.149134,0.416790,64.000000,0.099186,28.887366,0.237976,130.694995,18.010169
58,2.237107,0.150128,0.215897,64.000000,0.099186,28.608380,0.459413,132.932102,18.226066
59,2.393648,0.150253,0.168026,64.000000,0.099186,26.737430,0.590302,135.325750,18.394092
60,2.201200,0.176449,0.428305,64.000000,0.099186,29.075044,0.231578,137.526951,18.822396
61,2.019402,0.150530,0.557364,64.000000,0.099186,31.692554,0.177956,139.546352,19.379760
62,2.563294,0.148117,0.048972,64.000000,0.099186,24.967869,2.025372,142.109647,19.428732
63,2.424773,0.148695,0.185794,64.000000,0.099186,26.394223,0.533849,144.534420,19.614526
64,2.287057,0.148073,0.204397,64.000000,0.099186,27.983560,0.485262,146.821477,19.818922
65,2.151564,0.149395,0.378752,64.000000,0.099186,29.745797,0.261876,148.973041,20.197674
66,2.218823,0.152346,0.256122,64.000000,0.099186,28.844122,0.387261,151.191864,20.453795
67,2.262858,0.148740,0.204430,64.000000,0.099186,28.282821,0.485182,153.454722,20.658226
68,2.410209,0.151519,0.351346,64.000000,0.099186,26.553713,0.282302,155.864931,21.009572
69,2.401662,0.151653,0.216097,64.000000,0.099186,26.648208,0.458989,158.266594,21.225669
70,2.598105,0.147836,0.339274,64.000000,0.099186,24.633342,0.292347,160.864698,21.564943
71,2.435276,0.147561,0.195447,64.000000,0.099186,26.280388,0.507483,163.299974,21.760390
72,2.203700,0.148330,0.507119,64.000000,0.099186,29.042071,0.195587,165.503674,22.267509
73,2.162344,0.150678,0.355409,64.000000,0.099186,29.597511,0.279075,167.666018,22.622918
74,2.441116,0.148328,0.177841,64.000000,0.099186,26.217520,0.557722,170.107134,22.800759
75,2.246188,0.152472,0.298947,64.000000,0.099186,28.492711,0.331784,172.353322,23.099706
76,2.575723,0.148277,0.109908,64.000000,0.099186,24.847388,0.902446,174.929046,23.209614
77,2.141047,0.147774,0.416543,64.000000,0.099186,29.891922,0.238117,177.070092,23.626157
78,2.626905,0.148755,0.088239,64.000000,0.099186,24.363276,1.124065,179.696997,23.714396
79,2.367373,0.150155,0.145721,64.000000,0.099186,27.034182,0.680657,182.064370,23.860117
80,2.222193,0.147490,0.355899,64.000000,0.099186,28.800380,0.278691,184.286563,24.216016
81,2.481564,0.149497,0.113012,64.000000,0.099186,25.790191,0.877660,186.768127,24.329027
82,2.273008,0.148144,0.229314,64.000000,0.099186,28.156522,0.432533,189.041135,24.558342
83,2.207971,0.147758,0.265027,64.000000,0.099186,28.985894,0.374248,191.249105,24.823369
84,2.474736,0.147851,0.178194,64.000000,0.099186,25.861342,0.556618,193.723841,25.001563
85,2.412224,0.149938,0.185670,64.000000,0.099186,26.531531,0.534206,196.136065,25.187233
86,2.506095,0.150536,0.135576,64.000000,0.099186,25.537742,0.731592,198.642160,25.322808
87,2.377377,0.150874,0.259434,64.000000,0.099186,26.920429,0.382317,201.019537,25.582242
88,2.370733,0.151108,0.363016,64.000000,0.099186,26.995872,0.273228,203.390270,25.945258
89,2.291802,0.149992,0.310216,64.000000,0.099186,27.925618,0.319732,205.682072,26.255473
90,2.356479,0.152025,0.247917,64.000000,0.099186,27.159161,0.400077,208.038551,26.503391
91,2.264869,0.148635,0.400409,64.000000,0.099186,28.257700,0.247711,210.303421,26.903800
92,2.307220,0.147281,0.233958,64.000000,0.099186,27.739006,0.423948,212.610641,27.137758
93,2.482392,0.150342,0.223121,64.000000,0.099186,25.781586,0.444539,215.093033,27.360878
94,4.326023,0.149351,0.186340,64.000000,0.099186,14.794189,0.532284,219.419056,27.547219
95,2.370662,0.149232,0.327986,64.000000,0.099186,26.996675,0.302409,221.789718,27.875205
96,2.570625,0.149627,0.262607,64.000000,0.099186,24.896664,0.377698,224.360344,28.137811
97,2.309097,0.169734,0.298488,64.000000,0.099186,27.716462,0.332294,226.669441,28.436299
98,2.571724,0.165806,0.396227,64.000000,0.099186,24.886029,0.250326,229.241165,28.832526
99,2.399192,0.148165,0.257663,64.000000,0.099186,26.675643,0.384944,231.640357,29.090190
100,2.593150,0.148704,0.405751,64.000000,0.099186,24.680407,0.244450,234.233507,29.495941
101,2.595065,0.148997,0.336911,64.000000,0.099186,24.662196,0.294398,236.828572,29.832852
102,2.746311,0.148194,0.250537,64.000000,0.099186,23.303989,0.395893,239.574883,30.083389
103,2.594633,0.149782,0.358724,64.000000,0.099186,24.666297,0.276496,242.169516,30.442114
104,2.431290,0.150628,0.263657,64.000000,0.099186,26.323476,0.376194,244.600806,30.705770
105,2.412731,0.153236,0.231421,64.000000,0.099186,26.525956,0.428596,247.013538,30.937191
106,2.639663,0.151719,0.237012,64.000000,0.099186,24.245524,0.418485,249.653200,31.174203
107,2.771686,0.151661,0.475106,64.000000,0.099186,23.090637,0.208766,252.424886,31.649309
108,2.599204,0.148259,0.182773,64.000000,0.099186,24.622921,0.542672,255.024090,31.832082
109,2.989938,0.149826,0.224408,64.000000,0.099186,21.405129,0.441990,258.014028,32.056490
110,3.168992,0.149722,0.163384,64.000000,0.099186,20.195695,0.607071,261.183020,32.219874
111,2.314742,0.149820,0.468807,64.000000,0.099186,27.648876,0.211571,263.497762,32.688681
112,2.634093,0.148241,0.252842,64.000000,0.099186,24.296789,0.392284,266.131855,32.941523
113,2.467589,0.148579,0.175101,64.000000,0.099186,25.936244,0.566449,268.599444,33.116624
114,2.455528,0.147935,0.199554,64.000000,0.099186,26.063643,0.497037,271.054972,33.316179
115,2.564444,0.158576,0.250806,64.000000,0.099186,24.956674,0.395468,273.619416,33.566985
116,2.612131,0.148514,0.187931,64.000000,0.099186,24.501073,0.527779,276.231547,33.754916
117,2.527006,0.148641,0.118655,64.000000,0.099186,25.326415,0.835920,278.758552,33.873570
118,2.571872,0.150970,0.466535,64.000000,0.099186,24.884596,0.212601,281.330425,34.340106
119,2.588373,0.149539,0.102142,64.000000,0.099186,24.725956,0.971062,283.918798,34.442247
120,2.690173,0.149937,0.237756,64.000000,0.099186,23.790293,0.417175,286.608971,34.680004
121,2.401704,0.148872,0.340087,64.000000,0.099186,26.647746,0.291648,289.010675,35.020091
122,2.554950,0.149686,0.288060,64.000000,0.099186,25.049409,0.344323,291.565625,35.308152
123,2.233004,0.145689,0.634914,64.000000,0.099186,28.660947,0.156220,293.798629,35.943066
124,2.476975,0.150504,0.335339,64.000000,0.099186,25.837965,0.295779,296.275604,36.278404
125,2.425739,0.151783,0.399384,64.000000,0.099186,26.383711,0.248347,298.701343,36.677788
126,2.837653,0.150070,0.250585,64.000000,0.099186,22.553846,0.395818,301.538997,36.928373
127,2.454242,0.150831,0.229876,64.000000,0.099186,26.077302,0.431477,303.993238,37.158248
128,2.613852,0.148915,0.176650,64.000000,0.099186,24.484938,0.561482,306.607090,37.334899
129,2.495742,0.149152,0.192599,64.000000,0.099186,25.643675,0.514986,309.102832,37.527498
130,2.589391,0.147825,0.353689,64.000000,0.099186,24.716238,0.280433,311.692223,37.881187
131,2.751637,0.149544,0.215056,64.000000,0.099186,23.258878,0.461209,314.443861,38.096243
132,2.895186,0.149770,0.392705,64.000000,0.099186,22.105663,0.252571,317.339046,38.488948
133,2.540890,0.148942,0.225075,64.000000,0.099186,25.188028,0.440679,319.879936,38.714024
134,2.494061,0.148552,0.303986,64.000000,0.099186,25.660957,0.326284,322.373997,39.018010
135,2.589713,0.148399,0.468167,64.000000,0.099186,24.713161,0.211860,324.963711,39.486177
136,2.654872,0.147462,0.136053,64.000000,0.099186,24.106620,0.729025,327.618583,39.622230
137,3.025371,0.149249,0.273718,64.000000,0.099186,21.154433,0.362366,330.643954,39.895948
138,2.279141,0.148525,0.305608,64.000000,0.099186,28.080756,0.324553,332.923095,40.201555
139,2.520467,0.148428,0.190705,64.000000,0.099186,25.392117,0.520102,335.443562,40.392260
140,2.585220,0.148035,0.353010,64.000000,0.099186,24.756110,0.280972,338.028782,40.745270
141,2.532382,0.150473,0.172222,64.000000,0.099186,25.272649,0.575919,340.561164,40.917492
142,2.421303,0.150038,0.257119,64.000000,0.099186,26.432047,0.385758,342.982467,41.174611
143,2.765657,0.148005,0.188907,64.000000,0.099186,23.140979,0.525051,345.748124,41.363518
144,2.459764,0.151328,0.229795,64.000000,0.099186,26.018758,0.431628,348.207888,41.593313
145,2.760915,0.149487,0.001322,64.000000,0.099186,23.180718,75.051657,350.968803,41.594635
146,2.626248,0.149238,0.394089,64.000000,0.099186,24.369368,0.251684,353.595051,41.988724
147,2.421121,0.150424,0.281468,64.000000,0.099186,26.434041,0.352388,356.016172,42.270192
148,2.376594,0.149769,0.547803,64.000000,0.099186,26.929295,0.181061,358.392765,42.817995
149,2.489563,0.144545,0.594937,64.000000,0.099186,25.707325,0.166717,360.882328,43.412931
150,2.851580,0.150867,0.344081,64.000000,0.099186,22.443697,0.288263,363.733908,43.757012
151,2.562971,0.150084,0.140805,64.000000,0.099186,24.971024,0.704419,366.296879,43.897818
152,2.672729,0.148678,0.220717,64.000000,0.099186,23.945561,0.449380,368.969608,44.118535
153,2.135121,0.144633,0.698784,64.000000,0.099186,29.974879,0.141941,371.104729,44.817319
154,2.966408,0.147814,0.001323,64.000000,0.099186,21.574913,74.949008,374.071138,44.818642
155,2.314046,0.147686,0.390509,64.000000,0.099186,27.657183,0.253991,376.385184,45.209151
156,2.755112,0.150206,0.282825,64.000000,0.099186,23.229547,0.350697,379.140296,45.491976
157,2.527479,0.149040,0.211893,64.000000,0.099186,25.321674,0.468096,381.667775,45.703869
158,2.697061,0.165950,0.286136,64.000000,0.099186,23.729534,0.346639,384.364836,45.990005
159,2.426486,0.150127,0.292779,64.000000,0.099186,26.375594,0.338775,386.791321,46.282783
160,2.700616,0.149495,0.174291,64.000000,0.099186,23.698297,0.569084,389.491937,46.457074
161,2.442778,0.147465,0.534034,64.000000,0.099186,26.199675,0.185730,391.934716,46.991108
162,2.504363,0.153486,0.351906,64.000000,0.099186,25.555403,0.281854,394.439078,47.343014
163,2.781172,0.286415,0.167431,64.000000,0.099186,23.011878,0.592398,397.220251,47.510445
164,2.581677,0.284568,0.055310,64.000000,0.099186,24.790085,1.793267,399.801928,47.565755
165,2.840933,0.293599,0.177073,64.000000,0.099186,22.527814,0.560141,402.642861,47.742828
166,2.935290,0.284881,0.111114,64.000000,0.099186,21.803641,0.892650,405.578150,47.853942
167,2.669459,0.295785,0.307224,64.000000,0.099186,23.974894,0.322846,408.247609,48.161166
168,2.691188,0.292453,0.049752,64.000000,0.099186,23.781321,1.993589,410.938797,48.210918
169,2.547856,0.293619,0.278198,64.000000,0.099186,25.119155,0.356530,413.486654,48.489116
170,2.679588,0.285538,0.001300,64.000000,0.099186,23.884273,76.287373,416.166241,48.490417
171,2.477824,0.284355,0.225055,64.000000,0.099186,25.829112,0.440718,418.644065,48.715472
172,2.838140,0.292602,0.210782,64.000000,0.099186,22.549980,0.470562,421.482206,48.926254
173,2.559065,0.290966,0.064262,64.000000,0.099186,25.009138,1.543467,424.041270,48.990516
174,2.988876,0.291583,0.178779,64.000000,0.099186,21.412731,0.554795,427.030146,49.169295
175,2.506258,0.286835,0.276645,64.000000,0.099186,25.536077,0.358532,429.536404,49.445940
176,2.317953,0.290319,0.150975,64.000000,0.099186,27.610568,0.656969,431.854357,49.596915
177,2.680258,0.291299,0.195926,64.000000,0.099186,23.878298,0.506243,434.534615,49.792841
178,2.593199,0.283181,0.105423,64.000000,0.099186,24.679943,0.940834,437.127814,49.898264
179,2.666110,0.288935,0.122176,64.000000,0.099186,24.005008,0.811829,439.793925,50.020440
180,2.559991,0.282835,0.195118,64.000000,0.099186,25.000084,0.508337,442.353916,50.215558
181,2.518266,0.283125,0.244176,64.000000,0.099186,25.414314,0.406207,444.872182,50.459734
182,2.629734,0.294158,0.204462,64.000000,0.099186,24.337059,0.485107,447.501916,50.664196
183,2.345788,0.285875,0.191017,64.000000,0.099186,27.282940,0.519251,449.847704,50.855213
184,2.356070,0.287214,0.193273,64.000000,0.099186,27.163875,0.513192,452.203775,51.048486
185,2.465723,0.287170,0.172823,64.000000,0.099186,25.955879,0.573916,454.669498,51.221309
186,2.652254,0.277573,0.090815,64.000000,0.099186,24.130414,1.092177,457.321752,51.312124
187,2.370865,0.275718,0.128375,64.000000,0.099186,26.994369,0.772628,459.692617,51.440499
188,2.603505,0.277620,0.080366,64.000000,0.099186,24.582242,1.234183,462.296122,51.520865
189,2.215421,0.278012,0.389921,64.000000,0.099186,28.888418,0.254374,464.511543,51.910786
190,2.298087,0.302676,0.371669,64.000000,0.099186,27.849245,0.266866,466.809630,52.282455
191,2.323363,0.286043,0.624107,64.000000,0.099186,27.546280,0.158925,469.132993,52.906562
192,2.363185,0.272097,0.481952,64.000000,0.099186,27.082092,0.205800,471.496178,53.388514
193,2.665486,0.312896,0.375276,64.000000,0.099186,24.010628,0.264301,474.161665,53.763790
194,2.853423,0.279255,0.086072,64.000000,0.099186,22.429200,1.152358,477.015088,53.849862
195,2.512300,0.280917,0.174147,64.000000,0.099186,25.474660,0.569552,479.527388,54.024010
196,2.606387,0.277021,0.226400,64.000000,0.099186,24.555061,0.438100,482.133776,54.250410
197,2.328767,0.277563,0.105811,64.000000,0.099186,27.482352,0.937391,484.462543,54.356220
198,2.532173,0.281776,0.263319,64.000000,0.099186,25.274735,0.376677,486.994716,54.619539
199,2.476156,0.276313,0.155902,64.000000,0.099186,25.846515,0.636206,489.470872,54.775441
200,2.504191,0.282402,0.320590,64.000000,0.099186,25.557159,0.309385,491.975062,55.096032
201,2.555171,0.283110,0.117304,64.000000,0.099186,25.047245,0.845546,494.530234,55.213336
202,3.092985,0.274162,0.065221,64.000000,0.099186,20.691988,1.520767,497.623218,55.278557
203,2.713616,0.282352,0.219323,64.000000,0.099186,23.584767,0.452237,500.336834,55.497879
204,3.134940,0.278383,0.001361,64.000000,0.099186,20.415063,72.881057,503.471774,55.499240
205,2.320724,0.276674,0.355247,64.000000,0.099186,27.577600,0.279203,505.792498,55.854487
206,2.464116,0.272669,0.409661,64.000000,0.099186,25.972807,0.242117,508.256614,56.264148
207,2.337127,0.284095,0.130557,64.000000,0.099186,27.384054,0.759714,510.593741,56.394705
208,2.559133,0.276591,0.204313,64.000000,0.099186,25.008467,0.485461,513.152874,56.599018
209,2.690460,0.276283,0.134751,64.000000,0.099186,23.787756,0.736067,515.843334,56.733769
210,2.440425,0.290186,0.183862,64.000000,0.099186,26.224936,0.539459,518.283759,56.917631
211,2.612211,0.288662,0.258138,64.000000,0.099186,24.500320,0.384236,520.895970,57.175770
212,2.627369,0.278974,0.240394,64.000000,0.099186,24.358972,0.412597,523.523338,57.416164
213,2.460107,0.273812,0.186328,64.000000,0.099186,26.015128,0.532318,525.983446,57.602492
214,2.775461,0.273178,0.245255,64.000000,0.099186,23.059234,0.404419,528.758906,57.847747
215,2.463837,0.276001,0.242906,64.000000,0.099186,25.975750,0.408331,531.222743,58.090653
216,2.668047,0.285069,0.246050,64.000000,0.099186,23.987584,0.403114,533.890790,58.336703
217,2.609979,0.274484,0.189232,64.000000,0.099186,24.521270,0.524149,536.500769,58.525935
218,2.517619,0.283910,0.237185,64.000000,0.099186,25.420839,0.418180,539.018388,58.763120
219,2.333000,0.279847,0.439335,64.000000,0.099186,27.432489,0.225764,541.351388,59.202456
220,2.342506,0.290969,0.416769,64.000000,0.099186,27.321171,0.237988,543.693894,59.619225
221,2.372319,0.283175,0.295760,64.000000,0.099186,26.977827,0.335360,546.066213,59.914985
222,2.718512,0.276373,0.219394,64.000000,0.099186,23.542294,0.452091,548.784724,60.134379
223,2.918591,0.276773,0.093153,64.000000,0.099186,21.928393,1.064759,551.703315,60.227532
224,2.343930,0.281288,0.257430,64.000000,0.099186,27.304566,0.385293,554.047245,60.484962
225,2.844405,0.275359,0.083228,64.000000,0.099186,22.500310,1.191740,556.891650,60.568190
226,2.676407,0.277715,0.166984,64.000000,0.099186,23.912655,0.593985,559.568058,60.735174
227,2.645471,0.281411,0.320018,64.000000,0.099186,24.192294,0.309939,562.213528,61.055192
228,2.688632,0.282729,0.120952,64.000000,0.099186,23.803923,0.820044,564.902161,61.176143
229,2.526355,0.275489,0.146216,64.000000,0.099186,25.332939,0.678351,567.428516,61.322360
230,2.644750,0.285424,0.001342,64.000000,0.099186,24.198888,73.930644,570.073265,61.323701
231,2.319042,0.277634,0.361731,64.000000,0.099186,27.597598,0.274198,572.392308,61.685432
232,2.577577,0.273316,0.388277,64.000000,0.099186,24.829519,0.255452,574.969885,62.073709
233,2.534724,0.275439,0.163816,64.000000,0.099186,25.249297,0.605473,577.504609,62.237524
234,2.410390,0.273870,0.428239,64.000000,0.099186,26.551715,0.231613,579.914999,62.665764
235,2.338474,0.273831,0.365570,64.000000,0.099186,27.368272,0.271318,582.253474,63.031334
236,2.674214,0.274726,0.309584,64.000000,0.099186,23.932269,0.320384,584.927687,63.340919
237,2.416396,0.285142,0.291064,64.000000,0.099186,26.485729,0.340770,587.344083,63.631983
238,2.373144,0.277778,0.295623,64.000000,0.099186,26.968438,0.335516,589.717227,63.927605
239,2.726635,0.275875,0.128575,64.000000,0.099186,23.472158,0.771422,592.443862,64.056181
240,2.474948,0.275136,0.141080,64.000000,0.099186,25.859131,0.703047,594.918810,64.197261
241,2.708525,0.274678,0.072417,64.000000,0.099186,23.629100,1.369659,597.627334,64.269677
242,2.647622,0.300707,0.355213,64.000000,0.099186,24.172636,0.279229,600.274956,64.624891
243,2.391521,0.290662,0.240762,64.000000,0.099186,26.761210,0.411967,602.666477,64.865653
244,2.668388,0.272896,0.025790,64.000000,0.099186,23.984520,3.845847,605.334865,64.891443
245,2.420366,0.273905,0.173092,64.000000,0.099186,26.442279,0.573025,607.755232,65.064535
246,2.204629,0.278744,0.672210,64.000000,0.099186,29.029825,0.147552,609.959861,65.736745
247,2.748762,0.283961,0.083384,64.000000,0.099186,23.283209,1.189514,612.708623,65.820128
248,2.205171,0.281890,0.444945,64.000000,0.099186,29.022692,0.222917,614.913794,66.265074
249,2.225715,0.309685,0.449757,64.000000,0.099186,28.754810,0.220532,617.139508,66.714831
250,2.323663,0.270812,0.514952,64.000000,0.099186,27.542715,0.192612,619.463172,67.229783
251,2.490266,0.275518,0.198012,64.000000,0.099186,25.700066,0.500908,621.953438,67.427795
252,2.839566,0.273709,0.001422,64.000000,0.099186,22.538653,69.773193,624.793004,67.429217
253,2.727900,0.273064,0.118046,64.000000,0.099186,23.461272,0.840231,627.520904,67.547263
254,2.216206,0.274301,0.373249,64.000000,0.099186,28.878187,0.265737,629.737110,67.920512
255,2.544247,0.274477,0.212010,64.000000,0.099186,25.154787,0.467836,632.281357,68.132522
256,2.973476,0.275899,0.116778,64.000000,0.099186,21.523633,0.849355,635.254833,68.249300
257,2.775543,0.274474,0.178589,64.000000,0.099186,23.058550,0.555387,638.030376,68.427889
258,2.773697,0.286782,0.287552,64.000000,0.099186,23.073901,0.344932,640.804072,68.715441
259,2.404954,0.274113,0.372925,64.000000,0.099186,26.611733,0.265967,643.209027,69.088366
260,2.622935,0.283185,0.175397,64.000000,0.099186,24.400147,0.565495,645.831962,69.263763
261,2.599685,0.275574,0.249364,64.000000,0.099186,24.618367,0.397756,648.431647,69.513126
262,2.559393,0.285300,0.556378,64.000000,0.099186,25.005930,0.178271,650.991039,70.069504
263,2.351607,0.308256,0.260660,64.000000,0.099186,27.215431,0.380518,653.342647,70.330164
264,2.366089,0.280697,0.198761,64.000000,0.099186,27.048852,0.499022,655.708736,70.528925
265,2.374201,0.276235,0.195021,64.000000,0.099186,26.956442,0.508591,658.082936,70.723946
266,2.290928,0.279581,0.181154,64.000000,0.099186,27.936272,0.547523,660.373865,70.905100
267,2.754778,0.274726,0.092082,64.000000,0.099186,23.232360,1.077150,663.128643,70.997182
268,2.461352,0.274413,0.255155,64.000000,0.099186,26.001965,0.388727,665.589996,71.252338
269,2.147126,0.270809,0.612871,64.000000,0.099186,29.807280,0.161838,667.737122,71.865208
270,2.606941,0.274402,0.065849,64.000000,0.099186,24.549849,1.506267,670.344063,71.931057
271,2.598851,0.275930,0.078050,64.000000,0.099186,24.626272,1.270804,672.942913,72.009107
272,2.754155,0.275265,0.033499,64.000000,0.099186,23.237618,2.960886,675.697068,72.042606
273,2.338380,0.277034,0.301145,64.000000,0.099186,27.369372,0.329363,678.035448,72.343750
274,2.313337,0.285159,0.287905,64.000000,0.099186,27.665663,0.344509,680.348785,72.631656
275,2.525983,0.274247,0.297454,64.000000,0.099186,25.336667,0.333450,682.874769,72.929110
276,5.876387,0.278984,1.422766,64.000000,0.099186,10.891046,0.069713,688.751156,74.351876
277,2.439039,0.274214,0.184901,64.000000,0.099186,26.239844,0.536429,691.190195,74.536776
278,2.710763,0.269309,0.809767,64.000000,0.099186,23.609593,0.122487,693.900957,75.346544
279,2.445406,0.288762,0.435744,64.000000,0.099186,26.171528,0.227625,696.346363,75.782287
280,3.951017,0.280946,0.001354,64.000000,0.099186,16.198360,73.279782,700.297380,75.783641
281,2.663869,0.278125,0.258129,64.000000,0.099186,24.025201,0.384250,702.961249,76.041769
282,2.962368,0.276163,0.215843,64.000000,0.099186,21.604336,0.459529,705.923618,76.257612
283,2.342486,0.275165,0.281054,64.000000,0.099186,27.321405,0.352907,708.266103,76.538666
284,2.712724,0.281747,0.368203,64.000000,0.099186,23.592521,0.269379,710.978828,76.906869
285,2.357114,0.274631,0.283907,64.000000,0.099186,27.151844,0.349360,713.335942,77.190776
286,2.683753,0.275131,0.500312,64.000000,0.099186,23.847202,0.198248,716.019695,77.691088
287,2.880624,0.276038,0.554200,64.000000,0.099186,22.217406,0.178972,718.900319,78.245287
288,2.831757,0.305581,0.548059,64.000000,0.099186,22.600806,0.180977,721.732077,78.793346
289,2.938287,0.278074,0.189942,64.000000,0.099186,21.781397,0.522191,724.670364,78.983288
290,2.237269,0.287200,0.772062,64.000000,0.099186,28.606308,0.128469,726.907633,79.755350
291,3.353446,0.275416,0.681766,64.000000,0.099186,19.084845,0.145484,730.261079,80.437115
292,2.840280,0.277723,0.512722,64.000000,0.099186,22.532986,0.193450,733.101359,80.949837
293,2.648355,0.264537,1.047862,64.000000,0.099186,24.165947,0.094656,735.749714,81.997699
294,2.656169,0.280520,0.131906,64.000000,0.099186,24.094856,0.751945,738.405883,82.129605
295,2.260875,0.277174,1.180943,64.000000,0.099186,28.307619,0.083989,740.666758,83.310548
296,2.555759,0.276857,0.091994,64.000000,0.099186,25.041480,1.078178,743.222517,83.402542
297,3.036126,0.275358,0.168248,64.000000,0.099186,21.079492,0.589523,746.258644,83.570790
298,3.018494,0.280137,0.165546,64.000000,0.099186,21.202629,0.599144,749.277137,83.736336
299,2.670471,0.297131,0.392691,64.000000,0.099186,23.965809,0.252580,751.947608,84.129028
300,3.540745,0.276769,0.463168,64.000000,0.099186,18.075295,0.214147,755.488353,84.592196
301,2.563868,0.292918,0.322582,64.000000,0.099186,24.962283,0.307475,758.052221,84.914778
302,2.444040,0.272009,0.551075,64.000000,0.099186,26.186147,0.179986,760.496261,85.465853
303,2.612174,0.278671,1.385043,64.000000,0.099186,24.500662,0.071612,763.108436,86.850896
304,2.442948,0.281220,0.110796,64.000000,0.099186,26.197851,0.895209,765.551384,86.961693
305,3.453694,0.285821,0.223915,64.000000,0.099186,18.530885,0.442962,769.005078,87.185608
306,3.327223,0.288916,0.357312,64.000000,0.099186,19.235257,0.277589,772.332301,87.542920
307,2.932584,0.281215,0.010209,64.000000,0.099186,21.823755,9.715630,775.264886,87.553128
308,3.073001,0.282909,0.001313,64.000000,0.099186,20.826545,75.566903,778.337887,87.554441
309,2.920582,0.314293,0.428990,64.000000,0.099186,21.913439,0.231208,781.258469,87.983431
310,2.723967,0.283157,0.391224,64.000000,0.099186,23.495141,0.253527,783.982437,88.374655
311,3.016278,0.280411,0.381109,64.000000,0.099186,21.218202,0.260256,786.998715,88.755765
312,2.350705,0.280749,0.358067,64.000000,0.099186,27.225877,0.277004,789.349420,89.113832
313,2.375650,0.303358,0.545627,64.000000,0.099186,26.939995,0.181783,791.725070,89.659459
314,2.354628,0.270864,0.536710,64.000000,0.099186,27.180520,0.184804,794.079697,90.196169
315,2.481904,0.285903,0.261052,64.000000,0.099186,25.786654,0.379947,796.561601,90.457221
316,2.992585,0.293403,0.518061,64.000000,0.099186,21.386189,0.191456,799.554187,90.975282
317,2.559370,0.284370,0.310314,64.000000,0.099186,25.006149,0.319631,802.113557,91.285595
318,2.477912,0.282118,0.644763,64.000000,0.099186,25.828192,0.153833,804.591470,91.930358
319,3.171373,0.291046,0.082659,64.000000,0.099186,20.180532,1.199939,807.762843,92.013017
320,2.630557,0.289152,0.539131,64.000000,0.099186,24.329452,0.183974,810.393399,92.552148
321,2.549766,0.277671,0.142072,64.000000,0.099186,25.100346,0.698137,812.943165,92.694221
322,2.539956,0.285627,0.298696,64.000000,0.099186,25.197283,0.332063,815.483121,92.992917
323,2.948425,0.284282,0.001451,64.000000,0.099186,21.706502,68.335245,818.431547,92.994368
324,2.807792,0.298414,0.130457,64.000000,0.099186,22.793710,0.760297,821.239339,93.124825
325,2.352646,0.272615,0.992269,64.000000,0.099186,27.203408,0.099959,823.591985,94.117094
326,2.814152,0.280787,0.202394,64.000000,0.099186,22.742195,0.490064,826.406138,94.319488
327,2.568570,0.276559,0.529103,64.000000,0.099186,24.916585,0.187461,828.974708,94.848591
328,2.804069,0.294195,0.602645,64.000000,0.099186,22.823972,0.164584,831.778777,95.451236
329,2.740819,0.279563,0.207212,64.000000,0.099186,23.350684,0.478670,834.519596,95.658448
330,2.730426,0.279660,0.152535,64.000000,0.099186,23.439564,0.650250,837.250023,95.810983
331,2.301026,0.273442,1.082111,64.000000,0.099186,27.813678,0.091660,839.551049,96.893094
332,2.558958,0.354693,0.522314,64.000000,0.099186,25.010181,0.189897,842.110007,97.415408
333,2.177540,0.271069,0.883223,64.000000,0.099186,29.390962,0.112300,844.287547,98.298631
334,2.234589,0.273310,0.773879,64.000000,0.099186,28.640610,0.128167,846.522136,99.072510
335,2.584184,0.287621,0.543074,64.000000,0.099186,24.766036,0.182638,849.106320,99.615584
336,2.361540,0.282139,0.882373,64.000000,0.099186,27.100958,0.112408,851.467860,100.497956
337,2.803457,0.283219,0.068745,64.000000,0.099186,22.828957,1.442804,854.271317,100.566702
338,3.141603,0.278488,0.008278,64.000000,0.099186,20.371763,11.981976,857.412921,100.574979
339,2.562858,0.274790,0.510941,64.000000,0.099186,24.972122,0.194124,859.975779,101.085921
340,3.154015,0.279190,1.490835,64.000000,0.099186,20.291599,0.066530,863.129793,102.576756
341,2.124962,0.281450,0.009406,64.000000,0.099186,30.118185,10.544454,865.254755,102.586162
342,2.677271,0.277867,0.252962,64.000000,0.099186,23.904942,0.392098,867.932026,102.839125
343,2.464657,0.271981,0.735161,64.000000,0.099186,25.967103,0.134917,870.396683,103.574285
344,2.736699,0.279418,0.212947,64.000000,0.099186,23.385842,0.465778,873.133382,103.787232
345,2.737654,0.279733,0.128956,64.000000,0.099186,23.377684,0.769145,875.871035,103.916188
346,2.753887,0.267994,0.808156,64.000000,0.099186,23.239877,0.122731,878.624922,104.724345
347,3.300048,0.279593,0.043465,64.000000,0.099186,19.393659,2.281977,881.924970,104.767809
348,2.807572,0.277271,0.001374,64.000000,0.099186,22.795495,72.199870,884.732542,104.769183
349,3.507467,0.280836,0.127748,64.000000,0.099186,18.246784,0.776422,888.240010,104.896931
350,2.662350,0.274310,0.512374,64.000000,0.099186,24.038916,0.193581,890.902359,105.409305
351,2.598795,0.280072,0.467270,64.000000,0.099186,24.626798,0.212267,893.501154,105.876575
352,2.986675,0.280302,0.001365,64.000000,0.099186,21.428508,72.683556,896.487830,105.877940
353,2.581080,0.278583,0.223818,64.000000,0.099186,24.795824,0.443154,899.068910,106.101758
354,2.802845,0.279362,0.268492,64.000000,0.099186,22.833939,0.369418,901.871755,106.370250
355,2.172237,0.278016,1.045053,64.000000,0.099186,29.462721,0.094910,904.043991,107.415303
356,2.647241,0.282206,0.312933,64.000000,0.099186,24.176117,0.316956,906.691232,107.728236
357,2.372671,0.280941,0.471339,64.000000,0.099186,26.973816,0.210434,909.063903,108.199575
358,2.448694,0.272396,0.758866,64.000000,0.099186,26.136378,0.130703,911.512598,108.958440
359,2.796880,0.278601,0.072065,64.000000,0.099186,22.882641,1.376343,914.309478,109.030505
360,3.674469,0.285664,0.001377,64.000000,0.099186,17.417482,72.034645,917.983947,109.031882
361,2.615033,0.298174,0.301098,64.000000,0.099186,24.473876,0.329414,920.598980,109.332980
362,2.919365,0.288909,0.355047,64.000000,0.099186,21.922573,0.279360,923.518346,109.688027
363,2.964269,0.283401,0.228023,64.000000,0.099186,21.590486,0.434982,926.482614,109.916050
364,2.789868,0.284995,0.537064,64.000000,0.099186,22.940150,0.184682,929.272483,110.453115
365,2.649201,0.282849,0.240869,64.000000,0.099186,24.158228,0.411783,931.921683,110.693984
366,2.777603,0.282737,0.156300,64.000000,0.099186,23.041451,0.634588,934.699286,110.850284
367,2.548219,0.282015,0.933808,64.000000,0.099186,25.115583,0.106217,937.247505,111.784092
368,2.550642,0.296559,0.278353,64.000000,0.099186,25.091722,0.356332,939.798147,112.062444
369,2.681832,0.293227,0.418407,64.000000,0.099186,23.864284,0.237056,942.479979,112.480852
370,3.237266,0.275571,0.418843,64.000000,0.099186,19.769772,0.236809,945.717245,112.899695
371,2.530644,0.284774,0.136932,64.000000,0.099186,25.290001,0.724342,948.247889,113.036627
372,3.317139,0.289120,0.188210,64.000000,0.099186,19.293735,0.526997,951.565028,113.224837
373,2.713706,0.291776,0.242533,64.000000,0.099186,23.583982,0.408959,954.278734,113.467369
374,2.672400,0.280529,0.444687,64.000000,0.099186,23.948508,0.223047,956.951134,113.912057
375,2.648785,0.282291,0.289481,64.000000,0.099186,24.162022,0.342634,959.599919,114.201537
376,3.275829,0.288933,0.001381,64.000000,0.099186,19.537038,71.824948,962.875749,114.202918
377,3.306803,0.289628,0.001346,64.000000,0.099186,19.354043,73.711697,966.182551,114.204264
378,2.691183,0.289754,0.236486,64.000000,0.099186,23.781363,0.419416,968.873734,114.440749
379,2.403386,0.282647,0.433297,64.000000,0.099186,26.629097,0.228910,971.277120,114.874047
380,2.615655,0.280200,0.428414,64.000000,0.099186,24.468058,0.231519,973.892775,115.302461
381,3.162201,0.282341,0.017694,64.000000,0.099186,20.239065,5.605709,977.054977,115.320155
382,3.027721,0.287278,0.001377,64.000000,0.099186,21.138013,72.042807,980.082697,115.321532
383,2.633605,0.283237,0.256476,64.000000,0.099186,24.301292,0.386727,982.716302,115.578007
384,2.943149,0.297994,0.384362,64.000000,0.099186,21.745417,0.258054,985.659451,115.962369
385,2.878346,0.284125,0.036903,64.000000,0.099186,22.234989,2.687775,988.537798,115.999272
386,2.832823,0.283032,0.030400,64.000000,0.099186,22.592301,3.262742,991.370621,116.029671
387,2.623822,0.289623,0.243538,64.000000,0.099186,24.391900,0.407271,993.994443,116.273209
388,2.538133,0.285119,0.143832,64.000000,0.099186,25.215383,0.689596,996.532576,116.417041
389,2.560522,0.280618,0.436650,64.000000,0.099186,24.994906,0.227152,999.093098,116.853691
390,2.721940,0.280600,0.418739,64.000000,0.099186,23.512638,0.236868,1001.815038,117.272430
391,2.479480,0.274283,0.722293,64.000000,0.099186,25.811864,0.137321,1004.294518,117.994724
392,2.775075,0.280541,0.176634,64.000000,0.099186,23.062439,0.561534,1007.069593,118.171358
393,2.886564,0.282987,0.337925,64.000000,0.099186,22.171688,0.293515,1009.956157,118.509282
394,2.327324,0.277832,0.851686,64.000000,0.099186,27.499389,0.116458,1012.283482,119.360969
395,2.585995,0.291300,0.117779,64.000000,0.099186,24.748699,0.842137,1014.869476,119.478748
396,2.639987,0.291061,0.370629,64.000000,0.099186,24.242541,0.267615,1017.509464,119.849377
397,2.130004,0.364160,0.707757,64.000000,0.099186,30.046895,0.140141,1019.639467,120.557133
398,2.782679,0.281489,0.292990,64.000000,0.099186,22.999422,0.338531,1022.422146,120.850123
399,2.643890,0.282877,0.163669,64.000000,0.099186,24.206758,0.606015,1025.066036,121.013792
400,2.211317,0.272127,0.774219,64.000000,0.099186,28.942027,0.128111,1027.277353,121.788011
401,2.675146,0.281383,0.425239,64.000000,0.099186,23.923928,0.233248,1029.952499,122.213250
402,2.676103,0.281734,0.116468,64.000000,0.099186,23.915377,0.851616,1032.628601,122.329718
403,3.078757,0.284419,0.414732,64.000000,0.099186,20.787611,0.239157,1035.707358,122.744449
404,2.486481,0.283671,0.182698,64.000000,0.099186,25.739192,0.542896,1038.193839,122.927147
405,2.548851,0.294010,0.277887,64.000000,0.099186,25.109352,0.356929,1040.742690,123.205034
406,3.075966,0.284091,0.001375,64.000000,0.099186,20.806475,72.142944,1043.818656,123.206409
407,2.254792,0.294665,0.600318,64.000000,0.099186,28.383995,0.165222,1046.073447,123.806727
408,2.284101,0.290023,0.408316,64.000000,0.099186,28.019771,0.242915,1048.357549,124.215043
409,2.315284,0.283690,0.271211,64.000000,0.099186,27.642398,0.365715,1050.672833,124.486254
410,2.707224,0.285102,0.168861,64.000000,0.099186,23.640456,0.587381,1053.380056,124.655116
411,2.764055,0.291253,0.345655,64.000000,0.099186,23.154391,0.286951,1056.144111,125.000771
412,2.788433,0.284146,0.001346,64.000000,0.099186,22.951959,73.697786,1058.932544,125.002117
413,3.082617,0.290666,0.009256,64.000000,0.099186,20.761583,10.716250,1062.015161,125.011372
414,2.763574,0.291911,0.261222,64.000000,0.099186,23.158418,0.379700,1064.778734,125.272594
415,2.847648,0.294151,0.459554,64.000000,0.099186,22.474685,0.215831,1067.626383,125.732148
416,2.389206,0.289216,0.485386,64.000000,0.099186,26.787146,0.204344,1070.015588,126.217534
417,2.445506,0.288773,0.404932,64.000000,0.099186,26.170448,0.244944,1072.461095,126.622467
418,2.746008,0.327800,0.599922,64.000000,0.099186,23.306558,0.165331,1075.207103,127.222389
419,2.593359,0.277747,0.788236,64.000000,0.099186,24.678417,0.125833,1077.800462,128.010625
420,3.076084,0.293175,0.224593,64.000000,0.099186,20.805677,0.441626,1080.876546,128.235217
421,2.485628,0.287865,0.632925,64.000000,0.099186,25.748022,0.156710,1083.362174,128.868143
422,3.454537,0.286636,0.066773,64.000000,0.099186,18.526361,1.485425,1086.816711,128.934915
423,2.545006,0.283242,0.509529,64.000000,0.099186,25.147285,0.194662,1089.361717,129.444445
424,2.896921,0.294178,0.405509,64.000000,0.099186,22.092420,0.244596,1092.258638,129.849954
425,2.540546,0.278453,0.750654,64.000000,0.099186,25.191431,0.132133,1094.799185,130.600608
426,2.889380,0.288976,0.142334,64.000000,0.099186,22.150084,0.696855,1097.688564,130.742942
427,2.702717,0.285454,0.366966,64.000000,0.099186,23.679878,0.270287,1100.391281,131.109908
428,2.392109,0.313970,0.363570,64.000000,0.099186,26.754637,0.272811,1102.783390,131.473477
429,3.141390,0.287182,0.273375,64.000000,0.099186,20.373145,0.362819,1105.924780,131.746853
430,2.619559,0.274348,0.662330,64.000000,0.099186,24.431597,0.149753,1108.544339,132.409183
431,2.608220,0.287483,0.246817,64.000000,0.099186,24.537808,0.401861,1111.152559,132.656000
432,2.625492,0.312222,0.181156,64.000000,0.099186,24.376386,0.547517,1113.778050,132.837156
433,2.681994,0.286714,0.152084,64.000000,0.099186,23.862843,0.652179,1116.460044,132.989239
434,2.749468,0.300149,0.222422,64.000000,0.099186,23.277230,0.445936,1119.209512,133.211661
435,2.526226,0.284081,0.852127,64.000000,0.099186,25.334238,0.116398,1121.735738,134.063789
436,2.954049,0.286266,0.198695,64.000000,0.099186,21.665181,0.499186,1124.689786,134.262484
437,2.734368,0.289944,0.150980,64.000000,0.099186,23.405776,0.656947,1127.424154,134.413464
438,2.561686,0.294268,0.117305,64.000000,0.099186,24.983548,0.845540,1129.985840,134.530769
439,2.909079,0.298448,0.075684,64.000000,0.099186,22.000088,1.310528,1132.894919,134.606453
440,3.572754,0.289590,0.001394,64.000000,0.099186,17.913352,71.136731,1136.467673,134.607847
441,2.654275,0.287657,0.485679,64.000000,0.099186,24.112050,0.204221,1139.121948,135.093526
442,2.770660,0.289322,0.406237,64.000000,0.099186,23.099189,0.244158,1141.892608,135.499764
443,3.060051,0.296451,0.263100,64.000000,0.099186,20.914683,0.376990,1144.952659,135.762863
444,2.422607,0.294132,0.121083,64.000000,0.099186,26.417826,0.819158,1147.375266,135.883946
445,2.693873,0.285921,0.039436,64.000000,0.099186,23.757617,2.515140,1150.069139,135.923381
446,2.644820,0.300514,0.457833,64.000000,0.099186,24.198241,0.216642,1152.713959,136.381214
447,2.393532,0.291055,0.721119,64.000000,0.099186,26.738729,0.137544,1155.107491,137.102334
448,2.744057,0.286898,0.083536,64.000000,0.099186,23.323129,1.187341,1157.851548,137.185870
449,2.666019,0.293823,1.686270,64.000000,0.099186,24.005832,0.058820,1160.517567,138.872140
450,2.996626,0.292220,0.772679,64.000000,0.099186,21.357355,0.128366,1163.514193,139.644820
451,2.520020,0.299700,0.321939,64.000000,0.099186,25.396623,0.308090,1166.034213,139.966758
452,3.296199,0.296824,0.046136,64.000000,0.099186,19.416301,2.149880,1169.330412,140.012894
453,2.639424,0.292549,0.935761,64.000000,0.099186,24.247714,0.105995,1171.969836,140.948655
454,2.304767,0.294352,0.220839,64.000000,0.099186,27.768530,0.449132,1174.274604,141.169494
455,3.095348,0.294998,0.086875,64.000000,0.099186,20.676189,1.141704,1177.369952,141.256369
456,2.602633,0.289116,0.845391,64.000000,0.099186,24.590478,0.117325,1179.972585,142.101761
457,2.891703,0.289321,0.570816,64.000000,0.099186,22.132289,0.173762,1182.864288,142.672577
458,3.034011,0.288959,0.001430,64.000000,0.099186,21.094187,69.373801,1185.898299,142.674007
459,2.479730,0.288998,0.332250,64.000000,0.099186,25.809261,0.298528,1188.378029,143.006256
460,2.873605,0.290275,0.264304,64.000000,0.099186,22.271677,0.375272,1191.251634,143.270560
461,2.386726,0.281458,0.761581,64.000000,0.099186,26.814971,0.130237,1193.638360,144.032142
462,3.623526,0.296942,0.001354,64.000000,0.099186,17.662357,73.241146,1197.261886,144.033496
463,2.851273,0.287226,0.075908,64.000000,0.099186,22.446111,1.306660,1200.113159,144.109404
464,2.678390,0.292163,0.271363,64.000000,0.099186,23.894956,0.365510,1202.791549,144.380767
465,2.869085,0.290693,0.115947,64.000000,0.099186,22.306760,0.855442,1205.660634,144.496714
466,3.522364,0.288772,0.065362,64.000000,0.099186,18.169614,1.517479,1209.182998,144.562076
467,2.557255,0.296268,0.464126,64.000000,0.099186,25.026835,0.213705,1211.740253,145.026203
468,3.756869,0.298489,0.001357,64.000000,0.099186,17.035461,73.088195,1215.497123,145.027560
469,2.596160,0.285984,1.099695,64.000000,0.099186,24.651795,0.090194,1218.093283,146.127254
470,3.047453,0.317775,0.753652,64.000000,0.099186,21.001142,0.131607,1221.140736,146.880907
471,2.443259,0.289846,0.173497,64.000000,0.099186,26.194517,0.571687,1223.583995,147.054404
472,2.748902,0.290480,0.341170,64.000000,0.099186,23.282023,0.290723,1226.332897,147.395573
473,2.982566,0.297751,0.719877,64.000000,0.099186,21.458030,0.137782,1229.315464,148.115451
474,3.056538,0.292225,0.001395,64.000000,0.099186,20.938722,71.112352,1232.372002,148.116845
475,2.799367,0.329864,0.498683,64.000000,0.099186,22.862310,0.198896,1235.171369,148.615528
476,2.464244,0.312435,0.390572,64.000000,0.099186,25.971452,0.253950,1237.635613,149.006101
477,2.672128,0.292958,0.084136,64.000000,0.099186,23.950947,1.178872,1240.307741,149.090237
478,2.714285,0.291248,0.198133,64.000000,0.099186,23.578950,0.500602,1243.022027,149.288370
479,2.790909,0.295438,0.466892,64.000000,0.099186,22.931600,0.212439,1245.812936,149.755262
480,2.306174,0.297453,0.681336,64.000000,0.099186,27.751592,0.145576,1248.119110,150.436598
481,2.537911,0.311708,0.296463,64.000000,0.099186,25.217590,0.334564,1250.657021,150.733061
482,2.535349,0.300604,0.421560,64.000000,0.099186,25.243072,0.235283,1253.192370,151.154621
483,2.496016,0.298589,0.626801,64.000000,0.099186,25.640864,0.158241,1255.688385,151.781422
484,2.997818,0.291740,0.578771,64.000000,0.099186,21.348859,0.171373,1258.686204,152.360193
485,2.333970,0.287594,1.058072,64.000000,0.099186,27.421087,0.093742,1261.020174,153.418265
486,2.684404,0.293292,0.278863,64.000000,0.099186,23.841423,0.355679,1263.704577,153.697128
487,2.873462,0.300868,0.408988,64.000000,0.099186,22.272781,0.242516,1266.578040,154.106116
488,3.048556,0.304385,0.266438,64.000000,0.099186,20.993549,0.372266,1269.626595,154.372555
489,2.950537,0.293293,0.041761,64.000000,0.099186,21.690966,2.375089,1272.577132,154.414316
490,2.542057,0.295456,0.432508,64.000000,0.099186,25.176461,0.229328,1275.119190,154.846823
491,3.482582,0.295319,0.001358,64.000000,0.099186,18.377172,73.036744,1278.601771,154.848181
492,2.428231,0.287400,0.671395,64.000000,0.099186,26.356632,0.147731,1281.030002,155.519577
493,2.962192,0.294414,1.015563,64.000000,0.099186,21.605621,0.097666,1283.992194,156.535140
494,2.487026,0.291669,0.585158,64.000000,0.099186,25.733547,0.169503,1286.479221,157.120297
495,2.599498,0.294005,0.001362,64.000000,0.099186,24.620138,72.819844,1289.078719,157.121659
496,2.740615,0.294594,0.425296,64.000000,0.099186,23.352423,0.233216,1291.819333,157.546955
497,2.740307,0.295022,0.389475,64.000000,0.099186,23.355045,0.254666,1294.559641,157.936430
498,2.800319,0.288995,0.853091,64.000000,0.099186,22.854542,0.116267,1297.359959,158.789521
499,2.156642,0.297456,0.491509,64.000000,0.099186,29.675769,0.201799,1299.516601,159.281030
500,2.542668,0.290979,0.569851,64.000000,0.099186,25.170414,0.174056,1302.059269,159.850880
501,3.017083,0.299697,0.500346,64.000000,0.099186,21.212543,0.198235,1305.076352,160.351227
502,2.319702,0.295847,0.921371,64.000000,0.099186,27.589752,0.107650,1307.396053,161.272598
503,2.570884,0.287622,0.697609,64.000000,0.099186,24.894159,0.142180,1309.966938,161.970208
504,2.528278,0.288729,1.318989,64.000000,0.099186,25.313669,0.075198,1312.495216,163.289197
505,2.874830,0.300507,0.137105,64.000000,0.099186,22.262185,0.723428,1315.370046,163.426302
506,2.992396,0.302036,0.340420,64.000000,0.099186,21.387545,0.291364,1318.362442,163.766722
507,2.838023,0.301362,0.094567,64.000000,0.099186,22.550910,1.048842,1321.200465,163.861289
508,2.619497,0.298135,0.300875,64.000000,0.099186,24.432172,0.329659,1323.819962,164.162164
509,2.599732,0.297302,0.110751,64.000000,0.099186,24.617920,0.895579,1326.419694,164.272915
510,2.731136,0.308715,0.001361,64.000000,0.099186,23.433472,72.864941,1329.150830,164.274276
511,2.622959,0.321510,0.464204,64.000000,0.099186,24.399922,0.213669,1331.773789,164.738480
512,3.100693,0.298147,0.129227,64.000000,0.099186,20.640544,0.767532,1334.874483,164.867707
513,3.186376,0.296713,0.001382,64.000000,0.099186,20.085515,71.789649,1338.060859,164.869089
514,2.561554,0.304619,0.537641,64.000000,0.099186,24.984833,0.184484,1340.622413,165.406729
515,2.788696,0.295132,0.916734,64.000000,0.099186,22.949798,0.108195,1343.411108,166.323463
516,2.922843,0.300520,0.202520,64.000000,0.099186,21.896486,0.489759,1346.333952,166.525983
517,2.500179,0.305611,0.722752,64.000000,0.099186,25.598169,0.137234,1348.834130,167.248735
518,3.226451,0.303220,0.001415,64.000000,0.099186,19.836035,70.095578,1352.060582,167.250150
519,2.419623,0.299221,0.894342,64.000000,0.099186,26.450402,0.110904,1354.480205,168.144493
520,3.545133,0.300421,0.001369,64.000000,0.099186,18.052919,72.433024,1358.025338,168.145862
521,2.366662,0.303954,0.578533,64.000000,0.099186,27.042303,0.171444,1360.392000,168.724395
522,2.795213,0.304434,0.150632,64.000000,0.099186,22.896286,0.658465,1363.187213,168.875027
523,2.633860,0.299128,0.223022,64.000000,0.099186,24.298935,0.444735,1365.821073,169.098049
524,3.178362,0.301087,0.001454,64.000000,0.099186,20.136159,68.235862,1368.999435,169.099503
525,2.291709,0.293753,0.761039,64.000000,0.099186,27.926755,0.130330,1371.291144,169.860541
526,3.539627,0.311869,0.243830,64.000000,0.099186,18.080999,0.406783,1374.830772,170.104371
527,3.848945,0.301510,0.001365,64.000000,0.099186,16.627931,72.659330,1378.679717,170.105737
528,3.287535,0.298814,0.340457,64.000000,0.099186,19.467474,0.291332,1381.967252,170.446193
529,3.241438,0.309844,0.336191,64.000000,0.099186,19.744322,0.295029,1385.208691,170.782384
530,2.516245,0.341131,0.476889,64.000000,0.099186,25.434729,0.207985,1387.724935,171.259274
531,2.426391,0.294898,0.704009,64.000000,0.099186,26.376620,0.140887,1390.151327,171.963283
532,2.872615,0.295340,0.232272,64.000000,0.099186,22.279353,0.427025,1393.023941,172.195554
533,2.410825,0.291195,0.627834,64.000000,0.099186,26.546930,0.157981,1395.434766,172.823388
534,2.537631,0.341377,0.282971,64.000000,0.099186,25.220373,0.350516,1397.972397,173.106359
535,2.773083,0.300502,0.340299,64.000000,0.099186,23.079006,0.291467,1400.745480,173.446658
536,2.538388,0.293365,0.865624,64.000000,0.099186,25.212854,0.114583,1403.283868,174.312282
537,2.489511,0.301980,0.621209,64.000000,0.099186,25.707855,0.159666,1405.773380,174.933490
538,2.579899,0.297241,0.353141,64.000000,0.099186,24.807168,0.280868,1408.353279,175.286631
539,2.413275,0.295026,0.298285,64.000000,0.099186,26.519981,0.332521,1410.766554,175.584916
540,2.257666,0.291930,0.943414,64.000000,0.099186,28.347863,0.105135,1413.024220,176.528330
541,2.819945,0.296622,0.693524,64.000000,0.099186,22.695481,0.143017,1415.844164,177.221854
542,2.922266,0.302020,0.071105,64.000000,0.099186,21.900815,1.394930,1418.766430,177.292959
543,2.816971,0.308665,0.264496,64.000000,0.099186,22.719439,0.375000,1421.583401,177.557455
544,2.653510,0.298300,0.483713,64.000000,0.099186,24.119000,0.205051,1424.236910,178.041168
545,3.688103,0.300514,0.001378,64.000000,0.099186,17.353096,71.976830,1427.925013,178.042546
546,3.187513,0.311580,0.504213,64.000000,0.099186,20.078349,0.196714,1431.112526,178.546759
547,3.161263,0.297137,0.102394,64.000000,0.099186,20.245073,0.968669,1434.273789,178.649153
548,3.132798,0.303107,0.078913,64.000000,0.099186,20.429023,1.256899,1437.406587,178.728066
549,3.796332,0.300101,0.001441,64.000000,0.099186,16.858378,68.844371,1441.202919,178.729507
550,2.949913,0.300035,0.101533,64.000000,0.099186,21.695552,0.976887,1444.152832,178.831040
551,2.672513,0.297304,0.304904,64.000000,0.099186,23.947500,0.325302,1446.825345,179.135944
552,3.458656,0.296730,0.037555,64.000000,0.099186,18.504300,2.641075,1450.284001,179.173499
553,2.814273,0.298165,0.916037,64.000000,0.099186,22.741218,0.108277,1453.098274,180.089536
554,2.972501,0.295813,0.001439,64.000000,0.099186,21.530694,68.942468,1456.070774,180.090974
555,2.827003,0.298426,0.492527,64.000000,0.099186,22.638812,0.201382,1458.897778,180.583502
556,2.292108,0.302995,0.416858,64.000000,0.099186,27.921898,0.237937,1461.189886,181.000360
557,2.687074,0.312517,0.414188,64.000000,0.099186,23.817729,0.239471,1463.876960,181.414548
558,2.639375,0.297591,0.214249,64.000000,0.099186,24.248164,0.462946,1466.516335,181.628797
559,2.877862,0.301577,0.555511,64.000000,0.099186,22.238728,0.178549,1469.394197,182.184308
560,2.901231,0.299309,0.578281,64.000000,0.099186,22.059599,0.171519,1472.295429,182.762589
561,2.804355,0.294929,0.241052,64.000000,0.099186,22.821650,0.411470,1475.099783,183.003642
562,3.077651,0.297924,0.228752,64.000000,0.099186,20.795081,0.433595,1478.177434,183.232394
563,2.818801,0.295264,0.669987,64.000000,0.099186,22.704692,0.148042,1480.996235,183.902381
564,3.071927,0.305724,0.001385,64.000000,0.099186,20.833830,71.624639,1484.068162,183.903766
565,2.629958,0.297028,1.005681,64.000000,0.099186,24.334992,0.098626,1486.698119,184.909448
566,3.221555,0.298521,0.184347,64.000000,0.099186,19.866182,0.538040,1489.919674,185.093795
567,2.928130,0.297974,0.041032,64.000000,0.099186,21.856954,2.417308,1492.847804,185.134826
568,3.537688,0.300670,0.001364,64.000000,0.099186,18.090911,72.725445,1496.385492,185.136190
569,2.992215,0.295572,0.067639,64.000000,0.099186,21.388840,1.466399,1499.377707,185.203829
570,2.927608,0.299578,0.039599,64.000000,0.099186,21.860849,2.504730,1502.305315,185.243429
571,2.745467,0.295657,3.415094,64.000000,0.099186,23.311152,0.029043,1505.050782,188.658522
572,1.549676,0.298221,0.001357,64.000000,0.099186,41.298952,73.098107,1506.600458,188.659879
573,2.069830,0.287393,0.755716,64.000000,0.099186,30.920417,0.131248,1508.670288,189.415596
574,2.607631,0.307280,0.431751,64.000000,0.099186,24.543348,0.229730,1511.277920,189.847346
575,2.673572,0.298534,0.444995,64.000000,0.099186,23.938012,0.222892,1513.951492,190.292342
576,2.489986,0.309174,0.348418,64.000000,0.099186,25.702954,0.284675,1516.441478,190.640760
577,2.898443,0.296089,0.412230,64.000000,0.099186,22.080819,0.240608,1519.339921,191.052990
578,2.770954,0.297963,0.235004,64.000000,0.099186,23.096738,0.422062,1522.110875,191.287993
579,2.649854,0.298402,0.237542,64.000000,0.099186,24.152277,0.417552,1524.760729,191.525535
580,2.430956,0.298896,0.242787,64.000000,0.099186,26.327090,0.408531,1527.191685,191.768322
581,2.581946,0.296529,0.842196,64.000000,0.099186,24.787502,0.117771,1529.773631,192.610517
582,1.852683,0.298533,0.692371,64.000000,0.099186,34.544501,0.143255,1531.626314,193.302889
583,3.034625,0.300419,0.225143,64.000000,0.099186,21.089923,0.440546,1534.660938,193.528032
584,2.731361,0.300072,0.352989,64.000000,0.099186,23.431542,0.280989,1537.392299,193.881021
585,2.494001,0.294263,0.283987,64.000000,0.099186,25.661579,0.349262,1539.886300,194.165008
586,2.543889,0.308357,0.623268,64.000000,0.099186,25.158331,0.159139,1542.430189,194.788276
587,2.370489,0.296327,0.197888,64.000000,0.099186,26.998650,0.501221,1544.800678,194.986165
588,2.362544,0.322999,0.298198,64.000000,0.099186,27.089446,0.332618,1547.163222,195.284363
589,2.836766,0.310354,0.300232,64.000000,0.099186,22.560903,0.330365,1549.999988,195.584594
590,2.866536,0.297024,0.183169,64.000000,0.099186,22.326597,0.541500,1552.866524,195.767763
591,3.015080,0.298406,0.014236,64.000000,0.099186,21.226635,6.967120,1555.881604,195.782000
592,2.780634,0.295564,0.087565,64.000000,0.099186,23.016335,1.132708,1558.662238,195.869565
593,2.986047,0.296432,0.412056,64.000000,0.099186,21.433021,0.240710,1561.648284,196.281621
594,2.782743,0.295991,0.187791,64.000000,0.099186,22.998890,0.528171,1564.431027,196.469413
595,2.529855,0.296889,0.563526,64.000000,0.099186,25.297889,0.176009,1566.960883,197.032939
596,3.179677,0.298628,0.001354,64.000000,0.099186,20.127832,73.253858,1570.140559,197.034293
597,2.753138,0.293051,0.306904,64.000000,0.099186,23.246198,0.323182,1572.893698,197.341197
598,3.214482,0.296450,0.463510,64.000000,0.099186,19.909898,0.213989,1576.108179,197.804707
599,3.322950,0.303377,0.001443,64.000000,0.099186,19.259993,68.738500,1579.431130,197.806150
600,2.774946,0.307279,0.734373,64.000000,0.099186,23.063508,0.135062,1582.206076,198.540523
601,2.618723,0.297443,0.321032,64.000000,0.099186,24.439393,0.308959,1584.824799,198.861555
602,2.671900,0.298040,0.010938,64.000000,0.099186,23.952993,9.067716,1587.496699,198.872494
603,2.404876,0.300001,0.447406,64.000000,0.099186,26.612597,0.221691,1589.901575,199.319900
604,3.314639,0.301250,0.001402,64.000000,0.099186,19.308286,70.748308,1593.216214,199.321302
605,2.529890,0.299268,0.259841,64.000000,0.099186,25.297543,0.381718,1595.746104,199.581143
606,3.336574,0.298789,0.151924,64.000000,0.099186,19.181351,0.652866,1599.082678,199.733067
607,3.406542,0.298096,0.001384,64.000000,0.099186,18.787379,71.661277,1602.489220,199.734451
608,2.922567,0.313359,0.492066,64.000000,0.099186,21.898559,0.201571,1605.411787,200.226516
609,2.920951,0.297479,0.084094,64.000000,0.099186,21.910675,1.179469,1608.332738,200.310610
610,3.235558,0.302219,0.075961,64.000000,0.099186,19.780205,1.305747,1611.568296,200.386571
611,2.820073,0.298450,0.182455,64.000000,0.099186,22.694449,0.543619,1614.388369,200.569026
612,2.271080,0.309744,0.674579,64.000000,0.099186,28.180431,0.147034,1616.659448,201.243605
613,2.952823,0.298392,0.001344,64.000000,0.099186,21.674171,73.819827,1619.612272,201.244948
614,2.649219,0.299668,0.482596,64.000000,0.099186,24.158060,0.205526,1622.261491,201.727545
615,3.140230,0.295673,0.010057,64.000000,0.099186,20.380671,9.862859,1625.401721,201.737601
616,2.986910,0.299259,0.030359,64.000000,0.099186,21.426822,3.267153,1628.388632,201.767960
617,3.559409,0.295065,0.182665,64.000000,0.099186,17.980513,0.542994,1631.948041,201.950624
618,2.481164,0.299291,0.473512,64.000000,0.099186,25.794346,0.209469,1634.429205,202.424137
619,2.843334,0.299702,0.341732,64.000000,0.099186,22.508784,0.290245,1637.272539,202.765869
620,2.601729,0.294893,0.141611,64.000000,0.099186,24.599022,0.700412,1639.874268,202.907480
621,2.533817,0.297561,0.586597,64.000000,0.099186,25.258331,0.169087,1642.408086,203.494076
622,2.623779,0.298230,0.369610,64.000000,0.099186,24.392297,0.268353,1645.031865,203.863687
623,2.210793,0.295408,0.493185,64.000000,0.099186,28.948891,0.201113,1647.242658,204.356872
624,3.079739,0.292781,0.326688,64.000000,0.099186,20.780981,0.303611,1650.322397,204.683560
625,2.546560,0.298218,0.051472,64.000000,0.099186,25.131944,1.926985,1652.868957,204.735032
626,3.055588,0.311846,0.459038,64.000000,0.099186,20.945231,0.216073,1655.924545,205.194070
627,2.809652,0.298658,0.311675,64.000000,0.099186,22.778625,0.318235,1658.734196,205.505745
628,3.052519,0.296668,0.001410,64.000000,0.099186,20.966289,70.328381,1661.786716,205.507156
629,2.897405,0.294018,0.044817,64.000000,0.099186,22.088735,2.213154,1664.684120,205.551972
630,3.243704,0.309941,0.051434,64.000000,0.099186,19.730528,1.928417,1667.927824,205.603406
631,2.141511,0.303903,0.726411,64.000000,0.099186,29.885435,0.136542,1670.069336,206.329817
632,2.394749,0.298699,0.888432,64.000000,0.099186,26.725134,0.111642,1672.464085,207.218249
633,3.060526,0.297440,0.077256,64.000000,0.099186,20.911436,1.283867,1675.524612,207.295505
634,2.704900,0.300255,0.213949,64.000000,0.099186,23.660763,0.463597,1678.229512,207.509454
635,2.641062,0.304713,0.280730,64.000000,0.099186,24.232676,0.353314,1680.870574,207.790184
636,3.112692,0.298761,0.001354,64.000000,0.099186,20.560982,73.270958,1683.983266,207.791538
637,2.614039,0.300498,0.450645,64.000000,0.099186,24.483189,0.220098,1686.597304,208.242182
638,2.943305,0.298077,0.364664,64.000000,0.099186,21.744264,0.271992,1689.540609,208.606847
639,2.928068,0.295007,0.095189,64.000000,0.099186,21.857418,1.041986,1692.468677,208.702036
640,2.476093,0.296514,0.409591,64.000000,0.099186,25.847167,0.242158,1694.944770,209.111628
641,2.531719,0.303032,0.185202,64.000000,0.099186,25.279267,0.535555,1697.476489,209.296830
642,2.875229,0.300616,0.213451,64.000000,0.099186,22.259094,0.464678,1700.351719,209.510281
643,2.810550,0.297980,0.082208,64.000000,0.099186,22.771345,1.206529,1703.162268,209.592488
644,2.923641,0.295850,0.243199,64.000000,0.099186,21.890512,0.407838,1706.085909,209.835688
645,2.540842,0.297934,1.228456,64.000000,0.099186,25.188500,0.080740,1708.626751,211.064144
646,2.733738,0.293090,0.177686,64.000000,0.099186,23.411170,0.558210,1711.360489,211.241830
647,2.722517,0.301629,0.238134,64.000000,0.099186,23.507659,0.416512,1714.083006,211.479964
648,2.783558,0.304005,0.362634,64.000000,0.099186,22.992159,0.273515,1716.866564,211.842598
649,2.895181,0.301109,0.037113,64.000000,0.099186,22.105697,2.672570,1719.761745,211.879711
650,2.638559,0.305409,0.239639,64.000000,0.099186,24.255663,0.413898,1722.400304,212.119350
651,3.233016,0.301362,0.196461,64.000000,0.099186,19.795755,0.504864,1725.633320,212.315810
652,2.852851,0.302959,0.225159,64.000000,0.099186,22.433697,0.440515,1728.486172,212.540969
653,2.916310,0.299422,0.324688,64.000000,0.099186,21.945545,0.305481,1731.402481,212.865657
654,3.190927,0.305545,0.564831,64.000000,0.099186,20.056867,0.175603,1734.593408,213.430488
655,2.771260,0.312446,0.361209,64.000000,0.099186,23.094186,0.274594,1737.364669,213.791697
656,2.352232,0.296957,1.064821,64.000000,0.099186,27.208201,0.093148,1739.716900,214.856518
657,2.568374,0.304653,0.171704,64.000000,0.099186,24.918490,0.577655,1742.285274,215.028223
658,2.723187,0.292494,0.601970,64.000000,0.099186,23.501872,0.164769,1745.008462,215.630192
659,2.729231,0.299823,0.155830,64.000000,0.099186,23.449827,0.636501,1747.737693,215.786022
660,2.733279,0.294640,0.255983,64.000000,0.099186,23.415101,0.387471,1750.470972,216.042005
661,2.618805,0.297691,0.250049,64.000000,0.099186,24.438624,0.396665,1753.089777,216.292055
662,2.370406,0.296706,0.223553,64.000000,0.099186,26.999589,0.443681,1755.460184,216.515607
663,2.094911,0.292650,0.852602,64.000000,0.099186,30.550224,0.116333,1757.555095,217.368209
664,2.593679,0.309130,0.341548,64.000000,0.099186,24.675375,0.290402,1760.148774,217.709757
665,2.522063,0.295832,0.470411,64.000000,0.099186,25.376047,0.210850,1762.670837,218.180168
666,2.748039,0.292084,0.689778,64.000000,0.099186,23.289333,0.143794,1765.418876,218.869946
667,2.660900,0.298006,0.406395,64.000000,0.099186,24.052009,0.244063,1768.079777,219.276341
668,2.590509,0.295330,0.330927,64.000000,0.099186,24.705573,0.299721,1770.670285,219.607269
669,2.966525,0.298213,0.326127,64.000000,0.099186,21.574066,0.304133,1773.636810,219.933396
670,2.816451,0.297044,0.141846,64.000000,0.099186,22.723632,0.699253,1776.453261,220.075241
671,2.509488,0.299383,0.293177,64.000000,0.099186,25.503209,0.338314,1778.962749,220.368418
672,2.659847,0.296786,0.463706,64.000000,0.099186,24.061532,0.213898,1781.622596,220.832124
673,3.005150,0.312986,0.295479,64.000000,0.099186,21.296771,0.335678,1784.627747,221.127603
674,3.078560,0.298896,0.134398,64.000000,0.099186,20.788938,0.738000,1787.706307,221.262002
675,2.559882,0.299837,0.321371,64.000000,0.099186,25.001150,0.308634,1790.266189,221.583372
676,2.921093,0.298010,0.451435,64.000000,0.099186,21.909610,0.219713,1793.187282,222.034807
677,2.439723,0.301306,0.625136,64.000000,0.099186,26.232481,0.158663,1795.627005,222.659943
678,3.106173,0.296221,0.254984,64.000000,0.099186,20.604132,0.388989,1798.733178,222.914927
679,3.118251,0.330364,0.215074,64.000000,0.099186,20.524324,0.461171,1801.851430,223.130001
680,3.120167,0.294922,0.824987,64.000000,0.099186,20.511721,0.120227,1804.971597,223.954988
681,2.843964,0.302084,0.208473,64.000000,0.099186,22.503801,0.475772,1807.815561,224.163462
682,3.078146,0.297808,0.001307,64.000000,0.099186,20.791739,75.911657,1810.893707,224.164769
683,2.845323,0.299003,0.601301,64.000000,0.099186,22.493056,0.164952,1813.739029,224.766069
684,3.176385,0.296524,0.466256,64.000000,0.099186,20.148690,0.212728,1816.915414,225.232326
685,2.868654,0.295912,0.099747,64.000000,0.099186,22.310112,0.994371,1819.784069,225.332073
686,2.753048,0.299229,0.226871,64.000000,0.099186,23.246959,0.437190,1822.537117,225.558945
687,2.557500,0.295286,0.368521,64.000000,0.099186,25.024434,0.269146,1825.094617,225.927465
688,2.580412,0.297583,0.074497,64.000000,0.099186,24.802242,1.331408,1827.675029,226.001962
689,2.469755,0.294799,0.105799,64.000000,0.099186,25.913506,0.937493,1830.144784,226.107761
690,2.119463,0.289503,0.980381,64.000000,0.099186,30.196325,0.101171,1832.264247,227.088142
691,2.675545,0.298626,0.803402,64.000000,0.099186,23.920357,0.123457,1834.939792,227.891544
692,2.104540,0.301238,0.146778,64.000000,0.099186,30.410451,0.675756,1837.044332,228.038322
693,2.557626,0.312521,0.369452,64.000000,0.099186,25.023206,0.268468,1839.601958,228.407774
694,2.945092,0.301308,0.505541,64.000000,0.099186,21.731069,0.196198,1842.547050,228.913315
695,2.289363,0.301499,0.001391,64.000000,0.099186,27.955374,71.298883,1844.836413,228.914706
696,2.242368,0.293576,0.508315,64.000000,0.099186,28.541253,0.195127,1847.078781,229.423021
697,3.159181,0.300500,0.054887,64.000000,0.099186,20.258413,1.807087,1850.237963,229.477908
698,2.865936,0.297881,0.032539,64.000000,0.099186,22.331274,3.048256,1853.103899,229.510446
699,2.593866,0.306219,0.326669,64.000000,0.099186,24.673595,0.303629,1855.697765,229.837115
700,3.720480,0.296164,0.077276,64.000000,0.099186,17.202081,1.283536,1859.418245,229.914391
701,2.886108,0.316054,0.485894,64.000000,0.099186,22.175191,0.204131,1862.304353,230.400285
702,2.862274,0.297409,0.200860,64.000000,0.099186,22.359843,0.493805,1865.166627,230.601145
703,2.732733,0.296687,0.125204,64.000000,0.099186,23.419775,0.792194,1867.899360,230.726349
704,2.835150,0.297785,0.103567,64.000000,0.099186,22.573765,0.957695,1870.734510,230.829917
705,2.662692,0.300019,0.391036,64.000000,0.099186,24.035825,0.253649,1873.397202,231.220953
706,3.071535,0.300321,0.001428,64.000000,0.099186,20.836490,69.437570,1876.468737,231.222381
707,2.742818,0.295418,0.153137,64.000000,0.099186,23.333669,0.647693,1879.211554,231.375519
708,3.378371,0.298550,0.226617,64.000000,0.099186,18.944039,0.437681,1882.589926,231.602136
709,2.886251,0.302332,0.026508,64.000000,0.099186,22.174091,3.741676,1885.476177,231.628644
710,3.306787,0.299432,0.169792,64.000000,0.099186,19.354132,0.584160,1888.782965,231.798436
711,2.752948,0.295486,0.607543,64.000000,0.099186,23.247809,0.163258,1891.535912,232.405979
712,2.669149,0.297712,0.262878,64.000000,0.099186,23.977682,0.377308,1894.205061,232.668857
713,2.291573,0.295383,0.620294,64.000000,0.099186,27.928415,0.159901,1896.496634,233.289151
714,2.544898,0.300106,0.238677,64.000000,0.099186,25.148352,0.415566,1899.041532,233.527828
715,2.784651,0.305790,0.247232,64.000000,0.099186,22.983133,0.401185,1901.826183,233.775060
716,3.041094,0.297355,0.033296,64.000000,0.099186,21.045057,2.978950,1904.867277,233.808356
717,3.237308,0.301435,0.001348,64.000000,0.099186,19.769509,73.597330,1908.104586,233.809704
718,3.069923,0.302849,0.001363,64.000000,0.099186,20.847428,72.780784,1911.174509,233.811066
719,2.573627,0.296551,0.531500,64.000000,0.099186,24.867628,0.186615,1913.748136,234.342567
720,2.784222,0.303701,0.279075,64.000000,0.099186,22.986673,0.355410,1916.532358,234.621641
721,2.240900,0.305396,0.531381,64.000000,0.099186,28.559948,0.186657,1918.773258,235.153022
722,2.666978,0.309262,0.334868,64.000000,0.099186,23.997200,0.296194,1921.440236,235.487890
723,2.486953,0.290070,0.884113,64.000000,0.099186,25.734303,0.112187,1923.927189,236.372003
724,2.857228,0.303498,0.147965,64.000000,0.099186,22.399331,0.670336,1926.784417,236.519968
725,2.549029,0.292080,0.834299,64.000000,0.099186,25.107598,0.118885,1929.333446,237.354267
726,2.510967,0.296981,0.563135,64.000000,0.099186,25.488188,0.176132,1931.844413,237.917402
727,2.727035,0.304288,0.244579,64.000000,0.099186,23.468709,0.405537,1934.571449,238.161981
728,2.825304,0.298634,0.217580,64.000000,0.099186,22.652426,0.455860,1937.396753,238.379561
729,2.581745,0.303908,0.452681,64.000000,0.099186,24.789438,0.219108,1939.978498,238.832242
730,2.501354,0.296491,0.205348,64.000000,0.099186,25.586141,0.483014,1942.479852,239.037590
731,2.966710,0.297053,0.272365,64.000000,0.099186,21.572721,0.364166,1945.446562,239.309955
732,3.254288,0.299704,0.001364,64.000000,0.099186,19.666360,72.712276,1948.700850,239.311319
733,2.793845,0.296351,0.029955,64.000000,0.099186,22.907497,3.311132,1951.494695,239.341274
734,2.933719,0.297793,0.070160,64.000000,0.099186,21.815313,1.413714,1954.428414,239.411434
735,3.071650,0.304491,0.504873,64.000000,0.099186,20.835705,0.196457,1957.500064,239.916307
736,2.824386,0.296161,0.001458,64.000000,0.099186,22.659789,68.007265,1960.324451,239.917766
737,2.843750,0.305927,0.310268,64.000000,0.099186,22.505496,0.319678,1963.168200,240.228034
738,2.843205,0.292935,0.271390,64.000000,0.099186,22.509806,0.365474,1966.011406,240.499424
739,2.607602,0.293914,0.202132,64.000000,0.099186,24.543626,0.490699,1968.619007,240.701556
740,2.642387,0.314925,0.282860,64.000000,0.099186,24.220524,0.350654,1971.261394,240.984416
741,2.648183,0.298757,0.121476,64.000000,0.099186,24.167511,0.816508,1973.909578,241.105891
742,2.581426,0.297805,0.328452,64.000000,0.099186,24.792495,0.301980,1976.491004,241.434343
743,2.449226,0.293776,0.529297,64.000000,0.099186,26.130702,0.187392,1978.940230,241.963640
744,2.788343,0.298634,0.052266,64.000000,0.099186,22.952697,1.897706,1981.728574,242.015907
745,2.809279,0.296453,0.101795,64.000000,0.099186,22.781645,0.974371,1984.537853,242.117701
746,2.763226,0.294331,0.171860,64.000000,0.099186,23.161331,0.577132,1987.301079,242.289561
747,2.513512,0.300392,0.109391,64.000000,0.099186,25.462381,0.906713,1989.814591,242.398952
748,2.815167,0.299182,0.001402,64.000000,0.099186,22.733999,70.763652,1992.629758,242.400354
749,2.893712,0.297191,0.007658,64.000000,0.099186,22.116923,12.952048,1995.523470,242.408012
750,2.556740,0.305208,0.318400,64.000000,0.099186,25.031874,0.311514,1998.080210,242.726412
751,2.405477,0.309428,0.615571,64.000000,0.099186,26.605951,0.161128,2000.485687,243.341982
752,2.961015,0.311469,0.098397,64.000000,0.099186,21.614211,1.008020,2003.446702,243.440379
753,2.524426,0.288725,0.592610,64.000000,0.099186,25.352298,0.167371,2005.971128,244.032989
754,2.759038,0.296151,0.063384,64.000000,0.099186,23.196490,1.564841,2008.730166,244.096373
755,2.760481,0.295964,0.132337,64.000000,0.099186,23.184368,0.749497,2011.490646,244.228710
756,2.412312,0.297337,0.801209,64.000000,0.099186,26.530569,0.123795,2013.902958,245.029919
757,2.337942,0.296899,0.559714,64.000000,0.099186,27.374505,0.177208,2016.240900,245.589633
758,2.663136,0.296908,0.288739,64.000000,0.099186,24.031817,0.343514,2018.904036,245.878372
759,2.501191,0.301548,0.513020,64.000000,0.099186,25.587808,0.193337,2021.405227,246.391393
760,2.690602,0.293745,0.537815,64.000000,0.099186,23.786499,0.184424,2024.095829,246.929208
761,2.979422,0.297688,0.561508,64.000000,0.099186,21.480677,0.176642,2027.075251,247.490717
762,2.942703,0.295841,0.214308,64.000000,0.099186,21.748715,0.462820,2030.017954,247.705024
763,2.467961,0.363774,0.468281,64.000000,0.099186,25.932338,0.211809,2032.485915,248.173305
764,3.041867,0.299191,0.274064,64.000000,0.099186,21.039711,0.361908,2035.527782,248.447370
765,2.555200,0.299432,0.267049,64.000000,0.099186,25.046968,0.371414,2038.082981,248.714419
766,2.609922,0.299994,0.755620,64.000000,0.099186,24.521804,0.131264,2040.692903,249.470039
767,2.681023,0.296405,0.404666,64.000000,0.099186,23.871487,0.245105,2043.373926,249.874705
768,2.436813,0.297175,0.447895,64.000000,0.099186,26.263816,0.221449,2045.810739,250.322600
769,2.571117,0.293526,0.633750,64.000000,0.099186,24.891902,0.156506,2048.381856,250.956350
770,3.411001,0.294042,0.365414,64.000000,0.099186,18.762818,0.271434,2051.792858,251.321764
771,2.564215,0.296970,0.076594,64.000000,0.099186,24.958903,1.294960,2054.357073,251.398358
772,2.471604,0.297079,0.144527,64.000000,0.099186,25.894115,0.686280,2056.828677,251.542885
773,2.675829,0.300265,0.157053,64.000000,0.099186,23.917823,0.631544,2059.504506,251.699938
774,2.606523,0.296120,0.193949,64.000000,0.099186,24.553784,0.511402,2062.111029,251.893887
775,2.806343,0.298132,0.391418,64.000000,0.099186,22.805483,0.253401,2064.917371,252.285305
776,3.038267,0.295486,0.001403,64.000000,0.099186,21.064637,70.685636,2067.955639,252.286709
777,2.470964,0.300688,0.252437,64.000000,0.099186,25.900827,0.392914,2070.426602,252.539145
778,2.725046,0.297914,0.131419,64.000000,0.099186,23.485843,0.754731,2073.151648,252.670564
779,2.443330,0.297635,1.956803,64.000000,0.099186,26.193756,0.050688,2075.594978,254.627367
780,1.605727,0.300620,0.001372,64.000000,0.099186,39.857327,72.295755,2077.200706,254.628739
781,2.815505,0.300972,0.206989,64.000000,0.099186,22.731269,0.479184,2080.016211,254.835728
782,2.753626,0.302543,0.550970,64.000000,0.099186,23.242078,0.180021,2082.769837,255.386698
783,3.407139,0.302497,0.067347,64.000000,0.099186,18.784087,1.472756,2086.176976,255.454045
784,2.625720,0.305501,0.257395,64.000000,0.099186,24.374267,0.385345,2088.802697,255.711440
785,2.828278,0.298972,0.251024,64.000000,0.099186,22.628610,0.395126,2091.630975,255.962464
786,2.911475,0.299420,1.274848,64.000000,0.099186,21.981983,0.077802,2094.542450,257.237312
787,1.977920,0.303735,0.093366,64.000000,0.099186,32.357221,1.062332,2096.520370,257.330678
788,2.593754,0.301807,0.838403,64.000000,0.099186,24.674657,0.118303,2099.114124,258.169081
789,3.308855,0.302465,0.081143,64.000000,0.099186,19.342039,1.222360,2102.422979,258.250224
790,2.823305,0.294916,0.001366,64.000000,0.099186,22.668472,72.615232,2105.246284,258.251590
791,3.047381,0.295290,0.001404,64.000000,0.099186,21.001642,70.650492,2108.293665,258.252994
792,2.576498,0.300070,0.238436,64.000000,0.099186,24.839916,0.415986,2110.870163,258.491430
793,2.398472,0.312809,0.384574,64.000000,0.099186,26.683658,0.257911,2113.268635,258.876004
794,3.001004,0.298188,0.033064,64.000000,0.099186,21.326193,2.999798,2116.269639,258.909069
795,2.409916,0.301030,0.814021,64.000000,0.099186,26.556942,0.121847,2118.679555,259.723089
796,2.681625,0.296575,0.318544,64.000000,0.099186,23.866123,0.311373,2121.361180,260.041633
797,2.824832,0.300644,0.188836,64.000000,0.099186,22.656213,0.525248,2124.186012,260.230469
798,2.659372,0.293157,0.556798,64.000000,0.099186,24.065830,0.178136,2126.845385,260.787267
799,2.478545,0.302454,1.665161,64.000000,0.099186,25.821606,0.059565,2129.323929,262.452428
800,2.011108,0.302811,0.049576,64.000000,0.099186,31.823252,2.000703,2131.335037,262.502004
801,2.468506,0.292732,0.529442,64.000000,0.099186,25.926616,0.187340,2133.803543,263.031446
802,3.223046,0.298447,0.211341,64.000000,0.099186,19.856991,0.469318,2137.026589,263.242787
803,2.666018,0.296361,0.515210,64.000000,0.099186,24.005842,0.192516,2139.692607,263.757996
804,2.786873,0.294365,0.599129,64.000000,0.099186,22.964804,0.165550,2142.479480,264.357126
805,2.736628,0.299263,0.449711,64.000000,0.099186,23.386441,0.220555,2145.216109,264.806836
806,2.652305,0.302238,0.001382,64.000000,0.099186,24.129953,71.762432,2147.868414,264.808219
807,2.882375,0.297599,0.049981,64.000000,0.099186,22.203909,1.984465,2150.750790,264.858200
808,2.580188,0.314953,0.257566,64.000000,0.099186,24.804392,0.385090,2153.330978,265.115766
809,2.875279,0.295914,0.178799,64.000000,0.099186,22.258712,0.554736,2156.206256,265.294564
810,3.028695,0.298187,0.973621,64.000000,0.099186,21.131215,0.101873,2159.234951,266.268185
811,2.722632,0.294380,0.573211,64.000000,0.099186,23.506668,0.173036,2161.957583,266.841396
812,2.561068,0.304305,0.174760,64.000000,0.099186,24.989574,0.567556,2164.518651,267.016156
813,2.575948,0.294957,0.282610,64.000000,0.099186,24.845227,0.350964,2167.094598,267.298766
814,3.101146,0.298073,0.082436,64.000000,0.099186,20.637533,1.203193,2170.195744,267.381201
815,2.550239,0.297407,0.389439,64.000000,0.099186,25.095687,0.254689,2172.745983,267.770640
816,2.622584,0.298114,0.398418,64.000000,0.099186,24.403411,0.248949,2175.368567,268.169059
817,2.665725,0.297550,0.428138,64.000000,0.099186,24.008478,0.231668,2178.034292,268.597196
818,2.752808,0.297559,0.242191,64.000000,0.099186,23.248991,0.409536,2180.787100,268.839387
819,2.937481,0.303024,0.228222,64.000000,0.099186,21.787377,0.434602,2183.724581,269.067610
820,2.710025,0.293340,0.211550,64.000000,0.099186,23.616020,0.468854,2186.434606,269.279160
821,2.664752,0.297954,0.385973,64.000000,0.099186,24.017240,0.256976,2189.099358,269.665132
822,2.649475,0.311092,0.471677,64.000000,0.099186,24.155727,0.210284,2191.748833,270.136810
823,3.168918,0.298016,0.198567,64.000000,0.099186,20.196171,0.499509,2194.917751,270.335377
824,3.634913,0.298128,0.054207,64.000000,0.099186,17.607025,1.829749,2198.552664,270.389584
825,2.956436,0.311436,0.064936,64.000000,0.099186,21.647684,1.527452,2201.509100,270.454519
826,2.995521,0.301419,0.121833,64.000000,0.099186,21.365229,0.814112,2204.504621,270.576353
827,2.349234,0.303004,0.538940,64.000000,0.099186,27.242926,0.184039,2206.853855,271.115293
828,2.908613,0.306046,0.001344,64.000000,0.099186,22.003616,73.803019,2209.762468,271.116637
829,2.668462,0.296669,0.489808,64.000000,0.099186,23.983853,0.202500,2212.430930,271.606445
830,2.796989,0.298815,0.072929,64.000000,0.099186,22.881746,1.360025,2215.227919,271.679374
831,3.183254,0.300153,0.104224,64.000000,0.099186,20.105216,0.951662,2218.411173,271.783598
832,2.619479,0.332544,0.304165,64.000000,0.099186,24.432341,0.326093,2221.030651,272.087763
833,2.557476,0.300473,0.363653,64.000000,0.099186,25.024674,0.272749,2223.588127,272.451416
834,2.730288,0.300518,0.355483,64.000000,0.099186,23.440748,0.279017,2226.318416,272.806899
835,2.193723,0.292325,0.692962,64.000000,0.099186,29.174145,0.143133,2228.512139,273.499861
836,2.790029,0.296909,1.263832,64.000000,0.099186,22.938834,0.078480,2231.302167,274.763693
837,1.791614,0.299054,0.063394,64.000000,0.099186,35.721990,1.564600,2233.093781,274.827087
838,2.781706,0.293778,0.477149,64.000000,0.099186,23.007460,0.207872,2235.875487,275.304236
839,2.846579,0.304017,0.241998,64.000000,0.099186,22.483130,0.409863,2238.722066,275.546233
840,2.659394,0.296581,0.633778,64.000000,0.099186,24.065630,0.156500,2241.381460,276.180011
841,2.600200,0.298625,2.052365,64.000000,0.099186,24.613488,0.048328,2243.981661,278.232376
842,1.635314,0.295986,0.001375,64.000000,0.099186,39.136221,72.133238,2245.616974,278.233751
843,2.790295,0.302665,0.414671,64.000000,0.099186,22.936643,0.239192,2248.407269,278.648422
844,2.569859,0.298764,0.130290,64.000000,0.099186,24.904091,0.761271,2250.977128,278.778712
845,2.727941,0.297612,0.001306,64.000000,0.099186,23.460922,75.968346,2253.705069,278.780018
846,2.848575,0.307779,1.321644,64.000000,0.099186,22.467375,0.075047,2256.553644,280.101662
847,2.546055,0.301874,0.001469,64.000000,0.099186,25.136923,67.506082,2259.099699,280.103131
848,2.343420,0.299198,0.397049,64.000000,0.099186,27.310510,0.249808,2261.443119,280.500180
849,2.488448,0.295252,0.450379,64.000000,0.099186,25.718846,0.220228,2263.931567,280.950559
850,3.157361,0.295870,0.052064,64.000000,0.099186,20.270090,1.905060,2267.088928,281.002623
851,2.899458,0.301784,0.140802,64.000000,0.099186,22.073090,0.704436,2269.988386,281.143425
852,2.725167,0.316365,0.341293,64.000000,0.099186,23.484800,0.290618,2272.713553,281.484719
853,2.966156,0.298530,0.001406,64.000000,0.099186,21.576748,70.540604,2275.679709,281.486125
854,3.651867,0.298608,0.136755,64.000000,0.099186,17.525283,0.725283,2279.331576,281.622880
855,2.580416,0.300354,0.466858,64.000000,0.099186,24.802206,0.212454,2281.911992,282.089738
856,3.047608,0.298565,0.001471,64.000000,0.099186,21.000079,67.431779,2284.959599,282.091209
857,2.548322,0.305118,0.253677,64.000000,0.099186,25.114570,0.390993,2287.507921,282.344886
858,2.861759,0.304584,0.571922,64.000000,0.099186,22.363871,0.173426,2290.369680,282.916808
859,3.532507,0.298010,0.150060,64.000000,0.099186,18.117447,0.660974,2293.902186,283.066868
860,2.221937,0.296010,0.696806,64.000000,0.099186,28.803701,0.142344,2296.124123,283.763674
861,2.513723,0.311750,0.297509,64.000000,0.099186,25.460243,0.333388,2298.637846,284.061183
862,3.468178,0.295162,0.245719,64.000000,0.099186,18.453495,0.403656,2302.106023,284.306902
863,2.933912,0.298859,0.197896,64.000000,0.099186,21.813881,0.501203,2305.039935,284.504797
864,2.770227,0.291733,0.591536,64.000000,0.099186,23.102797,0.167675,2307.810162,285.096333
865,2.360245,0.294928,0.234984,64.000000,0.099186,27.115826,0.422097,2310.170408,285.331317
866,3.139758,0.301580,0.001450,64.000000,0.099186,20.383734,68.423541,2313.310166,285.332767
867,2.899822,0.296450,0.082140,64.000000,0.099186,22.070324,1.207517,2316.209988,285.414907
868,2.835781,0.296480,0.159116,64.000000,0.099186,22.568741,0.623356,2319.045768,285.574023
869,2.602807,0.319059,0.312523,64.000000,0.099186,24.588834,0.317372,2321.648576,285.886546
870,2.759546,0.298542,0.231922,64.000000,0.099186,23.192223,0.427670,2324.408122,286.118468
871,2.231226,0.299713,0.449164,64.000000,0.099186,28.683779,0.220823,2326.639348,286.567632
872,2.461347,0.302723,0.400601,64.000000,0.099186,26.002026,0.247593,2329.100694,286.968232
873,2.368990,0.292387,0.533403,64.000000,0.099186,27.015731,0.185949,2331.469685,287.501636
874,2.436941,0.295474,0.319126,64.000000,0.099186,26.262437,0.310805,2333.906625,287.820761
875,2.672010,0.297554,0.206147,64.000000,0.099186,23.952009,0.481141,2336.578635,288.026909
876,2.458903,0.296143,0.210416,64.000000,0.099186,26.027868,0.471380,2339.037538,288.237325
877,2.773975,0.302992,0.007462,64.000000,0.099186,23.071587,13.291261,2341.811513,288.244787
878,2.764581,0.299086,0.231588,64.000000,0.099186,23.149983,0.428287,2344.576093,288.476375
879,2.613236,0.303823,0.143257,64.000000,0.099186,24.490710,0.692361,2347.189329,288.619632
880,2.435411,0.296806,0.317649,64.000000,0.099186,26.278931,0.312250,2349.624740,288.937281
881,2.660774,0.300792,0.217805,64.000000,0.099186,24.053151,0.455389,2352.285514,289.155086
882,2.211981,0.300277,0.453099,64.000000,0.099186,28.933337,0.218906,2354.497496,289.608185
883,2.500304,0.295083,0.131875,64.000000,0.099186,25.596887,0.752121,2356.997800,289.740060
884,2.737565,0.311574,0.286925,64.000000,0.099186,23.378439,0.345686,2359.735365,290.026984
885,2.917698,0.312584,0.453663,64.000000,0.099186,21.935098,0.218633,2362.653063,290.480648
886,2.867537,0.297102,0.001459,64.000000,0.099186,22.318808,67.982514,2365.520600,290.482107
887,3.003049,0.302498,0.179675,64.000000,0.099186,21.311673,0.552029,2368.523649,290.661782
888,2.765944,0.302959,0.054487,64.000000,0.099186,23.138571,1.820357,2371.289593,290.716269
889,2.773613,0.304430,0.235909,64.000000,0.099186,23.074594,0.420441,2374.063206,290.952178
890,2.357716,0.303740,0.325770,64.000000,0.099186,27.144915,0.304467,2376.420922,291.277948
891,2.888031,0.303023,0.147887,64.000000,0.099186,22.160430,0.670687,2379.308953,291.425835
892,2.979115,0.297885,0.114261,64.000000,0.099186,21.482889,0.868065,2382.288068,291.540096
893,2.412310,0.301296,0.265716,64.000000,0.099186,26.530586,0.373279,2384.700378,291.805811
894,2.622897,0.294640,0.254892,64.000000,0.099186,24.400498,0.389130,2387.323276,292.060703
895,2.532856,0.295476,0.313133,64.000000,0.099186,25.267920,0.316753,2389.856131,292.373836
896,2.879812,0.300359,0.011169,64.000000,0.099186,22.223676,8.880481,2392.735943,292.385005
897,2.345346,0.300111,0.191798,64.000000,0.099186,27.288081,0.517136,2395.081289,292.576804
898,3.181588,0.302018,0.162633,64.000000,0.099186,20.115740,0.609876,2398.262877,292.739437
899,2.850073,0.302234,0.004768,64.000000,0.099186,22.455563,20.803713,2401.112951,292.744204
900,2.399246,0.310493,0.496869,64.000000,0.099186,26.675046,0.199622,2403.512197,293.241073
901,2.855781,0.301269,0.101045,64.000000,0.099186,22.410685,0.981601,2406.367977,293.342119
902,2.965889,0.298436,0.144699,64.000000,0.099186,21.578692,0.685465,2409.333866,293.486817
903,2.388415,0.295107,0.632983,64.000000,0.099186,26.796014,0.156696,2411.722281,294.119800
904,2.896009,0.302506,0.246725,64.000000,0.099186,22.099379,0.402011,2414.618290,294.366525
905,2.615128,0.299562,0.330262,64.000000,0.099186,24.472988,0.300325,2417.233418,294.696787
906,2.362348,0.293503,0.839538,64.000000,0.099186,27.091693,0.118144,2419.595766,295.536325
907,2.890584,0.299157,0.032699,64.000000,0.099186,22.140858,3.033328,2422.486350,295.569024
908,2.507617,0.297970,0.206143,64.000000,0.099186,25.522242,0.481151,2424.993966,295.775167
909,2.312648,0.298523,0.622110,64.000000,0.099186,27.673904,0.159435,2427.306614,296.397277
910,2.622281,0.301515,0.203262,64.000000,0.099186,24.406230,0.487972,2429.928896,296.600539
911,2.615564,0.301351,0.598320,64.000000,0.099186,24.468908,0.165774,2432.544460,297.198859
912,2.965748,0.298642,0.001360,64.000000,0.099186,21.579713,72.943284,2435.510208,297.200219
913,2.960359,0.320743,0.386687,64.000000,0.099186,21.618996,0.256502,2438.470568,297.586906
914,2.588297,0.328051,0.378189,64.000000,0.099186,24.726679,0.262265,2441.058865,297.965095
915,2.330986,0.294921,0.757658,64.000000,0.099186,27.456194,0.130911,2443.389851,298.722753
916,2.195195,0.292779,0.689140,64.000000,0.099186,29.154580,0.143927,2445.585047,299.411893
917,2.682089,0.296758,0.168007,64.000000,0.099186,23.862001,0.590367,2448.267135,299.579900
918,2.490643,0.296795,0.563357,64.000000,0.099186,25.696180,0.176062,2450.757778,300.143257
919,2.929168,0.297989,0.267583,64.000000,0.099186,21.849205,0.370673,2453.686946,300.410840
920,2.566829,0.303529,0.157282,64.000000,0.099186,24.933489,0.630623,2456.253775,300.568123
921,2.473827,0.297682,0.278859,64.000000,0.099186,25.870852,0.355686,2458.727601,300.846981
922,2.727387,0.301993,0.291294,64.000000,0.099186,23.465685,0.340501,2461.454988,301.138275
923,2.729321,0.298525,0.070700,64.000000,0.099186,23.449053,1.402914,2464.184310,301.208975
924,2.494470,0.297993,0.186270,64.000000,0.099186,25.656752,0.532485,2466.678780,301.395245
925,2.736290,0.301917,0.123794,64.000000,0.099186,23.389330,0.801219,2469.415070,301.519039
926,2.357703,0.294535,0.515429,64.000000,0.099186,27.145068,0.192434,2471.772773,302.034468
927,2.633981,0.296813,0.280189,64.000000,0.099186,24.297820,0.353997,2474.406754,302.314657
928,2.942426,0.302100,0.081687,64.000000,0.099186,21.750760,1.214217,2477.349180,302.396344
929,2.579367,0.301459,0.164611,64.000000,0.099186,24.812286,0.602548,2479.928547,302.560955
930,2.936650,0.303134,0.140692,64.000000,0.099186,21.793543,0.704986,2482.865197,302.701647
931,3.045925,0.305481,0.071846,64.000000,0.099186,21.011677,1.380527,2485.911122,302.773493
932,2.705830,0.312415,0.318216,64.000000,0.099186,23.652634,0.311693,2488.616952,303.091710
933,2.827678,0.303023,0.578240,64.000000,0.099186,22.633410,0.171531,2491.444630,303.669950
934,2.685733,0.299047,0.295120,64.000000,0.099186,23.829618,0.336087,2494.130364,303.965069
935,2.579306,0.291447,0.690815,64.000000,0.099186,24.812878,0.143578,2496.709669,304.655884
936,2.465286,0.301103,0.361538,64.000000,0.099186,25.960479,0.274345,2499.174955,305.017421
937,2.444188,0.303688,0.589578,64.000000,0.099186,26.184569,0.168232,2501.619143,305.606999
938,2.615608,0.297662,0.064734,64.000000,0.099186,24.468496,1.532199,2504.234751,305.671733
939,3.220189,0.298778,0.001364,64.000000,0.099186,19.874608,72.725498,2507.454941,305.673097
940,2.896602,0.300496,0.084295,64.000000,0.099186,22.094857,1.176646,2510.351542,305.757393
941,3.280764,0.295489,0.209697,64.000000,0.099186,19.507649,0.472997,2513.632307,305.967089
942,2.770457,0.302959,0.173249,64.000000,0.099186,23.100879,0.572507,2516.402764,306.140338
943,2.506986,0.286031,0.648396,64.000000,0.099186,25.528663,0.152971,2518.909750,306.788734
944,2.484207,0.307472,0.473956,64.000000,0.099186,25.762746,0.209273,2521.393957,307.262690
945,2.607901,0.300577,0.333948,64.000000,0.099186,24.540807,0.297010,2524.001858,307.596638
946,3.151879,0.302864,0.058669,64.000000,0.099186,20.305345,1.690590,2527.153738,307.655307
947,2.351271,0.295460,0.438374,64.000000,0.099186,27.219318,0.226259,2529.505009,308.093681
948,2.751977,0.300999,0.257259,64.000000,0.099186,23.256013,0.385548,2532.256986,308.350940
949,2.769524,0.297733,0.150297,64.000000,0.099186,23.108668,0.659933,2535.026509,308.501237
950,2.567389,0.304027,0.200812,64.000000,0.099186,24.928046,0.493924,2537.593899,308.702049
951,2.700346,0.302233,0.001394,64.000000,0.099186,23.700666,71.144742,2540.294245,308.703444
952,2.346756,0.300846,0.236959,64.000000,0.099186,27.271683,0.418579,2542.641001,308.940403
953,2.450921,0.303056,0.319364,64.000000,0.099186,26.112637,0.310573,2545.091922,309.259766
954,2.715668,0.298164,0.094520,64.000000,0.099186,23.566944,1.049365,2547.807590,309.354286
955,2.769750,0.298583,0.176765,64.000000,0.099186,23.106780,0.561119,2550.577340,309.531051
956,2.701487,0.300402,0.084368,64.000000,0.099186,23.690660,1.175637,2553.278827,309.615419
957,2.640842,0.299216,0.280739,64.000000,0.099186,24.234694,0.353303,2555.919669,309.896158
958,2.711039,0.304228,0.467817,64.000000,0.099186,23.607184,0.212019,2558.630708,310.363975
959,3.503320,0.300589,0.262664,64.000000,0.099186,18.268388,0.377616,2562.134027,310.626639
960,2.855681,0.296545,0.082021,64.000000,0.099186,22.411465,1.209275,2564.989708,310.708660
961,2.362139,0.303463,0.332813,64.000000,0.099186,27.094083,0.298023,2567.351848,311.041473
962,2.593414,0.298980,0.097446,64.000000,0.099186,24.677891,1.017857,2569.945262,311.138919
963,3.119281,0.295069,0.001401,64.000000,0.099186,20.517552,70.795169,2573.064543,311.140320
964,3.191640,0.297284,0.001389,64.000000,0.099186,20.052388,71.403951,2576.256183,311.141709
965,2.374490,0.298443,0.112725,64.000000,0.099186,26.953159,0.879896,2578.630672,311.254434
966,2.337320,0.300691,0.375388,64.000000,0.099186,27.381787,0.264222,2580.967992,311.629822
967,2.602831,0.325249,0.556868,64.000000,0.099186,24.588609,0.178114,2583.570824,312.186690
968,2.349137,0.298049,0.580660,64.000000,0.099186,27.244045,0.170816,2585.919961,312.767351
969,2.798651,0.298198,0.227763,64.000000,0.099186,22.868162,0.435480,2588.718612,312.995113
970,2.580083,0.306916,0.290955,64.000000,0.099186,24.805404,0.340898,2591.298695,313.286068
971,2.818216,0.296721,0.001371,64.000000,0.099186,22.709404,72.319686,2594.116910,313.287439
972,2.317801,0.343142,0.441892,64.000000,0.099186,27.612376,0.224457,2596.434711,313.729332
973,2.345041,0.301415,0.543897,64.000000,0.099186,27.291629,0.182362,2598.779753,314.273228
974,2.556415,0.297352,0.196005,64.000000,0.099186,25.035057,0.506037,2601.336168,314.469234
975,2.558370,0.295551,0.337579,64.000000,0.099186,25.015924,0.293815,2603.894538,314.806813
976,2.186877,0.309366,0.399982,64.000000,0.099186,29.265482,0.247976,2606.081415,315.206795
977,2.494683,0.305158,0.247281,64.000000,0.099186,25.654559,0.401106,2608.576099,315.454076
978,2.825109,0.293955,0.001339,64.000000,0.099186,22.653990,74.092181,2611.401208,315.455415
979,2.460082,0.297121,0.166417,64.000000,0.099186,26.015388,0.596009,2613.861290,315.621832
980,2.478240,0.297659,0.620673,64.000000,0.099186,25.824775,0.159804,2616.339531,316.242505
981,2.539133,0.297744,0.268358,64.000000,0.099186,25.205457,0.369603,2618.878663,316.510863
982,2.911354,0.294442,0.001362,64.000000,0.099186,21.982895,72.849207,2621.790018,316.512225
983,2.548601,0.296383,0.289565,64.000000,0.099186,25.111815,0.342534,2624.338619,316.801790
984,2.486634,0.294139,0.446973,64.000000,0.099186,25.737606,0.221906,2626.825253,317.248762
985,2.726967,0.299556,0.254389,64.000000,0.099186,23.469295,0.389899,2629.552220,317.503151
986,2.949038,0.298592,0.191341,64.000000,0.099186,21.701990,0.518374,2632.501258,317.694492
987,2.834930,0.297495,0.012668,64.000000,0.099186,22.575510,7.829373,2635.336189,317.707160
988,2.808376,0.298396,0.204052,64.000000,0.099186,22.788973,0.486082,2638.144565,317.911212
989,2.944277,0.299057,0.096175,64.000000,0.099186,21.737085,1.031309,2641.088842,318.007387
990,2.711665,0.301188,0.234603,64.000000,0.099186,23.601738,0.422782,2643.800506,318.241990
991,2.598547,0.287874,0.597165,64.000000,0.099186,24.629145,0.166095,2646.399054,318.839155
992,2.561118,0.296621,0.357149,64.000000,0.099186,24.989088,0.277716,2648.960171,319.196304
993,2.568475,0.297443,0.447339,64.000000,0.099186,24.917507,0.221724,2651.528647,319.643643
994,2.784390,0.297084,0.145381,64.000000,0.099186,22.985282,0.682249,2654.313037,319.789024
995,2.798030,0.299979,0.069935,64.000000,0.099186,22.873235,1.418253,2657.111067,319.858959
996,2.745226,0.292883,0.221580,64.000000,0.099186,23.313202,0.447630,2659.856293,320.080539
997,2.751135,0.296234,0.097443,64.000000,0.099186,23.263128,1.017886,2662.607428,320.177982
998,2.339350,0.297099,0.563323,64.000000,0.099186,27.358027,0.176073,2664.946778,320.741305
999,3.123468,0.300669,0.036467,64.000000,0.099186,20.490044,2.719873,2668.070246,320.777772
1000,2.739203,0.298684,0.034201,64.000000,0.099186,23.364464,2.900057,2670.809448,320.811974
1001,2.588923,0.303852,0.054554,64.000000,0.099186,24.720708,1.818116,2673.398371,320.866528
1002,2.579896,0.300431,0.160674,64.000000,0.099186,24.807199,0.617310,2675.978267,321.027202
1003,2.608022,0.307991,0.275145,64.000000,0.099186,24.539671,0.360486,2678.586289,321.302348
1004,2.574819,0.300092,0.249118,64.000000,0.099186,24.856115,0.398148,2681.161108,321.551466
1005,2.753046,0.297296,0.251743,64.000000,0.099186,23.246979,0.393997,2683.914154,321.803208
1006,2.511785,0.299452,0.358667,64.000000,0.099186,25.479886,0.276540,2686.425939,322.161875
1007,2.649341,0.297609,0.069429,64.000000,0.099186,24.156948,1.428589,2689.075281,322.231305
1008,2.710911,0.300059,0.206281,64.000000,0.099186,23.608298,0.480829,2691.786192,322.437586
1009,2.880805,0.297359,0.231248,64.000000,0.099186,22.216015,0.428916,2694.666997,322.668834
1010,2.464872,0.299367,0.314874,64.000000,0.099186,25.964835,0.315002,2697.131869,322.983708
1011,2.882983,0.296841,0.007042,64.000000,0.099186,22.199228,14.083977,2700.014852,322.990750
1012,2.707049,0.299471,0.132902,64.000000,0.099186,23.641980,0.746307,2702.721901,323.123653
1013,2.658215,0.298140,0.118087,64.000000,0.099186,24.076306,0.839937,2705.380116,323.241740
1014,2.629216,0.299255,1.332781,64.000000,0.099186,24.341854,0.074420,2708.009333,324.574521
1015,1.976915,0.297240,0.001373,64.000000,0.099186,32.373676,72.226684,2709.986247,324.575895
1016,2.566314,0.309604,0.232916,64.000000,0.099186,24.938487,0.425843,2712.552562,324.808811
1017,2.643562,0.304317,0.260263,64.000000,0.099186,24.209761,0.381099,2715.196124,325.069074
1018,2.506848,0.300541,0.201021,64.000000,0.099186,25.530069,0.493412,2717.702972,325.270095
1019,2.460950,0.301452,0.228017,64.000000,0.099186,26.006217,0.434993,2720.163922,325.498113
1020,2.802759,0.304411,0.162450,64.000000,0.099186,22.834641,0.610564,2722.966681,325.660562
1021,2.589455,0.298021,0.125811,64.000000,0.099186,24.715626,0.788374,2725.556136,325.786373
1022,2.170202,0.332221,0.839172,64.000000,0.099186,29.490340,0.118195,2727.726338,326.625545
1023,3.021875,0.304588,0.001343,64.000000,0.099186,21.178907,73.843734,2730.748213,326.626889
1024,2.465808,0.311813,0.334364,64.000000,0.099186,25.954986,0.296641,2733.214020,326.961253
1025,2.955095,0.292384,0.037678,64.000000,0.099186,21.657512,2.632478,2736.169115,326.998930
1026,2.629224,0.295663,0.388146,64.000000,0.099186,24.341787,0.255538,2738.798338,327.387076
1027,3.204940,0.299094,0.001439,64.000000,0.099186,19.969172,68.940647,2742.003279,327.388515
1028,2.488055,0.301857,0.226330,64.000000,0.099186,25.722903,0.438236,2744.491334,327.614845
1029,2.228054,0.302014,0.540668,64.000000,0.099186,28.724613,0.183451,2746.719388,328.155513
1030,2.426331,0.294965,0.372161,64.000000,0.099186,26.377272,0.266514,2749.145719,328.527673
1031,2.537561,0.296550,0.215400,64.000000,0.099186,25.221069,0.460473,2751.683280,328.743074
1032,2.554022,0.298147,0.108368,64.000000,0.099186,25.058511,0.915268,2754.237303,328.851442
1033,2.619309,0.291401,0.430788,64.000000,0.099186,24.433922,0.230243,2756.856612,329.282230
1034,2.802641,0.298714,0.266679,64.000000,0.099186,22.835603,0.371930,2759.659253,329.548909
1035,2.549558,0.295978,0.271156,64.000000,0.099186,25.102386,0.365790,2762.208811,329.820064
1036,2.466058,0.297574,0.178791,64.000000,0.099186,25.952350,0.554758,2764.674869,329.998856
1037,2.397130,0.291660,0.416375,64.000000,0.099186,26.698593,0.238213,2767.072000,330.415230
1038,2.715774,0.303120,0.300780,64.000000,0.099186,23.566028,0.329763,2769.787773,330.716010
1039,2.698841,0.295810,0.251866,64.000000,0.099186,23.713879,0.393805,2772.486615,330.967876
1040,2.209517,0.294789,0.520860,64.000000,0.099186,28.965606,0.190427,2774.696132,331.488736
1041,2.655461,0.303500,0.290233,64.000000,0.099186,24.101273,0.341746,2777.351593,331.778969
1042,2.759445,0.297171,0.120338,64.000000,0.099186,23.193067,0.824228,2780.111038,331.899307
1043,2.466032,0.297240,0.430682,64.000000,0.099186,25.952620,0.230300,2782.577071,332.329989
1044,2.539293,0.303054,0.281076,64.000000,0.099186,25.203865,0.352879,2785.116364,332.611066
1045,2.082419,0.298919,0.677055,64.000000,0.099186,30.733484,0.146496,2787.198783,333.288120
1046,2.727149,0.315051,0.498942,64.000000,0.099186,23.467732,0.198793,2789.925932,333.787062
1047,2.326123,0.294046,0.359197,64.000000,0.099186,27.513597,0.276133,2792.252055,334.146259
1048,2.732211,0.299331,0.073281,64.000000,0.099186,23.424252,1.353508,2794.984266,334.219540
1049,2.443365,0.297642,0.352903,64.000000,0.099186,26.193383,0.281057,2797.427631,334.572442
1050,2.431130,0.304566,0.542482,64.000000,0.099186,26.325211,0.182837,2799.858760,335.114924
1051,2.521985,0.300847,0.186291,64.000000,0.099186,25.376839,0.532424,2802.380745,335.301216
1052,2.320362,0.296425,0.266531,64.000000,0.099186,27.581901,0.372137,2804.701107,335.567746
1053,2.776571,0.294946,0.094176,64.000000,0.099186,23.050010,1.053197,2807.477679,335.661922
1054,2.597953,0.292844,0.191416,64.000000,0.099186,24.634775,0.518169,2810.075632,335.853338
1055,2.995941,0.294942,0.190822,64.000000,0.099186,21.362240,0.519782,2813.071573,336.044161
1056,2.312605,0.291364,0.401606,64.000000,0.099186,27.674422,0.246973,2815.384178,336.445767
1057,2.734613,0.293275,0.133566,64.000000,0.099186,23.403679,0.742597,2818.118790,336.579333
1058,2.442733,0.299140,0.600608,64.000000,0.099186,26.200164,0.165142,2820.561523,337.179941
1059,2.446644,0.300798,0.178946,64.000000,0.099186,26.158281,0.554277,2823.008167,337.358888
1060,2.582332,0.297273,0.152092,64.000000,0.099186,24.783798,0.652146,2825.590499,337.510980
1061,2.397464,0.300609,0.213591,64.000000,0.099186,26.694872,0.464373,2827.987963,337.724571
1062,2.740339,0.298967,0.142464,64.000000,0.099186,23.354773,0.696216,2830.728303,337.867035
1063,2.617299,0.301703,0.215988,64.000000,0.099186,24.452692,0.459219,2833.345601,338.083024
1064,2.459989,0.295301,0.312935,64.000000,0.099186,26.016373,0.316954,2835.805591,338.395958
1065,2.642837,0.296904,0.179035,64.000000,0.099186,24.216401,0.554004,2838.448428,338.574993
1066,2.959959,0.297425,0.091612,64.000000,0.099186,21.621918,1.082675,2841.408387,338.666605
1067,2.529548,0.306734,0.263195,64.000000,0.099186,25.300958,0.376854,2843.937936,338.929800
1068,2.631893,0.300969,0.047547,64.000000,0.099186,24.317101,2.086058,2846.569828,338.977347
1069,2.659734,0.302643,0.406112,64.000000,0.099186,24.062555,0.244233,2849.229563,339.383458
1070,2.724549,0.293261,0.035414,64.000000,0.099186,23.490126,2.800743,2851.954112,339.418873
1071,3.110331,0.299493,0.001402,64.000000,0.099186,20.576585,70.760068,2855.064443,339.420274
1072,2.893762,0.295265,0.210874,64.000000,0.099186,22.116540,0.470356,2857.958205,339.631148
1073,2.885175,0.299749,0.277639,64.000000,0.099186,22.182363,0.357247,2860.843380,339.908788
1074,2.753997,0.298062,0.019583,64.000000,0.099186,23.238952,5.064806,2863.597377,339.928371
1075,2.630280,0.295632,0.284229,64.000000,0.099186,24.332011,0.348964,2866.227657,340.212600
1076,2.465427,0.294853,0.233726,64.000000,0.099186,25.958991,0.424369,2868.693084,340.446326
1077,2.805294,0.295962,0.347136,64.000000,0.099186,22.814006,0.285726,2871.498378,340.793463
1078,2.746455,0.300017,0.126157,64.000000,0.099186,23.302764,0.786210,2874.244833,340.919620
1079,2.460465,0.298343,0.170705,64.000000,0.099186,26.011346,0.581036,2876.705298,341.090325
1080,2.436007,0.294961,0.239619,64.000000,0.099186,26.272502,0.413932,2879.141305,341.329944
1081,2.572628,0.300158,0.001306,64.000000,0.099186,24.877289,75.954558,2881.713933,341.331250
1082,2.317149,0.297966,0.302404,64.000000,0.099186,27.620149,0.327991,2884.031082,341.633654
1083,3.092850,0.296300,0.001896,64.000000,0.099186,20.692889,52.319525,2887.123932,341.635550
1084,2.640808,0.296224,0.149775,64.000000,0.099186,24.235003,0.662232,2889.764740,341.785325
1085,2.610729,0.294915,0.211331,64.000000,0.099186,24.514228,0.469340,2892.375469,341.996656
1086,2.458387,0.296093,0.206757,64.000000,0.099186,26.033331,0.479721,2894.833856,342.203413
1087,2.256671,0.298182,0.606204,64.000000,0.099186,28.360357,0.163618,2897.090527,342.809617
1088,2.587393,0.295920,0.175829,64.000000,0.099186,24.735318,0.564106,2899.677920,342.985446
1089,2.812669,0.297279,0.186433,64.000000,0.099186,22.754191,0.532019,2902.490589,343.171879
1090,2.685047,0.291681,0.245121,64.000000,0.099186,23.835709,0.404641,2905.175636,343.417000
1091,2.495798,0.293246,0.229420,64.000000,0.099186,25.643102,0.432334,2907.671434,343.646420
1092,2.514577,0.291434,0.211189,64.000000,0.099186,25.451594,0.469656,2910.186011,343.857608
1093,2.718208,0.293698,0.147212,64.000000,0.099186,23.544922,0.673762,2912.904219,344.004821
1094,3.006520,0.295882,0.001381,64.000000,0.099186,21.287071,71.815327,2915.910739,344.006202
1095,2.370478,0.319794,0.283375,64.000000,0.099186,26.998773,0.350016,2918.281217,344.289577
1096,2.592138,0.294841,0.356946,64.000000,0.099186,24.690045,0.277873,2920.873355,344.646523
1097,2.787274,0.294219,0.225530,64.000000,0.099186,22.961504,0.439791,2923.660629,344.872053
1098,2.954951,0.297951,0.383520,64.000000,0.099186,21.658563,0.258620,2926.615580,345.255573
1099,2.260864,0.295526,0.426734,64.000000,0.099186,28.307756,0.232430,2928.876445,345.682307
