step,read_time_sec,compute_time_sec,write_time_sec,data_read_mb,data_written_mb,read_throughput_mb_s,write_throughput_mb_s,cumulative_read_time,cumulative_write_time
1,3.334959,0.053749,0.049367,32.000000,0.050358,9.595320,1.020066,3.334959,0.049367
2,3.282085,0.054022,0.078917,32.000000,0.050358,9.749900,0.638114,6.617044,0.128284
3,3.162584,0.033698,0.252506,32.000000,0.050358,10.118309,0.199432,9.779628,0.380790
4,3.105322,0.037174,0.297463,32.000000,0.050358,10.304890,0.169291,12.884950,0.678253
5,3.351072,0.039239,0.037864,32.000000,0.050358,9.549184,1.329954,16.236021,0.716118
6,3.163140,0.031013,0.210169,32.000000,0.050358,10.116531,0.239606,19.399161,0.926287
7,3.174893,0.038990,0.166445,32.000000,0.050358,10.079080,0.302550,22.574054,1.092732
8,3.084025,0.038403,0.293019,32.000000,0.050358,10.376050,0.171858,25.658079,1.385751
9,3.200247,0.035317,0.197540,32.000000,0.050358,9.999228,0.254925,28.858326,1.583291
10,3.196856,0.053791,0.053432,32.000000,0.050358,10.009836,0.942463,32.055182,1.636723
11,3.208947,0.041229,0.023886,32.000000,0.050358,9.972119,2.108238,35.264129,1.660609
12,2.985118,0.032057,0.215247,32.000000,0.050358,10.719845,0.233954,38.249247,1.875856
13,3.403641,0.039239,0.001955,32.000000,0.050358,9.401698,25.762824,41.652887,1.877811
14,3.035821,0.035000,0.256050,32.000000,0.050358,10.540805,0.196671,44.688708,2.133862
15,3.209257,0.038946,0.119631,32.000000,0.050358,9.971156,0.420943,47.897965,2.253493
16,2.997056,0.038896,0.302981,32.000000,0.050358,10.677146,0.166208,50.895021,2.556473
17,3.198962,0.038829,0.120617,32.000000,0.050358,10.003246,0.417504,54.093982,2.677090
18,3.118792,0.030304,0.165135,32.000000,0.050358,10.260383,0.304949,57.212774,2.842225
19,3.129314,0.036434,0.244424,32.000000,0.050358,10.225885,0.206026,60.342088,3.086650
20,3.214223,0.032107,0.210029,32.000000,0.050358,9.955749,0.239766,63.556311,3.296679
21,3.144074,0.037561,0.275027,32.000000,0.050358,10.177879,0.183101,66.700385,3.571707
22,3.135481,0.031891,0.244699,32.000000,0.050358,10.205770,0.205795,69.835866,3.816405
23,3.290860,0.041355,0.130652,32.000000,0.050358,9.723902,0.385434,73.126726,3.947058
24,3.097499,0.031645,0.309213,32.000000,0.050358,10.330915,0.162858,76.224225,4.256271
25,3.247643,0.044664,0.091634,32.000000,0.050358,9.853299,0.549552,79.471868,4.347905
26,3.189696,0.034002,0.235190,32.000000,0.050358,10.032303,0.214115,82.661565,4.583095
27,2.923512,0.042003,0.278825,32.000000,0.050358,10.945739,0.180607,85.585077,4.861920
28,2.922455,0.038170,0.267462,32.000000,0.050358,10.949699,0.188281,88.507531,5.129382
29,3.043952,0.032463,0.189412,32.000000,0.050358,10.512649,0.265864,91.551483,5.318794
30,3.096293,0.054684,0.305856,32.000000,0.050358,10.334941,0.164646,94.647776,5.624650
31,3.069973,0.045970,0.337871,32.000000,0.050358,10.423545,0.149044,97.717749,5.962521
32,3.314979,0.039174,0.072177,32.000000,0.050358,9.653154,0.697695,101.032727,6.034699
33,3.404495,0.043104,0.066632,32.000000,0.050358,9.399339,0.755759,104.437222,6.101331
34,3.099318,0.030620,0.261472,32.000000,0.050358,10.324851,0.192593,107.536541,6.362803
35,3.291935,0.042467,0.109372,32.000000,0.050358,9.720727,0.460425,110.828476,6.472175
36,3.257563,0.038990,0.125767,32.000000,0.050358,9.823295,0.400406,114.086038,6.597942
37,3.061397,0.048088,0.296704,32.000000,0.050358,10.452743,0.169724,117.147436,6.894646
38,3.250688,0.039312,0.004421,32.000000,0.050358,9.844070,11.390481,120.398124,6.899067
39,3.035658,0.033321,0.172216,32.000000,0.050358,10.541372,0.292410,123.433782,7.071283
40,3.154192,0.040576,0.258777,32.000000,0.050358,10.145228,0.194599,126.587974,7.330060
41,3.217972,0.030172,0.179890,32.000000,0.050358,9.944152,0.279936,129.805946,7.509951
42,3.044821,0.030059,0.284422,32.000000,0.050358,10.509649,0.177053,132.850767,7.794373
43,3.270937,0.039945,0.120072,32.000000,0.050358,9.783130,0.419396,136.121704,7.914446
44,3.121277,0.038553,0.195519,32.000000,0.050358,10.252213,0.257560,139.242981,8.109964
45,3.150654,0.032310,0.185490,32.000000,0.050358,10.156622,0.271485,142.393635,8.295455
46,3.052854,0.049016,0.304779,32.000000,0.050358,10.481993,0.165228,145.446490,8.600233
47,3.095734,0.038358,0.243078,32.000000,0.050358,10.336807,0.207167,148.542223,8.843311
48,3.086781,0.036316,0.216658,32.000000,0.050358,10.366788,0.232430,151.629004,9.059969
49,2.956814,0.037549,0.279985,32.000000,0.050358,10.822459,0.179859,154.585818,9.339955
50,3.225311,0.038957,0.126420,32.000000,0.050358,9.921523,0.398337,157.811129,9.466375
51,3.065748,0.049288,0.269166,32.000000,0.050358,10.437911,0.187088,160.876876,9.735541
52,2.951353,0.049356,0.332711,32.000000,0.050358,10.842484,0.151356,163.828230,10.068252
53,3.458407,0.046914,0.001783,32.000000,0.050358,9.252815,28.243182,167.286637,10.070035
54,3.104366,0.038623,0.316972,32.000000,0.050358,10.308063,0.158872,170.391003,10.387006
55,3.343446,0.039168,0.113755,32.000000,0.050358,9.570962,0.442688,173.734449,10.500761
56,3.150001,0.031587,0.234646,32.000000,0.050358,10.158726,0.214612,176.884450,10.735407
57,3.228053,0.039054,0.186089,32.000000,0.050358,9.913098,0.270612,180.112503,10.921496
58,3.146710,0.031347,0.263513,32.000000,0.050358,10.169352,0.191102,183.259213,11.185009
59,3.342856,0.032752,0.197719,32.000000,0.050358,9.572653,0.254694,186.602069,11.382729
60,3.311026,0.036727,0.200894,32.000000,0.050358,9.664677,0.250668,189.913095,11.583623
61,3.493946,0.039640,0.001815,32.000000,0.050358,9.158700,27.748076,193.407041,11.585438
62,3.184553,0.049116,0.311901,32.000000,0.050358,10.048507,0.161454,196.591594,11.897339
63,3.323040,0.039191,0.163292,32.000000,0.050358,9.629736,0.308392,199.914634,12.060631
64,3.311859,0.036978,0.183008,32.000000,0.050358,9.662248,0.275168,203.226493,12.243639
65,3.534133,0.038903,0.015615,32.000000,0.050358,9.054554,3.224968,206.760626,12.259254
66,3.233085,0.041578,0.225740,32.000000,0.050358,9.897667,0.223079,209.993711,12.484993
67,3.197762,0.051160,0.319149,32.000000,0.050358,10.007000,0.157788,213.191473,12.804142
68,3.164725,0.049487,0.309834,32.000000,0.050358,10.111463,0.162531,216.356198,13.113977
69,3.418242,0.039925,0.043049,32.000000,0.050358,9.361537,1.169792,219.774440,13.157025
70,3.300436,0.031534,0.232015,32.000000,0.050358,9.695690,0.217046,223.074875,13.389040
71,3.436547,0.039201,0.091172,32.000000,0.050358,9.311671,0.552336,226.511423,13.480213
72,3.240439,0.053796,0.048370,32.000000,0.050358,9.875206,1.041104,229.751862,13.528582
73,3.275664,0.039826,0.147395,32.000000,0.050358,9.769013,0.341651,233.027525,13.675978
74,3.223701,0.033287,0.185917,32.000000,0.050358,9.926478,0.270862,236.251227,13.861895
75,3.420700,0.039127,0.112032,32.000000,0.050358,9.354811,0.449495,239.671926,13.973927
76,3.278221,0.039418,0.113810,32.000000,0.050358,9.761391,0.442472,242.950148,14.087737
77,3.106511,0.035756,0.283478,32.000000,0.050358,10.300945,0.177643,246.056659,14.371214
78,3.354498,0.039240,0.113067,32.000000,0.050358,9.539430,0.445380,249.411157,14.484281
79,3.285248,0.038941,0.113424,32.000000,0.050358,9.740513,0.443979,252.696405,14.597705
80,3.232770,0.038869,0.151943,32.000000,0.050358,9.898630,0.331425,255.929176,14.749648
81,3.231328,0.032814,0.234617,32.000000,0.050358,9.903049,0.214638,259.160504,14.984266
82,3.370669,0.039099,0.001748,32.000000,0.050358,9.493664,28.801769,262.531173,14.986014
83,3.171384,0.037054,0.232905,32.000000,0.050358,10.090232,0.216216,265.702557,15.218919
84,3.259429,0.039093,0.230607,32.000000,0.050358,9.817670,0.218371,268.961986,15.449526
85,3.372226,0.039259,0.001757,32.000000,0.050358,9.489281,28.668088,272.334212,15.451282
86,3.247144,0.032497,0.239878,32.000000,0.050358,9.854815,0.209931,275.581355,15.691160
87,3.346935,0.039182,0.075991,32.000000,0.050358,9.560986,0.662684,278.928291,15.767151
88,3.136846,0.041673,0.237023,32.000000,0.050358,10.201330,0.212459,282.065136,16.004175
89,3.274492,0.035334,0.155203,32.000000,0.050358,9.772507,0.324464,285.339629,16.159378
90,3.314999,0.054294,0.088159,32.000000,0.050358,9.653096,0.571216,288.654627,16.247537
91,3.342007,0.039038,0.109818,32.000000,0.050358,9.575084,0.458559,291.996634,16.357354
92,3.192475,0.038866,0.117424,32.000000,0.050358,10.023570,0.428853,295.189110,16.474779
93,3.029662,0.031258,0.287201,32.000000,0.050358,10.562234,0.175340,298.218772,16.761980
94,3.170275,0.038855,0.004521,32.000000,0.050358,10.093762,11.137855,301.389047,16.766501
95,2.926403,0.047393,0.304007,32.000000,0.050358,10.934927,0.165647,304.315450,17.070508
96,3.140362,0.038980,0.119777,32.000000,0.050358,10.189908,0.420429,307.455812,17.190285
97,3.129498,0.038951,0.129099,32.000000,0.050358,10.225283,0.390070,310.585309,17.319385
98,3.226193,0.039601,0.035103,32.000000,0.050358,9.918813,1.434558,313.811502,17.354488
99,3.008523,0.038478,0.260481,32.000000,0.050358,10.636447,0.193327,316.820025,17.614969
100,2.881675,0.048853,0.298433,32.000000,0.050358,11.104654,0.168741,319.701700,17.913401
101,3.123883,0.039418,0.075373,32.000000,0.050358,10.243661,0.668112,322.825583,17.988775
102,3.007113,0.029879,0.257008,32.000000,0.050358,10.641438,0.195939,325.832696,18.245782
103,3.209676,0.058201,0.094751,32.000000,0.050358,9.969854,0.531474,329.042371,18.340534
104,3.180970,0.041290,0.061671,32.000000,0.050358,10.059824,0.816557,332.223341,18.402205
105,3.230352,0.039004,0.034492,32.000000,0.050358,9.906041,1.460006,335.453693,18.436696
106,3.144831,0.039010,0.077450,32.000000,0.050358,10.175428,0.650196,338.598524,18.514146
107,2.940238,0.037717,0.240571,32.000000,0.050358,10.883473,0.209326,341.538762,18.754717
108,2.870795,0.034628,0.294262,32.000000,0.050358,11.146740,0.171133,344.409557,19.048979
109,2.892732,0.031830,0.261072,32.000000,0.050358,11.062206,0.192889,347.302289,19.310051
110,3.098330,0.039017,0.071526,32.000000,0.050358,10.328143,0.704045,350.400619,19.381577
111,3.027773,0.033995,0.166613,32.000000,0.050358,10.568823,0.302244,353.428393,19.548190
112,2.843281,0.049216,0.320794,32.000000,0.050358,11.254604,0.156978,356.271673,19.868985
113,3.210473,0.041776,0.060253,32.000000,0.050358,9.967380,0.835775,359.482146,19.929238
114,3.204709,0.060990,0.082663,32.000000,0.050358,9.985306,0.609197,362.686855,20.011900
115,3.222852,0.060768,0.112399,32.000000,0.050358,9.929094,0.448028,365.909707,20.124299
116,3.125972,0.039328,0.104968,32.000000,0.050358,10.236816,0.479743,369.035679,20.229268
117,3.006667,0.031827,0.229560,32.000000,0.050358,10.643016,0.219367,372.042346,20.458828
118,3.015927,0.032093,0.208886,32.000000,0.050358,10.610336,0.241078,375.058273,20.667713
119,2.761911,0.036734,0.243917,32.000000,0.050358,11.586179,0.206455,377.820184,20.911630
120,3.025934,0.039195,0.110587,32.000000,0.050358,10.575248,0.455367,380.846118,21.022218
121,3.050950,0.039909,0.036560,32.000000,0.050358,10.488537,1.377392,383.897068,21.058778
122,3.020827,0.044375,0.025022,32.000000,0.050358,10.593126,2.012527,386.917895,21.083800
123,2.681587,0.043436,0.266026,32.000000,0.050358,11.933231,0.189297,389.599482,21.349826
124,2.770336,0.038963,0.001775,32.000000,0.050358,11.550945,28.372904,392.369818,21.351601
125,2.532364,0.049202,0.279669,32.000000,0.050358,12.636416,0.180062,394.902182,21.631270
126,2.850104,0.043533,0.001799,32.000000,0.050358,11.227660,27.999012,397.752286,21.633068
127,2.629316,0.034642,0.170931,32.000000,0.050358,12.170465,0.294609,400.381602,21.803999
128,2.600809,0.038293,0.276566,32.000000,0.050358,12.303862,0.182082,402.982412,22.080565
129,2.803631,0.041226,0.108985,32.000000,0.050358,11.413771,0.462061,405.786043,22.189551
130,2.879708,0.038944,0.026754,32.000000,0.050358,11.112240,1.882259,408.665750,22.216304
131,2.754127,0.045524,0.239889,32.000000,0.050358,11.618927,0.209922,411.419877,22.456193
132,2.965499,0.041471,0.068111,32.000000,0.050358,10.790765,0.739350,414.385376,22.524304
133,2.949044,0.030394,0.186838,32.000000,0.050358,10.850976,0.269526,417.334419,22.711142
134,3.015720,0.052573,0.302276,32.000000,0.050358,10.611064,0.166596,420.350139,23.013418
135,2.919506,0.032665,0.208665,32.000000,0.050358,10.960759,0.241333,423.269645,23.222084
136,3.094755,0.031623,0.120088,32.000000,0.050358,10.340076,0.419342,426.364400,23.342171
137,3.072653,0.039415,0.087140,32.000000,0.050358,10.414454,0.577895,429.437053,23.429311
138,2.694962,0.037376,0.274233,32.000000,0.050358,11.874010,0.183632,432.132014,23.703544
139,2.872555,0.039661,0.007941,32.000000,0.050358,11.139910,6.341328,435.004569,23.711486
140,2.672656,0.039191,0.231658,32.000000,0.050358,11.973110,0.217380,437.677225,23.943143
141,2.763205,0.039602,0.071694,32.000000,0.050358,11.580754,0.702401,440.440430,24.014837
142,2.802244,0.060900,0.111968,32.000000,0.050358,11.419418,0.449752,443.242674,24.126805
143,2.731713,0.042212,0.264864,32.000000,0.050358,11.714262,0.190127,445.974387,24.391669
144,2.694551,0.034331,0.194102,32.000000,0.050358,11.875819,0.259439,448.668938,24.585772
145,2.860724,0.034608,0.240621,32.000000,0.050358,11.185979,0.209283,451.529662,24.826392
146,2.771567,0.032780,0.197084,32.000000,0.050358,11.545813,0.255514,454.301229,25.023477
147,2.791800,0.043183,0.174972,32.000000,0.050358,11.462140,0.287805,457.093029,25.198449
148,2.829067,0.032090,0.125121,32.000000,0.050358,11.311149,0.402473,459.922097,25.323570
149,2.793164,0.031328,0.183075,32.000000,0.050358,11.456540,0.275066,462.715261,25.506645
150,2.623576,0.037311,0.284382,32.000000,0.050358,12.197092,0.177078,465.338837,25.791027
151,2.817684,0.039043,0.159373,32.000000,0.050358,11.356845,0.315975,468.156521,25.950399
152,3.003695,0.039928,0.036434,32.000000,0.050358,10.653544,1.382170,471.160216,25.986833
153,2.908229,0.054054,0.083967,32.000000,0.050358,11.003261,0.599737,474.068445,26.070800
154,2.764472,0.048152,0.265466,32.000000,0.050358,11.575446,0.189696,476.832917,26.336265
155,2.714349,0.049545,0.313599,32.000000,0.050358,11.789199,0.160580,479.547266,26.649865
156,3.232387,0.047993,0.001724,32.000000,0.050358,9.899804,29.214633,482.779654,26.651588
157,2.898974,0.046525,0.346622,32.000000,0.050358,11.038388,0.145282,485.678628,26.998210
158,3.049698,0.038552,0.227627,32.000000,0.050358,10.492841,0.221230,488.728326,27.225837
159,3.053550,0.039103,0.073868,32.000000,0.050358,10.479605,0.681728,491.781876,27.299705
160,2.785567,0.049091,0.241497,32.000000,0.050358,11.487788,0.208523,494.567443,27.541202
161,3.091950,0.038961,0.001741,32.000000,0.050358,10.349454,28.920549,497.659393,27.542944
162,2.753999,0.052764,0.326400,32.000000,0.050358,11.619466,0.154283,500.413392,27.869344
163,2.878068,0.036572,0.255028,32.000000,0.050358,11.118568,0.197460,503.291461,28.124372
164,2.914592,0.037831,0.245623,32.000000,0.050358,10.979238,0.205021,506.206053,28.369994
165,3.151293,0.039230,0.074630,32.000000,0.050358,10.154562,0.674770,509.357346,28.444624
166,2.966027,0.031219,0.255986,32.000000,0.050358,10.788842,0.196721,512.323373,28.700610
167,3.016895,0.032727,0.246476,32.000000,0.050358,10.606933,0.204311,515.340268,28.947086
168,3.071387,0.031486,0.268417,32.000000,0.050358,10.418746,0.187610,518.411655,29.215503
169,3.225119,0.039332,0.153469,32.000000,0.050358,9.922115,0.328130,521.636774,29.368973
170,3.125887,0.042366,0.214158,32.000000,0.050358,10.237094,0.235144,524.762661,29.583130
171,3.182983,0.039199,0.073722,32.000000,0.050358,10.053462,0.683075,527.945644,29.656853
172,2.930685,0.030990,0.228800,32.000000,0.050358,10.918947,0.220095,530.876330,29.885653
173,2.889557,0.034942,0.221157,32.000000,0.050358,11.074360,0.227702,533.765887,30.106810
174,2.850152,0.038635,0.273153,32.000000,0.050358,11.227472,0.184358,536.616039,30.379962
175,2.977855,0.033637,0.202846,32.000000,0.050358,10.745989,0.248256,539.593894,30.582809
176,3.266389,0.039864,0.073637,32.000000,0.050358,9.796752,0.683864,542.860283,30.656446
177,3.091307,0.037580,0.196437,32.000000,0.050358,10.351608,0.256356,545.951590,30.852883
178,3.103907,0.035613,0.186454,32.000000,0.050358,10.309587,0.270082,549.055497,31.039336
179,3.044260,0.039401,0.119475,32.000000,0.050358,10.511586,0.421492,552.099757,31.158812
180,2.968284,0.045961,0.136700,32.000000,0.050358,10.780638,0.368382,555.068041,31.295511
181,3.110238,0.039465,0.079641,32.000000,0.050358,10.288603,0.632309,558.178279,31.375153
182,3.143873,0.039276,0.015544,32.000000,0.050358,10.178527,3.239739,561.322152,31.390696
183,3.260062,0.039408,0.049350,32.000000,0.050358,9.815764,1.020418,564.582215,31.440047
184,3.093680,0.032671,0.200982,32.000000,0.050358,10.343667,0.250558,567.675895,31.641029
185,3.302050,0.039014,0.003685,32.000000,0.050358,9.690948,13.666475,570.977945,31.644714
186,3.098214,0.037190,0.267220,32.000000,0.050358,10.328530,0.188451,574.076160,31.911934
187,3.269989,0.035236,0.192682,32.000000,0.050358,9.785964,0.261352,577.346149,32.104616
188,3.171217,0.030672,0.261024,32.000000,0.050358,10.090763,0.192924,580.517367,32.365640
189,3.352321,0.039483,0.075978,32.000000,0.050358,9.545626,0.662791,583.869687,32.441619
190,3.489091,0.039375,0.015382,32.000000,0.050358,9.171443,3.273886,587.358778,32.457000
191,3.247635,0.049373,0.324331,32.000000,0.050358,9.853325,0.155267,590.606413,32.781331
192,3.106339,0.049479,0.291646,32.000000,0.050358,10.301516,0.172668,593.712751,33.072977
193,3.386854,0.039497,0.012417,32.000000,0.050358,9.448297,4.055563,597.099605,33.085394
194,3.127567,0.031716,0.200385,32.000000,0.050358,10.231595,0.251305,600.227173,33.285779
195,3.214604,0.039479,0.074600,32.000000,0.050358,9.954569,0.675038,603.441777,33.360379
196,3.122597,0.034598,0.157859,32.000000,0.050358,10.247880,0.319004,606.564374,33.518239
197,3.250844,0.039155,0.003040,32.000000,0.050358,9.843597,16.565001,609.815218,33.521279
198,3.085218,0.032218,0.185057,32.000000,0.050358,10.372038,0.272121,612.900436,33.706336
199,2.916220,0.038021,0.269243,32.000000,0.050358,10.973109,0.187035,615.816656,33.975579
200,2.976047,0.032104,0.201342,32.000000,0.050358,10.752518,0.250111,618.792703,34.176921
201,3.098298,0.031578,0.194716,32.000000,0.050358,10.328251,0.258623,621.891001,34.371636
202,3.037962,0.039608,0.111841,32.000000,0.050358,10.533377,0.450263,624.928963,34.483477
203,2.964765,0.032039,0.208755,32.000000,0.050358,10.793436,0.241230,627.893728,34.692232
204,3.158118,0.039166,0.001749,32.000000,0.050358,10.132616,28.799133,631.051847,34.693981
205,2.926642,0.049392,0.328084,32.000000,0.050358,10.934033,0.153491,633.978489,35.022064
206,2.946655,0.049417,0.311251,32.000000,0.050358,10.859770,0.161791,636.925144,35.333316
207,3.181290,0.039423,0.071346,32.000000,0.050358,10.058812,0.705830,640.106434,35.404661
208,3.062974,0.042990,0.333527,32.000000,0.050358,10.447362,0.150986,643.169408,35.738188
209,2.969619,0.050441,0.347866,32.000000,0.050358,10.775793,0.144762,646.139027,36.086054
210,3.420898,0.039080,0.015971,32.000000,0.050358,9.354270,3.153157,649.559925,36.102025
211,3.252097,0.048621,0.333488,32.000000,0.050358,9.839805,0.151003,652.812022,36.435513
212,3.190177,0.035249,0.306524,32.000000,0.050358,10.030791,0.164287,656.002199,36.742037
213,3.118006,0.049299,0.302550,32.000000,0.050358,10.262970,0.166444,659.120205,37.044588
214,3.250841,0.039135,0.152741,32.000000,0.050358,9.843607,0.329694,662.371046,37.197329
215,3.205317,0.032820,0.190116,32.000000,0.050358,9.983412,0.264879,665.576363,37.387445
216,3.096909,0.049545,0.319921,32.000000,0.050358,10.332883,0.157407,668.673272,37.707366
217,3.293609,0.039077,0.110234,32.000000,0.050358,9.715786,0.456827,671.966881,37.817600
218,3.343885,0.039149,0.075137,32.000000,0.050358,9.569706,0.670214,675.310766,37.892737
219,3.266610,0.039142,0.168239,32.000000,0.050358,9.796089,0.299324,678.577376,38.060976
220,3.171999,0.030966,0.696036,32.000000,0.050358,10.088276,0.072349,681.749375,38.757012
221,2.948121,0.039116,0.013170,32.000000,0.050358,10.854373,3.823601,684.697496,38.770182
222,3.061300,0.049420,0.316713,32.000000,0.050358,10.453075,0.159001,687.758796,39.086895
223,3.263457,0.039730,0.169750,32.000000,0.050358,9.805551,0.296659,691.022253,39.256645
224,2.965330,0.046862,0.320382,32.000000,0.050358,10.791380,0.157180,693.987583,39.577028
225,3.043154,0.035131,0.272571,32.000000,0.050358,10.515407,0.184751,697.030737,39.849599
226,3.158480,0.038959,0.246105,32.000000,0.050358,10.131457,0.204619,700.189217,40.095704
227,3.235911,0.042831,0.179732,32.000000,0.050358,9.889023,0.280183,703.425128,40.275436
228,3.059735,0.037514,0.273489,32.000000,0.050358,10.458421,0.184131,706.484863,40.548925
229,2.956002,0.049419,1.459941,32.000000,0.050358,10.825432,0.034493,709.440865,42.008866
230,2.176312,0.039442,0.001807,32.000000,0.050358,14.703776,27.863749,711.617177,42.010674
231,2.990068,0.035346,0.259991,32.000000,0.050358,10.702096,0.193691,714.607246,42.270664
232,2.967080,0.032380,0.228971,32.000000,0.050358,10.785014,0.219931,717.574326,42.499635
233,3.081233,0.040075,0.110885,32.000000,0.050358,10.385452,0.454146,720.655559,42.610520
234,3.072595,0.039577,0.073895,32.000000,0.050358,10.414650,0.681476,723.728154,42.684415
235,2.880466,0.046835,0.312739,32.000000,0.050358,11.109312,0.161022,726.608620,42.997154
236,3.104563,0.039277,0.078628,32.000000,0.050358,10.307408,0.640455,729.713184,43.075782
237,2.959277,0.039085,0.229234,32.000000,0.050358,10.813452,0.219679,732.672461,43.305015
238,3.019046,0.038840,0.266080,32.000000,0.050358,10.599376,0.189258,735.691506,43.571095
239,3.073474,0.048254,0.342757,32.000000,0.050358,10.411671,0.146920,738.764980,43.913852
240,3.274097,0.039152,0.073061,32.000000,0.050358,9.773686,0.689258,742.039077,43.986913
241,3.150626,0.039333,0.196719,32.000000,0.050358,10.156713,0.255989,745.189703,44.183632
242,3.296849,0.039397,0.001718,32.000000,0.050358,9.706239,29.309292,748.486552,44.185350
243,3.058334,0.035826,0.284712,32.000000,0.050358,10.463213,0.176873,751.544886,44.470062
244,3.157211,0.031731,0.264515,32.000000,0.050358,10.135527,0.190378,754.702097,44.734577
245,3.324155,0.039440,0.038028,32.000000,0.050358,9.626505,1.324229,758.026252,44.772605
246,3.066951,0.034367,0.271256,32.000000,0.050358,10.433815,0.185647,761.093204,45.043861
247,3.064858,0.034234,0.196299,32.000000,0.050358,10.440941,0.256537,764.158062,45.240160
248,3.024413,0.031540,0.219512,32.000000,0.050358,10.580566,0.229408,767.182474,45.459672
249,3.268289,0.032665,0.205632,32.000000,0.050358,9.791056,0.244892,770.450763,45.665304
250,3.131387,0.035636,0.193299,32.000000,0.050358,10.219115,0.260518,773.582150,45.858603
251,3.094109,0.031913,0.242263,32.000000,0.050358,10.342236,0.207864,776.676259,46.100867
252,3.174688,0.058741,0.124708,32.000000,0.050358,10.079731,0.403807,779.850946,46.225574
253,3.259938,0.039308,0.001812,32.000000,0.050358,9.816139,27.792594,783.110884,46.227386
254,3.271451,0.039523,0.004514,32.000000,0.050358,9.781592,11.156569,786.382335,46.231900
255,2.958647,0.046530,0.367184,32.000000,0.050358,10.815756,0.137146,789.340982,46.599084
256,3.010359,0.047024,0.313805,32.000000,0.050358,10.629962,0.160475,792.351340,46.912889
257,3.200518,0.064021,0.108521,32.000000,0.050358,9.998380,0.464036,795.551859,47.021410
258,3.299377,0.039042,0.001705,32.000000,0.050358,9.698801,29.528069,798.851236,47.023116
259,3.192603,0.049109,0.303237,32.000000,0.050358,10.023169,0.166067,802.043839,47.326353
260,3.308684,0.039216,0.114797,32.000000,0.050358,9.671520,0.438669,805.352522,47.441150
261,3.279702,0.039452,0.149541,32.000000,0.050358,9.756983,0.336749,808.632225,47.590691
262,3.298942,0.030997,0.194677,32.000000,0.050358,9.700079,0.258674,811.931167,47.785368
263,3.096869,0.039587,0.211246,32.000000,0.050358,10.333019,0.238385,815.028035,47.996613
264,3.203833,0.040177,0.106853,32.000000,0.050358,9.988037,0.471282,818.231868,48.103466
265,3.232594,0.039187,0.112776,32.000000,0.050358,9.899172,0.446529,821.464462,48.216242
266,3.204160,0.032524,0.122871,32.000000,0.050358,9.987016,0.409844,824.668622,48.339113
267,3.033262,0.037571,0.321925,32.000000,0.050358,10.549699,0.156427,827.701884,48.661038
268,3.121688,0.034296,1.847494,32.000000,0.050358,10.250863,0.027257,830.823572,50.508532
269,1.798570,0.039192,0.001747,32.000000,0.050358,17.791913,28.820131,832.622142,50.510280
270,3.422155,0.048348,0.009724,32.000000,0.050358,9.350834,5.178749,836.044297,50.520004
271,3.166827,0.037867,0.299127,32.000000,0.050358,10.104750,0.168349,839.211124,50.819130
272,3.092362,0.049417,0.340306,32.000000,0.050358,10.348076,0.147978,842.303487,51.159437
273,3.163903,0.037591,0.288247,32.000000,0.050358,10.114091,0.174704,845.467389,51.447683
274,3.136320,0.050033,0.320405,32.000000,0.050358,10.203040,0.157169,848.603710,51.768088
275,3.186287,0.064047,0.182586,32.000000,0.050358,10.043037,0.275803,851.789997,51.950674
276,3.157887,0.031664,0.188682,32.000000,0.050358,10.133359,0.266892,854.947883,52.139356
277,3.233443,0.029930,0.200790,32.000000,0.050358,9.896573,0.250798,858.181326,52.340146
278,3.092512,0.048267,0.295812,32.000000,0.050358,10.347576,0.170236,861.273838,52.635958
279,3.156655,0.037369,0.266204,32.000000,0.050358,10.137314,0.189170,864.430492,52.902162
280,3.240685,0.031883,0.220268,32.000000,0.050358,9.874455,0.228621,867.671178,53.122430
281,3.061465,0.052211,0.284036,32.000000,0.050358,10.452511,0.177294,870.732643,53.406466
282,3.236019,0.052986,0.148639,32.000000,0.050358,9.888693,0.338793,873.968662,53.555105
283,3.269435,0.039104,0.132051,32.000000,0.050358,9.787623,0.381352,877.238098,53.687156
284,3.366579,0.038944,0.012727,32.000000,0.050358,9.505198,3.956743,880.604676,53.699883
285,3.135254,0.036322,0.242389,32.000000,0.050358,10.206509,0.207756,883.739931,53.942272
286,3.246523,0.034740,0.254251,32.000000,0.050358,9.856698,0.198063,886.986454,54.196523
287,3.257807,0.045662,0.144158,32.000000,0.050358,9.822559,0.349325,890.244261,54.340680
288,3.332427,0.046751,0.001733,32.000000,0.050358,9.602611,29.060959,893.576688,54.342413
289,3.202239,0.040565,0.120410,32.000000,0.050358,9.993008,0.418220,896.778927,54.462823
290,3.122444,0.039540,0.109182,32.000000,0.050358,10.248381,0.461230,899.901371,54.572005
291,3.149628,0.039516,0.001871,32.000000,0.050358,10.159930,26.912534,903.050999,54.573876
292,2.929884,0.049186,0.310348,32.000000,0.050358,10.921935,0.162262,905.980883,54.884224
293,2.960931,0.039303,0.271334,32.000000,0.050358,10.807410,0.185593,908.941814,55.155558
294,3.178383,0.060724,0.069524,32.000000,0.050358,10.068012,0.724326,912.120198,55.225082
295,3.129212,0.039018,0.150291,32.000000,0.050358,10.226216,0.335069,915.249410,55.375373
296,3.027606,0.037477,0.262561,32.000000,0.050358,10.569407,0.191794,918.277016,55.637934
297,3.158573,0.031932,0.218030,32.000000,0.050358,10.131156,0.230968,921.435589,55.855964
298,3.211467,0.041455,0.166647,32.000000,0.050358,9.964294,0.302182,924.647056,56.022611
299,3.233509,0.039309,0.111875,32.000000,0.050358,9.896369,0.450127,927.880565,56.134486
300,3.345309,0.039066,0.076279,32.000000,0.050358,9.565632,0.660179,931.225875,56.210765
301,3.095367,0.030631,0.203082,32.000000,0.050358,10.338031,0.247968,934.321242,56.413846
302,3.209779,0.039174,0.073370,32.000000,0.050358,9.969535,0.686359,937.531020,56.487216
303,3.248388,0.077447,0.001827,32.000000,0.050358,9.851039,27.562923,940.779409,56.489043
304,3.132226,0.080880,0.288771,32.000000,0.050358,10.216377,0.174387,943.911634,56.777814
305,3.146085,0.081726,0.271757,32.000000,0.050358,10.171373,0.185304,947.057719,57.049572
306,3.345783,0.085120,0.046966,32.000000,0.050358,9.564279,1.072213,950.403502,57.096538
307,3.264192,0.076742,0.039293,32.000000,0.050358,9.803344,1.281588,953.667694,57.135831
308,3.313086,0.076996,0.001804,32.000000,0.050358,9.658669,27.918557,956.980780,57.137635
309,3.017211,0.063932,0.293732,32.000000,0.050358,10.605822,0.171441,959.997991,57.431367
310,3.150428,0.081248,0.150899,32.000000,0.050358,10.157350,0.333719,963.148419,57.582266
311,3.197676,0.076612,0.115376,32.000000,0.050358,10.007268,0.436465,966.346095,57.697643
312,3.131081,0.058062,0.217124,32.000000,0.050358,10.220113,0.231931,969.477176,57.914767
313,3.004624,0.082069,0.300145,32.000000,0.050358,10.650250,0.167778,972.481800,58.214912
314,3.295078,0.077727,0.035485,32.000000,0.050358,9.711454,1.419141,975.776878,58.250397
315,3.302777,0.077483,0.036040,32.000000,0.050358,9.688816,1.397267,979.079655,58.286437
316,3.198290,0.091731,0.088130,32.000000,0.050358,10.005348,0.571406,982.277945,58.374567
317,3.178180,0.081675,0.102882,32.000000,0.050358,10.068655,0.489473,985.456125,58.477448
318,3.064476,0.064384,1.087016,32.000000,0.050358,10.442242,0.046327,988.520601,59.564465
319,2.512883,0.077646,0.001881,32.000000,0.050358,12.734379,26.776816,991.033484,59.566345
320,3.057877,0.063718,0.265754,32.000000,0.050358,10.464776,0.189490,994.091361,59.832099
321,3.000046,0.080605,0.286589,32.000000,0.050358,10.666503,0.175714,997.091407,60.118689
322,3.181178,0.076399,0.094833,32.000000,0.050358,10.059168,0.531015,1000.272584,60.213522
323,3.030552,0.081048,0.284377,32.000000,0.050358,10.559132,0.177081,1003.303137,60.497899
324,3.228939,0.075926,0.097239,32.000000,0.050358,9.910378,0.517878,1006.532075,60.595137
325,3.256622,0.075520,0.143119,32.000000,0.050358,9.826133,0.351859,1009.788697,60.738257
326,3.045558,0.080519,0.254933,32.000000,0.050358,10.507105,0.197533,1012.834255,60.993190
327,3.117970,0.087346,0.176507,32.000000,0.050358,10.263088,0.285302,1015.952225,61.169697
328,3.087517,0.070552,0.246633,32.000000,0.050358,10.364314,0.204181,1019.039743,61.416330
329,3.034006,0.079612,0.283691,32.000000,0.050358,10.547112,0.177509,1022.073749,61.700021
330,3.155985,0.074886,0.158931,32.000000,0.050358,10.139464,0.316854,1025.229734,61.858952
331,3.028541,0.056058,0.227836,32.000000,0.050358,10.566144,0.221027,1028.258275,62.086788
332,3.079381,0.075569,0.080922,32.000000,0.050358,10.391700,0.622304,1031.337655,62.167709
333,3.167730,0.076918,0.107910,32.000000,0.050358,10.101872,0.466665,1034.505385,62.275620
334,2.981526,0.079358,0.294022,32.000000,0.050358,10.732761,0.171272,1037.486911,62.569642
335,3.202382,0.075476,0.077992,32.000000,0.050358,9.992561,0.645678,1040.689293,62.647634
336,3.333369,0.075218,0.044867,32.000000,0.050358,9.599896,1.122392,1044.022662,62.692500
337,3.169100,0.075424,0.074879,32.000000,0.050358,10.097504,0.672520,1047.191762,62.767380
338,3.096438,0.075351,0.073569,32.000000,0.050358,10.334454,0.684498,1050.288201,62.840948
339,3.098730,0.075530,0.111007,32.000000,0.050358,10.326811,0.453644,1053.386931,62.951956
340,3.076486,0.058870,0.169725,32.000000,0.050358,10.401479,0.296702,1056.463416,63.121681
341,2.977325,0.061285,0.249985,32.000000,0.050358,10.747902,0.201443,1059.440742,63.371666
342,3.207459,0.084333,0.001794,32.000000,0.050358,9.976744,28.070243,1062.648201,63.373460
343,2.921351,0.079136,0.261421,32.000000,0.050358,10.953837,0.192631,1065.569552,63.634880
344,2.902615,0.063406,0.227853,32.000000,0.050358,11.024541,0.221010,1068.472167,63.862734
345,2.984283,0.076907,0.076223,32.000000,0.050358,10.722843,0.660662,1071.456450,63.938957
346,2.957862,0.076678,0.114559,32.000000,0.050358,10.818623,0.439579,1074.414312,64.053516
347,3.320899,0.075393,0.084197,32.000000,0.050358,9.635944,0.598092,1077.735212,64.137713
348,3.197323,0.079290,0.076232,32.000000,0.050358,10.008374,0.660582,1080.932535,64.213946
349,2.966964,0.081730,0.309042,32.000000,0.050358,10.785436,0.162948,1083.899499,64.522987
350,3.105656,0.074742,0.112755,32.000000,0.050358,10.303783,0.446612,1087.005154,64.635743
351,3.097666,0.055154,0.190073,32.000000,0.050358,10.330357,0.264940,1090.102821,64.825815
352,3.053926,0.059773,0.249731,32.000000,0.050358,10.478315,0.201649,1093.156747,65.075546
353,3.044917,0.060249,0.286320,32.000000,0.050358,10.509319,0.175880,1096.201663,65.361865
354,3.228786,0.055867,0.233808,32.000000,0.050358,9.910847,0.215381,1099.430449,65.595674
355,3.199008,0.056400,0.239448,32.000000,0.050358,10.003101,0.210308,1102.629457,65.835122
356,3.123743,0.079645,0.350759,32.000000,0.050358,10.244120,0.143568,1105.753200,66.185881
357,3.472134,0.059787,0.172012,32.000000,0.050358,9.216233,0.292757,1109.225334,66.357893
358,3.067625,0.059606,0.279913,32.000000,0.050358,10.431524,0.179905,1112.292959,66.637806
359,3.259811,0.074904,0.988982,32.000000,0.050358,9.816519,0.050919,1115.552770,67.626788
360,2.316977,0.075895,0.001817,32.000000,0.050358,13.811097,27.714022,1117.869747,67.628605
361,3.209919,0.075779,0.037742,32.000000,0.050358,9.969100,1.334259,1121.079666,67.666348
362,3.090768,0.054676,0.220740,32.000000,0.050358,10.353412,0.228132,1124.170435,67.887088
363,2.829665,0.062083,0.158085,32.000000,0.050358,11.308760,0.318550,1127.000099,68.045172
364,2.891160,0.061525,0.235499,32.000000,0.050358,11.068220,0.213835,1129.891260,68.280671
365,2.766172,0.075113,0.109914,32.000000,0.050358,11.568332,0.458157,1132.657432,68.390585
366,2.946867,0.074691,0.041473,32.000000,0.050358,10.858990,1.214236,1135.604299,68.432058
367,2.921212,0.075447,0.075100,32.000000,0.050358,10.954358,0.670545,1138.525511,68.507158
368,2.994200,0.076114,0.078054,32.000000,0.050358,10.687330,0.645169,1141.519711,68.585211
369,2.918278,0.076107,0.072359,32.000000,0.050358,10.965371,0.695949,1144.437989,68.657570
370,2.932633,0.062739,0.168313,32.000000,0.050358,10.911696,0.299192,1147.370622,68.825883
371,2.960404,0.061451,0.268097,32.000000,0.050358,10.809336,0.187835,1150.331026,69.093979
372,3.147638,0.087198,0.095421,32.000000,0.050358,10.166353,0.527746,1153.478664,69.189400
373,3.133697,0.082255,0.101218,32.000000,0.050358,10.211581,0.497519,1156.612361,69.290618
374,3.247622,0.075966,0.110816,32.000000,0.050358,9.853362,0.454426,1159.859983,69.401434
375,3.243449,0.078026,0.109586,32.000000,0.050358,9.866042,0.459529,1163.103432,69.511020
376,3.045139,0.077512,0.297105,32.000000,0.050358,10.508550,0.169495,1166.148571,69.808125
377,3.201985,0.075610,0.119350,32.000000,0.050358,9.993801,0.421934,1169.350556,69.927475
378,2.919093,0.080267,0.304627,32.000000,0.050358,10.962307,0.165310,1172.269650,70.232102
379,3.371830,0.075502,0.001811,32.000000,0.050358,9.490395,27.806314,1175.641480,70.233913
380,2.917430,0.080802,0.337138,32.000000,0.050358,10.968557,0.149368,1178.558910,70.571052
381,3.052165,0.074721,0.117578,32.000000,0.050358,10.484362,0.428293,1181.611075,70.688630
382,3.031238,0.086903,0.129450,32.000000,0.050358,10.556742,0.389014,1184.642313,70.818079
383,3.049432,0.076241,0.088408,32.000000,0.050358,10.493756,0.569606,1187.691745,70.906487
384,3.142387,0.087242,0.024236,32.000000,0.050358,10.183343,2.077793,1190.834132,70.930724
385,2.848416,0.055305,0.221628,32.000000,0.050358,11.234312,0.227218,1193.682548,71.152352
386,2.808606,0.069644,0.250506,32.000000,0.050358,11.393553,0.201025,1196.491154,71.402857
387,2.845080,0.054779,0.202751,32.000000,0.050358,11.247488,0.248373,1199.336234,71.605608
388,2.796086,0.055318,0.195319,32.000000,0.050358,11.444568,0.257824,1202.132320,71.800927
389,3.030580,0.075495,0.001775,32.000000,0.050358,10.559034,28.376709,1205.162900,71.802701
390,2.995278,0.082043,0.053386,32.000000,0.050358,10.683481,0.943276,1208.158179,71.856087
391,3.042655,0.075528,0.001719,32.000000,0.050358,10.517130,29.296844,1211.200834,71.857806
392,2.898058,0.056151,0.209436,32.000000,0.050358,11.041878,0.240445,1214.098892,72.067242
393,3.139899,0.076585,0.026517,32.000000,0.050358,10.191410,1.899068,1217.238791,72.093759
394,2.845528,0.063824,0.237031,32.000000,0.050358,11.245715,0.212453,1220.084319,72.330790
395,2.867543,0.083650,0.276432,32.000000,0.050358,11.159379,0.182171,1222.951862,72.607222
396,3.108653,0.067552,0.144813,32.000000,0.050358,10.293847,0.347744,1226.060515,72.752034
397,3.224647,0.074501,0.079897,32.000000,0.050358,9.923566,0.630283,1229.285162,72.831931
398,3.086224,0.060421,0.230113,32.000000,0.050358,10.368657,0.218839,1232.371387,73.062044
399,2.884258,0.067621,0.276126,32.000000,0.050358,11.094709,0.182372,1235.255644,73.338171
400,3.013960,0.083182,0.278708,32.000000,0.050358,10.617261,0.180683,1238.269604,73.616879
401,3.132531,0.074459,0.129632,32.000000,0.050358,10.215382,0.388467,1241.402135,73.746511
402,3.214013,0.056551,0.182990,32.000000,0.050358,9.956399,0.275195,1244.616148,73.929501
403,3.241726,0.074753,0.111180,32.000000,0.050358,9.871286,0.452939,1247.857874,74.040681
404,3.250479,0.075121,0.137638,32.000000,0.050358,9.844702,0.365871,1251.108353,74.178319
405,3.117017,0.062413,0.265298,32.000000,0.050358,10.266225,0.189816,1254.225371,74.443617
406,3.316915,0.085246,0.001881,32.000000,0.050358,9.647519,26.765302,1257.542285,74.445498
407,2.946847,0.075997,0.318851,32.000000,0.050358,10.859065,0.157935,1260.489132,74.764349
408,3.208181,0.075041,0.087275,32.000000,0.050358,9.974499,0.577001,1263.697313,74.851624
409,3.339485,0.074681,0.001821,32.000000,0.050358,9.582315,27.651036,1267.036799,74.853446
410,3.145642,0.080138,0.280980,32.000000,0.050358,10.172803,0.179222,1270.182441,75.134425
411,3.225940,0.071616,0.264432,32.000000,0.050358,9.919588,0.190438,1273.408381,75.398857
412,3.100341,0.069332,0.242522,32.000000,0.050358,10.321446,0.207642,1276.508722,75.641380
413,3.388971,0.076364,0.001904,32.000000,0.050358,9.442395,26.443254,1279.897693,75.643284
414,3.011090,0.080094,0.336605,32.000000,0.050358,10.627379,0.149605,1282.908783,75.979889
415,3.257036,0.074911,0.001776,32.000000,0.050358,9.824883,28.350621,1286.165820,75.981666
416,3.191432,0.096205,0.055741,32.000000,0.050358,10.026847,0.903424,1289.357252,76.037407
417,3.204919,0.075682,0.001725,32.000000,0.050358,9.984652,29.185781,1292.562171,76.039132
418,3.003894,0.082512,0.113787,32.000000,0.050358,10.652838,0.442564,1295.566065,76.152919
419,2.903815,0.075156,0.043220,32.000000,0.050358,11.019987,1.165140,1298.469880,76.196139
420,2.741065,0.082844,0.266423,32.000000,0.050358,11.674296,0.189015,1301.210944,76.462562
421,2.765884,0.067588,0.237851,32.000000,0.050358,11.569539,0.211720,1303.976828,76.700413
422,2.957986,0.085742,0.117446,32.000000,0.050358,10.818172,0.428773,1306.934814,76.817859
423,2.916232,0.090056,0.068827,32.000000,0.050358,10.973065,0.731655,1309.851046,76.886687
424,3.085090,0.084061,0.049661,32.000000,0.050358,10.372470,1.014024,1312.936136,76.936348
425,2.999720,0.055519,0.174517,32.000000,0.050358,10.667664,0.288555,1315.935855,77.110865
426,3.222991,0.082749,0.063932,32.000000,0.050358,9.928667,0.787675,1319.158846,77.174798
427,3.231439,0.075701,0.076575,32.000000,0.050358,9.902709,0.657625,1322.390285,77.251373
428,3.113737,0.075151,0.189482,32.000000,0.050358,10.277040,0.265766,1325.504021,77.440855
429,2.950392,0.080920,0.282973,32.000000,0.050358,10.846018,0.177960,1328.454413,77.723828
430,3.273373,0.086280,0.008959,32.000000,0.050358,9.775849,5.620969,1331.727786,77.732787
431,3.316294,0.075323,0.001857,32.000000,0.050358,9.649326,27.120989,1335.044080,77.734644
432,3.292396,0.076472,0.105230,32.000000,0.050358,9.719365,0.478551,1338.336476,77.839873
433,3.214628,0.077292,0.099735,32.000000,0.050358,9.954496,0.504916,1341.551104,77.939608
434,3.352443,0.090868,0.056014,32.000000,0.050358,9.545279,0.899027,1344.903547,77.995622
435,3.361339,0.092293,0.046802,32.000000,0.050358,9.520016,1.075974,1348.264885,78.042424
436,3.188905,0.067772,0.239590,32.000000,0.050358,10.034792,0.210184,1351.453791,78.282014
437,3.153986,0.093202,0.270127,32.000000,0.050358,10.145890,0.186423,1354.607777,78.552141
438,3.133457,0.083967,0.287982,32.000000,0.050358,10.212363,0.174865,1357.741234,78.840123
439,3.367320,0.080627,0.016640,32.000000,0.050358,9.503106,3.026365,1361.108554,78.856763
440,3.405401,0.076646,0.027354,32.000000,0.050358,9.396838,1.840966,1364.513955,78.884117
441,3.170446,0.056457,1.298730,32.000000,0.050358,10.093218,0.038775,1367.684401,80.182846
442,2.304083,0.075426,0.001891,32.000000,0.050358,13.888387,26.635611,1369.988484,80.184737
443,3.209498,0.075017,0.114480,32.000000,0.050358,9.970407,0.439882,1373.197982,80.299217
444,3.170310,0.074763,0.086177,32.000000,0.050358,10.093652,0.584354,1376.368291,80.385394
445,3.075745,0.076068,0.038808,32.000000,0.050358,10.403985,1.297629,1379.444036,80.424202
446,3.146595,0.076979,0.028435,32.000000,0.050358,10.169723,1.771002,1382.590631,80.452636
447,2.924783,0.081446,0.108691,32.000000,0.050358,10.940982,0.463313,1385.515415,80.561327
448,2.877254,0.065754,0.223679,32.000000,0.050358,11.121715,0.225135,1388.392669,80.785006
449,2.866360,0.075206,0.120973,32.000000,0.050358,11.163986,0.416274,1391.259028,80.905978
450,3.020212,0.075254,0.037406,32.000000,0.050358,10.595284,1.346259,1394.279240,80.943384
451,2.768201,0.081586,0.313341,32.000000,0.050358,11.559854,0.160712,1397.047441,81.256725
452,2.895956,0.075092,0.001740,32.000000,0.050358,11.049892,28.948129,1399.943397,81.258465
453,3.029666,0.075125,0.001804,32.000000,0.050358,10.562219,27.920043,1402.973063,81.260269
454,3.031387,0.080356,0.001875,32.000000,0.050358,10.556223,26.858291,1406.004451,81.262144
455,2.980780,0.075851,0.039370,32.000000,0.050358,10.735444,1.279101,1408.985231,81.301513
456,2.962760,0.074903,0.168113,32.000000,0.050358,10.800741,0.299547,1411.947991,81.469627
457,2.755801,0.057121,0.212330,32.000000,0.050358,11.611867,0.237168,1414.703792,81.681957
458,3.016581,0.076362,0.001794,32.000000,0.050358,10.608036,28.063672,1417.720373,81.683751
459,3.013791,0.083619,0.063438,32.000000,0.050358,10.617856,0.793816,1420.734164,81.747189
460,2.880207,0.075587,0.038922,32.000000,0.050358,11.110311,1.293806,1423.614372,81.786111
461,2.702988,0.056861,0.228713,32.000000,0.050358,11.838751,0.220179,1426.317359,82.014824
462,2.683736,0.091312,0.263473,32.000000,0.050358,11.923678,0.191131,1429.001095,82.278297
463,2.840049,0.062114,0.240744,32.000000,0.050358,11.267410,0.209176,1431.841145,82.519041
464,2.872785,0.075585,0.125244,32.000000,0.050358,11.139016,0.402077,1434.713930,82.644285
465,2.890282,0.056877,0.196839,32.000000,0.050358,11.071584,0.255833,1437.604212,82.841124
466,3.057482,0.064152,0.178195,32.000000,0.050358,10.466130,0.282599,1440.661693,83.019319
467,3.123293,0.076428,0.095318,32.000000,0.050358,10.245597,0.528314,1443.784986,83.114637
468,3.319207,0.077759,0.027699,32.000000,0.050358,9.640858,1.818051,1447.104193,83.142335
469,2.973618,0.069513,0.257777,32.000000,0.050358,10.761303,0.195354,1450.077811,83.400113
470,3.093233,0.069306,0.276601,32.000000,0.050358,10.345164,0.182060,1453.171043,83.676713
471,3.020021,0.087640,0.265741,32.000000,0.050358,10.595951,0.189499,1456.191065,83.942455
472,3.107689,0.091871,0.065419,32.000000,0.050358,10.297040,0.769768,1459.298754,84.007874
473,2.969756,0.072000,0.304328,32.000000,0.050358,10.775296,0.165472,1462.268510,84.312202
474,3.111858,0.084510,0.289916,32.000000,0.050358,10.283244,0.173698,1465.380368,84.602118
475,3.038608,0.062427,0.273398,32.000000,0.050358,10.531139,0.184192,1468.418976,84.875516
476,3.248773,0.083993,0.112443,32.000000,0.050358,9.849872,0.447850,1471.667749,84.987960
477,3.151921,0.060540,0.230312,32.000000,0.050358,10.152538,0.218651,1474.819670,85.218271
478,3.352160,0.075262,0.001844,32.000000,0.050358,9.546084,27.308909,1478.171830,85.220115
479,3.354649,0.079446,0.001788,32.000000,0.050358,9.539002,28.167447,1481.526479,85.221903
480,3.228737,0.090035,0.042587,32.000000,0.050358,9.910996,1.182471,1484.755216,85.264490
481,3.237819,0.078587,0.027912,32.000000,0.050358,9.883196,1.804164,1487.993035,85.292402
482,3.008935,0.078873,0.261294,32.000000,0.050358,10.634991,0.192725,1491.001970,85.553696
483,3.308484,0.075630,0.442480,32.000000,0.050358,9.672105,0.113808,1494.310454,85.996176
484,2.863160,0.076054,0.001819,32.000000,0.050358,11.176462,27.687554,1497.173614,85.997995
485,3.034458,0.068269,0.262142,32.000000,0.050358,10.545539,0.192101,1500.208073,86.260137
486,3.237972,0.075964,0.040133,32.000000,0.050358,9.882730,1.254771,1503.446044,86.300270
487,3.064615,0.084456,0.071652,32.000000,0.050358,10.441769,0.702808,1506.510659,86.371923
488,2.938644,0.107041,0.080857,32.000000,0.050358,10.889375,0.622802,1509.449303,86.452779
489,2.849690,0.084491,0.290401,32.000000,0.050358,11.229292,0.173408,1512.298993,86.743181
490,3.145897,0.075662,0.001782,32.000000,0.050358,10.171979,28.255019,1515.444890,86.744963
491,2.875272,0.086594,0.308009,32.000000,0.050358,11.129384,0.163494,1518.320162,87.052972
492,2.808310,0.065200,0.232886,32.000000,0.050358,11.394755,0.216234,1521.128472,87.285858
493,3.020459,0.070361,0.178215,32.000000,0.050358,10.594417,0.282569,1524.148930,87.464073
494,3.049588,0.059939,0.168686,32.000000,0.050358,10.493220,0.298530,1527.198519,87.632759
495,2.996462,0.060130,0.168491,32.000000,0.050358,10.679260,0.298876,1530.194981,87.801249
496,2.879029,0.082734,0.274525,32.000000,0.050358,11.114858,0.183436,1533.074010,88.075775
497,3.067599,0.105309,0.076388,32.000000,0.050358,10.431612,0.659233,1536.141609,88.152163
498,3.075987,0.063586,0.176120,32.000000,0.050358,10.403166,0.285929,1539.217595,88.328283
499,3.100475,0.073917,0.186969,32.000000,0.050358,10.321001,0.269338,1542.318070,88.515252
500,3.233546,0.062275,0.135526,32.000000,0.050358,9.896256,0.371572,1545.551616,88.650779
501,3.094047,0.079434,0.275077,32.000000,0.050358,10.342442,0.183068,1548.645663,88.925856
502,3.054173,0.082089,0.307103,32.000000,0.050358,10.477467,0.163977,1551.699836,89.232959
503,3.258489,0.059120,0.206152,32.000000,0.050358,9.820503,0.244275,1554.958325,89.439111
504,3.466558,0.085555,0.024260,32.000000,0.050358,9.231057,2.075787,1558.424884,89.463370
505,3.306185,0.057677,0.204464,32.000000,0.050358,9.678830,0.246292,1561.731069,89.667834
506,3.334032,0.075926,0.123969,32.000000,0.050358,9.597989,0.406212,1565.065100,89.791804
507,3.466155,0.076744,0.041691,32.000000,0.050358,9.232131,1.207868,1568.531256,89.833495
508,3.258488,0.067737,0.200606,32.000000,0.050358,9.820505,0.251028,1571.789744,90.034101
509,3.266570,0.062410,0.252214,32.000000,0.050358,9.796209,0.199663,1575.056314,90.286315
510,3.308079,0.057474,0.179398,32.000000,0.050358,9.673287,0.280704,1578.364393,90.465714
511,3.119381,0.081526,0.327641,32.000000,0.050358,10.258445,0.153698,1581.483774,90.793355
512,3.216833,0.070943,0.284713,32.000000,0.050358,9.947672,0.176872,1584.700607,91.078068
513,3.353849,0.077137,0.115934,32.000000,0.050358,9.541276,0.434368,1588.054456,91.194002
514,3.379261,0.077277,0.116502,32.000000,0.050358,9.469527,0.432248,1591.433717,91.310504
515,3.383947,0.077778,0.081772,32.000000,0.050358,9.456413,0.615833,1594.817664,91.392276
516,3.368425,0.075591,0.116507,32.000000,0.050358,9.499988,0.432229,1598.186089,91.508783
517,3.260167,0.058889,0.216799,32.000000,0.050358,9.815449,0.232278,1601.446256,91.725582
518,3.408071,0.077682,0.087269,32.000000,0.050358,9.389477,0.577039,1604.854326,91.812852
519,3.319949,0.076729,0.150502,32.000000,0.050358,9.638703,0.334598,1608.174275,91.963354
520,3.457796,0.078434,0.001801,32.000000,0.050358,9.254451,27.968471,1611.632071,91.965155
521,3.416211,0.077416,0.001782,32.000000,0.050358,9.367102,28.257635,1615.048282,91.966937
522,3.243119,0.083474,0.143751,32.000000,0.050358,9.867044,0.350312,1618.291401,92.110688
523,3.248970,0.077314,0.115214,32.000000,0.050358,9.849275,0.437079,1621.540371,92.225902
524,3.311466,0.077298,0.076858,32.000000,0.050358,9.663392,0.655204,1624.851838,92.302761
525,3.242885,0.075118,0.152461,32.000000,0.050358,9.867756,0.330300,1628.094723,92.455221
526,3.281484,0.075432,0.152478,32.000000,0.050358,9.751684,0.330262,1631.376207,92.607700
527,3.034676,0.086013,0.306524,32.000000,0.050358,10.544782,0.164287,1634.410884,92.914223
528,3.060671,0.085184,0.286315,32.000000,0.050358,10.455225,0.175883,1637.471554,93.200538
529,3.136862,0.087854,0.287963,32.000000,0.050358,10.201279,0.174876,1640.608416,93.488502
530,3.141300,0.060315,0.629999,32.000000,0.050358,10.186865,0.079933,1643.749716,94.118501
531,3.094951,0.077650,0.001881,32.000000,0.050358,10.339422,26.778909,1646.844667,94.120381
532,3.113136,0.062550,0.282563,32.000000,0.050358,10.279023,0.178218,1649.957803,94.402944
533,3.202699,0.071285,0.215142,32.000000,0.050358,9.991572,0.234068,1653.160502,94.618085
534,3.183592,0.063601,0.165320,32.000000,0.050358,10.051540,0.304608,1656.344094,94.783405
535,3.318461,0.077436,0.073942,32.000000,0.050358,9.643023,0.681049,1659.662555,94.857347
536,3.276299,0.076658,0.127538,32.000000,0.050358,9.767119,0.394844,1662.938854,94.984885
537,3.192324,0.058576,0.221517,32.000000,0.050358,10.024046,0.227332,1666.131178,95.206402
538,3.194370,0.066349,0.232085,32.000000,0.050358,10.017623,0.216980,1669.325548,95.438487
539,3.454917,0.077439,0.159291,32.000000,0.050358,9.262161,0.316137,1672.780466,95.597778
540,3.232558,0.077443,0.005240,32.000000,0.050358,9.899282,9.610529,1676.013023,95.603018
541,3.284415,0.076727,0.113547,32.000000,0.050358,9.742984,0.443497,1679.297438,95.716565
542,3.245375,0.085713,0.141144,32.000000,0.050358,9.860186,0.356783,1682.542813,95.857709
543,3.049534,0.058075,0.280234,32.000000,0.050358,10.493406,0.179699,1685.592347,96.137943
544,3.301451,0.077132,0.131913,32.000000,0.050358,9.692707,0.381749,1688.893798,96.269857
545,3.168635,0.070432,0.215008,32.000000,0.050358,10.098985,0.234214,1692.062434,96.484865
546,3.324999,0.086168,0.021339,32.000000,0.050358,9.624064,2.359935,1695.387432,96.506204
547,3.186967,0.087010,0.066150,32.000000,0.050358,10.040894,0.761262,1698.574399,96.572354
548,3.204935,0.078260,0.403869,32.000000,0.050358,9.984601,0.124689,1701.779335,96.976223
549,3.089351,0.084613,0.001841,32.000000,0.050358,10.358163,27.346473,1704.868686,96.978065
550,3.114521,0.063620,0.240257,32.000000,0.050358,10.274453,0.209600,1707.983206,97.218322
551,3.149149,0.058075,0.212757,32.000000,0.050358,10.161476,0.236692,1711.132355,97.431079
552,3.217469,0.083424,0.098909,32.000000,0.050358,9.945706,0.509130,1714.349824,97.529988
553,3.042204,0.063509,0.277191,32.000000,0.050358,10.518689,0.181672,1717.392028,97.807179
554,2.991593,0.079797,0.331078,32.000000,0.050358,10.696643,0.152102,1720.383621,98.138257
555,3.246966,0.077398,0.109931,32.000000,0.050358,9.855354,0.458086,1723.630587,98.248188
556,3.247140,0.077113,0.110574,32.000000,0.050358,9.854825,0.455424,1726.877728,98.358762
557,3.162569,0.067412,0.293186,32.000000,0.050358,10.118356,0.171761,1730.040297,98.651947
558,3.291352,0.077481,0.001796,32.000000,0.050358,9.722447,28.044105,1733.331649,98.653743
559,3.209327,0.078844,0.160729,32.000000,0.050358,9.970938,0.313308,1736.540976,98.814472
560,3.025547,0.063872,0.297466,32.000000,0.050358,10.576599,0.169289,1739.566523,99.111939
561,3.223037,0.078024,0.083431,32.000000,0.050358,9.928523,0.603586,1742.789560,99.195370
562,3.133574,0.059423,0.237605,32.000000,0.050358,10.211982,0.211939,1745.923134,99.432975
563,3.105503,0.066530,0.249070,32.000000,0.050358,10.304290,0.202183,1749.028637,99.682045
564,3.251230,0.077190,0.107176,32.000000,0.050358,9.842430,0.469860,1752.279867,99.789222
565,3.165500,0.062118,0.199045,32.000000,0.050358,10.108988,0.252997,1755.445366,99.988267
566,3.152673,0.082442,0.995133,32.000000,0.050358,10.150117,0.050604,1758.598040,100.983399
567,2.516712,0.078054,0.001816,32.000000,0.050358,12.715001,27.732902,1761.114752,100.985215
568,3.261999,0.078451,0.024131,32.000000,0.050358,9.809934,2.086877,1764.376751,101.009346
569,3.164031,0.059274,0.183960,32.000000,0.050358,10.113680,0.273744,1767.540783,101.193305
570,3.210514,0.076823,0.108823,32.000000,0.050358,9.967252,0.462750,1770.751296,101.302128
571,3.075765,0.064296,0.162179,32.000000,0.050358,10.403917,0.310508,1773.827061,101.464307
572,3.202974,0.076774,0.001825,32.000000,0.050358,9.990714,27.593219,1777.030035,101.466132
573,3.232934,0.090547,0.046165,32.000000,0.050358,9.898129,1.090818,1780.262969,101.512298
574,3.303841,0.077616,0.001756,32.000000,0.050358,9.685696,28.685512,1783.566810,101.514053
575,2.942168,0.083991,0.308388,32.000000,0.050358,10.876333,0.163294,1786.508978,101.822441
576,3.363191,0.125835,0.059845,32.000000,0.050358,9.514773,0.841475,1789.872169,101.882285
577,3.217963,0.081934,0.001889,32.000000,0.050358,9.944178,26.654799,1793.090133,101.884175
578,3.159096,0.071867,0.210752,32.000000,0.050358,10.129481,0.238944,1796.249228,102.094927
579,2.905292,0.079536,0.335914,32.000000,0.050358,11.014384,0.149913,1799.154520,102.430840
580,3.263674,0.087130,0.097201,32.000000,0.050358,9.804900,0.518080,1802.418195,102.528041
581,3.348663,0.096589,0.032083,32.000000,0.050358,9.556052,1.569620,1805.766858,102.560124
582,3.014069,0.058833,0.218686,32.000000,0.050358,10.616878,0.230275,1808.780927,102.778810
583,3.069629,0.068801,0.218845,32.000000,0.050358,10.424713,0.230107,1811.850555,102.997655
584,3.021355,0.079254,0.302289,32.000000,0.050358,10.591274,0.166588,1814.871911,103.299944
585,3.031724,0.079878,0.285728,32.000000,0.050358,10.555051,0.176244,1817.903634,103.585672
586,3.247370,0.062224,0.215175,32.000000,0.050358,9.854128,0.234032,1821.151004,103.800846
587,3.197392,0.058182,0.174647,32.000000,0.050358,10.008158,0.288341,1824.348396,103.975493
588,3.284972,0.078474,0.019621,32.000000,0.050358,9.741332,2.566565,1827.633368,103.995114
589,3.288938,0.078808,0.001765,32.000000,0.050358,9.729584,28.528352,1830.922306,103.996879
590,3.031646,0.078349,0.302648,32.000000,0.050358,10.555323,0.166391,1833.953951,104.299527
591,3.182032,0.077047,0.073792,32.000000,0.050358,10.056467,0.682428,1837.135984,104.373319
592,3.093317,0.063085,0.263355,32.000000,0.050358,10.344881,0.191217,1840.229301,104.636673
593,3.152624,0.059051,0.178779,32.000000,0.050358,10.150274,0.281677,1843.381925,104.815452
594,3.255645,0.077292,0.115346,32.000000,0.050358,9.829083,0.436580,1846.637570,104.930798
595,3.103062,0.077262,0.173657,32.000000,0.050358,10.312393,0.289984,1849.740632,105.104456
596,3.142118,0.077403,0.071308,32.000000,0.050358,10.184212,0.706201,1852.882751,105.175764
597,3.121645,0.083132,0.118873,32.000000,0.050358,10.251004,0.423625,1856.004396,105.294637
598,3.252375,0.058785,0.145984,32.000000,0.050358,9.838964,0.344955,1859.256771,105.440621
599,3.312771,0.080363,0.001870,32.000000,0.050358,9.659589,26.936099,1862.569542,105.442490
600,3.142968,0.061452,0.164007,32.000000,0.050358,10.181459,0.307048,1865.712510,105.606497
601,3.160963,0.083558,0.095403,32.000000,0.050358,10.123497,0.527846,1868.873473,105.701900
602,3.045180,0.068082,0.229462,32.000000,0.050358,10.508409,0.219460,1871.918653,105.931362
603,3.259402,0.090590,0.019174,32.000000,0.050358,9.817753,2.626403,1875.178055,105.950535
604,3.118701,0.090844,0.282225,32.000000,0.050358,10.260683,0.178431,1878.296756,106.232760
605,3.307151,0.077480,0.001869,32.000000,0.050358,9.676003,26.937554,1881.603906,106.234630
606,2.987047,0.084032,0.260293,32.000000,0.050358,10.712922,0.193466,1884.590953,106.494922
607,2.961171,0.079942,0.312026,32.000000,0.050358,10.806536,0.161390,1887.552124,106.806948
608,3.324292,0.078196,0.001741,32.000000,0.050358,9.626110,28.916679,1890.876416,106.808690
609,3.223220,0.077273,0.035635,32.000000,0.050358,9.927961,1.413147,1894.099636,106.844325
610,2.996297,0.058916,0.221067,32.000000,0.050358,10.679851,0.227795,1897.095933,107.065391
611,2.944334,0.066064,0.274614,32.000000,0.050358,10.868331,0.183377,1900.040267,107.340005
612,3.154589,0.082455,0.068247,32.000000,0.050358,10.143953,0.737875,1903.194855,107.408252
613,3.049821,0.090277,0.046329,32.000000,0.050358,10.492420,1.086963,1906.244676,107.454581
614,3.120976,0.081282,0.014844,32.000000,0.050358,10.253202,3.392550,1909.365652,107.469425
615,2.991442,0.077205,0.126644,32.000000,0.050358,10.697182,0.397634,1912.357095,107.596068
616,2.890646,0.076854,0.085070,32.000000,0.050358,11.070190,0.591957,1915.247740,107.681139
617,2.778733,0.077606,0.076724,32.000000,0.050358,11.516042,0.656349,1918.026473,107.757863
618,2.771556,0.077131,0.001747,32.000000,0.050358,11.545862,28.817064,1920.798029,107.759610
619,2.701627,0.067231,0.229524,32.000000,0.050358,11.844716,0.219401,1923.499655,107.989134
620,2.618099,0.079861,0.257797,32.000000,0.050358,12.222610,0.195339,1926.117754,108.246931
621,2.592148,0.084523,0.272562,32.000000,0.050358,12.344975,0.184757,1928.709902,108.519493
622,2.967280,0.078826,0.001907,32.000000,0.050358,10.784287,26.405705,1931.677182,108.521400
623,2.870887,0.060420,0.164777,32.000000,0.050358,11.146380,0.305613,1934.548069,108.686177
624,2.814841,0.066424,0.232375,32.000000,0.050358,11.368315,0.216709,1937.362910,108.918552
625,3.077913,0.078063,0.001898,32.000000,0.050358,10.396657,26.527487,1940.440823,108.920450
626,3.156572,0.088075,0.040889,32.000000,0.050358,10.137581,1.231578,1943.597394,108.961339
627,3.044093,0.077384,0.035849,32.000000,0.050358,10.512163,1.404731,1946.641487,108.997188
628,3.039647,0.077400,0.110649,32.000000,0.050358,10.527537,0.455114,1949.681135,109.107837
629,3.074875,0.077386,0.072645,32.000000,0.050358,10.406926,0.693204,1952.756010,109.180482
630,3.048619,0.058867,0.177419,32.000000,0.050358,10.496556,0.283835,1955.804629,109.357901
631,3.206200,0.077573,0.036956,32.000000,0.050358,9.980661,1.362646,1959.010829,109.394857
632,3.022993,0.063890,0.257507,32.000000,0.050358,10.585536,0.195559,1962.033822,109.652364
633,3.223508,0.092129,0.033794,32.000000,0.050358,9.927075,1.490141,1965.257330,109.686158
634,3.020602,0.066635,0.237206,32.000000,0.050358,10.593915,0.212296,1968.277932,109.923364
635,3.071894,0.064269,0.212407,32.000000,0.050358,10.417027,0.237082,1971.349826,110.135771
636,3.162833,0.083596,0.097907,32.000000,0.050358,10.117512,0.514342,1974.512659,110.233678
637,3.067978,0.063135,0.277273,32.000000,0.050358,10.430322,0.181618,1977.580637,110.510952
638,2.990590,0.077415,0.232610,32.000000,0.050358,10.700229,0.216490,1980.571227,110.743562
639,3.012288,0.062239,0.215348,32.000000,0.050358,10.623154,0.233844,1983.583515,110.958910
640,2.789599,0.065706,0.224625,32.000000,0.050358,11.471184,0.224186,1986.373114,111.183535
641,2.666633,0.086176,0.254135,32.000000,0.050358,12.000152,0.198154,1989.039747,111.437670
642,2.833640,0.065732,0.194386,32.000000,0.050358,11.292894,0.259061,1991.873387,111.632056
643,2.846178,0.078630,0.147172,32.000000,0.050358,11.243146,0.342171,1994.719565,111.779228
644,2.685939,0.069281,0.259817,32.000000,0.050358,11.913896,0.193820,1997.405505,112.039045
645,2.876204,0.077978,0.188071,32.000000,0.050358,11.125775,0.267760,2000.281709,112.227116
646,3.033187,0.077779,0.001769,32.000000,0.050358,10.549959,28.462371,2003.314896,112.228885
647,3.174753,0.077458,0.036833,32.000000,0.050358,10.079523,1.367208,2006.489649,112.265718
648,2.740465,0.078779,0.302932,32.000000,0.050358,11.676848,0.166235,2009.230115,112.568650
649,2.871550,0.064008,0.258803,32.000000,0.050358,11.143807,0.194580,2012.101665,112.827452
650,2.927571,0.063310,0.199085,32.000000,0.050358,10.930565,0.252946,2015.029235,113.026538
651,2.991107,0.081854,0.194311,32.000000,0.050358,10.698381,0.259161,2018.020342,113.220848
652,3.183914,0.077358,0.001953,32.000000,0.050358,10.050523,25.789911,2021.204256,113.222801
653,2.942136,0.062426,0.270453,32.000000,0.050358,10.876451,0.186198,2024.146392,113.493254
654,3.122338,0.077635,0.073005,32.000000,0.050358,10.248730,0.689782,2027.268730,113.566259
655,3.245502,0.077629,0.036199,32.000000,0.050358,9.859801,1.391122,2030.514232,113.602459
656,3.315111,0.079198,0.001835,32.000000,0.050358,9.652767,27.442609,2033.829343,113.604294
657,3.178371,0.058174,0.169051,32.000000,0.050358,10.068052,0.297885,2037.007714,113.773345
658,3.036935,0.061994,0.306085,32.000000,0.050358,10.536940,0.164522,2040.044648,114.079430
659,3.170893,0.082188,0.145884,32.000000,0.050358,10.091795,0.345192,2043.215541,114.225314
660,3.155235,0.063882,0.160344,32.000000,0.050358,10.141874,0.314061,2046.370776,114.385658
661,3.133367,0.089765,0.046064,32.000000,0.050358,10.212656,1.093215,2049.504143,114.431722
662,3.165313,0.091690,0.057132,32.000000,0.050358,10.109584,0.881432,2052.669457,114.488853
663,3.215963,0.092799,0.054263,32.000000,0.050358,9.950364,0.928028,2055.885419,114.543117
664,3.019269,0.087576,0.274693,32.000000,0.050358,10.598590,0.183324,2058.904689,114.817810
665,3.183259,0.077652,0.081021,32.000000,0.050358,10.052590,0.621541,2062.087948,114.898831
666,3.328698,0.077712,0.036313,32.000000,0.050358,9.613368,1.386754,2065.416646,114.935144
667,3.029245,0.059227,0.212781,32.000000,0.050358,10.563688,0.236665,2068.445891,115.147925
668,3.049193,0.077263,0.156990,32.000000,0.050358,10.494581,0.320770,2071.495084,115.304916
669,2.989773,0.081790,0.154659,32.000000,0.050358,10.703154,0.325606,2074.484857,115.459574
670,2.856757,0.087980,0.292953,32.000000,0.050358,11.201512,0.171897,2077.341614,115.752527
671,2.953521,0.074445,0.223287,32.000000,0.050358,10.834528,0.225530,2080.295135,115.975814
672,3.331341,0.076952,0.081881,32.000000,0.050358,9.605743,0.615014,2083.626475,116.057695
673,3.401357,0.077346,0.001780,32.000000,0.050358,9.408009,28.292912,2087.027832,116.059475
674,3.104574,0.065208,0.273754,32.000000,0.050358,10.307372,0.183953,2090.132407,116.333229
675,3.108139,0.062888,0.665361,32.000000,0.050358,10.295551,0.075685,2093.240545,116.998589
676,2.962456,0.077681,0.001813,32.000000,0.050358,10.801847,27.778061,2096.203002,117.000402
677,3.270741,0.078061,0.077035,32.000000,0.050358,9.783714,0.653699,2099.473743,117.077437
678,3.264731,0.078248,0.084911,32.000000,0.050358,9.801727,0.593063,2102.738474,117.162349
679,3.208882,0.077751,0.001898,32.000000,0.050358,9.972321,26.529150,2105.947356,117.164247
680,2.729256,0.085879,0.287762,32.000000,0.050358,11.724808,0.174998,2108.676612,117.452009
681,2.917326,0.065037,0.195108,32.000000,0.050358,10.968949,0.258102,2111.593938,117.647117
682,2.702207,0.084330,0.256287,32.000000,0.050358,11.842172,0.196490,2114.296145,117.903403
683,2.943703,0.076842,0.074987,32.000000,0.050358,10.870663,0.671551,2117.239847,117.978391
684,2.903181,0.077031,0.073204,32.000000,0.050358,11.022391,0.687910,2120.143029,118.051595
685,2.923080,0.120588,0.131518,32.000000,0.050358,10.947356,0.382898,2123.066109,118.183112
686,2.717288,0.085268,0.268127,32.000000,0.050358,11.776448,0.187813,2125.783397,118.451240
687,2.962149,0.090413,0.039993,32.000000,0.050358,10.802967,1.259181,2128.745546,118.491232
688,2.825104,0.066874,0.223731,32.000000,0.050358,11.327016,0.225082,2131.570650,118.714963
689,3.095192,0.100168,0.017638,32.000000,0.050358,10.338615,2.855097,2134.665843,118.732601
690,3.167703,0.098861,0.030590,32.000000,0.050358,10.101957,1.646207,2137.833546,118.763191
691,3.082113,0.102827,0.063865,32.000000,0.050358,10.382486,0.788503,2140.915659,118.827056
692,2.949022,0.070619,0.232372,32.000000,0.050358,10.851055,0.216712,2143.864681,119.059428
693,3.067108,0.064044,0.170452,32.000000,0.050358,10.433283,0.295436,2146.931789,119.229881
694,3.085260,0.104926,0.012192,32.000000,0.050358,10.371897,4.130417,2150.017049,119.242073
695,3.294675,0.077877,0.078459,32.000000,0.050358,9.712641,0.641833,2153.311724,119.320532
696,3.228513,0.061500,0.139878,32.000000,0.050358,9.911684,0.360013,2156.540237,119.460410
697,3.107948,0.082445,0.001869,32.000000,0.050358,10.296184,26.940552,2159.648185,119.462279
698,3.022913,0.073844,0.193442,32.000000,0.050358,10.585816,0.260325,2162.671098,119.655721
699,3.071884,0.072874,0.162715,32.000000,0.050358,10.417061,0.309486,2165.742981,119.818436
700,2.945261,0.067959,0.158294,32.000000,0.050358,10.864912,0.318127,2168.688242,119.976730
701,2.918920,0.064513,0.214387,32.000000,0.050358,10.962959,0.234892,2171.607162,120.191117
702,2.960080,0.064054,0.198884,32.000000,0.050358,10.810519,0.253202,2174.567242,120.390001
703,2.795956,0.080181,0.285870,32.000000,0.050358,11.445102,0.176156,2177.363198,120.675871
704,2.884996,0.068033,0.243888,32.000000,0.050358,11.091870,0.206479,2180.248194,120.919759
705,3.081694,0.087969,0.042308,32.000000,0.050358,10.383901,1.190273,2183.329888,120.962067
706,2.979472,0.067221,0.220442,32.000000,0.050358,10.740156,0.228440,2186.309360,121.182509
707,2.920905,0.075343,0.181277,32.000000,0.050358,10.955507,0.277794,2189.230265,121.363787
708,3.081782,0.058918,0.176050,32.000000,0.050358,10.383603,0.286043,2192.312048,121.539837
709,3.203900,0.077806,0.040420,32.000000,0.050358,9.987827,1.245851,2195.515948,121.580257
710,3.106325,0.058617,0.244847,32.000000,0.050358,10.301560,0.205671,2198.622273,121.825104
711,3.027586,0.077012,0.089214,32.000000,0.050358,10.569477,0.564463,2201.649859,121.914318
712,2.778008,0.064944,0.283401,32.000000,0.050358,11.519044,0.177691,2204.427868,122.197719
713,3.106919,0.077227,0.118996,32.000000,0.050358,10.299593,0.423188,2207.534786,122.316715
714,2.951610,0.066640,0.204214,32.000000,0.050358,10.841542,0.246593,2210.486396,122.520929
715,2.894936,0.063370,0.194848,32.000000,0.050358,11.053784,0.258447,2213.381332,122.715777
716,2.838903,0.079613,0.290113,32.000000,0.050358,11.271960,0.173580,2216.220235,123.005890
717,3.034216,0.080576,0.144023,32.000000,0.050358,10.546381,0.349651,2219.254451,123.149913
718,2.958095,0.059451,0.206530,32.000000,0.050358,10.817772,0.243828,2222.212547,123.356443
719,2.777031,0.065335,0.238829,32.000000,0.050358,11.523100,0.210853,2224.989577,123.595272
720,2.900386,0.077324,0.120804,32.000000,0.050358,11.033013,0.416856,2227.889963,123.716076
721,2.910996,0.077339,0.071840,32.000000,0.050358,10.992801,0.700971,2230.800959,123.787916
722,3.064413,0.085765,0.001831,32.000000,0.050358,10.442456,27.508704,2233.865372,123.789747
723,2.659426,0.079773,0.311534,32.000000,0.050358,12.032670,0.161645,2236.524799,124.101281
724,2.839357,0.062005,0.204718,32.000000,0.050358,11.270158,0.245987,2239.364156,124.305999
725,2.609402,0.077560,0.245555,32.000000,0.050358,12.263346,0.205077,2241.973558,124.551554
726,2.682329,0.059286,0.213483,32.000000,0.050358,11.929933,0.235887,2244.655886,124.765036
727,2.637092,0.059398,0.206014,32.000000,0.050358,12.134579,0.244439,2247.292978,124.971050
728,2.636592,0.085463,0.246849,32.000000,0.050358,12.136882,0.204002,2249.929570,125.217899
729,2.672204,0.072746,0.169891,32.000000,0.050358,11.975134,0.296412,2252.601774,125.387790
730,2.692752,0.074140,0.241627,32.000000,0.050358,11.883755,0.208411,2255.294525,125.629417
731,2.674311,0.064195,0.288604,32.000000,0.050358,11.965697,0.174487,2257.968836,125.918022
732,2.678169,0.078689,0.300533,32.000000,0.050358,11.948464,0.167562,2260.647005,126.218554
733,2.919091,0.063697,0.178265,32.000000,0.050358,10.962318,0.282489,2263.566096,126.396819
734,3.228391,0.076926,0.072424,32.000000,0.050358,9.912058,0.695322,2266.794487,126.469243
735,3.010687,0.094790,0.261450,32.000000,0.050358,10.628803,0.192610,2269.805174,126.730693
736,3.122564,0.077707,0.097417,32.000000,0.050358,10.247989,0.516931,2272.927738,126.828110
737,3.116709,0.063774,0.245684,32.000000,0.050358,10.267241,0.204970,2276.044447,127.073794
738,3.231727,0.084508,0.112635,32.000000,0.050358,9.901826,0.447088,2279.276174,127.186429
739,3.146538,0.084980,0.104762,32.000000,0.050358,10.169907,0.480690,2282.422712,127.291191
740,3.013776,0.062906,0.276570,32.000000,0.050358,10.617910,0.182080,2285.436488,127.567761
741,3.203338,0.079840,0.025211,32.000000,0.050358,9.989579,1.997449,2288.639826,127.592972
742,3.333785,0.091834,0.050991,32.000000,0.050358,9.598701,0.987582,2291.973610,127.643963
743,3.354568,0.078650,0.022816,32.000000,0.050358,9.539232,2.207155,2295.328178,127.666779
744,3.152172,0.063845,0.211023,32.000000,0.050358,10.151730,0.238637,2298.480350,127.877802
745,3.138771,0.058800,1.491633,32.000000,0.050358,10.195072,0.033760,2301.619122,129.369434
746,2.174830,0.078066,0.001755,32.000000,0.050358,14.713795,28.697527,2303.793951,129.371189
747,3.187978,0.076814,0.107916,32.000000,0.050358,10.037709,0.466637,2306.981930,129.479105
748,3.160954,0.065759,0.158575,32.000000,0.050358,10.123527,0.317564,2310.142884,129.637681
749,3.262305,0.077081,0.074641,32.000000,0.050358,9.809017,0.674663,2313.405188,129.712322
750,3.195777,0.071888,0.270241,32.000000,0.050358,10.013215,0.186344,2316.600965,129.982564
751,3.230005,0.077371,0.074968,32.000000,0.050358,9.907105,0.671726,2319.830970,130.057531
752,3.278868,0.097006,0.053300,32.000000,0.050358,9.759467,0.944807,2323.109838,130.110831
753,3.039388,0.063650,0.200087,32.000000,0.050358,10.528436,0.251680,2326.149225,130.310918
754,3.158430,0.062859,0.283325,32.000000,0.050358,10.131616,0.177739,2329.307655,130.594243
755,3.136574,0.076519,0.117993,32.000000,0.050358,10.202215,0.426786,2332.444229,130.712236
756,3.163669,0.067605,0.253407,32.000000,0.050358,10.114839,0.198723,2335.607898,130.965643
757,3.384046,0.077437,0.074088,32.000000,0.050358,9.456137,0.679699,2338.991944,131.039731
758,3.187055,0.059016,0.221758,32.000000,0.050358,10.040617,0.227085,2342.178999,131.261489
759,3.046451,0.081146,0.335036,32.000000,0.050358,10.504027,0.150306,2345.225450,131.596525
760,3.224157,0.058902,0.229274,32.000000,0.050358,9.925074,0.219640,2348.449607,131.825800
761,3.264335,0.080701,0.116619,32.000000,0.050358,9.802915,0.431815,2351.713942,131.942419
762,3.159400,0.058905,0.245705,32.000000,0.050358,10.128506,0.204952,2354.873342,132.188124
763,3.216661,0.077211,0.182374,32.000000,0.050358,9.948203,0.276124,2358.090004,132.370498
764,3.328606,0.076749,0.087935,32.000000,0.050358,9.613635,0.572674,2361.418609,132.458432
765,3.264681,0.077733,0.124350,32.000000,0.050358,9.801877,0.404967,2364.683290,132.582783
766,2.998818,0.080088,0.329197,32.000000,0.050358,10.670871,0.152972,2367.682108,132.911980
767,3.097530,0.063844,0.277526,32.000000,0.050358,10.330813,0.181453,2370.779638,133.189506
768,3.089575,0.079760,0.299213,32.000000,0.050358,10.357411,0.168301,2373.869213,133.488719
769,3.145179,0.063789,0.207144,32.000000,0.050358,10.174303,0.243105,2377.014392,133.695863
770,3.239782,0.076209,0.114474,32.000000,0.050358,9.877207,0.439907,2380.254174,133.810337
771,3.042273,0.085122,0.331261,32.000000,0.050358,10.518451,0.152019,2383.296447,134.141598
772,3.120417,0.068561,0.303203,32.000000,0.050358,10.255041,0.166086,2386.416863,134.444801
773,3.189278,0.076727,0.160939,32.000000,0.050358,10.033617,0.312900,2389.606142,134.605740
774,3.184004,0.058964,0.214307,32.000000,0.050358,10.050238,0.234979,2392.790146,134.820047
775,3.395246,0.076967,0.001794,32.000000,0.050358,9.424943,28.064314,2396.185392,134.821842
776,3.316601,0.079889,0.073878,32.000000,0.050358,9.648431,0.681634,2399.501993,134.895720
777,3.188576,0.058869,0.187803,32.000000,0.050358,10.035828,0.268141,2402.690569,135.083523
778,3.354221,0.077654,0.001910,32.000000,0.050358,9.540217,26.359871,2406.044791,135.085433
779,3.253495,0.079344,0.108129,32.000000,0.050358,9.835576,0.465720,2409.298286,135.193562
780,3.348696,0.077536,0.001849,32.000000,0.050358,9.555958,27.240144,2412.646982,135.195411
781,3.264505,0.081329,0.125700,32.000000,0.050358,9.802405,0.400619,2415.911488,135.321111
782,3.048326,0.067603,0.257992,32.000000,0.050358,10.497565,0.195192,2418.959813,135.579103
783,3.229760,0.077717,0.126833,32.000000,0.050358,9.907856,0.397040,2422.189574,135.705936
784,3.243555,0.077701,0.123566,32.000000,0.050358,9.865717,0.407537,2425.433129,135.829502
785,3.100567,0.059103,0.211370,32.000000,0.050358,10.320692,0.238245,2428.533696,136.040872
786,3.005291,0.085091,0.290954,32.000000,0.050358,10.647887,0.173078,2431.538987,136.331827
787,3.041632,0.063614,0.274418,32.000000,0.050358,10.520668,0.183508,2434.580619,136.606244
788,2.963285,0.080375,0.277994,32.000000,0.050358,10.798826,0.181147,2437.543904,136.884238
789,2.928107,0.083963,0.323388,32.000000,0.050358,10.928561,0.155720,2440.472012,137.207626
790,2.980371,0.068913,0.250794,32.000000,0.050358,10.736919,0.200794,2443.452383,137.458420
791,3.200937,0.095051,0.032092,32.000000,0.050358,9.997072,1.569184,2446.653320,137.490512
792,3.202830,0.077314,0.111480,32.000000,0.050358,9.991163,0.451719,2449.856150,137.601992
793,3.128683,0.076588,0.001769,32.000000,0.050358,10.227945,28.465106,2452.984833,137.603761
794,3.156645,0.076920,0.001879,32.000000,0.050358,10.137346,26.793613,2456.141478,137.605641
795,3.099238,0.086868,0.044645,32.000000,0.050358,10.325118,1.127958,2459.240716,137.650286
796,3.015357,0.078327,0.112410,32.000000,0.050358,10.612343,0.447983,2462.256073,137.762696
797,2.969605,0.059031,0.181071,32.000000,0.050358,10.775843,0.278110,2465.225679,137.943767
798,2.906036,0.079088,0.262247,32.000000,0.050358,11.011563,0.192024,2468.131715,138.206014
799,3.008577,0.090794,0.055770,32.000000,0.050358,10.636258,0.902962,2471.140292,138.261784
800,3.272043,0.086466,0.001746,32.000000,0.050358,9.779824,28.849471,2474.412334,138.263529
801,3.069356,0.080512,0.157222,32.000000,0.050358,10.425639,0.320298,2477.481690,138.420751
802,3.200665,0.111615,0.100707,32.000000,0.050358,9.997921,0.500042,2480.682356,138.521458
803,3.143190,0.090167,0.292518,32.000000,0.050358,10.180740,0.172153,2483.825546,138.813976
804,3.230888,0.066525,0.261209,32.000000,0.050358,9.904397,0.192787,2487.056434,139.075185
805,3.300212,0.077342,0.022847,32.000000,0.050358,9.696347,2.204131,2490.356646,139.098032
806,3.308335,0.078207,0.036058,32.000000,0.050358,9.672540,1.396581,2493.664981,139.134090
807,3.122977,0.063718,0.242733,32.000000,0.050358,10.246633,0.207462,2496.787958,139.376823
808,3.112391,0.058961,0.235799,32.000000,0.050358,10.281486,0.213562,2499.900348,139.612622
809,3.195601,0.078028,0.193796,32.000000,0.050358,10.013764,0.259850,2503.095950,139.806418
810,3.111868,0.077752,0.248160,32.000000,0.050358,10.283214,0.202925,2506.207817,140.054578
811,3.279062,0.077715,0.076266,32.000000,0.050358,9.758889,0.660296,2509.486879,140.130843
812,3.220572,0.058139,0.267889,32.000000,0.050358,9.936124,0.187980,2512.707451,140.398732
813,3.311768,0.083926,0.063607,32.000000,0.050358,9.662511,0.791699,2516.019219,140.462340
814,3.161326,0.068808,0.203285,32.000000,0.050358,10.122334,0.247720,2519.180545,140.665625
815,3.222560,0.058161,0.184006,32.000000,0.050358,9.929994,0.273675,2522.403105,140.849631
816,3.156925,0.058422,0.237291,32.000000,0.050358,10.136447,0.212219,2525.560030,141.086922
817,3.236411,0.076971,0.113070,32.000000,0.050358,9.887496,0.445367,2528.796441,141.199992
818,3.205431,0.078104,0.159352,32.000000,0.050358,9.983056,0.316016,2532.001872,141.359344
819,3.283980,0.077900,0.075037,32.000000,0.050358,9.744273,0.671104,2535.285852,141.434381
820,3.337436,0.104509,0.019993,32.000000,0.050358,9.588198,2.518803,2538.623288,141.454374
821,3.388433,0.076963,0.001734,32.000000,0.050358,9.443893,29.049325,2542.011722,141.456108
822,3.411236,0.079857,0.073090,32.000000,0.050358,9.380765,0.688981,2545.422957,141.529198
823,3.497009,0.078023,0.036966,32.000000,0.050358,9.150677,1.362290,2548.919967,141.566163
824,3.387412,0.077910,0.115612,32.000000,0.050358,9.446739,0.435577,2552.307379,141.681775
825,3.417740,0.093759,0.032643,32.000000,0.050358,9.362911,1.542684,2555.725119,141.714418
826,3.140587,0.080096,0.300827,32.000000,0.050358,10.189178,0.167398,2558.865706,142.015245
827,3.109487,0.063983,0.286568,32.000000,0.050358,10.291085,0.175727,2561.975194,142.301814
828,3.349245,0.085934,0.001703,32.000000,0.050358,9.554391,29.575170,2565.324439,142.303516
829,3.029019,0.079885,0.261533,32.000000,0.050358,10.564475,0.192549,2568.353459,142.565049
830,3.068764,0.080248,0.285094,32.000000,0.050358,10.427652,0.176636,2571.422222,142.850143
831,3.270891,0.084654,0.097228,32.000000,0.050358,9.783266,0.517933,2574.693114,142.947371
832,3.295121,0.077713,0.043194,32.000000,0.050358,9.711327,1.165839,2577.988235,142.990566
833,3.331584,0.058967,0.248243,32.000000,0.050358,9.605041,0.202857,2581.319819,143.238808
834,3.157741,0.058523,0.224268,32.000000,0.050358,10.133827,0.224543,2584.477560,143.463077
835,3.227611,0.077078,0.110340,32.000000,0.050358,9.914454,0.456388,2587.705171,143.573417
836,3.225343,0.060957,0.164534,32.000000,0.050358,9.921426,0.306064,2590.930513,143.737950
837,3.395980,0.077482,0.087406,32.000000,0.050358,9.422906,0.576135,2594.326494,143.825356
838,3.303374,0.058995,0.215401,32.000000,0.050358,9.687067,0.233787,2597.629867,144.040757
839,3.269317,0.081616,0.107799,32.000000,0.050358,9.787977,0.467145,2600.899184,144.148556
840,3.169442,0.069726,0.240874,32.000000,0.050358,10.096414,0.209063,2604.068627,144.389430
841,3.239673,0.087627,0.096780,32.000000,0.050358,9.877539,0.520333,2607.308300,144.486210
842,3.313184,0.089948,0.035477,32.000000,0.050358,9.658382,1.419446,2610.621485,144.521687
843,3.165052,0.081694,0.142776,32.000000,0.050358,10.110419,0.352706,2613.786536,144.664463
844,3.034618,0.062941,0.272866,32.000000,0.050358,10.544984,0.184551,2616.821155,144.937329
845,3.007410,0.066936,0.267258,32.000000,0.050358,10.640387,0.188424,2619.828564,145.204587
846,3.075588,0.080177,0.175360,32.000000,0.050358,10.404514,0.287168,2622.904152,145.379947
847,3.045939,0.066842,0.221082,32.000000,0.050358,10.505792,0.227779,2625.950091,145.601029
848,3.318147,0.086257,0.063783,32.000000,0.050358,9.643936,0.789522,2629.268238,145.664812
849,3.211225,0.107987,0.098886,32.000000,0.050358,9.965043,0.509253,2632.479464,145.763697
850,3.283901,0.077371,0.120636,32.000000,0.050358,9.744508,0.417436,2635.763365,145.884333
851,3.176153,0.069035,0.806976,32.000000,0.050358,10.075080,0.062403,2638.939518,146.691309
852,2.735402,0.077882,0.001825,32.000000,0.050358,11.698463,27.588155,2641.674920,146.693135
853,3.272070,0.077853,0.048571,32.000000,0.050358,9.779743,1.036780,2644.946990,146.741706
854,3.109786,0.062090,0.217953,32.000000,0.050358,10.290096,0.231049,2648.056777,146.959659
855,3.218134,0.078636,0.073032,32.000000,0.050358,9.943649,0.689528,2651.274911,147.032692
856,3.153422,0.083293,0.106876,32.000000,0.050358,10.147706,0.471182,2654.428333,147.139567
857,3.125016,0.064631,0.196096,32.000000,0.050358,10.239948,0.256802,2657.553349,147.335663
858,3.289007,0.076759,0.001899,32.000000,0.050358,9.729381,26.515740,2660.842356,147.337563
859,3.032287,0.064766,0.264503,32.000000,0.050358,10.553092,0.190387,2663.874642,147.602065
860,3.167617,0.101564,0.160251,32.000000,0.050358,10.102231,0.314244,2667.042259,147.762316
861,3.294173,0.078002,0.023499,32.000000,0.050358,9.714123,2.143017,2670.336432,147.785815
862,3.330379,0.077408,0.001796,32.000000,0.050358,9.608516,28.035159,2673.666811,147.787611
863,3.214769,0.077780,0.087974,32.000000,0.050358,9.954059,0.572414,2676.881580,147.875586
864,3.249175,0.077091,0.077406,32.000000,0.050358,9.848654,0.650566,2680.130756,147.952992
865,2.997565,0.080012,0.291700,32.000000,0.050358,10.675331,0.172636,2683.128321,148.244691
866,3.345223,0.077938,0.001706,32.000000,0.050358,9.565880,29.519190,2686.473543,148.246397
867,3.145568,0.081068,0.123639,32.000000,0.050358,10.173044,0.407296,2689.619111,148.370037
868,3.061676,0.066206,0.248338,32.000000,0.050358,10.451791,0.202780,2692.680788,148.618374
869,3.186552,0.058988,0.172022,32.000000,0.050358,10.042203,0.292741,2695.867339,148.790396
870,3.237606,0.077427,0.823235,32.000000,0.050358,9.883846,0.061171,2699.104946,149.613631
871,2.600472,0.077617,0.001787,32.000000,0.050358,12.305459,28.179994,2701.705417,149.615418
872,3.063663,0.079097,0.126899,32.000000,0.050358,10.445015,0.396833,2704.769080,149.742317
873,3.192305,0.078324,0.118136,32.000000,0.050358,10.024105,0.426269,2707.961385,149.860454
874,3.170293,0.079960,0.124200,32.000000,0.050358,10.093704,0.405458,2711.131678,149.984653
875,3.311269,0.081465,0.001762,32.000000,0.050358,9.663967,28.575217,2714.442948,149.986416
876,3.288048,0.077115,0.036839,32.000000,0.050358,9.732218,1.366981,2717.730996,150.023254
877,3.218614,0.087695,0.067021,32.000000,0.050358,9.942168,0.751374,2720.949609,150.090275
878,3.162070,0.065656,0.125750,32.000000,0.050358,10.119954,0.400459,2724.111679,150.216025
879,3.208807,0.077092,0.123965,32.000000,0.050358,9.972554,0.406227,2727.320486,150.339990
880,3.128617,0.070401,0.220612,32.000000,0.050358,10.228162,0.228265,2730.449103,150.560602
881,3.134060,0.067733,0.288238,32.000000,0.050358,10.210399,0.174709,2733.583163,150.848839
882,3.273210,0.077404,0.126695,32.000000,0.050358,9.776336,0.397473,2736.856372,150.975534
883,3.094565,0.065200,0.257137,32.000000,0.050358,10.340712,0.195840,2739.950937,151.232671
884,3.375311,0.078428,0.001815,32.000000,0.050358,9.480608,27.749727,2743.326248,151.234486
885,3.136533,0.070966,0.198843,32.000000,0.050358,10.202347,0.253254,2746.462781,151.433329
886,3.303572,0.089260,0.040687,32.000000,0.050358,9.686484,1.237695,2749.766354,151.474016
887,3.279998,0.095259,0.055854,32.000000,0.050358,9.756102,0.901596,2753.046352,151.529870
888,3.211191,0.130061,0.096698,32.000000,0.050358,9.965151,0.520777,2756.257543,151.626568
889,3.359591,0.081311,0.552329,32.000000,0.050358,9.524968,0.091174,2759.617134,152.178896
890,2.839786,0.078821,0.001819,32.000000,0.050358,11.268455,27.677054,2762.456920,152.180716
891,3.127177,0.059085,0.236043,32.000000,0.050358,10.232870,0.213341,2765.584097,152.416759
892,3.065983,0.079813,0.104462,32.000000,0.050358,10.437109,0.482068,2768.650081,152.521221
893,2.916135,0.077929,0.269714,32.000000,0.050358,10.973429,0.186708,2771.566216,152.790935
894,3.126134,0.077320,0.071432,32.000000,0.050358,10.236284,0.704973,2774.692350,152.862368
895,3.130697,0.084216,0.096940,32.000000,0.050358,10.221366,0.519473,2777.823047,152.959308
896,3.101267,0.071088,0.233513,32.000000,0.050358,10.318365,0.215653,2780.924313,153.192821
897,3.146491,0.085032,0.141004,32.000000,0.050358,10.170060,0.357138,2784.070804,153.333825
898,3.092799,0.058961,0.210604,32.000000,0.050358,10.346614,0.239111,2787.163603,153.544430
899,3.187827,0.059157,0.222374,32.000000,0.050358,10.038187,0.226456,2790.351430,153.766804
900,2.965901,0.073369,0.188686,32.000000,0.050358,10.789301,0.266887,2793.317331,153.955489
901,2.933468,0.079767,0.284449,32.000000,0.050358,10.908589,0.177036,2796.250800,154.239939
902,3.033504,0.079810,0.154464,32.000000,0.050358,10.548856,0.326017,2799.284304,154.394403
903,3.170850,0.077226,0.038622,32.000000,0.050358,10.091931,1.303868,2802.455154,154.433024
904,3.333478,0.077260,0.001776,32.000000,0.050358,9.599584,28.352856,2805.788632,154.434801
905,3.330324,0.077595,0.040502,32.000000,0.050358,9.608675,1.243342,2809.118956,154.475303
906,3.224444,0.105085,0.081103,32.000000,0.050358,9.924192,0.620914,2812.343400,154.556405
907,3.129243,0.065315,0.235999,32.000000,0.050358,10.226117,0.213382,2815.472642,154.792404
908,3.154602,0.077005,0.109115,32.000000,0.050358,10.143911,0.461510,2818.627244,154.901520
909,3.232863,0.091146,0.047565,32.000000,0.050358,9.898346,1.058710,2821.860107,154.949085
910,3.194238,0.077835,0.034663,32.000000,0.050358,10.018039,1.452795,2825.054345,154.983747
911,3.097463,0.069897,0.188056,32.000000,0.050358,10.331036,0.267782,2828.151808,155.171803
912,3.270891,0.078114,0.001792,32.000000,0.050358,9.783267,28.096601,2831.422699,155.173595
913,2.896266,0.079784,0.248185,32.000000,0.050358,11.048709,0.202904,2834.318965,155.421780
914,3.001036,0.085046,0.284643,32.000000,0.050358,10.662984,0.176916,2837.320001,155.706424
915,3.199655,0.076991,0.036338,32.000000,0.050358,10.001077,1.385825,2840.519656,155.742761
916,3.104676,0.067400,0.173090,32.000000,0.050358,10.307032,0.290934,2843.624333,155.915851
917,3.117047,0.065552,0.166285,32.000000,0.050358,10.266128,0.302840,2846.741379,156.082136
918,3.205700,0.076918,0.108237,32.000000,0.050358,9.982218,0.465255,2849.947080,156.190374
919,3.275998,0.077710,0.086807,32.000000,0.050358,9.768015,0.580112,2853.223078,156.277181
920,3.173952,0.077680,0.076732,32.000000,0.050358,10.082067,0.656280,2856.397030,156.353913
921,3.217014,0.077619,0.111889,32.000000,0.050358,9.947113,0.450069,2859.614044,156.465802
922,3.160581,0.078659,0.077607,32.000000,0.050358,10.124720,0.648881,2862.774625,156.543409
923,3.066910,0.076876,0.126977,32.000000,0.050358,10.433955,0.396590,2865.841535,156.670386
924,2.948143,0.079224,0.332686,32.000000,0.050358,10.854289,0.151367,2868.789679,157.003072
925,3.085074,0.064987,0.167062,32.000000,0.050358,10.372521,0.301432,2871.874753,157.170134
926,3.220273,0.077918,0.035519,32.000000,0.050358,9.937045,1.417764,2875.095026,157.205653
927,3.212537,0.060476,0.209422,32.000000,0.050358,9.960973,0.240461,2878.307564,157.415075
928,3.136273,0.072818,0.189198,32.000000,0.050358,10.203195,0.266165,2881.443836,157.604273
929,3.298740,0.076967,0.128256,32.000000,0.050358,9.700672,0.392636,2884.742577,157.732529
930,3.302291,0.076537,0.001731,32.000000,0.050358,9.690243,29.090489,2888.044867,157.734260
931,3.046526,0.080004,0.276746,32.000000,0.050358,10.503767,0.181964,2891.091394,158.011005
932,3.151131,0.077387,0.073412,32.000000,0.050358,10.155086,0.685963,2894.242524,158.084417
933,2.953973,0.058858,0.270069,32.000000,0.050358,10.832868,0.186463,2897.196497,158.354486
934,3.007064,0.071460,0.244817,32.000000,0.050358,10.641609,0.205696,2900.203561,158.599303
935,3.115386,0.073891,0.178106,32.000000,0.050358,10.271601,0.282740,2903.318947,158.777410
936,3.012452,0.073091,0.256421,32.000000,0.050358,10.622575,0.196387,2906.331399,159.033831
937,2.968538,0.079694,0.322490,32.000000,0.050358,10.779716,0.156153,2909.299937,159.356321
938,2.958619,0.078673,0.273240,32.000000,0.050358,10.815858,0.184299,2912.258556,159.629561
939,3.211925,0.078855,0.082079,32.000000,0.050358,9.962872,0.613528,2915.470481,159.711640
940,3.066340,0.078154,0.112154,32.000000,0.050358,10.435893,0.449006,2918.536822,159.823794
941,2.883250,0.079343,0.292135,32.000000,0.050358,11.098587,0.172378,2921.420071,160.115929
942,2.938817,0.061162,0.164123,32.000000,0.050358,10.888737,0.306830,2924.358888,160.280052
943,3.216563,0.078312,0.001831,32.000000,0.050358,9.948506,27.509801,2927.575451,160.281883
944,2.831911,0.079926,0.287075,32.000000,0.050358,11.299789,0.175417,2930.407362,160.568958
945,2.798822,0.059387,0.216463,32.000000,0.050358,11.433381,0.232639,2933.206185,160.785421
946,2.928869,0.093768,0.027577,32.000000,0.050358,10.925720,1.826085,2936.135053,160.812998
947,2.710868,0.079486,0.001777,32.000000,0.050358,11.804339,28.337539,2938.845921,160.814775
948,2.645490,0.065601,0.239412,32.000000,0.050358,12.096056,0.210340,2941.491412,161.054187
949,2.725177,0.058098,0.246997,32.000000,0.050358,11.742358,0.203880,2944.216588,161.301184
950,2.718795,0.060353,0.200379,32.000000,0.050358,11.769921,0.251313,2946.935383,161.501562
951,2.870065,0.079161,0.036521,32.000000,0.050358,11.149572,1.378876,2949.805448,161.538083
952,2.669448,0.088635,0.261589,32.000000,0.050358,11.987499,0.192508,2952.474896,161.799672
953,2.998417,0.082362,0.047902,32.000000,0.050358,10.672299,1.051268,2955.473312,161.847574
954,2.941838,0.085157,0.296369,32.000000,0.050358,10.877555,0.169916,2958.415150,162.143942
955,2.873359,0.063759,0.289334,32.000000,0.050358,11.136790,0.174047,2961.288510,162.433277
956,3.173667,0.058139,0.178130,32.000000,0.050358,10.082974,0.282702,2964.462176,162.611407
957,3.011377,0.079764,0.325399,32.000000,0.050358,10.626367,0.154757,2967.473554,162.936807
958,2.898663,0.064378,0.282775,32.000000,0.050358,11.039573,0.178084,2970.372216,163.219582
959,3.029844,0.070913,0.546649,32.000000,0.050358,10.561600,0.092121,2973.402060,163.766230
960,2.869384,0.077619,0.001788,32.000000,0.050358,11.152218,28.167967,2976.271445,163.768018
961,3.150564,0.063211,0.246475,32.000000,0.050358,10.156910,0.204312,2979.422009,164.014493
962,3.073617,0.076517,0.195156,32.000000,0.050358,10.411187,0.258038,2982.495626,164.209649
963,3.186101,0.082034,0.100374,32.000000,0.050358,10.043625,0.501704,2985.681727,164.310023
964,3.165188,0.060218,0.217463,32.000000,0.050358,10.109986,0.231569,2988.846914,164.527486
965,3.195488,0.065588,0.257568,32.000000,0.050358,10.014118,0.195513,2992.042403,164.785054
966,3.159540,0.077520,0.157189,32.000000,0.050358,10.128056,0.320365,2995.201943,164.942243
967,3.113998,0.082124,0.203715,32.000000,0.050358,10.276177,0.247197,2998.315941,165.145958
968,3.049753,0.082164,0.165795,32.000000,0.050358,10.492652,0.303735,3001.365694,165.311753
969,3.049502,0.059894,0.236785,32.000000,0.050358,10.493518,0.212673,3004.415196,165.548538
970,2.959508,0.080335,0.276908,32.000000,0.050358,10.812607,0.181858,3007.374704,165.825445
971,3.098355,0.077045,0.072816,32.000000,0.050358,10.328061,0.691578,3010.473059,165.898261
972,2.792860,0.072500,0.220675,32.000000,0.050358,11.457790,0.228199,3013.265919,166.118936
973,2.816319,0.063959,0.176496,32.000000,0.050358,11.362350,0.285320,3016.082238,166.295432
974,2.706731,0.064221,0.201017,32.000000,0.050358,11.822380,0.250516,3018.788969,166.496449
975,2.887528,0.077450,0.001789,32.000000,0.050358,11.082142,28.150709,3021.676497,166.498238
976,2.620053,0.079922,0.275600,32.000000,0.050358,12.213493,0.182721,3024.296550,166.773838
977,2.802389,0.059024,0.201309,32.000000,0.050358,11.418831,0.250152,3027.098939,166.975147
978,2.810862,0.074925,0.158584,32.000000,0.050358,11.384408,0.317547,3029.909801,167.133731
979,3.020747,0.077200,0.655994,32.000000,0.050358,10.593405,0.076766,3032.930548,167.789725
980,2.630762,0.078176,0.001913,32.000000,0.050358,12.163774,26.318115,3035.561311,167.791638
981,3.163322,0.077833,0.078451,32.000000,0.050358,10.115949,0.641901,3038.724632,167.870089
982,3.089956,0.076957,0.082913,32.000000,0.050358,10.356135,0.607359,3041.814588,167.953002
983,3.166629,0.077832,0.036409,32.000000,0.050358,10.105383,1.383113,3044.981217,167.989411
984,2.674994,0.058903,0.204082,32.000000,0.050358,11.962645,0.246753,3047.656211,168.193493
985,2.612969,0.080197,0.283352,32.000000,0.050358,12.246607,0.177722,3050.269179,168.476846
986,2.837618,0.077415,0.035904,32.000000,0.050358,11.277063,1.402583,3053.106798,168.512749
987,2.750646,0.083654,0.101871,32.000000,0.050358,11.633633,0.494330,3055.857443,168.614620
988,2.649392,0.079128,0.287327,32.000000,0.050358,12.078245,0.175263,3058.506835,168.901947
989,2.982107,0.078920,0.124993,32.000000,0.050358,10.730670,0.402886,3061.488941,169.026940
990,3.091288,0.085081,0.001787,32.000000,0.050358,10.351672,28.184237,3064.580230,169.028727
991,3.023940,0.063633,0.258548,32.000000,0.050358,10.582220,0.194771,3067.604170,169.287275
992,3.139711,0.063781,0.195679,32.000000,0.050358,10.192020,0.257349,3070.743881,169.482954
993,2.991583,0.067403,0.276455,32.000000,0.050358,10.696677,0.182155,3073.735464,169.759409
994,3.037984,0.076567,0.161231,32.000000,0.050358,10.533302,0.312333,3076.773448,169.920640
995,3.114547,0.058893,0.232943,32.000000,0.050358,10.274367,0.216180,3079.887995,170.153584
996,3.097000,0.077587,0.111385,32.000000,0.050358,10.332579,0.452106,3082.984995,170.264969
997,3.197328,0.077507,0.111980,32.000000,0.050358,10.008358,0.449704,3086.182323,170.376948
998,3.225390,0.084860,0.097000,32.000000,0.050358,9.921282,0.519151,3089.407712,170.473949
999,3.380882,0.076977,0.001804,32.000000,0.050358,9.464986,27.918310,3092.788594,170.475753
1000,3.029992,0.079637,0.273132,32.000000,0.050358,10.561084,0.184372,3095.818586,170.748884
1001,2.967333,0.066742,0.263790,32.000000,0.050358,10.784093,0.190901,3098.785920,171.012675
1002,3.229973,0.058890,0.140890,32.000000,0.050358,9.907204,0.357427,3102.015892,171.153565
1003,3.112063,0.058778,0.252578,32.000000,0.050358,10.282568,0.199376,3105.127956,171.406142
1004,3.189356,0.058872,0.173844,32.000000,0.050358,10.033374,0.289673,3108.317312,171.579986
1005,3.231445,0.077920,0.001913,32.000000,0.050358,9.902689,26.322173,3111.548757,171.581899
1006,3.042501,0.059558,0.223437,32.000000,0.050358,10.517661,0.225378,3114.591258,171.805336
1007,2.958863,0.080888,0.306385,32.000000,0.050358,10.814967,0.164361,3117.550121,172.111721
1008,3.037243,0.058986,0.234874,32.000000,0.050358,10.535872,0.214403,3120.587364,172.346595
1009,3.206128,0.076762,0.121707,32.000000,0.050358,9.980886,0.413761,3123.793492,172.468302
1010,3.354032,0.094861,0.016071,32.000000,0.050358,9.540757,3.133452,3127.147523,172.484373
1011,3.418630,0.077945,0.001813,32.000000,0.050358,9.360476,27.774905,3130.566153,172.486187
1012,3.322004,0.091730,0.042204,32.000000,0.050358,9.632739,1.193208,3133.888157,172.528390
1013,3.319348,0.077912,0.091065,32.000000,0.050358,9.640449,0.552986,3137.207505,172.619456
1014,3.152689,0.059418,0.154392,32.000000,0.050358,10.150067,0.326168,3140.360193,172.773848
1015,3.288798,0.077797,0.035321,32.000000,0.050358,9.729998,1.425706,3143.648992,172.809169
1016,3.138192,0.077972,0.071760,32.000000,0.050358,10.196953,0.701755,3146.787184,172.880929
1017,3.131785,0.083370,0.139835,32.000000,0.050358,10.217817,0.360124,3149.918968,173.020764
1018,3.117691,0.077640,0.157963,32.000000,0.050358,10.264007,0.318795,3153.036659,173.178727
1019,2.923806,0.059682,0.218236,32.000000,0.050358,10.944637,0.230750,3155.960466,173.396963
1020,3.126004,0.077616,0.001889,32.000000,0.050358,10.236712,26.658468,3159.086469,173.398852
1021,3.143916,0.077803,0.001852,32.000000,0.050358,10.178388,27.194703,3162.230386,173.400703
1022,2.856931,0.064980,0.290362,32.000000,0.050358,11.200832,0.173431,3165.087316,173.691066
1023,2.901756,0.065138,0.263695,32.000000,0.050358,11.027805,0.190970,3167.989072,173.954760
1024,3.085476,0.076839,0.001824,32.000000,0.050358,10.371170,27.603701,3171.074549,173.956585
1025,2.930614,0.057445,0.244397,32.000000,0.050358,10.919213,0.206049,3174.005163,174.200982
1026,3.197166,0.078269,0.001813,32.000000,0.050358,10.008863,27.773480,3177.202329,174.202795
1027,2.898986,0.080554,0.284658,32.000000,0.050358,11.038344,0.176907,3180.101315,174.487453
1028,2.994247,0.064930,0.781340,32.000000,0.050358,10.687159,0.064451,3183.095562,175.268793
1029,2.691912,0.077896,0.001805,32.000000,0.050358,11.887462,27.896580,3185.787474,175.270598
1030,3.104887,0.059973,0.266493,32.000000,0.050358,10.306332,0.188965,3188.892361,175.537091
1031,3.285972,0.078236,0.076226,32.000000,0.050358,9.738368,0.660635,3192.178333,175.613317
1032,3.240306,0.077742,0.073687,32.000000,0.050358,9.875611,0.683403,3195.418639,175.687004
1033,3.205482,0.077387,0.134908,32.000000,0.050358,9.982899,0.373274,3198.624120,175.821913
1034,3.165631,0.090334,0.052316,32.000000,0.050358,10.108569,0.962574,3201.789751,175.874228
1035,3.186643,0.076496,0.120100,32.000000,0.050358,10.041916,0.419298,3204.976394,175.994329
1036,3.007979,0.066352,0.274034,32.000000,0.050358,10.638371,0.183765,3207.984373,176.268363
1037,3.063252,0.061582,0.251060,32.000000,0.050358,10.446414,0.200581,3211.047626,176.519422
1038,3.193812,0.077634,0.172714,32.000000,0.050358,10.019376,0.291568,3214.241437,176.692136
1039,3.285840,0.077823,0.001852,32.000000,0.050358,9.738758,27.189080,3217.527277,176.693988
1040,3.141882,0.080720,0.270197,32.000000,0.050358,10.184978,0.186375,3220.669159,176.964185
1041,3.131615,0.059077,0.248166,32.000000,0.050358,10.218371,0.202920,3223.800774,177.212351
1042,3.217167,0.077970,0.109236,32.000000,0.050358,9.946639,0.460998,3227.017941,177.321587
1043,3.338566,0.078166,0.001803,32.000000,0.050358,9.584953,27.923294,3230.356507,177.323391
1044,3.231272,0.078388,0.038231,32.000000,0.050358,9.903222,1.317188,3233.587779,177.361622
1045,3.247716,0.077424,0.112877,32.000000,0.050358,9.853077,0.446132,3236.835495,177.474499
1046,3.122098,0.075601,0.193186,32.000000,0.050358,10.249518,0.260669,3239.957593,177.667685
1047,3.339067,0.077752,0.001806,32.000000,0.050358,9.583515,27.886369,3243.296661,177.669491
1048,2.927481,0.058306,0.411964,32.000000,0.050358,10.930899,0.122238,3246.224142,178.081455
1049,3.112577,0.078217,0.036067,32.000000,0.050358,10.280870,1.396247,3249.336719,178.117522
1050,2.917738,0.070394,0.259056,32.000000,0.050358,10.967400,0.194390,3252.254457,178.376578
1051,3.084203,0.078464,0.071643,32.000000,0.050358,10.375451,0.702900,3255.338660,178.448221
1052,3.122674,0.078621,0.036239,32.000000,0.050358,10.247627,1.389621,3258.461334,178.484459
1053,3.113164,0.083175,0.103631,32.000000,0.050358,10.278932,0.485936,3261.574498,178.588090
1054,3.029481,0.080164,0.308365,32.000000,0.050358,10.562866,0.163306,3264.603979,178.896454
1055,3.280533,0.078038,0.023709,32.000000,0.050358,9.754511,2.124011,3267.884512,178.920163
1056,3.372985,0.085907,0.009033,32.000000,0.050358,9.487146,5.574639,3271.257497,178.929197
1057,3.307719,0.089162,0.101324,32.000000,0.050358,9.674339,0.496996,3274.565217,179.030521
1058,3.325944,0.076228,0.115799,32.000000,0.050358,9.621328,0.434872,3277.891161,179.146320
1059,3.039834,0.086543,0.305358,32.000000,0.050358,10.526892,0.164914,3280.930995,179.451678
1060,3.185794,0.069207,0.235739,32.000000,0.050358,10.044592,0.213617,3284.116788,179.687416
1061,3.171556,0.059778,0.203852,32.000000,0.050358,10.089684,0.247031,3287.288344,179.891269
1062,3.244501,0.082427,0.146370,32.000000,0.050358,9.862841,0.344046,3290.532846,180.037638
1063,3.177688,0.079057,0.241268,32.000000,0.050358,10.070216,0.208721,3293.710533,180.278906
1064,3.231220,0.059479,0.172324,32.000000,0.050358,9.903380,0.292227,3296.941753,180.451230
1065,3.330868,0.077591,0.072993,32.000000,0.050358,9.607104,0.689901,3300.272622,180.524223
1066,3.105760,0.063217,0.245681,32.000000,0.050358,10.303437,0.204972,3303.378382,180.769904
1067,3.080226,0.065429,0.243440,32.000000,0.050358,10.388847,0.206860,3306.458608,181.013344
1068,3.258407,0.077688,0.038750,32.000000,0.050358,9.820749,1.299565,3309.717016,181.052094
1069,3.086471,0.065107,0.253382,32.000000,0.050358,10.367829,0.198743,3312.803486,181.305475
1070,3.210824,0.076307,0.157224,32.000000,0.050358,9.966288,0.320294,3316.014311,181.462699
1071,3.125930,0.059355,0.241291,32.000000,0.050358,10.236953,0.208701,3319.140241,181.703991
1072,3.356096,0.083715,0.837247,32.000000,0.050358,9.534889,0.060147,3322.496336,182.541237
1073,2.584410,0.078194,0.001832,32.000000,0.050358,12.381938,27.487757,3325.080746,182.543069
1074,3.237865,0.077967,0.113240,32.000000,0.050358,9.883057,0.444700,3328.318610,182.656309
1075,3.232305,0.078077,0.142612,32.000000,0.050358,9.900054,0.353111,3331.550916,182.798921
1076,3.196540,0.072106,0.151643,32.000000,0.050358,10.010824,0.332082,3334.747456,182.950564
1077,3.126578,0.070037,0.233384,32.000000,0.050358,10.234833,0.215772,3337.874034,183.183948
1078,3.198464,0.070728,0.171385,32.000000,0.050358,10.004803,0.293828,3341.072498,183.355333
1079,3.243118,0.078074,0.079669,32.000000,0.050358,9.867048,0.632088,3344.315615,183.435002
1080,3.312636,0.077363,0.001814,32.000000,0.050358,9.659982,27.756748,3347.628251,183.436817
1081,3.018277,0.084258,1.018042,32.000000,0.050358,10.602075,0.049465,3350.646528,184.454859
1082,2.696875,0.078514,0.001842,32.000000,0.050358,11.865584,27.333618,3353.343403,184.456701
1083,3.342200,0.085252,0.001839,32.000000,0.050358,9.574530,27.382234,3356.685604,184.458540
1084,3.187783,0.059568,0.171770,32.000000,0.050358,10.038323,0.293169,3359.873387,184.630311
1085,3.201593,0.078720,0.086448,32.000000,0.050358,9.995023,0.582519,3363.074980,184.716759
1086,3.165036,0.063267,0.136106,32.000000,0.050358,10.110470,0.369990,3366.240016,184.852865
1087,3.214186,0.085835,0.098674,32.000000,0.050358,9.955866,0.510343,3369.454202,184.951539
1088,3.368927,0.117123,0.035021,32.000000,0.050358,9.498573,1.437918,3372.823129,184.986561
1089,3.294233,0.068357,0.180042,32.000000,0.050358,9.713946,0.279701,3376.117362,185.166602
1090,3.167285,0.079172,0.319895,32.000000,0.050358,10.103291,0.157420,3379.284647,185.486497
1091,3.171541,0.085862,0.282188,32.000000,0.050358,10.089733,0.178455,3382.456187,185.768685
1092,3.416548,0.078426,0.001807,32.000000,0.050358,9.366179,27.867958,3385.872735,185.770492
1093,3.403531,0.093095,0.084087,32.000000,0.050358,9.402000,0.598877,3389.276267,185.854579
1094,3.311061,0.089199,0.098019,32.000000,0.050358,9.664575,0.513755,3392.587328,185.952599
1095,3.352269,0.078441,0.075848,32.000000,0.050358,9.545772,0.663926,3395.939597,186.028447
1096,3.392769,0.078699,0.072848,32.000000,0.050358,9.431823,0.691274,3399.332367,186.101295
1097,3.362154,0.078139,0.001731,32.000000,0.050358,9.517709,29.097196,3402.694520,186.103026
1098,3.353444,0.077482,0.038250,32.000000,0.050358,9.542427,1.316537,3406.047965,186.141276
1099,3.402966,0.078085,0.001803,32.000000,0.050358,9.403563,27.926763,3409.450930,186.143079
