step,read_time_sec,compute_time_sec,write_time_sec,data_read_mb,data_written_mb,read_throughput_mb_s,write_throughput_mb_s,cumulative_read_time,cumulative_write_time
1,2.783646,0.535767,0.001885,128.000000,0.196842,45.982860,104.435872,2.783646,0.001885
2,2.617147,0.524012,0.001302,128.000000,0.196842,48.908213,151.159519,5.400793,0.003187
3,2.377455,0.504101,0.017155,128.000000,0.196842,53.839085,11.474630,7.778248,0.020342
4,2.274077,0.518080,0.007726,128.000000,0.196842,56.286582,25.477424,10.052325,0.028068
5,2.424347,0.508076,0.022351,128.000000,0.196842,52.797717,8.806929,12.476672,0.050419
6,2.571934,0.498406,0.001356,128.000000,0.196842,49.768001,145.213121,15.048606,0.051774
7,2.356068,0.498510,0.001298,128.000000,0.196842,54.327805,151.698180,17.404674,0.053072
8,2.390837,0.515200,0.001279,128.000000,0.196842,53.537727,153.905487,19.795511,0.054351
9,2.377978,0.518590,0.001293,128.000000,0.196842,53.827232,152.242578,22.173490,0.055644
10,2.299294,0.501680,0.020521,128.000000,0.196842,55.669255,9.592218,24.472784,0.076165
11,2.371298,0.501721,0.001385,128.000000,0.196842,53.978868,142.082985,26.844082,0.077550
12,2.406745,0.502730,0.001314,128.000000,0.196842,53.183857,149.807107,29.250828,0.078864
13,2.416771,0.522900,0.001314,128.000000,0.196842,52.963223,149.805282,31.667599,0.080178
14,2.252870,0.509334,0.051412,128.000000,0.196842,56.816429,3.828757,33.920468,0.131590
15,2.356231,0.512662,0.030988,128.000000,0.196842,54.324039,6.352172,36.276700,0.162578
16,2.352377,0.510335,0.001354,128.000000,0.196842,54.413045,145.395570,38.629077,0.163932
17,2.419754,0.514460,0.001342,128.000000,0.196842,52.897935,146.719891,41.048831,0.165273
18,2.398300,0.517816,0.001272,128.000000,0.196842,53.371135,154.713420,43.447131,0.166545
19,2.339040,0.534915,0.001227,128.000000,0.196842,54.723303,160.370691,45.786171,0.167773
20,2.386493,0.543758,0.001266,128.000000,0.196842,53.635182,155.427705,48.172665,0.169039
21,2.355946,0.539755,0.001402,128.000000,0.196842,54.330623,140.440462,50.528610,0.170441
22,2.384398,0.538368,0.040195,128.000000,0.196842,53.682304,4.897170,52.913009,0.210636
23,2.259158,0.552639,0.031444,128.000000,0.196842,56.658285,6.260163,55.172166,0.242080
24,2.349673,0.527405,0.001290,128.000000,0.196842,54.475671,152.612734,57.521839,0.243369
25,2.550645,0.544846,0.001310,128.000000,0.196842,50.183381,150.230941,60.072484,0.244680
26,2.361414,0.536545,0.001330,128.000000,0.196842,54.204815,147.950367,62.433898,0.246010
27,2.212391,0.552632,0.126487,128.000000,0.196842,57.855958,1.556225,64.646289,0.372497
28,2.407664,0.551088,0.001277,128.000000,0.196842,53.163558,154.171766,67.053953,0.373774
29,2.378378,0.533929,0.001301,128.000000,0.196842,53.818192,151.260575,69.432331,0.375075
30,2.348342,0.533815,0.001315,128.000000,0.196842,54.506539,149.704567,71.780673,0.376390
31,2.429009,0.560567,0.001438,128.000000,0.196842,52.696381,136.933033,74.209683,0.377828
32,2.464047,0.563129,0.001319,128.000000,0.196842,51.947054,149.193967,76.673730,0.379147
33,2.473038,0.538580,0.100423,128.000000,0.196842,51.758201,1.960134,79.146768,0.479570
34,2.592787,0.558331,0.048449,128.000000,0.196842,49.367720,4.062908,81.739556,0.528018
35,2.484143,0.536137,0.065608,128.000000,0.196842,51.526823,3.000276,84.223699,0.593626
36,2.971778,0.548758,0.001477,128.000000,0.196842,43.071861,133.286337,87.195476,0.595103
37,2.257142,0.533949,0.279875,128.000000,0.196842,56.708883,0.703321,89.452618,0.874979
38,2.351501,0.532592,0.001189,128.000000,0.196842,54.433318,165.553563,91.804119,0.876167
39,2.373516,0.569728,0.001306,128.000000,0.196842,53.928445,150.711972,94.177635,0.877474
40,2.396480,0.552447,0.001318,128.000000,0.196842,53.411666,149.334998,96.574115,0.878792
41,2.507765,1.695291,0.001368,128.000000,0.196842,51.041472,143.866830,99.081880,0.880160
42,2.340462,1.694085,0.001284,128.000000,0.196842,54.690048,153.305919,101.422342,0.881444
43,2.584423,0.543245,0.001309,128.000000,0.196842,49.527501,150.347982,104.006765,0.882753
44,2.395772,0.538050,0.001232,128.000000,0.196842,53.427459,159.745463,106.402537,0.883985
45,2.328497,0.532593,0.065743,128.000000,0.196842,54.971090,2.994121,108.731033,0.949728
46,2.403454,0.556654,0.001335,128.000000,0.196842,53.256677,147.396989,111.134488,0.951064
47,2.393634,0.562146,0.001327,128.000000,0.196842,53.475178,148.292101,113.528122,0.952391
48,2.442916,0.532285,0.001282,128.000000,0.196842,52.396391,153.519821,115.971038,0.953673
49,2.310081,0.548647,0.033534,128.000000,0.196842,55.409301,5.869963,118.281119,0.987207
50,2.349662,0.557080,0.063474,128.000000,0.196842,54.475915,3.101168,120.630782,1.050681
51,2.372821,0.551303,0.367084,128.000000,0.196842,53.944220,0.536232,123.003603,1.417764
52,2.155445,0.533065,0.001387,128.000000,0.196842,59.384490,141.932795,125.159048,1.419151
53,2.414750,0.548698,0.001243,128.000000,0.196842,53.007551,158.339428,127.573798,1.420395
54,2.305198,0.535710,0.034712,128.000000,0.196842,55.526693,5.670712,129.878996,1.455107
55,2.291006,0.553850,0.027096,128.000000,0.196842,55.870650,7.264592,132.170002,1.482203
56,2.426711,0.536201,0.001302,128.000000,0.196842,52.746291,151.216884,134.596713,1.483504
57,2.357059,0.555859,0.001236,128.000000,0.196842,54.304969,159.203984,136.953772,1.484741
58,2.381324,0.551551,0.001249,128.000000,0.196842,53.751621,157.544965,139.335095,1.485990
59,2.355863,0.535143,0.113574,128.000000,0.196842,54.332525,1.733156,141.690958,1.599565
60,2.518199,0.537642,0.092813,128.000000,0.196842,50.829983,2.120837,144.209157,1.692378
61,2.389740,0.558451,0.001487,128.000000,0.196842,53.562321,132.384374,146.598897,1.693865
62,2.367499,0.553152,0.029413,128.000000,0.196842,54.065490,6.692395,148.966396,1.723278
63,2.324853,0.554620,0.001334,128.000000,0.196842,55.057251,147.515845,151.291249,1.724612
64,2.280341,0.553583,0.082972,128.000000,0.196842,56.131945,2.372396,153.571590,1.807584
65,2.442457,0.552909,0.004907,128.000000,0.196842,52.406248,40.113883,156.014047,1.812491
66,2.297582,0.554795,0.083386,128.000000,0.196842,55.710737,2.360619,158.311629,1.895877
67,2.460551,0.536068,0.001318,128.000000,0.196842,52.020872,149.368540,160.772180,1.897195
68,2.721603,0.558214,0.001306,128.000000,0.196842,47.031114,150.744635,163.493783,1.898501
69,2.382627,0.537876,0.011998,128.000000,0.196842,53.722211,16.406508,165.876410,1.910499
70,2.410151,0.534974,0.001382,128.000000,0.196842,53.108699,142.461607,168.286561,1.911880
71,2.562426,0.553850,0.001391,128.000000,0.196842,49.952661,141.541809,170.848987,1.913271
72,2.463816,0.532291,0.157246,128.000000,0.196842,51.951940,1.251807,173.312803,2.070517
73,2.438849,0.536327,0.001286,128.000000,0.196842,52.483780,153.107616,175.751651,2.071803
74,2.328848,0.537628,0.027433,128.000000,0.196842,54.962803,7.175482,178.080499,2.099236
75,2.558220,0.533888,0.001286,128.000000,0.196842,50.034791,153.032864,180.638719,2.100522
76,2.478457,0.556387,0.001352,128.000000,0.196842,51.645033,145.605616,183.117176,2.101874
77,2.435232,0.556914,0.001294,128.000000,0.196842,52.561728,152.068393,185.552408,2.103168
78,2.402639,0.559559,0.001371,128.000000,0.196842,53.274747,143.570607,187.955048,2.104539
79,2.417111,0.558110,0.001356,128.000000,0.196842,52.955771,145.157223,190.372159,2.105895
80,2.368063,0.552905,0.001293,128.000000,0.196842,54.052626,152.206673,192.740221,2.107189
81,3.731337,0.537000,0.160612,128.000000,0.196842,34.304054,1.225573,196.471559,2.267801
82,2.775969,0.533369,0.005527,128.000000,0.196842,46.110033,35.612296,199.247527,2.273328
83,2.381480,0.551317,0.006424,128.000000,0.196842,53.748087,30.639521,201.629008,2.279753
84,2.356313,0.538810,0.030405,128.000000,0.196842,54.322156,6.474079,203.985320,2.310158
85,2.479017,0.535303,0.001296,128.000000,0.196842,51.633371,151.935992,206.464337,2.311453
86,2.736446,0.535287,0.001303,128.000000,0.196842,46.776004,151.038546,209.200783,2.312756
87,2.432681,0.543082,0.001344,128.000000,0.196842,52.616853,146.413993,211.633464,2.314101
88,2.543201,0.537562,0.019839,128.000000,0.196842,50.330274,9.921861,214.176665,2.333940
89,2.487161,0.548263,0.005231,128.000000,0.196842,51.464306,37.628468,216.663826,2.339171
90,2.562347,0.553929,0.001370,128.000000,0.196842,49.954202,143.697006,219.226173,2.340541
91,2.587998,0.536208,0.001303,128.000000,0.196842,49.459076,151.060105,221.814171,2.341844
92,2.440005,0.559753,0.001345,128.000000,0.196842,52.458900,146.394611,224.254176,2.343189
93,2.371463,0.534107,0.089511,128.000000,0.196842,53.975120,2.199082,226.625639,2.432700
94,2.376443,0.556942,0.001297,128.000000,0.196842,53.862016,151.760869,229.002082,2.433997
95,2.405749,0.555096,0.028664,128.000000,0.196842,53.205887,6.867252,231.407831,2.462661
96,2.333402,0.545288,0.060906,128.000000,0.196842,54.855536,3.231909,233.741232,2.523567
97,2.581690,0.534014,0.115877,128.000000,0.196842,49.579926,1.698722,236.322922,2.639443
98,2.674166,0.551499,0.001355,128.000000,0.196842,47.865384,145.292330,238.997089,2.640798
99,2.841098,0.553993,0.001296,128.000000,0.196842,45.052997,151.843870,241.838187,2.642094
100,2.696954,0.558574,0.001331,128.000000,0.196842,47.460954,147.922127,244.535141,2.643425
101,2.761613,0.534347,0.001375,128.000000,0.196842,46.349717,143.134225,247.296755,2.644800
102,2.404659,0.551358,0.103737,128.000000,0.196842,53.230011,1.897518,249.701413,2.748537
103,2.309838,0.546700,0.058067,128.000000,0.196842,55.415145,3.389935,252.011251,2.806604
104,2.679589,0.532602,0.001344,128.000000,0.196842,47.768514,146.466068,254.690840,2.807948
105,2.545209,0.558768,0.001371,128.000000,0.196842,50.290560,143.541816,257.236050,2.809319
106,2.440287,0.558407,0.001278,128.000000,0.196842,52.452853,154.008321,259.676336,2.810597
107,2.349311,0.553953,0.037853,128.000000,0.196842,54.484063,5.200206,262.025647,2.848450
108,2.312766,0.556627,0.124874,128.000000,0.196842,55.344984,1.576331,264.338413,2.973324
109,2.465379,0.545213,0.001289,128.000000,0.196842,51.918986,152.709464,266.803793,2.974613
110,2.347853,0.536422,0.178401,128.000000,0.196842,54.517900,1.103370,269.151645,3.153014
111,2.474272,0.556584,0.001301,128.000000,0.196842,51.732393,151.336165,271.625917,3.154314
112,2.430818,0.558627,0.001334,128.000000,0.196842,52.657164,147.590615,274.056735,3.155648
113,2.531573,0.542544,0.001319,128.000000,0.196842,50.561456,149.283014,276.588308,3.156966
114,2.610786,0.557404,0.007810,128.000000,0.196842,49.027376,25.203001,279.199094,3.164777
115,2.334743,0.535338,0.037246,128.000000,0.196842,54.824012,5.284858,281.533838,3.202023
116,2.327504,0.535958,0.017154,128.000000,0.196842,54.994544,11.474823,283.861341,3.219177
117,2.473840,0.560665,0.001363,128.000000,0.196842,51.741427,144.431689,286.335181,3.220540
118,2.455594,0.539972,0.001298,128.000000,0.196842,52.125887,151.635427,288.790775,3.221838
119,2.533198,0.536032,0.150138,128.000000,0.196842,50.529009,1.311078,291.323973,3.371976
120,2.491354,0.537397,0.001292,128.000000,0.196842,51.377687,152.388962,293.815327,3.373268
121,2.530140,0.546697,0.044560,128.000000,0.196842,50.590081,4.417493,296.345467,3.417828
122,2.377000,0.537994,0.013900,128.000000,0.196842,53.849401,14.161461,298.722467,3.431727
123,2.423733,0.556064,0.001294,128.000000,0.196842,52.811092,152.067688,301.146200,3.433022
124,2.432937,0.537434,0.022170,128.000000,0.196842,52.611300,8.878808,303.579137,3.455192
125,2.385247,0.558549,0.022844,128.000000,0.196842,53.663195,8.616654,305.964385,3.478036
126,2.540254,0.537634,0.031728,128.000000,0.196842,50.388652,6.203964,308.504639,3.509765
127,2.298462,0.534499,0.170963,128.000000,0.196842,55.689405,1.151372,310.803102,3.680728
128,2.740378,0.538797,0.469342,128.000000,0.196842,46.708880,0.419401,313.543480,4.150069
129,2.585795,0.539812,0.001294,128.000000,0.196842,49.501213,152.068158,316.129275,4.151364
130,2.347956,0.556624,0.238004,128.000000,0.196842,54.515509,0.827056,318.477231,4.389367
131,2.471527,0.535808,0.001346,128.000000,0.196842,51.789842,146.259620,320.948758,4.390713
132,2.552343,0.558108,0.001395,128.000000,0.196842,50.150003,141.136575,323.501101,4.392108
133,2.770066,0.551176,0.001409,128.000000,0.196842,46.208293,139.654014,326.271166,4.393517
134,2.315556,0.554175,0.194941,128.000000,0.196842,55.278311,1.009751,328.586722,4.588459
135,2.517982,0.547270,0.024455,128.000000,0.196842,50.834359,8.049315,331.104704,4.612913
136,2.337818,0.538211,0.110811,128.000000,0.196842,54.751898,1.776382,333.442522,4.723724
137,2.378853,0.546227,0.152539,128.000000,0.196842,53.807455,1.290439,335.821375,4.876263
138,2.513073,0.535901,0.001316,128.000000,0.196842,50.933666,149.600917,338.334448,4.877579
139,2.407972,0.536332,0.001432,128.000000,0.196842,53.156773,137.491221,340.742419,4.879010
140,2.530861,0.539217,0.001282,128.000000,0.196842,50.575679,153.507490,343.273280,4.880293
141,2.392932,0.539182,0.061044,128.000000,0.196842,53.490871,3.224612,345.666212,4.941336
142,2.389314,0.557603,0.001382,128.000000,0.196842,53.571867,142.399153,348.055525,4.942719
143,2.333561,0.541111,0.097018,128.000000,0.196842,54.851786,2.028916,350.389087,5.039737
144,2.424492,0.536883,0.001311,128.000000,0.196842,52.794572,150.114883,352.813578,5.041048
145,2.677141,0.542936,0.001290,128.000000,0.196842,47.812205,152.532673,355.490719,5.042339
146,2.432949,0.559529,0.001291,128.000000,0.196842,52.611044,152.433569,357.923668,5.043630
147,2.177740,0.554645,0.202440,128.000000,0.196842,58.776525,0.972350,360.101408,5.246070
148,2.341506,0.539495,0.079180,128.000000,0.196842,54.665682,2.486014,362.442914,5.325250
149,2.478088,0.560473,0.001342,128.000000,0.196842,51.652716,146.707862,364.921002,5.326591
150,2.402199,0.550489,0.213811,128.000000,0.196842,53.284504,0.920636,367.323202,5.540403
151,2.596385,0.542065,0.071707,128.000000,0.196842,49.299318,2.745073,369.919587,5.612110
152,2.723763,0.562057,0.001373,128.000000,0.196842,46.993808,143.395317,372.643350,5.613483
153,2.580397,0.557590,0.001315,128.000000,0.196842,49.604769,149.689881,375.223747,5.614798
154,2.414012,0.536751,0.001360,128.000000,0.196842,53.023767,144.740313,377.637758,5.616158
155,2.513250,0.555357,0.001317,128.000000,0.196842,50.930069,149.458249,380.151009,5.617475
156,2.453066,0.559499,0.001305,128.000000,0.196842,52.179603,150.875545,382.604074,5.618779
157,2.357743,0.549674,0.001280,128.000000,0.196842,54.289213,153.745368,384.961817,5.620060
158,3.464971,0.562465,0.001304,128.000000,0.196842,36.941141,150.938365,388.426789,5.621364
159,2.522403,0.547683,0.001309,128.000000,0.196842,50.745258,150.368311,390.949192,5.622673
160,2.845781,0.554337,0.001282,128.000000,0.196842,44.978861,153.526886,393.794973,5.623955
161,2.620399,0.565046,0.001252,128.000000,0.196842,48.847530,157.223706,396.415372,5.625207
162,2.461420,0.548275,0.001344,128.000000,0.196842,52.002505,146.409964,398.876792,5.626551
163,2.491965,0.554871,0.001314,128.000000,0.196842,51.365089,149.849987,401.368756,5.627865
164,2.470533,0.557664,0.001350,128.000000,0.196842,51.810678,145.833878,403.839290,5.629215
165,2.442421,0.539867,0.165793,128.000000,0.196842,52.407023,1.187276,406.281710,5.795008
166,2.473448,0.543266,0.001327,128.000000,0.196842,51.749630,148.322606,408.755158,5.796335
167,2.352810,0.559441,0.001317,128.000000,0.196842,54.403043,149.475160,411.107968,5.797652
168,2.482889,0.561668,0.001316,128.000000,0.196842,51.552856,149.584887,413.590856,5.798968
169,2.475763,0.539307,0.001301,128.000000,0.196842,51.701231,151.351292,416.066619,5.800268
170,2.430304,0.543560,0.001302,128.000000,0.196842,52.668313,151.174843,418.496923,5.801571
171,2.407440,0.541866,0.020408,128.000000,0.196842,53.168518,9.645236,420.904363,5.821979
172,2.447722,0.538943,0.001316,128.000000,0.196842,52.293527,149.535115,423.352084,5.823295
173,2.300673,0.540384,0.129472,128.000000,0.196842,55.635884,1.520343,425.652758,5.952767
174,2.545877,0.538453,0.001308,128.000000,0.196842,50.277374,150.497302,428.198635,5.954075
175,2.493049,0.539117,0.001253,128.000000,0.196842,51.342763,157.076540,430.691683,5.955329
176,2.346689,0.539334,0.055051,128.000000,0.196842,54.544927,3.575605,433.038373,6.010380
177,2.203143,0.540861,0.174896,128.000000,0.196842,58.098805,1.125481,435.241516,6.185276
178,2.387852,0.552285,0.035642,128.000000,0.196842,53.604654,5.522725,437.629368,6.220918
179,2.501123,0.545769,0.001309,128.000000,0.196842,51.177015,150.416226,440.130491,6.222227
180,2.359810,0.564614,0.054506,128.000000,0.196842,54.241651,3.611377,442.490301,6.276733
181,2.556997,0.558934,0.001310,128.000000,0.196842,50.058718,150.228304,445.047298,6.278043
182,2.211476,0.554812,0.269053,128.000000,0.196842,57.879904,0.731610,447.258774,6.547097
183,2.752196,0.539025,0.001355,128.000000,0.196842,46.508318,145.233799,450.010970,6.548452
184,2.597576,0.558195,0.001340,128.000000,0.196842,49.276705,146.860335,452.608546,6.549792
185,2.465667,0.557810,0.001285,128.000000,0.196842,51.912928,153.160391,455.074213,6.551077
186,2.882033,0.544718,0.001318,128.000000,0.196842,44.413087,149.379989,457.956247,6.552395
187,2.498175,0.540988,0.001325,128.000000,0.196842,51.237400,148.597828,460.454422,6.553720
188,2.314432,0.557066,0.096428,128.000000,0.196842,55.305139,2.041344,462.768854,6.650148
189,2.344346,0.541679,0.025933,128.000000,0.196842,54.599450,7.590325,465.113200,6.676081
190,2.485894,0.548411,0.001295,128.000000,0.196842,51.490539,152.008737,467.599094,6.677376
191,2.450124,0.539997,0.001241,128.000000,0.196842,52.242256,158.654014,470.049218,6.678617
192,2.682147,0.550821,0.001372,128.000000,0.196842,47.722961,143.443176,472.731365,6.679989
193,2.484562,0.562880,0.001347,128.000000,0.196842,51.518133,146.099391,475.215927,6.681336
194,3.144885,0.542573,0.001317,128.000000,0.196842,40.701005,149.426028,478.360812,6.682653
195,3.189712,0.562265,0.057066,128.000000,0.196842,40.129017,3.449350,481.550524,6.739720
196,2.439195,0.541534,0.081663,128.000000,0.196842,52.476329,2.410426,483.989719,6.821383
197,2.558788,0.544210,0.144979,128.000000,0.196842,50.023677,1.357729,486.548507,6.966362
198,2.408306,0.546365,0.001429,128.000000,0.196842,53.149389,137.709857,488.956814,6.967791
199,2.383191,0.550246,0.001330,128.000000,0.196842,53.709498,147.986183,491.340005,6.969121
200,2.395521,0.559927,0.001250,128.000000,0.196842,53.433062,157.428919,493.735525,6.970372
201,2.382808,0.563371,0.079565,128.000000,0.196842,53.718140,2.473982,496.118333,7.049937
202,2.448009,0.555834,0.001319,128.000000,0.196842,52.287383,149.276561,498.566342,7.051255
203,2.566168,0.561313,0.001354,128.000000,0.196842,49.879815,145.389557,501.132511,7.052609
204,2.377318,0.561708,0.001322,128.000000,0.196842,53.842188,148.893105,503.509829,7.053931
205,2.461321,0.539665,0.013968,128.000000,0.196842,52.004595,14.092309,505.971150,7.067899
206,2.357636,0.563646,0.173557,128.000000,0.196842,54.291676,1.134166,508.328785,7.241456
207,2.511934,0.545220,0.001299,128.000000,0.196842,50.956761,151.552070,510.840719,7.242755
208,2.477519,0.548778,0.001517,128.000000,0.196842,51.664583,129.764643,513.318238,7.244272
209,2.609572,0.553532,0.001273,128.000000,0.196842,49.050193,154.658962,515.927810,7.245544
210,2.546672,0.541256,0.056612,128.000000,0.196842,50.261667,3.477025,518.474483,7.302157
211,2.385795,0.543612,0.032118,128.000000,0.196842,53.650876,6.128694,520.860278,7.334275
212,2.416313,0.570406,0.001366,128.000000,0.196842,52.973259,144.110239,523.276591,7.335641
213,2.752558,0.541405,0.014711,128.000000,0.196842,46.502194,13.380762,526.029149,7.350352
214,2.327260,0.558339,0.105869,128.000000,0.196842,55.000302,1.859305,528.356409,7.456220
215,2.345724,0.548094,0.233540,128.000000,0.196842,54.567376,0.842864,530.702133,7.689760
216,2.345752,0.544224,0.029883,128.000000,0.196842,54.566713,6.587070,533.047886,7.719643
217,3.235101,0.544262,0.001306,128.000000,0.196842,39.566003,150.753525,536.282986,7.720949
218,2.503314,0.545565,0.001394,128.000000,0.196842,51.132224,141.227609,538.786300,7.722343
219,2.490176,0.542281,0.126429,128.000000,0.196842,51.401980,1.556937,541.276477,7.848772
220,2.425351,0.545013,0.001319,128.000000,0.196842,52.775860,149.198490,543.701828,7.850091
221,2.458538,0.570086,0.001370,128.000000,0.196842,52.063454,143.637237,546.160366,7.851462
222,2.320307,0.545706,0.064944,128.000000,0.196842,55.165115,3.030940,548.480673,7.916406
223,2.407562,0.545892,0.026330,128.000000,0.196842,53.165808,7.475904,550.888236,7.942736
224,2.617238,0.562464,0.001307,128.000000,0.196842,48.906525,150.591483,553.505473,7.944043
225,2.399447,0.563922,0.001312,128.000000,0.196842,53.345626,149.975805,555.904920,7.945356
226,2.341938,0.559535,0.004134,128.000000,0.196842,54.655597,47.611331,558.246858,7.949490
227,2.386601,0.554650,0.001301,128.000000,0.196842,53.632763,151.249534,560.633459,7.950791
228,2.525737,0.542878,0.001388,128.000000,0.196842,50.678268,141.823886,563.159196,7.952179
229,2.462512,0.559999,0.001334,128.000000,0.196842,51.979436,147.585967,565.621709,7.953513
230,2.592186,0.564838,0.001228,128.000000,0.196842,49.379180,160.306042,568.213894,7.954741
231,2.288192,0.541316,0.053802,128.000000,0.196842,55.939371,3.658630,570.502086,8.008543
232,2.502399,0.542959,0.001432,128.000000,0.196842,51.150924,137.460688,573.004484,8.009975
233,2.437613,0.539874,0.034886,128.000000,0.196842,52.510390,5.642472,575.442097,8.044861
234,2.381502,0.548395,0.206758,128.000000,0.196842,53.747582,0.952041,577.823600,8.251619
235,2.463615,0.542952,0.021657,128.000000,0.196842,51.956170,9.089040,580.287215,8.273276
236,2.451159,0.548265,0.001308,128.000000,0.196842,52.220205,150.438757,582.738373,8.274585
237,2.561645,0.561393,0.404923,128.000000,0.196842,49.967884,0.486122,585.300019,8.679508
238,2.428841,0.563427,0.001381,128.000000,0.196842,52.700026,142.572014,587.728860,8.680889
239,2.295994,0.543447,0.055774,128.000000,0.196842,55.749286,3.529266,590.024854,8.736663
240,2.493472,0.560488,0.001297,128.000000,0.196842,51.334038,151.806046,592.518326,8.737960
241,2.320079,0.562956,0.120922,128.000000,0.196842,55.170530,1.627851,594.838405,8.858881
242,2.340931,0.561073,0.050477,128.000000,0.196842,54.679096,3.899627,597.179336,8.909358
243,2.379436,0.551799,0.140703,128.000000,0.196842,53.794251,1.398987,599.558773,9.050062
244,2.472404,0.563210,0.001368,128.000000,0.196842,51.771467,143.893017,602.031177,9.051430
245,2.406980,0.555115,0.001351,128.000000,0.196842,53.178677,145.742531,604.438157,9.052780
246,2.580501,0.541492,0.138525,128.000000,0.196842,49.602774,1.420986,607.018658,9.191305
247,2.534088,0.551666,0.001311,128.000000,0.196842,50.511266,150.132172,609.552746,9.192617
248,2.723114,0.546183,0.001336,128.000000,0.196842,47.005009,147.294635,612.275860,9.193953
249,2.326123,0.562267,0.190940,128.000000,0.196842,55.027187,1.030911,614.601983,9.384893
250,2.496399,0.562547,0.001310,128.000000,0.196842,51.273858,150.288865,617.098381,9.386203
251,5.506319,0.544918,0.001299,128.000000,0.196842,23.246018,151.477313,622.604701,9.387502
252,2.729841,0.551376,0.001353,128.000000,0.196842,46.889181,145.500141,625.334542,9.388855
253,2.461284,0.562571,0.001332,128.000000,0.196842,52.005381,147.807832,627.795825,9.390187
254,2.807787,0.545436,0.001305,128.000000,0.196842,45.587507,150.792328,630.603612,9.391492
255,2.743854,0.550387,0.001294,128.000000,0.196842,46.649714,152.131152,633.347466,9.392786
256,2.576723,0.541023,0.001301,128.000000,0.196842,49.675491,151.245931,635.924189,9.394088
257,2.665323,0.572834,0.001319,128.000000,0.196842,48.024195,149.198830,638.589513,9.395407
258,2.516559,0.548449,0.001382,128.000000,0.196842,50.863095,142.474496,641.106072,9.396788
259,2.481465,0.548965,0.134318,128.000000,0.196842,51.582436,1.465490,643.587537,9.531107
260,2.168878,0.547389,0.264061,128.000000,0.196842,59.016681,0.745442,645.756415,9.795168
261,2.907001,0.549845,0.001273,128.000000,0.196842,44.031628,154.575283,648.663417,9.796441
262,2.397609,0.547798,0.087268,128.000000,0.196842,53.386516,2.255608,651.061026,9.883709
263,2.864817,0.552190,0.203027,128.000000,0.196842,44.679990,0.969535,653.925843,10.086737
264,2.551463,0.557174,0.072141,128.000000,0.196842,50.167296,2.728592,656.477306,10.158877
265,2.596139,0.560535,0.001245,128.000000,0.196842,49.303995,158.132853,659.073444,10.160122
266,2.437410,0.565764,0.021273,128.000000,0.196842,52.514762,9.253303,661.510854,10.181395
267,2.396917,0.544822,0.329616,128.000000,0.196842,53.401937,0.597187,663.907771,10.511010
268,2.450244,0.544146,0.016530,128.000000,0.196842,52.239687,11.908474,666.358015,10.527540
269,2.929144,0.549708,0.001329,128.000000,0.196842,43.698779,148.128728,669.287159,10.528869
270,2.394524,0.561583,0.067389,128.000000,0.196842,53.455296,2.920974,671.681683,10.596258
271,2.726883,0.546106,0.001429,128.000000,0.196842,46.940034,137.722671,674.408567,10.597687
272,2.600140,0.547051,0.091087,128.000000,0.196842,49.228118,2.161024,677.008707,10.688775
273,2.405017,0.544882,0.045837,128.000000,0.196842,53.222087,4.294418,679.413723,10.734611
274,2.670308,0.546788,0.023895,128.000000,0.196842,47.934539,8.237846,682.084032,10.758506
275,2.441177,0.555722,0.026410,128.000000,0.196842,52.433718,7.453343,684.525209,10.784916
276,2.546951,0.563097,0.106438,128.000000,0.196842,50.256164,1.849366,687.072160,10.891354
277,4.311844,0.566623,0.001388,128.000000,0.196842,29.685673,141.781391,691.384004,10.892742
278,2.686646,0.546148,0.038091,128.000000,0.196842,47.643053,5.167712,694.070650,10.930833
279,2.556042,0.551231,0.008799,128.000000,0.196842,50.077421,22.370073,696.626692,10.939632
280,2.778899,0.545552,0.211273,128.000000,0.196842,46.061411,0.931696,699.405591,11.150905
281,2.485703,0.565078,0.016138,128.000000,0.196842,51.494485,12.197448,701.891294,11.167043
282,3.149361,0.549081,0.025937,128.000000,0.196842,40.643169,7.589327,705.040655,11.192980
283,2.429573,0.545139,0.051797,128.000000,0.196842,52.684153,3.800270,707.470228,11.244777
284,2.422500,0.566152,0.274707,128.000000,0.196842,52.837970,0.716554,709.892728,11.519484
285,2.666430,0.566854,0.001378,128.000000,0.196842,48.004268,142.838520,712.559158,11.520862
286,2.502523,0.566578,0.106379,128.000000,0.196842,51.148372,1.850377,715.061681,11.627241
287,2.557770,0.548510,0.001313,128.000000,0.196842,50.043590,149.965178,717.619451,11.628554
288,2.511888,0.567170,0.001414,128.000000,0.196842,50.957689,139.217939,720.131339,11.629968
289,2.568510,0.561001,0.144644,128.000000,0.196842,49.834334,1.360873,722.699850,11.774612
290,2.417516,0.549303,0.001290,128.000000,0.196842,52.946910,152.532436,725.117365,11.775902
291,2.785240,0.565835,0.001296,128.000000,0.196842,45.956536,151.844807,727.902606,11.777199
292,2.308146,0.622759,0.078084,128.000000,0.196842,55.455764,2.520902,730.210752,11.855283
293,2.551261,0.569794,0.001352,128.000000,0.196842,50.171274,145.545864,732.762013,11.856635
294,2.358909,0.567586,0.346449,128.000000,0.196842,54.262372,0.568171,735.120922,12.203084
295,2.414619,0.563103,0.001307,128.000000,0.196842,53.010424,150.589525,737.535541,12.204391
296,2.767388,0.553290,0.001290,128.000000,0.196842,46.252994,152.647410,740.302930,12.205681
297,2.267508,0.548092,0.096170,128.000000,0.196842,56.449631,2.046823,742.570438,12.301850
298,2.579473,0.551693,0.001404,128.000000,0.196842,49.622543,140.181024,745.149910,12.303255
299,2.756674,0.552891,0.001324,128.000000,0.196842,46.432766,148.624756,747.906584,12.304579
300,2.485584,0.549159,0.028576,128.000000,0.196842,51.496956,6.888289,750.392168,12.333155
301,2.587779,0.555252,0.104208,128.000000,0.196842,49.463270,1.888941,752.979947,12.437363
302,2.906032,0.547938,0.001420,128.000000,0.196842,44.046313,138.574323,755.885979,12.438783
303,2.451357,0.564136,0.001438,128.000000,0.196842,52.215980,136.853444,758.337336,12.440222
304,2.742564,0.551100,0.055072,128.000000,0.196842,46.671662,3.574269,761.079900,12.495294
305,3.182027,0.566713,0.001287,128.000000,0.196842,40.225937,152.954025,764.261926,12.496581
306,2.531907,0.549521,0.078605,128.000000,0.196842,50.554775,2.504205,766.793833,12.575185
307,2.390920,0.571289,0.186550,128.000000,0.196842,53.535870,1.055169,769.184754,12.761736
308,3.275556,0.551053,0.001296,128.000000,0.196842,39.077335,151.880541,772.460310,12.763032
309,2.489115,0.554931,0.001355,128.000000,0.196842,51.423898,145.244301,774.949425,12.764387
310,2.725987,0.560160,0.001234,128.000000,0.196842,46.955473,159.540118,777.675412,12.765621
311,2.741121,0.559168,0.056217,128.000000,0.196842,46.696217,3.501485,780.416533,12.821838
312,2.346871,0.564965,0.200026,128.000000,0.196842,54.540698,0.984082,782.763404,13.021864
313,2.461250,0.547400,0.038582,128.000000,0.196842,52.006090,5.101962,785.224655,13.060446
314,2.410022,0.565719,0.034867,128.000000,0.196842,53.111557,5.645498,787.634676,13.095313
315,3.359793,0.564339,0.170083,128.000000,0.196842,38.097590,1.157331,790.994469,13.265395
316,2.545009,0.569052,0.001349,128.000000,0.196842,50.294524,145.888460,793.539477,13.266745
317,2.549803,0.566366,0.344609,128.000000,0.196842,50.199956,0.571204,796.089281,13.611354
318,2.440186,0.549577,0.111023,128.000000,0.196842,52.455015,1.772986,798.529467,13.722377
319,2.759304,0.578607,0.001476,128.000000,0.196842,46.388505,133.319287,801.288771,13.723853
320,2.409816,0.558456,0.011238,128.000000,0.196842,53.116083,17.515178,803.698587,13.735092
321,2.649092,0.568824,0.001303,128.000000,0.196842,48.318446,151.060801,806.347679,13.736395
322,2.689447,0.559098,0.001327,128.000000,0.196842,47.593427,148.334230,809.037126,13.737722
323,2.620435,0.567120,0.101383,128.000000,0.196842,48.846855,1.941562,811.657561,13.839105
324,2.403414,0.552052,0.045201,128.000000,0.196842,53.257575,4.354818,814.060975,13.884306
325,3.021646,0.572600,0.001371,128.000000,0.196842,42.361019,143.601086,817.082621,13.885677
326,2.575157,0.565524,0.055571,128.000000,0.196842,49.705717,3.542172,819.657777,13.941248
327,3.128064,0.569903,0.001341,128.000000,0.196842,40.919873,146.774044,822.785842,13.942589
328,2.367491,0.563216,0.066743,128.000000,0.196842,54.065678,2.949239,825.153333,14.009333
329,2.844325,0.569622,0.001342,128.000000,0.196842,45.001892,146.704145,827.997657,14.010674
330,2.627514,0.576168,0.121810,128.000000,0.196842,48.715241,1.615973,830.625172,14.132485
331,2.536171,0.566433,0.070023,128.000000,0.196842,50.469776,2.811116,833.161343,14.202507
332,2.449124,0.552213,0.030025,128.000000,0.196842,52.263578,6.555868,835.610468,14.232533
333,2.871211,0.568004,0.001433,128.000000,0.196842,44.580499,137.387868,838.481678,14.233966
334,2.869865,0.577668,0.001396,128.000000,0.196842,44.601405,141.048691,841.351543,14.235361
335,2.391625,0.567977,0.169964,128.000000,0.196842,53.520104,1.158140,843.743168,14.405325
336,2.524095,0.558256,0.117008,128.000000,0.196842,50.711236,1.682301,846.267263,14.522333
337,2.330191,0.570636,0.162184,128.000000,0.196842,54.931128,1.213694,848.597454,14.684517
338,2.864769,0.563827,0.001242,128.000000,0.196842,44.680736,158.490631,851.462223,14.685759
339,2.428094,0.552427,0.047177,128.000000,0.196842,52.716246,4.172399,853.890317,14.732937
340,2.619284,0.564952,0.001474,128.000000,0.196842,48.868313,133.525661,856.509601,14.734411
341,2.561877,0.578467,0.001361,128.000000,0.196842,49.963358,144.668296,859.071479,14.735771
342,2.557701,0.570928,0.001239,128.000000,0.196842,50.044951,158.829396,861.629179,14.737011
343,2.501228,0.567386,0.001313,128.000000,0.196842,51.174855,149.967692,864.130408,14.738323
344,2.624929,0.570202,0.001327,128.000000,0.196842,48.763227,148.290872,866.755336,14.739651
345,2.647139,0.567293,0.001323,128.000000,0.196842,48.354087,148.799461,869.402476,14.740974
346,3.402560,0.555754,0.001335,128.000000,0.196842,37.618736,147.435519,872.805035,14.742309
347,2.668795,0.571298,0.003354,128.000000,0.196842,47.961718,58.681527,875.473831,14.745663
348,2.577340,0.557588,0.001338,128.000000,0.196842,49.663605,147.081230,878.051171,14.747001
349,2.524024,0.570234,0.001443,128.000000,0.196842,50.712671,136.402229,880.575195,14.748445
350,2.688004,0.572132,0.034737,128.000000,0.196842,47.618971,5.666668,883.263199,14.783181
351,2.740810,0.563422,0.001293,128.000000,0.196842,46.701523,152.199377,886.004009,14.784475
352,2.434018,0.585424,0.001332,128.000000,0.196842,52.587934,147.791408,888.438027,14.785807
353,2.746574,0.569074,0.001288,128.000000,0.196842,46.603513,152.810706,891.184601,14.787095
354,2.775263,0.563145,0.001388,128.000000,0.196842,46.121748,141.846472,893.959865,14.788482
355,2.944825,0.567867,0.001290,128.000000,0.196842,43.466082,152.547921,896.904690,14.789773
356,2.508617,0.575791,0.001327,128.000000,0.196842,51.024138,148.313107,899.413306,14.791100
357,2.460685,0.554707,0.177059,128.000000,0.196842,52.018037,1.111735,901.873991,14.968159
358,2.513106,0.552873,0.001346,128.000000,0.196842,50.932989,146.193141,904.387097,14.969505
359,2.371266,0.554574,0.049838,128.000000,0.196842,53.979611,3.949631,906.758363,15.019343
360,2.322712,0.569681,0.175406,128.000000,0.196842,55.107986,1.122209,909.081075,15.194749
361,2.522735,0.569564,0.006731,128.000000,0.196842,50.738581,29.244510,911.603811,15.201480
362,2.500728,0.565956,0.001389,128.000000,0.196842,51.185097,141.689438,914.104538,15.202869
363,2.315921,0.568229,0.190386,128.000000,0.196842,55.269588,1.033912,916.420459,15.393255
364,2.715899,0.570173,0.017776,128.000000,0.196842,47.129875,11.073513,919.136359,15.411031
365,2.483113,0.558491,0.001301,128.000000,0.196842,51.548197,151.290802,921.619472,15.412332
366,2.762984,0.556127,0.001442,128.000000,0.196842,46.326723,136.461046,924.382456,15.413775
367,2.688569,0.568683,0.001318,128.000000,0.196842,47.608975,149.365593,927.071025,15.415092
368,2.449348,0.554881,0.001337,128.000000,0.196842,52.258803,147.200018,929.520373,15.416430
369,2.537182,0.554191,0.166194,128.000000,0.196842,50.449672,1.184415,932.057555,15.582623
370,2.437887,0.564500,0.043267,128.000000,0.196842,52.504487,4.549466,934.495442,15.625890
371,2.629006,0.572927,0.022559,128.000000,0.196842,48.687606,8.725815,937.124448,15.648449
372,2.589018,0.574781,0.001407,128.000000,0.196842,49.439593,139.894600,939.713466,15.649856
373,2.357230,0.562663,0.110739,128.000000,0.196842,54.301017,1.777527,942.070696,15.760595
374,2.816081,0.572540,0.001277,128.000000,0.196842,45.453232,154.180460,944.886777,15.761872
375,2.645927,0.555563,0.001249,128.000000,0.196842,48.376232,157.549000,947.532705,15.763122
376,2.376535,0.563859,0.068428,128.000000,0.196842,53.859935,2.876632,949.909239,15.831550
377,2.356128,0.581270,0.043122,128.000000,0.196842,54.326428,4.564751,952.265367,15.874672
378,2.810348,0.552040,0.044899,128.000000,0.196842,45.545967,4.384135,955.075715,15.919571
379,2.802942,0.570677,0.001384,128.000000,0.196842,45.666302,142.183768,957.878657,15.920955
380,2.651598,0.552833,0.001372,128.000000,0.196842,48.272783,143.506340,960.530254,15.922327
381,2.541251,0.573619,0.001362,128.000000,0.196842,50.368900,144.568633,963.071505,15.923688
382,2.443540,0.564458,0.001352,128.000000,0.196842,52.383024,145.553613,965.515045,15.925041
383,2.871383,0.568027,0.003137,128.000000,0.196842,44.577824,62.754589,968.386428,15.928177
384,2.992267,0.569849,0.311476,128.000000,0.196842,42.776925,0.631965,971.378695,16.239653
385,2.664659,0.578294,0.001355,128.000000,0.196842,48.036163,145.274101,974.043354,16.241008
386,2.519189,0.557982,0.001309,128.000000,0.196842,50.810001,150.430479,976.562543,16.242317
387,2.474136,0.566924,0.024334,128.000000,0.196842,51.735222,8.089181,979.036680,16.266651
388,2.329614,0.572924,0.213933,128.000000,0.196842,54.944717,0.920111,981.366294,16.480584
389,2.397224,0.568902,0.036373,128.000000,0.196842,53.395085,5.411696,983.763518,16.516957
390,2.523654,0.587256,0.001336,128.000000,0.196842,50.720105,147.324841,986.287173,16.518294
391,2.677349,0.555452,0.076236,128.000000,0.196842,47.808487,2.582019,988.964521,16.594529
392,2.941674,0.584341,0.001285,128.000000,0.196842,43.512646,153.231689,991.906195,16.595814
393,2.536917,0.553622,0.001396,128.000000,0.196842,50.454952,141.018680,994.443111,16.597210
394,2.459491,0.556080,0.001366,128.000000,0.196842,52.043291,144.141581,996.902602,16.598575
395,2.662391,0.557780,0.001300,128.000000,0.196842,48.077084,151.408686,999.564993,16.599875
396,2.472685,0.556357,0.001325,128.000000,0.196842,51.765583,148.582237,1002.037679,16.601200
397,2.508749,0.570680,0.001299,128.000000,0.196842,51.021438,151.488621,1004.546428,16.602500
398,2.659831,0.568035,0.001322,128.000000,0.196842,48.123363,148.877001,1007.206259,16.603822
399,2.390281,0.562675,0.009306,128.000000,0.196842,53.550179,21.151144,1009.596540,16.613128
400,2.517043,0.561743,0.001303,128.000000,0.196842,50.853313,151.106954,1012.113584,16.614431
401,3.006714,0.562564,0.001305,128.000000,0.196842,42.571394,150.840166,1015.120298,16.615736
402,2.526219,0.555312,0.191561,128.000000,0.196842,50.668609,1.027568,1017.646517,16.807297
403,3.361661,0.567352,0.001308,128.000000,0.196842,38.076412,150.515945,1021.008178,16.808605
404,2.938635,0.558521,0.001404,128.000000,0.196842,43.557641,140.220967,1023.946813,16.810009
405,2.894174,0.556897,0.001358,128.000000,0.196842,44.226780,144.951670,1026.840987,16.811367
406,2.811257,0.560120,0.001276,128.000000,0.196842,45.531239,154.233011,1029.652244,16.812643
407,2.438421,0.581200,0.001247,128.000000,0.196842,52.492977,157.884001,1032.090665,16.813890
408,2.699293,0.556565,0.001284,128.000000,0.196842,47.419828,153.260322,1034.789958,16.815174
409,2.402058,0.556459,0.001342,128.000000,0.196842,53.287645,146.692556,1037.192015,16.816516
410,2.479856,0.559171,0.001295,128.000000,0.196842,51.615895,151.962852,1039.671872,16.817811
411,2.479379,0.556712,0.366250,128.000000,0.196842,51.625830,0.537452,1042.151251,17.184062
412,2.637948,0.571907,0.001256,128.000000,0.196842,48.522564,156.776289,1044.789199,17.185317
413,2.678329,0.558944,0.001326,128.000000,0.196842,47.790984,148.444863,1047.467528,17.186643
414,2.546644,0.572017,0.190792,128.000000,0.196842,50.262222,1.031714,1050.014173,17.377435
415,2.588800,0.561732,0.097113,128.000000,0.196842,49.443751,2.026948,1052.602973,17.474548
416,2.914235,0.555857,0.001303,128.000000,0.196842,43.922331,151.056280,1055.517208,17.475851
417,2.520484,0.573532,0.007409,128.000000,0.196842,50.783890,26.569071,1058.037692,17.483259
418,2.578772,0.565973,0.001321,128.000000,0.196842,49.636036,149.014951,1060.616464,17.484580
419,2.545539,0.572100,0.079190,128.000000,0.196842,50.284039,2.485694,1063.162003,17.563770
420,2.353770,0.561408,0.064849,128.000000,0.196842,54.380834,3.035416,1065.515774,17.628619
421,3.294629,0.559250,0.001278,128.000000,0.196842,38.851112,153.997959,1068.810403,17.629897
422,2.646310,0.582285,0.001403,128.000000,0.196842,48.369236,140.323026,1071.456713,17.631300
423,2.503674,0.555740,0.001362,128.000000,0.196842,51.124861,144.519490,1073.960387,17.632662
424,2.412553,0.561125,0.001373,128.000000,0.196842,53.055830,143.384663,1076.372940,17.634035
425,2.530046,0.573918,0.001277,128.000000,0.196842,50.591961,154.195678,1078.902986,17.635311
426,3.813626,0.574872,0.001329,128.000000,0.196842,33.563862,148.132295,1082.716612,17.636640
427,2.578644,0.562528,0.001310,128.000000,0.196842,49.638493,150.254679,1085.295256,17.637950
428,2.695936,0.571755,0.001376,128.000000,0.196842,47.478870,143.018685,1087.991192,17.639326
429,2.335070,0.577181,0.052702,128.000000,0.196842,54.816349,3.734979,1090.326262,17.692029
430,2.441311,0.563376,0.001316,128.000000,0.196842,52.430841,149.552157,1092.767573,17.693345
431,2.587455,0.562565,0.036084,128.000000,0.196842,49.469461,5.455044,1095.355028,17.729429
432,2.527149,0.564266,0.001293,128.000000,0.196842,50.649959,152.195258,1097.882177,17.730723
433,2.516361,0.568552,0.039472,128.000000,0.196842,50.867109,4.986926,1100.398538,17.770194
434,2.237043,0.557982,0.157762,128.000000,0.196842,57.218395,1.247720,1102.635581,17.927956
435,2.370126,0.564893,0.071941,128.000000,0.196842,54.005557,2.736170,1105.005707,17.999897
436,2.531563,0.573850,0.001297,128.000000,0.196842,50.561643,151.807802,1107.537270,18.001193
437,2.628475,0.567031,0.001382,128.000000,0.196842,48.697438,142.476352,1110.165745,18.002575
438,2.351795,0.565658,0.033419,128.000000,0.196842,54.426503,5.890082,1112.517541,18.035994
439,2.636847,0.569370,0.001424,128.000000,0.196842,48.542823,138.228577,1115.154388,18.037418
440,2.563641,0.575480,0.232571,128.000000,0.196842,49.928979,0.846375,1117.718029,18.269989
441,2.309879,0.564209,0.075900,128.000000,0.196842,55.414168,2.593431,1120.027908,18.345890
442,2.452169,0.565364,0.001402,128.000000,0.196842,52.198685,140.383972,1122.480077,18.347292
443,2.405751,0.571154,0.091166,128.000000,0.196842,53.205845,2.159156,1124.885828,18.438458
444,3.305499,0.565015,0.001408,128.000000,0.196842,38.723354,139.841131,1128.191327,18.439866
445,2.413648,0.561225,0.046674,128.000000,0.196842,53.031763,4.217341,1130.604974,18.486540
446,2.823233,0.571743,0.048998,128.000000,0.196842,45.338092,4.017352,1133.428207,18.535538
447,2.430962,0.578456,0.001331,128.000000,0.196842,52.654059,147.847354,1135.859169,18.536869
448,2.434241,0.561730,0.102867,128.000000,0.196842,52.583134,1.913567,1138.293410,18.639736
449,2.631329,0.574564,0.001350,128.000000,0.196842,48.644622,145.842738,1140.924739,18.641086
450,2.662892,0.568309,0.006999,128.000000,0.196842,48.068049,28.123122,1143.587630,18.648085
451,2.324548,0.560601,0.157731,128.000000,0.196842,55.064476,1.247959,1145.912178,18.805816
452,2.513486,0.571460,0.001315,128.000000,0.196842,50.925281,149.695004,1148.425664,18.807131
453,2.350449,0.572828,0.026829,128.000000,0.196842,54.457682,7.337041,1150.776113,18.833960
454,2.510373,0.584141,0.001397,128.000000,0.196842,50.988433,140.938813,1153.286486,18.835357
455,2.332460,0.564681,0.285024,128.000000,0.196842,54.877672,0.690617,1155.618947,19.120380
456,2.369772,0.561791,0.052229,128.000000,0.196842,54.013639,3.768823,1157.988719,19.172609
457,2.402606,0.579903,0.020230,128.000000,0.196842,53.275486,9.730067,1160.391325,19.192840
458,2.567615,0.571631,0.001314,128.000000,0.196842,49.851718,149.779407,1162.958939,19.194154
459,2.462207,0.566893,0.042344,128.000000,0.196842,51.985890,4.648608,1165.421146,19.236498
460,2.524129,0.577185,0.009288,128.000000,0.196842,50.710554,21.193333,1167.945275,19.245786
461,2.495349,0.579911,0.001296,128.000000,0.196842,51.295424,151.835788,1170.440625,19.247083
462,2.416317,0.574491,0.022016,128.000000,0.196842,52.973179,8.940891,1172.856942,19.269099
463,2.318391,0.563334,0.113954,128.000000,0.196842,55.210716,1.727381,1175.175332,19.383053
464,2.722311,0.582235,0.024350,128.000000,0.196842,47.018881,8.083830,1177.897643,19.407403
465,2.518276,0.565892,0.001433,128.000000,0.196842,50.828433,137.320682,1180.415918,19.408836
466,2.525322,0.566015,0.001355,128.000000,0.196842,50.686609,145.278497,1182.941240,19.410191
467,2.526833,0.570957,0.001297,128.000000,0.196842,50.656301,151.814710,1185.468073,19.411488
468,2.441009,0.574972,0.013936,128.000000,0.196842,52.437330,14.124741,1187.909082,19.425424
469,2.342070,0.572136,0.024718,128.000000,0.196842,54.652509,7.963448,1190.251152,19.450142
470,2.554496,0.565943,0.034175,128.000000,0.196842,50.107725,5.759905,1192.805648,19.484317
471,2.624304,0.575851,0.001317,128.000000,0.196842,48.774831,149.461427,1195.429953,19.485634
472,2.355702,0.580061,0.092702,128.000000,0.196842,54.336253,2.123381,1197.785654,19.578336
473,2.497146,0.566366,0.001336,128.000000,0.196842,51.258514,147.382311,1200.282800,19.579671
474,2.516783,0.578180,0.104861,128.000000,0.196842,50.858567,1.877171,1202.799584,19.684532
475,2.401626,0.570162,0.134814,128.000000,0.196842,53.297235,1.460107,1205.201209,19.819346
476,2.319264,0.568400,0.207128,128.000000,0.196842,55.189917,0.950342,1207.520474,20.026474
477,2.473596,0.570627,0.001307,128.000000,0.196842,51.746535,150.628128,1209.994069,20.027780
478,2.767598,0.575163,0.010258,128.000000,0.196842,46.249491,19.188285,1212.761667,20.038039
479,2.672785,0.582272,0.001301,128.000000,0.196842,47.890128,151.270572,1215.434452,20.039340
480,2.734862,0.580851,0.001354,128.000000,0.196842,46.803085,145.423821,1218.169314,20.040694
481,2.776008,0.572958,0.001318,128.000000,0.196842,46.109379,149.368880,1220.945322,20.042012
482,3.000291,0.571270,0.001324,128.000000,0.196842,42.662521,148.645856,1223.945614,20.043336
483,2.412827,0.579830,0.034107,128.000000,0.196842,53.049797,5.771306,1226.358441,20.077443
484,2.988894,0.570749,0.019871,128.000000,0.196842,42.825210,9.905810,1229.347335,20.097314
485,2.521266,0.573553,0.001368,128.000000,0.196842,50.768156,143.839497,1231.868600,20.098683
486,2.591551,0.566548,0.001327,128.000000,0.196842,49.391270,148.301374,1234.460151,20.100010
487,2.501847,0.567358,0.250023,128.000000,0.196842,51.162203,0.787297,1236.961998,20.350033
488,2.389031,0.592758,0.141914,128.000000,0.196842,53.578217,1.387051,1239.351029,20.491947
489,2.536246,0.571658,0.001308,128.000000,0.196842,50.468290,150.502595,1241.887275,20.493255
490,2.774030,0.573648,0.001458,128.000000,0.196842,46.142256,135.036148,1244.661305,20.494712
491,2.612144,0.583407,0.001322,128.000000,0.196842,49.001888,148.903917,1247.273449,20.496034
492,2.725084,0.567261,0.001311,128.000000,0.196842,46.971031,150.168021,1249.998533,20.497345
493,2.476931,0.577587,0.170209,128.000000,0.196842,51.676855,1.156475,1252.475464,20.667554
494,2.973377,0.568892,0.001343,128.000000,0.196842,43.048698,146.543050,1255.448841,20.668897
495,2.766017,0.579608,0.001369,128.000000,0.196842,46.275932,143.744541,1258.214857,20.670267
496,2.547150,0.579429,0.108563,128.000000,0.196842,50.252233,1.813155,1260.762008,20.778830
497,2.603975,0.592739,0.142678,128.000000,0.196842,49.155620,1.379628,1263.365983,20.921508
498,2.467384,0.572268,0.170516,128.000000,0.196842,51.876805,1.154392,1265.833367,21.092024
499,2.877113,0.583041,0.001315,128.000000,0.196842,44.489049,149.696597,1268.710479,21.093339
500,2.565469,0.565620,0.162445,128.000000,0.196842,49.893413,1.211748,1271.275948,21.255783
501,2.430138,0.588532,0.001361,128.000000,0.196842,52.671916,144.594014,1273.706086,21.257145
502,2.628908,0.580658,0.001297,128.000000,0.196842,48.689410,151.764847,1276.334994,21.258442
503,2.632883,0.585088,0.001333,128.000000,0.196842,48.615914,147.679752,1278.967877,21.259775
504,2.366292,0.566891,0.165326,128.000000,0.196842,54.093079,1.190630,1281.334169,21.425101
505,2.421725,0.565414,0.001393,128.000000,0.196842,52.854878,141.269063,1283.755894,21.426494
506,2.368169,0.568380,0.030274,128.000000,0.196842,54.050193,6.502040,1286.124063,21.456768
507,2.550058,0.580289,0.001392,128.000000,0.196842,50.194931,141.388495,1288.674121,21.458160
508,2.328968,0.579132,0.070495,128.000000,0.196842,54.959974,2.792296,1291.003089,21.528655
509,2.525618,0.566200,0.001305,128.000000,0.196842,50.680656,150.790480,1293.528707,21.529960
510,2.457532,0.568995,0.171594,128.000000,0.196842,52.084780,1.147142,1295.986239,21.701554
511,2.332045,0.583820,0.025488,128.000000,0.196842,54.887457,7.722977,1298.318284,21.727042
512,2.430003,0.577472,0.030027,128.000000,0.196842,52.674830,6.555433,1300.748287,21.757069
513,2.438285,0.568703,0.001332,128.000000,0.196842,52.495924,147.737166,1303.186571,21.758402
514,2.520708,0.570429,0.001395,128.000000,0.196842,50.779376,141.075075,1305.707280,21.759797
515,2.388333,0.569818,0.122923,128.000000,0.196842,53.593877,1.601346,1308.095612,21.882720
516,2.430940,0.570781,0.142334,128.000000,0.196842,52.654520,1.382956,1310.526553,22.025054
517,2.384467,0.583860,0.001467,128.000000,0.196842,53.680763,134.219799,1312.911020,22.026521
518,2.499597,0.591102,0.001263,128.000000,0.196842,51.208263,155.879050,1315.410616,22.027784
519,2.248327,0.572835,0.198332,128.000000,0.196842,56.931229,0.992487,1317.658943,22.226116
520,2.372124,0.576291,0.047415,128.000000,0.196842,53.960082,4.151438,1320.031067,22.273531
521,2.425923,0.595699,0.001343,128.000000,0.196842,52.763412,146.519925,1322.456990,22.274875
522,2.728762,0.582871,0.001331,128.000000,0.196842,46.907727,147.861459,1325.185752,22.276206
523,2.515194,0.583693,0.001460,128.000000,0.196842,50.890703,134.864803,1327.700946,22.277665
524,2.343295,0.581002,0.026224,128.000000,0.196842,54.623929,7.506049,1330.044241,22.303890
525,2.514153,0.578615,0.001309,128.000000,0.196842,50.911772,150.407376,1332.558395,22.305199
526,2.562460,0.579569,0.015591,128.000000,0.196842,49.952009,12.625040,1335.120854,22.320790
527,2.619687,0.574373,0.001309,128.000000,0.196842,48.860794,150.418409,1337.740541,22.322099
528,2.481371,0.573705,0.014064,128.000000,0.196842,51.584386,13.995686,1340.221912,22.336163
529,2.570259,0.585561,0.001361,128.000000,0.196842,49.800436,144.614835,1342.792171,22.337524
530,2.483051,0.575195,0.001355,128.000000,0.196842,51.549481,145.264452,1345.275222,22.338879
531,2.488983,0.570764,0.001305,128.000000,0.196842,51.426632,150.860282,1347.764205,22.340184
532,2.482968,0.586682,0.001273,128.000000,0.196842,51.551203,154.604299,1350.247173,22.341457
533,2.458850,0.573999,0.001326,128.000000,0.196842,52.056851,148.479015,1352.706024,22.342783
534,2.481945,0.582420,0.001364,128.000000,0.196842,51.572448,144.269411,1355.187969,22.344148
535,2.446640,0.597840,0.022115,128.000000,0.196842,52.316639,8.900936,1357.634609,22.366262
536,2.440897,0.579403,0.041143,128.000000,0.196842,52.439736,4.784326,1360.075506,22.407405
537,2.502135,0.564323,0.001301,128.000000,0.196842,51.156312,151.340470,1362.577641,22.408706
538,2.637791,0.570412,0.001426,128.000000,0.196842,48.525446,138.074507,1365.215433,22.410132
539,2.649005,0.566529,0.001310,128.000000,0.196842,48.320029,150.304702,1367.864438,22.411441
540,2.411574,0.581716,0.001313,128.000000,0.196842,53.077359,149.951584,1370.276012,22.412754
541,2.385146,0.567591,0.001327,128.000000,0.196842,53.665475,148.303721,1372.661158,22.414081
542,2.390075,0.561598,0.037195,128.000000,0.196842,53.554815,5.292198,1375.051233,22.451276
543,2.626038,0.569076,0.001385,128.000000,0.196842,48.742625,142.073858,1377.677271,22.452662
544,2.539520,0.565289,0.091884,128.000000,0.196842,50.403222,2.142299,1380.216791,22.544545
545,2.473229,0.574776,0.001389,128.000000,0.196842,51.754202,141.737900,1382.690020,22.545934
546,2.368035,0.575293,0.065997,128.000000,0.196842,54.053263,2.982608,1385.058055,22.611931
547,2.383251,0.578523,0.055296,128.000000,0.196842,53.708152,3.559818,1387.441306,22.667226
548,2.342025,0.576521,0.059976,128.000000,0.196842,54.653570,3.282038,1389.783330,22.727202
549,2.542891,0.569623,0.001319,128.000000,0.196842,50.336412,149.190462,1392.326221,22.728521
550,2.346134,0.578532,0.041112,128.000000,0.196842,54.557832,4.787901,1394.672355,22.769634
551,2.448179,0.585033,0.001391,128.000000,0.196842,52.283750,141.488193,1397.120535,22.771025
552,2.409112,0.569123,0.037040,128.000000,0.196842,53.131620,5.314315,1399.529646,22.808065
553,2.590852,0.577845,0.079760,128.000000,0.196842,49.404606,2.467926,1402.120498,22.887825
554,2.353769,0.565799,0.072480,128.000000,0.196842,54.380863,2.715798,1404.474267,22.960305
555,2.507310,0.585243,0.001326,128.000000,0.196842,51.050736,148.395511,1406.981577,22.961632
556,2.588919,0.568273,0.001384,128.000000,0.196842,49.441481,142.262584,1409.570496,22.963016
557,2.430295,0.567302,0.001306,128.000000,0.196842,52.668513,150.685552,1412.000791,22.964322
558,2.611928,0.571325,0.001382,128.000000,0.196842,49.005949,142.413473,1414.612718,22.965704
559,2.488966,0.567920,0.001323,128.000000,0.196842,51.426988,148.769996,1417.101684,22.967027
560,2.480591,0.566697,0.001320,128.000000,0.196842,51.600608,149.110787,1419.582275,22.968347
561,2.405223,0.579287,0.001355,128.000000,0.196842,53.217508,145.322364,1421.987498,22.969702
562,2.522792,0.575047,0.001311,128.000000,0.196842,50.737440,150.147861,1424.510290,22.971013
563,2.712390,0.567600,0.001323,128.000000,0.196842,47.190861,148.746275,1427.222680,22.972336
564,2.507554,0.564273,0.013268,128.000000,0.196842,51.045768,14.835495,1429.730233,22.985605
565,2.566327,0.590393,0.001353,128.000000,0.196842,49.876732,145.485086,1432.296560,22.986958
566,2.467858,0.567375,0.121195,128.000000,0.196842,51.866833,1.624171,1434.764419,23.108153
567,2.398783,0.573759,0.001242,128.000000,0.196842,53.360386,158.464475,1437.163202,23.109395
568,2.404380,0.580636,0.010036,128.000000,0.196842,53.236178,19.614574,1439.567582,23.119431
569,2.215987,0.565767,0.146143,128.000000,0.196842,57.762080,1.346912,1441.783569,23.265574
570,2.468446,0.569127,0.018426,128.000000,0.196842,51.854479,10.682581,1444.252015,23.284000
571,2.814429,0.570926,0.001475,128.000000,0.196842,45.479914,133.496139,1447.066444,23.285475
572,2.457450,0.594520,0.001304,128.000000,0.196842,52.086510,150.988265,1449.523894,23.286779
573,2.799137,0.567750,0.011222,128.000000,0.196842,45.728384,17.540595,1452.323031,23.298001
574,2.577951,0.580791,0.001309,128.000000,0.196842,49.651840,150.368311,1454.900982,23.299310
575,2.335960,0.581146,0.082329,128.000000,0.196842,54.795457,2.390931,1457.236942,23.381639
576,2.633414,0.571134,0.015426,128.000000,0.196842,48.606098,12.760455,1459.870356,23.397064
577,2.515000,0.569884,0.001301,128.000000,0.196842,50.894633,151.305106,1462.385356,23.398365
578,2.425906,0.573307,0.127742,128.000000,0.196842,52.763790,1.540933,1464.811262,23.526108
579,2.465201,0.579506,0.136524,128.000000,0.196842,51.922742,1.441814,1467.276463,23.662632
580,2.435954,0.579724,0.044364,128.000000,0.196842,52.546141,4.436968,1469.712418,23.706996
581,2.630772,0.566177,0.001438,128.000000,0.196842,48.654921,136.890276,1472.343190,23.708434
582,2.260912,0.567619,0.162156,128.000000,0.196842,56.614321,1.213909,1474.604102,23.870589
583,2.225837,0.572309,0.178855,128.000000,0.196842,57.506469,1.100571,1476.829938,24.049444
584,2.406561,0.584696,0.001341,128.000000,0.196842,53.187939,146.791010,1479.236499,24.050785
585,2.378089,0.567155,0.107827,128.000000,0.196842,53.824738,1.825530,1481.614588,24.158612
586,2.379648,0.583894,0.001290,128.000000,0.196842,53.789475,152.554069,1483.994235,24.159903
587,2.493692,0.574506,0.001312,128.000000,0.196842,51.329509,149.979461,1486.487928,24.161215
588,2.458311,0.579485,0.001432,128.000000,0.196842,52.068271,137.496695,1488.946239,24.162647
589,2.409419,0.590589,0.001333,128.000000,0.196842,53.124830,147.634450,1491.355658,24.163980
590,2.130039,0.573626,0.277541,128.000000,0.196842,60.092786,0.709237,1493.485697,24.441521
591,2.465793,0.570434,0.001332,128.000000,0.196842,51.910270,147.760344,1495.951491,24.442853
592,2.556829,0.572089,0.001296,128.000000,0.196842,50.062018,151.852656,1498.508319,24.444149
593,2.392697,0.567727,0.006303,128.000000,0.196842,53.496125,31.231512,1500.901016,24.450452
594,3.201429,0.570280,0.025158,128.000000,0.196842,39.982145,7.824309,1504.102445,24.475610
595,3.265960,0.577033,0.075115,128.000000,0.196842,39.192155,2.620544,1507.368405,24.550725
596,3.478588,0.563426,0.001377,128.000000,0.196842,36.796544,142.937679,1510.846992,24.552102
597,2.077099,0.603907,0.502367,128.000000,0.196842,61.624404,0.391830,1512.924092,25.054468
598,2.325960,0.585046,0.038417,128.000000,0.196842,55.031033,5.123870,1515.250052,25.092885
599,2.549852,0.584721,0.001290,128.000000,0.196842,50.198994,152.610486,1517.799904,25.094175
600,2.338596,0.566881,0.268318,128.000000,0.196842,54.733698,0.733616,1520.138500,25.362493
601,2.536113,0.578963,0.001416,128.000000,0.196842,50.470936,138.966134,1522.674613,25.363909
602,2.497656,0.568062,0.001317,128.000000,0.196842,51.248051,149.443952,1525.172269,25.365226
603,2.509228,0.565325,0.001293,128.000000,0.196842,51.011696,152.226213,1527.681497,25.366519
604,2.539340,0.592783,0.001358,128.000000,0.196842,50.406799,144.904720,1530.220837,25.367878
605,2.687911,0.587249,0.001338,128.000000,0.196842,47.620620,147.127183,1532.908748,25.369216
606,2.315855,0.572546,0.067235,128.000000,0.196842,55.271168,2.927653,1535.224603,25.436451
607,2.379625,0.583604,0.025499,128.000000,0.196842,53.789982,7.719539,1537.604228,25.461950
608,2.421241,0.583147,0.001296,128.000000,0.196842,52.865452,151.868706,1540.025469,25.463247
609,2.573974,0.566069,0.001311,128.000000,0.196842,49.728544,150.201709,1542.599444,25.464557
610,2.486127,0.581056,0.001352,128.000000,0.196842,51.485698,145.569328,1545.085571,25.465909
611,2.451523,0.571570,0.047435,128.000000,0.196842,52.212434,4.149694,1547.537094,25.513345
612,2.340730,0.568687,0.092318,128.000000,0.196842,54.683800,2.132208,1549.877824,25.605663
613,2.285612,0.574410,0.087550,128.000000,0.196842,56.002498,2.248341,1552.163437,25.693213
614,2.486150,0.627630,0.001353,128.000000,0.196842,51.485224,145.439186,1554.649587,25.694566
615,2.737315,0.564734,0.045277,128.000000,0.196842,46.761155,4.347529,1557.386902,25.739843
616,3.049616,0.565418,0.172522,128.000000,0.196842,41.972491,1.140971,1560.436518,25.912365
617,3.003506,0.567853,0.087963,128.000000,0.196842,42.616856,2.237796,1563.440024,26.000327
618,2.807997,0.567531,0.001375,128.000000,0.196842,45.584101,143.127044,1566.248021,26.001703
619,2.540080,0.576373,0.174234,128.000000,0.196842,50.392105,1.129758,1568.788101,26.175937
620,2.853389,0.579584,0.001314,128.000000,0.196842,44.858939,149.771088,1571.641490,26.177251
621,2.250242,0.568782,0.092579,128.000000,0.196842,56.882765,2.126211,1573.891733,26.269830
622,2.315246,0.586074,0.073845,128.000000,0.196842,55.285692,2.665618,1576.206979,26.343675
623,2.646106,0.573423,0.001314,128.000000,0.196842,48.372972,149.749439,1578.853085,26.344989
624,2.536623,0.569664,0.001307,128.000000,0.196842,50.460785,150.644267,1581.389708,26.346296
625,2.496277,0.576453,0.001326,128.000000,0.196842,51.276357,148.466136,1583.885985,26.347622
626,2.390223,0.582614,0.098943,128.000000,0.196842,53.551481,1.989456,1586.276209,26.446564
627,2.793609,0.568854,0.001309,128.000000,0.196842,45.818869,150.327200,1589.069817,26.447874
628,2.307820,0.579739,0.199349,128.000000,0.196842,55.463602,0.987425,1591.377637,26.647223
629,2.283399,0.597926,0.047243,128.000000,0.196842,56.056784,4.166585,1593.661036,26.694466
630,2.460718,0.585408,0.001354,128.000000,0.196842,52.017337,145.332557,1596.121754,26.695820
631,2.317413,0.580278,0.026723,128.000000,0.196842,55.233993,7.365889,1598.439168,26.722544
632,2.458449,0.566820,0.001254,128.000000,0.196842,52.065338,157.024163,1600.897617,26.723797
633,2.490576,0.583636,0.001319,128.000000,0.196842,51.393737,149.207990,1603.388193,26.725117
634,2.455190,0.579123,0.001313,128.000000,0.196842,52.134458,149.938334,1605.843383,26.726429
635,2.421868,0.566471,0.001294,128.000000,0.196842,52.851772,152.112107,1608.265251,26.727723
636,2.477378,0.571011,0.043089,128.000000,0.196842,51.667530,4.568262,1610.742629,26.770813
637,2.570734,0.567645,0.026829,128.000000,0.196842,49.791233,7.336977,1613.313362,26.797641
638,2.537244,0.579922,0.001248,128.000000,0.196842,50.448441,157.681516,1615.850606,26.798890
639,2.383384,0.591029,0.001310,128.000000,0.196842,53.705149,150.304702,1618.233990,26.800199
640,2.436895,0.567399,0.001319,128.000000,0.196842,52.525848,149.198604,1620.670886,26.801519
641,2.461117,0.574572,0.001348,128.000000,0.196842,52.008904,146.076623,1623.132003,26.802866
642,2.521996,0.585084,0.001324,128.000000,0.196842,50.753447,148.691219,1625.653999,26.804190
643,2.406305,0.570553,0.001312,128.000000,0.196842,53.193594,150.025528,1628.060304,26.805502
644,2.368010,0.583033,0.001301,128.000000,0.196842,54.053828,151.357577,1630.428314,26.806803
645,2.482243,0.576596,0.001336,128.000000,0.196842,51.566268,147.352302,1632.910557,26.808138
646,2.261465,0.567044,0.185764,128.000000,0.196842,56.600475,1.059634,1635.172022,26.993903
647,2.404470,0.574617,0.001303,128.000000,0.196842,53.234191,151.024872,1637.576492,26.995206
648,2.426588,0.566555,0.001247,128.000000,0.196842,52.748973,157.846778,1640.003079,26.996453
649,2.417075,0.580733,0.001317,128.000000,0.196842,52.956563,149.490031,1642.420154,26.997770
650,2.485457,0.580258,0.021965,128.000000,0.196842,51.499583,8.961496,1644.905611,27.019735
651,2.456012,0.572849,0.001358,128.000000,0.196842,52.117004,144.981991,1647.361624,27.021093
652,2.477022,0.576115,0.001280,128.000000,0.196842,51.674951,153.749331,1649.838646,27.022373
653,2.266259,0.576919,0.215181,128.000000,0.196842,56.480747,0.914775,1652.104905,27.237554
654,2.507951,0.581598,0.001327,128.000000,0.196842,51.037686,148.356590,1654.612855,27.238881
655,2.488575,0.573522,0.001329,128.000000,0.196842,51.435048,148.123043,1657.101431,27.240210
656,2.512440,0.571665,0.001366,128.000000,0.196842,50.946484,144.050654,1659.613871,27.241576
657,2.471723,0.570548,0.007865,128.000000,0.196842,51.785745,25.027074,1662.085594,27.249441
658,2.612332,0.572103,0.001319,128.000000,0.196842,48.998364,149.187748,1664.697926,27.250761
659,2.526290,0.567219,0.139572,128.000000,0.196842,50.667194,1.410330,1667.224216,27.390333
660,2.527008,0.568445,0.053209,128.000000,0.196842,50.652796,3.699384,1669.751223,27.443542
661,2.364455,0.578407,0.126576,128.000000,0.196842,54.135088,1.555134,1672.115679,27.570118
662,2.235703,0.588058,0.093132,128.000000,0.196842,57.252691,2.113584,1674.351381,27.663250
663,2.480070,0.581263,0.001402,128.000000,0.196842,51.611450,140.439259,1676.831451,27.664651
664,2.358693,0.568395,0.076965,128.000000,0.196842,54.267353,2.557548,1679.190144,27.741617
665,2.522975,0.586202,0.001339,128.000000,0.196842,50.733761,147.017077,1681.713118,27.742955
666,2.495532,0.567502,0.001350,128.000000,0.196842,51.291675,145.821130,1684.208650,27.744305
667,2.521461,0.571641,0.001319,128.000000,0.196842,50.764224,149.260940,1686.730111,27.745624
668,2.637362,0.584319,0.016233,128.000000,0.196842,48.533348,12.126316,1689.367473,27.761857
669,2.492525,0.589999,0.050699,128.000000,0.196842,51.353550,3.882589,1691.859998,27.812555
670,2.457356,0.579854,0.001365,128.000000,0.196842,52.088499,144.251754,1694.317354,27.813920
671,2.302822,0.566846,0.135670,128.000000,0.196842,55.583968,1.450890,1696.620176,27.949590
672,3.497924,0.571752,0.001293,128.000000,0.196842,36.593130,152.283565,1700.118101,27.950883
673,2.487354,0.577523,0.001297,128.000000,0.196842,51.460305,151.714315,1702.605455,27.952180
674,2.473893,0.575217,0.001337,128.000000,0.196842,51.740314,147.262238,1705.079348,27.953517
675,2.427710,0.568700,0.020830,128.000000,0.196842,52.724581,9.449861,1707.507058,27.974347
676,2.400050,0.587861,0.001343,128.000000,0.196842,53.332220,146.617492,1709.907108,27.975689
677,2.426302,0.570144,0.001300,128.000000,0.196842,52.755191,151.374571,1712.333409,27.976990
678,2.456553,0.584762,0.001319,128.000000,0.196842,52.105522,149.285958,1714.789963,27.978308
679,2.410848,0.570956,0.001392,128.000000,0.196842,53.093355,141.395807,1717.200811,27.979700
680,2.367793,0.582105,0.001242,128.000000,0.196842,54.058779,158.448275,1719.568604,27.980943
681,2.531244,0.586048,0.001433,128.000000,0.196842,50.568015,137.398705,1722.099848,27.982375
682,2.444679,0.562565,0.001377,128.000000,0.196842,52.358623,142.903954,1724.544526,27.983753
683,2.351529,0.589094,0.001333,128.000000,0.196842,54.432660,147.678312,1726.896056,27.985086
684,2.460335,0.578615,0.001236,128.000000,0.196842,52.025426,159.274319,1729.356391,27.986322
685,2.491756,0.567344,0.001342,128.000000,0.196842,51.369405,146.667854,1731.848147,27.987664
686,2.473003,0.576760,0.001357,128.000000,0.196842,51.758931,145.032197,1734.321150,27.989021
687,2.451911,0.582168,0.001425,128.000000,0.196842,52.204189,138.160372,1736.773060,27.990446
688,2.368798,0.574855,0.122075,128.000000,0.196842,54.035846,1.612466,1739.141858,28.112521
689,2.333517,0.588574,0.015308,128.000000,0.196842,54.852835,12.858810,1741.475375,28.127829
690,2.565664,0.570482,0.001319,128.000000,0.196842,49.889618,149.232764,1744.041039,28.129148
691,2.345963,0.567648,0.091539,128.000000,0.196842,54.561805,2.150358,1746.387002,28.220687
692,2.402026,0.569046,0.001341,128.000000,0.196842,53.288359,146.816082,1748.789028,28.222028
693,2.629246,0.586958,0.001299,128.000000,0.196842,48.683166,151.558138,1751.418274,28.223327
694,2.427341,0.569395,0.047908,128.000000,0.196842,52.732610,4.108753,1753.845614,28.271235
695,2.472662,0.574570,0.001313,128.000000,0.196842,51.766075,149.881022,1756.318276,28.272548
696,2.452285,0.569383,0.001501,128.000000,0.196842,52.196223,131.169365,1758.770561,28.274049
697,2.477685,0.571590,0.001323,128.000000,0.196842,51.661132,148.755718,1761.248245,28.275372
698,2.318401,0.582730,0.211610,128.000000,0.196842,55.210458,0.930213,1763.566647,28.486982
699,2.415981,0.577012,0.001325,128.000000,0.196842,52.980560,148.556222,1765.982627,28.488307
700,2.440536,0.571357,0.016758,128.000000,0.196842,52.447489,11.746310,1768.423164,28.505065
701,2.403614,0.586587,0.001272,128.000000,0.196842,53.253146,154.763536,1770.826777,28.506336
702,2.535113,0.587217,0.001418,128.000000,0.196842,50.490852,138.802488,1773.361890,28.507755
703,2.619560,0.585101,0.001335,128.000000,0.196842,48.863170,147.434194,1775.981450,28.509090
704,2.331655,0.568087,0.130081,128.000000,0.196842,54.896638,1.513223,1778.313105,28.639171
705,2.386872,0.582980,0.001274,128.000000,0.196842,53.626663,154.563024,1780.699977,28.640445
706,2.394077,0.578589,0.001382,128.000000,0.196842,53.465291,142.446967,1783.094054,28.641827
707,2.392159,0.582674,0.029161,128.000000,0.196842,53.508151,6.750252,1785.486213,28.670987
708,2.452778,0.585992,0.001322,128.000000,0.196842,52.185719,148.898173,1787.938991,28.672309
709,2.427043,0.583050,0.001309,128.000000,0.196842,52.739082,150.383590,1790.366033,28.673618
710,2.505411,0.582345,0.001379,128.000000,0.196842,51.089418,142.765691,1792.871445,28.674997
711,2.595767,0.585024,0.001310,128.000000,0.196842,49.311053,150.227272,1795.467212,28.676307
712,2.405666,0.573113,0.001323,128.000000,0.196842,53.207726,148.783940,1797.872877,28.677630
713,2.340743,0.568649,0.011414,128.000000,0.196842,54.683484,17.245034,1800.213621,28.689045
714,2.319921,0.577943,0.072963,128.000000,0.196842,55.174298,2.697822,1802.533541,28.762008
715,2.495581,0.580451,0.001366,128.000000,0.196842,51.290660,144.103698,1805.029122,28.763374
716,2.444155,0.570594,0.001306,128.000000,0.196842,52.369828,150.763801,1807.473278,28.764680
717,2.497433,0.570935,0.001361,128.000000,0.196842,51.252633,144.608886,1809.970711,28.766041
718,2.338336,0.586168,0.028296,128.000000,0.196842,54.739790,6.956504,1812.309046,28.794337
719,2.403520,0.572088,0.001335,128.000000,0.196842,53.255237,147.452527,1814.712566,28.795672
720,2.430356,0.574562,0.001336,128.000000,0.196842,52.667182,147.344030,1817.142922,28.797008
721,2.486149,0.567193,0.001315,128.000000,0.196842,51.485255,149.686580,1819.629070,28.798323
722,2.308060,0.579548,0.035248,128.000000,0.196842,55.457840,5.584543,1821.937130,28.833571
723,2.507629,0.582284,0.001371,128.000000,0.196842,51.044242,143.598572,1824.444758,28.834941
724,2.415824,0.568273,0.001306,128.000000,0.196842,52.983982,150.672403,1826.860583,28.836248
725,2.474543,0.588688,0.023253,128.000000,0.196842,51.726728,8.465390,1829.335126,28.859500
726,2.431934,0.570916,0.001221,128.000000,0.196842,52.633017,161.218671,1831.767059,28.860721
727,2.225020,0.574789,0.194970,128.000000,0.196842,57.527581,1.009605,1833.992079,29.055691
728,2.493740,0.567678,0.001322,128.000000,0.196842,51.328520,148.926111,1836.485819,29.057013
729,2.384675,0.579552,0.001325,128.000000,0.196842,53.676078,148.558240,1838.870494,29.058338
730,2.387804,0.568306,0.020116,128.000000,0.196842,53.605743,9.785191,1841.258298,29.078454
731,2.406874,0.575779,0.111324,128.000000,0.196842,53.181015,1.768187,1843.665172,29.189778
732,2.483378,0.584162,0.001364,128.000000,0.196842,51.542703,144.345794,1846.148550,29.191142
733,2.431716,0.585264,0.001247,128.000000,0.196842,52.637716,157.833616,1848.580266,29.192389
734,2.434868,0.577509,0.001326,128.000000,0.196842,52.569587,148.439602,1851.015134,29.193715
735,2.460226,0.578320,0.040402,128.000000,0.196842,52.027740,4.872121,1853.475360,29.234117
736,2.360878,0.575765,0.001249,128.000000,0.196842,54.217113,157.554801,1855.836238,29.235366
737,2.443713,0.569263,0.001338,128.000000,0.196842,52.379319,147.086726,1858.279951,29.236705
738,2.499649,0.589696,0.001291,128.000000,0.196842,51.207196,152.485290,1860.779599,29.237995
739,2.224115,0.567744,0.261343,128.000000,0.196842,57.550972,0.753195,1863.003715,29.499338
740,2.494817,0.585064,0.001312,128.000000,0.196842,51.306378,149.975576,1865.498531,29.500651
741,2.406934,0.567169,0.001321,128.000000,0.196842,53.179697,149.045077,1867.905465,29.501972
742,2.674918,0.574851,0.001445,128.000000,0.196842,47.851937,136.252673,1870.580383,29.503416
743,2.343772,0.573266,0.002992,128.000000,0.196842,54.612818,65.793989,1872.924155,29.506408
744,2.294951,0.570165,0.178190,128.000000,0.196842,55.774614,1.104676,1875.219106,29.684598
745,2.382990,0.576146,0.001314,128.000000,0.196842,53.714023,149.783966,1877.602096,29.685912
746,2.465825,0.584061,0.001317,128.000000,0.196842,51.909603,149.452689,1880.067921,29.687229
747,2.561260,0.566616,0.001353,128.000000,0.196842,49.975409,145.513371,1882.629181,29.688582
748,2.354954,0.610883,0.008014,128.000000,0.196842,54.353510,24.561745,1884.984135,29.696596
749,2.379446,0.572013,0.001247,128.000000,0.196842,53.794040,157.880835,1887.363580,29.697843
750,2.323524,0.574090,0.064169,128.000000,0.196842,55.088733,3.067548,1889.687105,29.762012
751,2.343131,0.575054,0.028502,128.000000,0.196842,54.627752,6.906180,1892.030236,29.790515
752,2.419173,0.585083,0.001336,128.000000,0.196842,52.910653,147.355611,1894.449409,29.791850
753,2.428204,0.568360,0.001396,128.000000,0.196842,52.713856,141.023630,1896.877613,29.793246
754,2.405618,0.586397,0.001318,128.000000,0.196842,53.208783,149.316873,1899.283230,29.794565
755,2.533559,0.584508,0.001292,128.000000,0.196842,50.521812,152.321628,1901.816790,29.795857
756,2.449235,0.572235,0.001294,128.000000,0.196842,52.261223,152.131152,1904.266024,29.797151
757,2.438999,0.579035,0.001378,128.000000,0.196842,52.480556,142.883519,1906.705023,29.798528
758,2.375212,0.582395,0.047722,128.000000,0.196842,53.889915,4.124765,1909.080235,29.846250
759,2.368025,0.563516,0.003793,128.000000,0.196842,54.053477,51.890156,1911.448261,29.850044
760,2.477955,0.571367,0.021153,128.000000,0.196842,51.655500,9.305695,1913.926216,29.871197
761,2.575352,0.590239,0.001290,128.000000,0.196842,49.701952,152.583987,1916.501567,29.872487
762,2.405025,0.581232,0.038287,128.000000,0.196842,53.221891,5.141282,1918.906593,29.910773
763,2.353807,0.582839,0.030573,128.000000,0.196842,54.380000,6.438350,1921.260399,29.941347
764,2.421895,0.578801,0.001322,128.000000,0.196842,52.851185,148.845368,1923.682294,29.942669
765,2.327028,0.569945,0.045875,128.000000,0.196842,55.005777,4.290840,1926.009322,29.988544
766,2.318271,0.572460,0.616644,128.000000,0.196842,55.213569,0.319215,1928.327593,30.605188
767,1.912280,0.573823,0.001391,128.000000,0.196842,66.935820,141.504670,1930.239872,30.606579
768,2.339759,0.566406,0.035717,128.000000,0.196842,54.706491,5.511156,1932.579631,30.642296
769,2.474643,0.584077,0.001314,128.000000,0.196842,51.724642,149.852383,1935.054274,30.643610
770,2.471299,0.567694,0.001289,128.000000,0.196842,51.794617,152.712663,1937.525573,30.644899
771,2.419766,0.579236,0.001265,128.000000,0.196842,52.897676,155.657666,1939.945339,30.646163
772,2.455437,0.568140,0.067863,128.000000,0.196842,52.129217,2.900587,1942.400776,30.714026
773,2.320354,0.571606,0.049662,128.000000,0.196842,55.163985,3.963669,1944.721130,30.763688
774,2.517987,0.584981,0.001411,128.000000,0.196842,50.834250,139.553025,1947.239118,30.765098
775,2.503638,0.572126,0.001316,128.000000,0.196842,51.125609,149.598984,1949.742755,30.766414
776,2.401751,0.579362,0.030473,128.000000,0.196842,53.294457,6.459578,1952.144506,30.796887
777,2.363447,0.588606,0.006337,128.000000,0.196842,54.158190,31.064471,1954.507953,30.803224
778,2.400437,0.581381,0.001299,128.000000,0.196842,53.323623,151.499464,1956.908390,30.804523
779,2.266390,0.573729,0.106434,128.000000,0.196842,56.477474,1.849424,1959.174780,30.910957
780,2.392290,0.567507,0.064942,128.000000,0.196842,53.505219,3.031025,1961.567070,30.975900
781,2.477109,0.565527,0.001364,128.000000,0.196842,51.673149,144.309602,1964.044179,30.977264
782,2.501241,0.573145,0.001510,128.000000,0.196842,51.174605,130.371329,1966.545419,30.978774
783,2.255686,0.576377,0.182811,128.000000,0.196842,56.745488,1.076751,1968.801105,31.161585
784,2.507627,0.581914,0.001297,128.000000,0.196842,51.044279,151.791413,1971.308732,31.162882
785,2.501281,0.568032,0.001311,128.000000,0.196842,51.173775,150.162980,1973.810013,31.164193
786,2.295878,0.568477,0.139264,128.000000,0.196842,55.752098,1.413445,1976.105891,31.303457
787,2.379787,0.577794,0.027285,128.000000,0.196842,53.786325,7.214247,1978.485678,31.330742
788,2.524490,0.582738,7.668108,128.000000,0.196842,50.703304,0.025670,1981.010168,38.998850
789,2.395175,0.569408,15.807986,128.000000,0.196842,53.440780,0.012452,1983.405343,54.806835
790,2.404747,0.576292,3.061309,128.000000,0.196842,53.228062,0.064300,1985.810090,57.868145
791,2.507275,0.593412,5.665101,128.000000,0.196842,51.051445,0.034746,1988.317364,63.533246
792,2.417656,0.566749,0.008233,128.000000,0.196842,52.943847,23.909162,1990.735020,63.541478
793,2.407985,0.566573,0.028596,128.000000,0.196842,53.156485,6.883470,1993.143005,63.570075
794,2.365200,0.576805,0.127769,128.000000,0.196842,54.118044,1.540606,1995.508205,63.697844
795,2.433551,0.576800,0.079808,128.000000,0.196842,52.598030,2.466440,1997.941756,63.777652
796,2.439582,0.573001,0.220954,128.000000,0.196842,52.467994,0.890875,2000.381339,63.998606
797,2.429139,0.579899,0.002943,128.000000,0.196842,52.693570,66.895083,2002.810477,64.001549
798,2.481412,0.585606,0.088645,128.000000,0.196842,51.583533,2.220559,2005.291890,64.090194
799,2.668232,0.583354,0.001311,128.000000,0.196842,47.971836,150.182342,2007.960122,64.091505
800,2.452079,0.582792,0.001257,128.000000,0.196842,52.200608,156.560817,2010.412200,64.092762
801,2.343704,0.572393,9.763622,128.000000,0.196842,54.614405,0.020161,2012.755905,73.856384
802,2.329642,0.583128,0.091985,128.000000,0.196842,54.944069,2.139936,2015.085546,73.948370
803,2.477704,0.564030,0.001314,128.000000,0.196842,51.660730,149.856718,2017.563250,73.949683
804,2.473058,0.584025,0.001292,128.000000,0.196842,51.757780,152.366550,2020.036309,73.950975
805,2.338369,0.567868,0.049638,128.000000,0.196842,54.739018,3.965574,2022.374677,74.000613
806,2.413213,0.571919,0.099817,128.000000,0.196842,53.041322,1.972036,2024.787890,74.100430
807,2.477382,0.583730,0.001364,128.000000,0.196842,51.667446,144.304207,2027.265272,74.101794
808,2.673085,0.584175,0.022184,128.000000,0.196842,47.884749,8.873289,2029.938357,74.123977
809,2.513598,0.570335,0.001244,128.000000,0.196842,50.923022,158.210001,2032.451955,74.125221
810,2.477154,0.567095,0.001366,128.000000,0.196842,51.672191,144.150131,2034.929109,74.126587
811,2.480273,0.586322,0.001306,128.000000,0.196842,51.607229,150.729975,2037.409382,74.127893
812,2.518783,0.578640,0.001338,128.000000,0.196842,50.818197,147.117066,2039.928165,74.129231
813,2.454132,0.583503,0.001322,128.000000,0.196842,52.156940,148.843117,2042.382296,74.130553
814,2.438895,0.584693,0.001363,128.000000,0.196842,52.482789,144.452251,2044.821191,74.131916
815,2.408258,0.568373,0.001247,128.000000,0.196842,53.150446,157.793381,2047.229449,74.133164
816,2.411955,0.582716,0.079191,128.000000,0.196842,53.068977,2.485673,2049.641405,74.212354
817,2.598086,0.576305,0.001364,128.000000,0.196842,49.267042,144.325156,2052.239490,74.213718
818,2.285492,0.605548,0.024533,128.000000,0.196842,56.005458,8.023557,2054.524982,74.238251
819,2.456638,0.575106,0.024320,128.000000,0.196842,52.103732,8.093857,2056.981620,74.262571
820,2.481350,0.565454,0.053743,128.000000,0.196842,51.584814,3.662630,2059.462970,74.316315
821,2.289408,0.604362,0.020202,128.000000,0.196842,55.909654,9.743639,2061.752378,74.336517
822,2.620152,0.585528,0.001436,128.000000,0.196842,48.852125,137.060320,2064.372530,74.337953
823,2.393076,0.566935,0.041081,128.000000,0.196842,53.487650,4.791517,2066.765606,74.379034
824,2.238875,0.582769,0.135595,128.000000,0.196842,57.171565,1.451687,2069.004481,74.514630
825,2.503677,0.569394,0.102695,128.000000,0.196842,51.124803,1.916773,2071.508158,74.617324
826,2.450564,0.579987,0.001246,128.000000,0.196842,52.232879,157.931757,2073.958722,74.618571
827,2.282681,0.568860,0.108733,128.000000,0.196842,56.074407,1.810323,2076.241403,74.727304
828,2.337963,0.571363,0.112694,128.000000,0.196842,54.748504,1.746703,2078.579367,74.839997
829,2.500410,0.582309,0.001333,128.000000,0.196842,51.191614,147.636443,2081.079776,74.841331
830,2.429276,0.596391,0.001340,128.000000,0.196842,52.690598,146.874032,2083.509052,74.842671
831,2.472236,0.592754,0.001304,128.000000,0.196842,51.774983,150.910014,2085.981289,74.843975
832,2.528000,0.575432,0.001339,128.000000,0.196842,50.632910,147.059144,2088.509289,74.845314
833,2.488943,0.583400,0.001318,128.000000,0.196842,51.427456,149.302829,2090.998232,74.846632
834,2.496138,0.587647,0.001359,128.000000,0.196842,51.279215,144.884561,2093.494370,74.847991
835,2.381931,0.567082,0.001241,128.000000,0.196842,53.737903,158.627165,2095.876301,74.849232
836,2.527704,0.569520,0.001343,128.000000,0.196842,50.638836,146.528760,2098.404005,74.850575
837,2.469227,0.586466,0.001327,128.000000,0.196842,51.838085,148.304838,2100.873232,74.851902
838,2.516129,0.582233,0.001413,128.000000,0.196842,50.871789,139.298529,2103.389362,74.853315
839,2.517753,0.579982,0.001273,128.000000,0.196842,50.838990,154.684727,2105.907114,74.854588
840,2.475597,0.584045,0.001379,128.000000,0.196842,51.704694,142.788267,2108.382712,74.855967
841,2.318866,0.591002,0.069309,128.000000,0.196842,55.199405,2.840074,2110.701577,74.925275
842,2.715316,0.583059,0.001367,128.000000,0.196842,47.140004,144.006498,2113.416893,74.926642
843,2.381075,0.583740,0.115549,128.000000,0.196842,53.757221,1.703540,2115.797969,75.042191
844,2.375883,0.567691,0.005406,128.000000,0.196842,53.874715,36.411969,2118.173851,75.047597
845,2.443969,0.582579,0.001344,128.000000,0.196842,52.373834,146.437956,2120.617820,75.048941
846,2.360430,0.583216,0.013530,128.000000,0.196842,54.227406,14.548173,2122.978250,75.062472
847,2.297806,0.568688,0.132282,128.000000,0.196842,55.705323,1.488045,2125.276055,75.194754
848,2.388218,0.580026,0.004537,128.000000,0.196842,53.596444,43.387893,2127.664273,75.199291
849,2.330878,0.569168,0.174454,128.000000,0.196842,54.914917,1.128336,2129.995152,75.373744
850,2.332530,0.577286,0.015260,128.000000,0.196842,54.876036,12.899140,2132.327682,75.389005
851,2.318076,0.578916,0.077162,128.000000,0.196842,55.218198,2.551009,2134.645758,75.466167
852,2.436278,0.580883,0.001348,128.000000,0.196842,52.539150,146.029916,2137.082037,75.467515
853,2.303122,0.582255,0.070416,128.000000,0.196842,55.576743,2.795435,2139.385158,75.537931
854,2.409362,0.584220,0.001310,128.000000,0.196842,53.126102,150.261561,2141.794520,75.539241
855,2.298517,0.566912,0.105165,128.000000,0.196842,55.688084,1.871739,2144.093037,75.644406
856,2.322960,0.581850,0.033927,128.000000,0.196842,55.102107,5.802009,2146.415997,75.678333
857,2.319524,0.577566,0.077622,128.000000,0.196842,55.183726,2.535902,2148.735522,75.755955
858,2.484066,0.584323,0.001342,128.000000,0.196842,51.528428,146.639883,2151.219587,75.757297
859,2.485521,0.582408,0.001321,128.000000,0.196842,51.498251,148.976155,2153.705109,75.758618
860,2.421598,0.582730,0.001378,128.000000,0.196842,52.857650,142.839557,2156.126707,75.759996
861,2.562924,0.581249,0.001306,128.000000,0.196842,49.942959,150.685206,2158.689631,75.761303
862,2.374498,0.565133,0.010738,128.000000,0.196842,53.906134,18.331680,2161.064129,75.772041
863,2.496429,0.582240,0.001393,128.000000,0.196842,51.273230,141.326471,2163.560558,75.773433
864,2.312830,0.586869,0.173044,128.000000,0.196842,55.343460,1.137524,2165.873388,75.946478
865,2.428926,0.568300,0.001287,128.000000,0.196842,52.698184,152.898185,2168.302314,75.947765
866,2.515054,0.582488,0.001325,128.000000,0.196842,50.893535,148.573378,2170.817368,75.949090
867,2.500630,0.580057,0.001321,128.000000,0.196842,51.187091,148.967699,2173.317999,75.950412
868,2.329332,0.579133,0.037021,128.000000,0.196842,54.951373,5.317075,2175.647331,75.987432
869,2.486278,0.567873,0.001305,128.000000,0.196842,51.482569,150.856004,2178.133609,75.988737
870,2.446702,0.570722,0.001369,128.000000,0.196842,52.315311,143.792739,2180.580312,75.990106
871,2.273382,0.580368,0.174154,128.000000,0.196842,56.303792,1.130277,2182.853693,76.164260
872,2.425099,0.567547,0.001300,128.000000,0.196842,52.781353,151.462627,2185.278792,76.165560
873,2.451721,0.569760,0.001342,128.000000,0.196842,52.208234,146.681953,2187.730513,76.166902
874,2.322954,0.567862,0.052335,128.000000,0.196842,55.102260,3.761191,2190.053466,76.219237
875,2.484088,0.577314,0.001319,128.000000,0.196842,51.527967,149.224505,2192.537554,76.220556
876,2.549274,0.583021,0.001294,128.000000,0.196842,50.210374,152.106583,2195.086828,76.221850
877,2.388714,0.578896,0.011849,128.000000,0.196842,53.585308,16.613020,2197.475543,76.233699
878,2.395705,0.566802,0.012790,128.000000,0.196842,53.428940,15.389793,2199.871248,76.246489
879,2.466191,0.577437,0.001325,128.000000,0.196842,51.901901,148.604447,2202.337439,76.247814
880,2.414911,0.583006,0.001312,128.000000,0.196842,53.004019,150.084552,2204.752350,76.249125
881,2.322432,0.581458,0.001384,128.000000,0.196842,55.114636,142.225169,2207.074783,76.250509
882,2.320534,0.582702,0.058554,128.000000,0.196842,55.159722,3.361702,2209.395316,76.309063
883,2.470453,0.583525,0.001383,128.000000,0.196842,51.812350,142.357341,2211.865770,76.310446
884,2.387836,0.567173,0.001280,128.000000,0.196842,53.605023,153.786448,2214.253606,76.311726
885,2.502428,0.574416,0.001295,128.000000,0.196842,51.150315,151.954758,2216.756034,76.313022
886,2.096782,0.569337,0.293147,128.000000,0.196842,61.045939,0.671480,2218.852816,76.606168
887,2.393383,0.565394,0.001301,128.000000,0.196842,53.480776,151.314295,2221.246199,76.607469
888,2.382064,0.581109,0.028091,128.000000,0.196842,53.734916,7.007187,2223.628263,76.635561
889,2.416699,0.573699,0.001275,128.000000,0.196842,52.964806,154.371384,2226.044962,76.636836
890,2.873968,0.613102,0.001352,128.000000,0.196842,44.537731,145.611432,2228.918930,76.638188
891,2.410803,0.570986,0.028361,128.000000,0.196842,53.094335,6.940628,2231.329733,76.666549
892,2.463100,0.583375,0.001317,128.000000,0.196842,51.967043,149.419335,2233.792833,76.667866
893,2.423583,0.578973,0.001340,128.000000,0.196842,52.814377,146.880827,2236.216415,76.669206
894,2.477812,0.574476,0.001310,128.000000,0.196842,51.658472,150.280145,2238.694227,76.670516
895,2.302208,0.574656,0.151217,128.000000,0.196842,55.598805,1.301720,2240.996435,76.821733
896,2.464847,0.581510,0.001303,128.000000,0.196842,51.930205,151.041559,2243.461282,76.823036
897,2.414905,0.573028,0.095883,128.000000,0.196842,53.004162,2.052946,2245.876187,76.918919
898,2.359971,0.578247,0.001337,128.000000,0.196842,54.237949,147.225340,2248.236158,76.920256
899,2.375217,0.570032,0.001225,128.000000,0.196842,53.889804,160.665995,2250.611375,76.921481
900,2.332969,0.589519,0.018551,128.000000,0.196842,54.865716,10.611141,2252.944344,76.940032
901,2.557565,0.582274,0.001318,128.000000,0.196842,50.047604,149.293657,2255.501909,76.941350
902,2.479783,0.579831,0.064625,128.000000,0.196842,51.617416,3.045931,2257.981692,77.005975
903,2.495250,0.574917,0.001395,128.000000,0.196842,51.297467,141.080839,2260.476942,77.007370
904,2.275376,0.582900,0.148650,128.000000,0.196842,56.254445,1.324197,2262.752318,77.156020
905,2.424917,0.571352,0.001352,128.000000,0.196842,52.785318,145.640090,2265.177235,77.157372
906,2.421924,0.570329,0.068944,128.000000,0.196842,52.850543,2.855122,2267.599159,77.226315
907,2.372264,0.577311,0.001370,128.000000,0.196842,53.956903,143.654848,2269.971422,77.227685
908,2.585696,0.582267,0.001317,128.000000,0.196842,49.503116,149.475046,2272.557118,77.229002
909,2.358250,0.569688,0.023571,128.000000,0.196842,54.277547,8.351092,2274.915368,77.252573
910,2.518969,0.571087,0.001482,128.000000,0.196842,50.814438,132.829074,2277.434337,77.254055
911,2.434687,0.576366,0.001326,128.000000,0.196842,52.573492,148.426059,2279.869024,77.255381
912,2.302357,0.582206,0.040610,128.000000,0.196842,55.595195,4.847111,2282.171381,77.295992
913,2.228985,0.574103,0.152200,128.000000,0.196842,57.425233,1.293311,2284.400366,77.448192
914,2.334957,0.570785,0.111318,128.000000,0.196842,54.818987,1.768285,2286.735324,77.559510
915,2.311630,0.580290,0.069319,128.000000,0.196842,55.372191,2.839654,2289.046953,77.628829
916,2.454822,0.588246,0.001300,128.000000,0.196842,52.142278,151.405542,2291.501775,77.630129
917,2.579633,0.586177,0.001302,128.000000,0.196842,49.619462,151.135959,2294.081408,77.631431
918,2.333071,0.575541,0.023425,128.000000,0.196842,54.863301,8.402992,2296.414480,77.654857
919,2.375491,0.574148,0.042166,128.000000,0.196842,53.883596,4.668286,2298.789971,77.697023
920,2.386502,0.582570,0.001243,128.000000,0.196842,53.634990,158.346052,2301.176472,77.698266
921,2.475746,0.584349,0.001283,128.000000,0.196842,51.701579,153.428639,2303.652219,77.699549
922,2.436951,0.578586,0.001298,128.000000,0.196842,52.524660,151.621411,2306.089169,77.700847
923,2.532031,0.572839,0.001405,128.000000,0.196842,50.552313,140.110280,2308.621200,77.702252
924,2.522705,0.576362,0.001307,128.000000,0.196842,50.739192,150.606001,2311.143905,77.703559
925,2.503173,0.574828,0.001336,128.000000,0.196842,51.135092,147.312493,2313.647078,77.704895
926,2.482337,0.597844,0.001306,128.000000,0.196842,51.564322,150.773270,2316.129415,77.706201
927,2.169532,0.582885,0.200631,128.000000,0.196842,58.998906,0.981117,2318.298946,77.906831
928,2.452867,0.586230,0.001407,128.000000,0.196842,52.183831,139.876606,2320.751813,77.908238
929,2.457751,0.583992,0.001294,128.000000,0.196842,52.080141,152.173727,2323.209564,77.909532
930,2.392288,0.579955,15.053838,128.000000,0.196842,53.505265,0.013076,2325.601852,92.963370
931,2.512743,0.585026,0.001315,128.000000,0.196842,50.940349,149.642200,2328.114595,92.964685
932,2.510703,0.565021,0.001238,128.000000,0.196842,50.981738,159.049490,2330.625298,92.965923
933,2.623385,0.569215,0.001376,128.000000,0.196842,48.791929,143.009022,2333.248683,92.967299
934,2.429227,0.578187,0.002246,128.000000,0.196842,52.691651,87.659570,2335.677910,92.969545
935,2.541752,0.565654,0.011723,128.000000,0.196842,50.358966,16.790650,2338.219662,92.981268
936,2.574179,0.587715,0.001305,128.000000,0.196842,49.724594,150.866872,2340.793841,92.982573
937,2.383599,0.569849,0.054672,128.000000,0.196842,53.700298,3.600402,2343.177440,93.037245
938,2.396105,0.578629,0.031256,128.000000,0.196842,53.420019,6.297829,2345.573546,93.068501
939,2.497210,0.571558,0.001367,128.000000,0.196842,51.257193,143.956367,2348.070756,93.069868
940,2.540166,0.569989,0.001302,128.000000,0.196842,50.390412,151.177630,2350.610922,93.071170
941,2.431663,0.576349,0.001282,128.000000,0.196842,52.638870,153.535867,2353.042585,93.072452
942,2.281463,0.578639,0.085026,128.000000,0.196842,56.104348,2.315085,2355.324048,93.157478
943,2.509080,0.567172,0.122130,128.000000,0.196842,51.014712,1.611747,2357.833128,93.279608
944,2.330765,0.570732,0.157557,128.000000,0.196842,54.917590,1.249337,2360.163893,93.437165
945,2.368124,0.573525,0.001402,128.000000,0.196842,54.051229,140.384372,2362.532017,93.438567
946,2.393186,0.588750,0.001270,128.000000,0.196842,53.485183,154.966277,2364.925203,93.439837
947,2.469181,0.582807,0.001328,128.000000,0.196842,51.839048,148.277803,2367.394385,93.441165
948,2.523000,0.574612,0.001313,128.000000,0.196842,50.733252,149.950213,2369.917385,93.442478
949,2.512781,0.582203,0.054960,128.000000,0.196842,50.939571,3.581522,2372.430166,93.497438
950,2.565862,0.567317,0.047777,128.000000,0.196842,49.885761,4.120001,2374.996028,93.545215
951,2.436108,0.579637,0.001326,128.000000,0.196842,52.542817,148.404126,2377.432137,93.546542
952,2.438774,0.568747,0.001300,128.000000,0.196842,52.485394,151.435943,2379.870910,93.547842
953,2.381205,0.584261,0.001313,128.000000,0.196842,53.754303,149.948271,2382.252115,93.549154
954,2.424874,0.568775,0.001367,128.000000,0.196842,52.786247,143.969739,2384.676989,93.550522
955,2.442714,0.583552,0.001278,128.000000,0.196842,52.400731,154.068834,2387.119703,93.551799
956,2.216096,0.567071,0.177941,128.000000,0.196842,57.759241,1.106224,2389.335799,93.729740
957,2.612403,0.573477,0.001327,128.000000,0.196842,48.997028,148.328641,2391.948202,93.731067
958,2.386650,0.579299,0.001240,128.000000,0.196842,53.631671,158.804665,2394.334852,93.732307
959,2.402444,0.576794,0.046835,128.000000,0.196842,53.279067,4.202931,2396.737296,93.779141
960,2.518452,0.566683,0.001231,128.000000,0.196842,50.824872,159.874170,2399.255748,93.780372
961,2.424058,0.567664,0.024727,128.000000,0.196842,52.804010,7.960732,2401.679807,93.805099
962,2.461093,0.570020,0.001305,128.000000,0.196842,52.009402,150.893703,2404.140900,93.806403
963,2.400867,0.580866,0.001292,128.000000,0.196842,53.314068,152.386249,2406.541767,93.807695
964,2.557050,0.572743,0.001395,128.000000,0.196842,50.057686,141.130807,2409.098817,93.809090
965,2.293462,0.573800,0.082940,128.000000,0.196842,55.810830,2.373308,2411.392279,93.892030
966,2.467116,0.572134,0.001289,128.000000,0.196842,51.882445,152.690866,2413.859395,93.893319
967,2.384011,0.568644,0.001339,128.000000,0.196842,53.691036,146.963842,2416.243405,93.894658
968,2.407632,0.584167,0.002063,128.000000,0.196842,53.164270,95.397150,2418.651037,93.896722
969,2.461592,0.581445,0.027266,128.000000,0.196842,51.998873,7.219325,2421.112629,93.923988
970,2.572868,0.569215,0.001311,128.000000,0.196842,49.749937,150.097255,2423.685497,93.925299
971,2.273143,0.586638,0.192557,128.000000,0.196842,56.309696,1.022255,2425.958640,94.117856
972,2.373957,0.584005,0.001257,128.000000,0.196842,53.918419,156.598806,2428.332597,94.119113
973,2.462406,0.565753,0.001224,128.000000,0.196842,51.981672,160.801838,2430.795003,94.120337
974,2.461789,0.575678,0.001445,128.000000,0.196842,51.994713,136.251730,2433.256792,94.121782
975,2.408948,0.583045,0.001294,128.000000,0.196842,53.135222,152.159023,2435.665740,94.123076
976,2.385078,0.579134,0.279316,128.000000,0.196842,53.667017,0.704730,2438.050818,94.402392
977,2.441880,0.576192,0.001433,128.000000,0.196842,52.418620,137.377225,2440.492698,94.403824
978,2.414710,0.569974,0.018590,128.000000,0.196842,53.008433,10.588485,2442.907408,94.422415
979,2.288378,0.600890,0.120108,128.000000,0.196842,55.934805,1.638876,2445.195787,94.542523
980,2.439019,0.584844,0.001330,128.000000,0.196842,52.480108,148.011999,2447.634806,94.543853
981,2.538920,0.577512,0.001322,128.000000,0.196842,50.415139,148.908198,2450.173726,94.545174
982,2.392860,0.579171,0.070263,128.000000,0.196842,53.492471,2.801504,2452.566586,94.615438
983,2.364132,0.580781,0.060926,128.000000,0.196842,54.142498,3.230826,2454.930718,94.676364
984,2.414913,0.567653,0.042805,128.000000,0.196842,53.003970,4.598632,2457.345631,94.719168
985,2.384556,0.582159,0.036657,128.000000,0.196842,53.678746,5.369815,2459.730188,94.755825
986,2.548974,0.566719,0.001287,128.000000,0.196842,50.216283,152.997061,2462.279162,94.757112
987,2.353726,0.570612,0.130799,128.000000,0.196842,54.381851,1.504922,2464.632888,94.887911
988,2.321576,0.580161,0.213074,128.000000,0.196842,55.134951,0.923822,2466.954464,95.100985
989,2.199352,0.568786,0.157097,128.000000,0.196842,58.198967,1.252997,2469.153816,95.258082
990,2.408647,0.568743,0.090104,128.000000,0.196842,53.141875,2.184612,2471.562463,95.348186
991,2.494243,0.572498,0.136625,128.000000,0.196842,51.318170,1.440751,2474.056706,95.484811
992,2.299487,0.590751,0.001313,128.000000,0.196842,55.664593,149.916980,2476.356193,95.486124
993,2.532220,0.584654,0.001336,128.000000,0.196842,50.548527,147.320651,2478.888413,95.487460
994,2.304903,0.570819,0.138256,128.000000,0.196842,55.533793,1.423751,2481.193316,95.625716
995,2.505047,0.567946,0.001286,128.000000,0.196842,51.096843,153.075230,2483.698363,95.627002
996,2.458209,0.581950,0.001320,128.000000,0.196842,52.070440,149.164685,2486.156572,95.628321
997,2.517580,0.576714,0.001259,128.000000,0.196842,50.842484,156.335880,2488.674151,95.629580
998,2.586759,0.569559,0.001297,128.000000,0.196842,49.482770,151.766602,2491.260910,95.630877
999,2.296869,0.569290,0.040161,128.000000,0.196842,55.728041,4.901333,2493.557779,95.671038
1000,2.393223,0.578177,0.046237,128.000000,0.196842,53.484361,4.257284,2495.951002,95.717275
1001,2.477002,0.576429,0.001289,128.000000,0.196842,51.675371,152.725459,2498.428004,95.718564
1002,2.561082,0.575490,0.001335,128.000000,0.196842,49.978874,147.439053,2500.989086,95.719899
1003,2.291331,0.568385,0.313729,128.000000,0.196842,55.862737,0.627428,2503.280417,96.033627
1004,2.407492,0.567087,0.160234,128.000000,0.196842,53.167368,1.228470,2505.687909,96.193861
1005,2.499927,0.577416,0.001308,128.000000,0.196842,51.201498,150.528721,2508.187836,96.195169
1006,2.331259,0.565097,0.001295,128.000000,0.196842,54.905944,151.973412,2510.519095,96.196464
1007,2.362328,0.583501,0.040235,128.000000,0.196842,54.183841,4.892316,2512.881423,96.236699
1008,2.437906,0.581666,0.001285,128.000000,0.196842,52.504074,153.172666,2515.319329,96.237984
1009,2.565014,0.570344,0.001286,128.000000,0.196842,49.902269,153.104400,2517.884343,96.239270
1010,2.417068,0.574400,0.001414,128.000000,0.196842,52.956729,139.171874,2520.301410,96.240684
1011,2.673903,0.583567,0.001300,128.000000,0.196842,47.870105,151.472767,2522.975313,96.241984
1012,2.504487,0.590371,0.001335,128.000000,0.196842,51.108278,147.459486,2525.479800,96.243318
1013,2.457781,0.581855,0.001311,128.000000,0.196842,52.079501,150.182800,2527.937580,96.244629
1014,2.514823,0.574291,0.001373,128.000000,0.196842,50.898207,143.332042,2530.452404,96.246002
1015,2.340687,0.571208,0.001275,128.000000,0.196842,54.684810,154.392936,2532.793090,96.247277
1016,2.281195,0.571042,0.083315,128.000000,0.196842,56.110934,2.362616,2535.074286,96.330593
1017,2.442793,0.582914,0.001300,128.000000,0.196842,52.399035,151.401815,2537.517079,96.331893
1018,2.286504,0.581055,0.230948,128.000000,0.196842,55.980652,0.852322,2539.803583,96.562841
1019,2.588881,0.567220,0.001338,128.000000,0.196842,49.442201,147.156660,2542.392464,96.564179
1020,2.383140,0.583748,0.003563,128.000000,0.196842,53.710649,55.250801,2544.775604,96.567741
1021,2.366923,0.567660,0.023063,128.000000,0.196842,54.078643,8.534839,2547.142528,96.590805
1022,2.410618,0.580838,0.007838,128.000000,0.196842,53.098428,25.113608,2549.553145,96.598643
1023,2.474340,0.576090,0.001292,128.000000,0.196842,51.730961,152.342494,2552.027486,96.599935
1024,2.392244,0.581796,0.055448,128.000000,0.196842,53.506254,3.550043,2554.419729,96.655383
1025,2.556399,0.622609,0.001333,128.000000,0.196842,50.070426,147.640651,2556.976129,96.656716
1026,2.327265,0.583571,0.186437,128.000000,0.196842,55.000176,1.055810,2559.303394,96.843153
1027,2.493626,0.573035,0.001300,128.000000,0.196842,51.330866,151.461695,2561.797020,96.844453
1028,2.480340,0.570153,0.082335,128.000000,0.196842,51.605823,2.390754,2564.277360,96.926788
1029,2.399789,0.564204,0.013834,128.000000,0.196842,53.338026,14.228613,2566.677149,96.940622
1030,2.450220,0.589024,0.001355,128.000000,0.196842,52.240211,145.295333,2569.127369,96.941977
1031,2.456667,0.584651,0.001296,128.000000,0.196842,52.103121,151.829113,2571.584036,96.943273
1032,2.602490,0.588854,0.001340,128.000000,0.196842,49.183668,146.856719,2574.186526,96.944613
1033,2.645646,0.572584,0.001407,128.000000,0.196842,48.381378,139.862195,2576.832172,96.946021
1034,2.380536,0.583829,0.001316,128.000000,0.196842,53.769411,149.583410,2579.212707,96.947337
1035,2.385666,0.570400,0.008381,128.000000,0.196842,53.653770,23.486316,2581.598374,96.955718
1036,2.338440,0.566948,0.024657,128.000000,0.196842,54.737341,7.983356,2583.936814,96.980374
1037,2.559995,0.574763,0.001353,128.000000,0.196842,50.000103,145.533596,2586.496809,96.981727
1038,2.539001,0.584288,0.001318,128.000000,0.196842,50.413521,149.397222,2589.035810,96.983045
1039,2.429844,0.580095,0.001374,128.000000,0.196842,52.678284,143.299800,2591.465654,96.984418
1040,2.359236,0.582419,0.051851,128.000000,0.196842,54.254851,3.796319,2593.824890,97.036269
1041,2.433701,0.576928,0.001323,128.000000,0.196842,52.594793,148.809922,2596.258591,97.037592
1042,2.351887,0.586549,0.001302,128.000000,0.196842,54.424379,151.179139,2598.610478,97.038894
1043,2.257345,0.583429,0.140789,128.000000,0.196842,56.703782,1.398138,2600.867823,97.179683
1044,2.312582,0.581440,0.089442,128.000000,0.196842,55.349393,2.200770,2603.180405,97.269125
1045,2.453350,0.575081,0.018333,128.000000,0.196842,52.173555,10.736820,2605.633755,97.287458
1046,2.415826,0.572011,0.001297,128.000000,0.196842,52.983941,151.783571,2608.049582,97.288755
1047,2.437759,0.581254,0.001315,128.000000,0.196842,52.507237,149.715726,2610.487341,97.290070
1048,2.269218,0.576115,0.219090,128.000000,0.196842,56.407092,0.898455,2612.756559,97.509160
1049,2.432258,0.570449,0.015900,128.000000,0.196842,52.625986,12.380021,2615.188817,97.525060
1050,2.368753,0.570100,0.246279,128.000000,0.196842,54.036873,0.799264,2617.557570,97.771339
1051,2.471977,0.575308,0.001312,128.000000,0.196842,51.780423,150.041194,2620.029547,97.772651
1052,2.401963,0.583227,0.020027,128.000000,0.196842,53.289737,9.828755,2622.431510,97.792678
1053,2.354731,0.577459,0.037952,128.000000,0.196842,54.358652,5.186675,2624.786241,97.830629
1054,2.451861,0.587281,0.001287,128.000000,0.196842,52.205243,152.933941,2627.238102,97.831917
1055,2.420851,0.578144,0.001422,128.000000,0.196842,52.873973,138.455896,2629.658953,97.833338
1056,2.460191,0.567867,0.001311,128.000000,0.196842,52.028489,150.131370,2632.119144,97.834649
1057,2.453565,0.576193,0.001357,128.000000,0.196842,52.168991,145.067790,2634.572708,97.836006
1058,2.346752,0.588107,0.100525,128.000000,0.196842,54.543479,1.958134,2636.919460,97.936532
1059,2.352342,0.581495,0.037498,128.000000,0.196842,54.413867,5.249350,2639.271802,97.974030
1060,2.317253,0.581681,0.093784,128.000000,0.196842,55.237818,2.098881,2641.589055,98.067814
1061,2.339965,0.584312,0.090239,128.000000,0.196842,54.701663,2.181353,2643.929020,98.158053
1062,2.353984,0.566155,0.077477,128.000000,0.196842,54.375895,2.540638,2646.283004,98.235530
1063,2.346012,0.568888,0.187840,128.000000,0.196842,54.560671,1.047926,2648.629017,98.423370
1064,2.412469,0.567030,0.048655,128.000000,0.196842,53.057686,4.045680,2651.041485,98.472025
1065,2.433024,0.567710,0.001363,128.000000,0.196842,52.609436,144.408060,2653.474509,98.473388
1066,2.484540,0.570014,0.001309,128.000000,0.196842,51.518585,150.362223,2655.959049,98.474697
1067,2.422974,0.569788,0.001867,128.000000,0.196842,52.827637,105.428847,2658.382023,98.476564
1068,2.408805,0.576425,0.001354,128.000000,0.196842,53.138383,145.328265,2660.790828,98.477919
1069,2.486685,0.573452,0.001319,128.000000,0.196842,51.474152,149.271806,2663.277513,98.479238
1070,2.484697,0.570180,0.001342,128.000000,0.196842,51.515338,146.703161,2665.762210,98.480579
1071,2.529059,0.572967,0.001321,128.000000,0.196842,50.611715,149.060540,2668.291269,98.481900
1072,2.603160,0.569432,0.001337,128.000000,0.196842,49.171002,147.181087,2670.894429,98.483237
1073,2.483745,0.578660,0.001315,128.000000,0.196842,51.535075,149.699216,2673.378174,98.484552
1074,2.468361,0.575923,0.001313,128.000000,0.196842,51.856276,149.865275,2675.846535,98.485866
1075,2.540079,0.587626,0.001402,128.000000,0.196842,50.392124,140.352141,2678.386615,98.487268
1076,2.479158,0.570725,0.006073,128.000000,0.196842,51.630425,32.410026,2680.865773,98.493342
1077,2.490915,0.582670,0.001328,128.000000,0.196842,51.386733,148.244860,2683.356688,98.494669
1078,2.226433,0.566630,0.164538,128.000000,0.196842,57.491052,1.196336,2685.583122,98.659207
1079,2.494165,0.577643,0.109428,128.000000,0.196842,51.319785,1.798822,2688.077286,98.768635
1080,2.352629,0.566946,0.047712,128.000000,0.196842,54.407208,4.125637,2690.429916,98.816347
1081,2.319908,0.566491,0.141837,128.000000,0.196842,55.174593,1.387802,2692.749824,98.958185
1082,2.270738,0.576240,0.142600,128.000000,0.196842,56.369334,1.380384,2695.020562,99.100784
1083,2.374133,0.564823,0.050338,128.000000,0.196842,53.914417,3.910425,2697.394695,99.151122
1084,2.328061,0.580585,0.067574,128.000000,0.196842,54.981387,2.912996,2699.722756,99.218696
1085,2.412373,0.581161,0.001365,128.000000,0.196842,53.059788,144.180434,2702.135129,99.220061
1086,2.277478,0.579289,0.045614,128.000000,0.196842,56.202509,4.315343,2704.412607,99.265676
1087,2.465432,0.565639,0.001297,128.000000,0.196842,51.917877,151.795627,2706.878040,99.266972
1088,2.297327,0.577731,0.066617,128.000000,0.196842,55.716931,2.954812,2709.175366,99.333590
1089,2.380491,0.584148,0.049646,128.000000,0.196842,53.770410,3.964944,2711.555858,99.383235
1090,3.192925,0.579521,0.003406,128.000000,0.196842,40.088627,57.796950,2714.748783,99.386641
1091,2.552255,0.581428,0.001306,128.000000,0.196842,50.151734,150.719242,2717.301038,99.387947
1092,2.479153,0.567631,0.001306,128.000000,0.196842,51.630534,150.674133,2719.780191,99.389254
1093,2.539406,0.568675,0.001296,128.000000,0.196842,50.405495,151.879487,2722.319597,99.390550
1094,2.459851,0.567147,0.023041,128.000000,0.196842,52.035672,8.543006,2724.779448,99.413591
1095,2.514225,0.576223,0.001337,128.000000,0.196842,50.910329,147.233489,2727.293672,99.414928
1096,2.536515,0.566633,0.001284,128.000000,0.196842,50.462937,153.326578,2729.830188,99.416212
1097,2.416426,0.570279,0.001295,128.000000,0.196842,52.970790,152.008972,2732.246614,99.417507
1098,2.404493,0.570747,0.001418,128.000000,0.196842,53.233671,138.812472,2734.651107,99.418925
1099,2.161767,0.580784,0.005930,128.000000,0.196842,59.210833,33.192038,2736.812873,99.424855
