step,read_time_sec,compute_time_sec,write_time_sec,data_read_mb,data_written_mb,read_throughput_mb_s,write_throughput_mb_s,cumulative_read_time,cumulative_write_time
1,1.876501,0.082284,0.922653,32.000000,0.050358,17.053011,0.054579,1.876501,0.922653
2,2.427712,0.100379,0.129159,32.000000,0.050358,13.181137,0.389890,4.304213,1.051812
3,2.203888,0.073872,0.562820,32.000000,0.050358,14.519793,0.089474,6.508101,1.614633
4,2.154382,0.075906,0.505541,32.000000,0.050358,14.853449,0.099612,8.662483,2.120174
5,2.486006,0.103371,0.267205,32.000000,0.050358,12.872050,0.188462,11.148490,2.387379
6,1.879732,0.073600,0.769045,32.000000,0.050358,17.023705,0.065481,13.028221,3.156424
7,2.410477,0.100574,0.237779,32.000000,0.050358,13.275380,0.211784,15.438699,3.394203
8,2.372184,0.108204,0.069049,32.000000,0.050358,13.489677,0.729303,17.810883,3.463252
9,2.037350,0.071889,0.572910,32.000000,0.050358,15.706677,0.087898,19.848233,4.036161
10,2.491714,0.100830,0.046182,32.000000,0.050358,12.842568,1.090426,22.339946,4.082343
11,2.269696,0.096324,0.213445,32.000000,0.050358,14.098806,0.235929,24.609642,4.295788
12,2.280917,0.103268,0.398047,32.000000,0.050358,14.029443,0.126512,26.890560,4.693835
13,2.449468,0.105247,0.064953,32.000000,0.050358,13.064060,0.775296,29.340028,4.758788
14,2.692539,0.100296,0.002026,32.000000,0.050358,11.884694,24.854729,32.032567,4.760814
15,2.325233,0.105506,0.155697,32.000000,0.050358,13.762060,0.323436,34.357800,4.916510
16,2.118290,0.073546,0.833704,32.000000,0.050358,15.106522,0.060403,36.476090,5.750214
17,2.364817,0.103081,0.158851,32.000000,0.050358,13.531703,0.317013,38.840907,5.909065
18,1.947023,0.099233,0.668494,32.000000,0.050358,16.435346,0.075330,40.787930,6.577559
19,2.226349,0.075880,0.653846,32.000000,0.050358,14.373307,0.077018,43.014280,7.231405
20,2.387770,0.103158,0.183764,32.000000,0.050358,13.401627,0.274036,45.402049,7.415169
21,2.348511,0.105537,0.203735,32.000000,0.050358,13.625658,0.247173,47.750560,7.618904
22,2.403009,0.105411,0.022659,32.000000,0.050358,13.316639,2.222398,50.153569,7.641563
23,2.008331,0.103442,0.759050,32.000000,0.050358,15.933630,0.066343,52.161899,8.400614
24,2.299209,0.100198,0.235750,32.000000,0.050358,13.917829,0.213607,54.461109,8.636363
25,2.412097,0.106152,0.138568,32.000000,0.050358,13.266462,0.363417,56.873206,8.774931
26,2.196953,0.100631,0.343081,32.000000,0.050358,14.565629,0.146781,59.070159,9.118012
27,2.179399,0.074541,0.591301,32.000000,0.050358,14.682949,0.085165,61.249558,9.709313
28,2.562775,0.100392,0.037068,32.000000,0.050358,12.486466,1.358509,63.812332,9.746381
29,2.638066,0.101416,0.001982,32.000000,0.050358,12.130098,25.405770,66.450398,9.748363
30,2.359504,0.100856,0.440539,32.000000,0.050358,13.562173,0.114310,68.809902,10.188902
31,2.148925,0.072312,0.731822,32.000000,0.050358,14.891165,0.068812,70.958827,10.920724
32,2.080201,0.073236,0.637899,32.000000,0.050358,15.383132,0.078943,73.039028,11.558623
33,2.322980,0.102331,0.596055,32.000000,0.050358,13.775412,0.084485,75.362008,12.154679
34,2.437125,0.106700,0.146536,32.000000,0.050358,13.130227,0.343655,77.799132,12.301215
35,2.350452,0.101622,0.201906,32.000000,0.050358,13.614402,0.249412,80.149584,12.503120
36,2.141737,0.104336,0.617989,32.000000,0.050358,14.941146,0.081487,82.291321,13.121110
37,2.443504,0.105894,0.081302,32.000000,0.050358,13.095947,0.619389,84.734825,13.202412
38,2.726568,0.105697,0.047095,32.000000,0.050358,11.736368,1.069289,87.461393,13.249507
39,2.312395,0.100124,0.349676,32.000000,0.050358,13.838464,0.144013,89.773788,13.599183
40,2.280824,0.100075,0.419383,32.000000,0.050358,14.030017,0.120076,92.054612,14.018566
41,2.621999,0.100535,0.002058,32.000000,0.050358,12.204427,24.465852,94.676611,14.020624
42,2.353785,0.102431,0.184676,32.000000,0.050358,13.595123,0.272681,97.030397,14.205301
43,2.261719,0.076823,0.471501,32.000000,0.050358,14.148531,0.106803,99.292116,14.676802
44,2.291757,0.105526,0.369960,32.000000,0.050358,13.963087,0.136117,101.583872,15.046762
45,2.663252,0.100127,0.191593,32.000000,0.050358,12.015386,0.262837,104.247124,15.238355
46,2.328442,0.109841,0.292805,32.000000,0.050358,13.743093,0.171984,106.575567,15.531160
47,2.606526,0.103740,0.001927,32.000000,0.050358,12.276880,26.135969,109.182092,15.533086
48,2.376006,0.103574,0.226712,32.000000,0.050358,13.467980,0.222122,111.558098,15.759799
49,2.579282,0.100376,0.138426,32.000000,0.050358,12.406553,0.363788,114.137380,15.898225
50,2.465134,0.099919,0.162130,32.000000,0.050358,12.981040,0.310601,116.602514,16.060355
51,2.273226,0.103393,0.488272,32.000000,0.050358,14.076910,0.103135,118.875740,16.548628
52,2.285512,0.103316,0.277816,32.000000,0.050358,14.001236,0.181263,121.161253,16.826444
53,2.629980,0.100017,0.001935,32.000000,0.050358,12.167393,26.019428,123.791233,16.828379
54,2.324404,0.101679,0.183611,32.000000,0.050358,13.766973,0.274264,126.115636,17.011990
55,2.422314,0.100333,0.009016,32.000000,0.050358,13.210510,5.585572,128.537950,17.021006
56,1.995653,0.074992,0.614024,32.000000,0.050358,16.034852,0.082013,130.533603,17.635030
57,2.071625,0.072588,0.571177,32.000000,0.050358,15.446811,0.088165,132.605228,18.206207
58,2.495352,0.099745,0.060561,32.000000,0.050358,12.823843,0.831519,135.100580,18.266768
59,2.469093,0.103248,0.109560,32.000000,0.050358,12.960223,0.459637,137.569673,18.376328
60,2.441073,0.103366,0.099052,32.000000,0.050358,13.108989,0.508398,140.010746,18.475380
61,2.569067,0.100029,0.044705,32.000000,0.050358,12.455884,1.126459,142.579813,18.520085
62,2.462826,0.105647,0.001981,32.000000,0.050358,12.993202,25.424099,145.042639,18.522065
63,2.308041,0.105066,0.297873,32.000000,0.050358,13.864574,0.169058,147.350680,18.819938
64,2.237738,0.117074,0.391410,32.000000,0.050358,14.300154,0.128658,149.588418,19.211348
65,1.765301,0.072910,0.875058,32.000000,0.050358,18.127216,0.057548,151.353719,20.086406
66,2.171756,0.075719,0.534972,32.000000,0.050358,14.734621,0.094132,153.525475,20.621378
67,2.473130,0.100663,0.106037,32.000000,0.050358,12.939067,0.474907,155.998606,20.727415
68,2.307660,0.101833,0.390782,32.000000,0.050358,13.866860,0.128864,158.306266,21.118197
69,2.235030,0.101454,0.400918,32.000000,0.050358,14.317480,0.125606,160.541296,21.519115
70,2.150365,0.073599,0.646614,32.000000,0.050358,14.881195,0.077879,162.691661,22.165729
71,2.495419,0.106272,0.323798,32.000000,0.050358,12.823498,0.155522,165.187080,22.489527
72,2.541920,0.099899,0.065224,32.000000,0.050358,12.588910,0.772074,167.729000,22.554751
73,2.230196,0.101491,0.462400,32.000000,0.050358,14.348516,0.108905,169.959195,23.017151
74,2.248144,0.101847,0.238276,32.000000,0.050358,14.233961,0.211342,172.207340,23.255427
75,2.247307,0.100340,0.530559,32.000000,0.050358,14.239264,0.094915,174.454647,23.785986
76,2.031296,0.076569,0.539941,32.000000,0.050358,15.753488,0.093265,176.485943,24.325927
77,2.417806,0.100224,0.342962,32.000000,0.050358,13.235139,0.146832,178.903749,24.668889
78,2.203538,0.101646,0.368272,32.000000,0.050358,14.522103,0.136741,181.107287,25.037161
79,2.240906,0.102982,0.431451,32.000000,0.050358,14.279939,0.116717,183.348193,25.468612
80,2.023649,0.093146,0.653123,32.000000,0.050358,15.813020,0.077103,185.371842,26.121735
81,2.119544,0.078091,0.612021,32.000000,0.050358,15.097589,0.082281,187.491385,26.733756
82,2.451787,0.100410,0.002766,32.000000,0.050358,13.051705,18.204883,189.943172,26.736522
83,2.573138,0.102273,0.001868,32.000000,0.050358,12.436177,26.956372,192.516310,26.738390
84,2.084787,0.083170,0.459702,32.000000,0.050358,15.349287,0.109544,194.601098,27.198092
85,3.409085,0.100172,0.001979,32.000000,0.050358,9.386683,25.448511,198.010183,27.200071
86,2.455967,0.108866,0.136741,32.000000,0.050358,13.029490,0.368272,200.466150,27.336812
87,2.721069,0.105630,0.001853,32.000000,0.050358,11.760085,27.180700,203.187219,27.338664
88,2.071574,0.073432,1.212236,32.000000,0.050358,15.447189,0.041541,205.258793,28.550901
89,2.402203,0.100142,0.265049,32.000000,0.050358,13.321107,0.189995,207.660996,28.815949
90,2.037666,0.072249,0.493574,32.000000,0.050358,15.704245,0.102027,209.698661,29.309523
91,2.332706,0.101750,0.171184,32.000000,0.050358,13.717976,0.294174,212.031367,29.480707
92,2.159029,0.087994,0.467975,32.000000,0.050358,14.821480,0.107608,214.190396,29.948682
93,2.369065,0.100676,0.194178,32.000000,0.050358,13.507438,0.259339,216.559461,30.142860
94,2.428184,0.101576,0.354232,32.000000,0.050358,13.178571,0.142160,218.987645,30.497092
95,2.319379,0.100571,0.278559,32.000000,0.050358,13.796795,0.180780,221.307024,30.775651
96,2.267377,0.118284,0.539419,32.000000,0.050358,14.113222,0.093356,223.574402,31.315069
97,2.004273,0.082337,0.773789,32.000000,0.050358,15.965892,0.065080,225.578674,32.088858
98,2.362940,0.105509,0.014187,32.000000,0.050358,13.542452,3.549492,227.941614,32.103046
99,2.052197,0.084215,0.668726,32.000000,0.050358,15.593046,0.075304,229.993811,32.771772
100,1.969860,0.082562,0.903861,32.000000,0.050358,16.244812,0.055714,231.963671,33.675633
101,2.164654,0.086549,0.375883,32.000000,0.050358,14.782966,0.133972,234.128324,34.051516
102,2.534619,0.102543,0.006810,32.000000,0.050358,12.625171,7.394520,236.662943,34.058326
103,2.269536,0.072392,0.453676,32.000000,0.050358,14.099797,0.111000,238.932480,34.512001
104,1.824225,0.072662,0.814602,32.000000,0.050358,17.541699,0.061819,240.756704,35.326603
105,2.316436,0.105713,0.508570,32.000000,0.050358,13.814328,0.099019,243.073140,35.835173
106,2.140408,0.072189,0.747726,32.000000,0.050358,14.950419,0.067348,245.213548,36.582898
107,2.118545,0.073165,0.536005,32.000000,0.050358,15.104709,0.093950,247.332093,37.118903
108,2.137875,0.072541,0.729667,32.000000,0.050358,14.968134,0.069015,249.469968,37.848570
109,2.649827,0.100346,0.230224,32.000000,0.050358,12.076259,0.218734,252.119795,38.078794
110,2.087928,0.073171,0.535951,32.000000,0.050358,15.326202,0.093960,254.207723,38.614745
111,2.367177,0.101114,0.183841,32.000000,0.050358,13.518214,0.273920,256.574899,38.798586
112,2.351382,0.101597,0.206217,32.000000,0.050358,13.609016,0.244199,258.926282,39.004803
113,2.674129,0.100662,0.068623,32.000000,0.050358,11.966515,0.733831,261.600410,39.073426
114,2.411264,0.100719,0.061064,32.000000,0.050358,13.271049,0.824676,264.011674,39.134489
115,2.424744,0.100393,0.178149,32.000000,0.050358,13.197268,0.282672,266.436418,39.312639
116,2.075462,0.072193,0.721250,32.000000,0.050358,15.418251,0.069820,268.511881,40.033889
117,2.383503,0.093758,0.362032,32.000000,0.050358,13.425617,0.139098,270.895384,40.395921
118,2.501320,0.103430,0.143108,32.000000,0.050358,12.793247,0.351886,273.396704,40.539029
119,2.551330,0.103501,0.439906,32.000000,0.050358,12.542476,0.114474,275.948034,40.978935
120,2.173713,0.077648,0.426798,32.000000,0.050358,14.721352,0.117990,278.121747,41.405734
121,2.308600,0.105664,0.375226,32.000000,0.050358,13.861215,0.134207,280.430347,41.780960
122,1.967308,0.073414,0.607245,32.000000,0.050358,16.265881,0.082928,282.397655,42.388204
123,2.292838,0.100217,0.402075,32.000000,0.050358,13.956500,0.125245,284.690494,42.790279
124,2.388588,0.100567,0.250507,32.000000,0.050358,13.397037,0.201023,287.079082,43.040787
125,2.276927,0.101700,0.249505,32.000000,0.050358,14.054028,0.201831,289.356009,43.290291
126,2.528077,0.100967,0.150050,32.000000,0.050358,12.657840,0.335607,291.884087,43.440342
127,2.202437,0.139240,0.483017,32.000000,0.050358,14.529361,0.104257,294.086524,43.923359
128,2.775875,0.099896,0.103326,32.000000,0.050358,11.527896,0.487369,296.862399,44.026685
129,2.822844,0.100332,0.009473,32.000000,0.050358,11.336085,5.315796,299.685243,44.036158
130,1.748732,0.073411,1.263675,32.000000,0.050358,18.298977,0.039850,301.433974,45.299833
131,2.608954,0.085651,0.450097,32.000000,0.050358,12.265452,0.111882,304.042928,45.749930
132,2.272844,0.073522,0.555331,32.000000,0.050358,14.079278,0.090681,306.315772,46.305261
133,2.191045,0.080650,0.498136,32.000000,0.050358,14.604901,0.101092,308.506817,46.803397
134,2.355703,0.117486,0.332404,32.000000,0.050358,13.584053,0.151496,310.862521,47.135801
135,2.511501,0.108168,0.513002,32.000000,0.050358,12.741385,0.098163,313.374022,47.648803
136,2.490248,0.080833,0.527664,32.000000,0.050358,12.850127,0.095435,315.864269,48.176467
137,2.268220,0.101752,0.637764,32.000000,0.050358,14.107979,0.078960,318.132489,48.814231
138,2.671607,0.105605,0.351224,32.000000,0.050358,11.977808,0.143378,320.804097,49.165455
139,2.540046,0.100668,0.033266,32.000000,0.050358,12.598195,1.513802,323.344143,49.198721
140,2.211855,0.076180,0.586502,32.000000,0.050358,14.467493,0.085861,325.555998,49.785223
141,1.973673,0.073569,0.921468,32.000000,0.050358,16.213425,0.054650,327.529671,50.706690
142,2.487626,0.100145,0.079947,32.000000,0.050358,12.863672,0.629888,330.017297,50.786637
143,2.366345,0.100013,0.198643,32.000000,0.050358,13.522963,0.253509,332.383642,50.985281
144,2.136616,0.074681,0.640795,32.000000,0.050358,14.976952,0.078586,334.520258,51.626076
145,2.311372,0.078018,0.396234,32.000000,0.050358,13.844592,0.127091,336.831630,52.022310
146,2.301633,0.101757,0.391718,32.000000,0.050358,13.903171,0.128556,339.133264,52.414027
147,2.343762,0.103559,0.348101,32.000000,0.050358,13.653262,0.144664,341.477026,52.762128
148,2.825325,0.101150,0.001913,32.000000,0.050358,11.326131,26.324705,344.302351,52.764041
149,1.941939,0.071808,1.238677,32.000000,0.050358,16.478374,0.040655,346.244290,54.002718
150,2.575003,0.102691,0.008957,32.000000,0.050358,12.427172,5.622035,348.819292,54.011676
151,2.247485,0.104788,0.344913,32.000000,0.050358,14.238139,0.146001,351.066777,54.356589
152,2.566707,0.100408,0.053440,32.000000,0.050358,12.467338,0.942319,353.633484,54.410029
153,2.560061,0.100557,0.001867,32.000000,0.050358,12.499704,26.975852,356.193545,54.411896
154,2.254737,0.094615,0.508647,32.000000,0.050358,14.192341,0.099004,358.448282,54.920543
155,2.449393,0.102976,0.050467,32.000000,0.050358,13.064460,0.997839,360.897675,54.971009
156,1.949341,0.087613,0.705892,32.000000,0.050358,16.415807,0.071339,362.847016,55.676902
157,2.211104,0.101684,0.389287,32.000000,0.050358,14.472410,0.129359,365.058120,56.066188
158,2.154227,0.080117,0.592597,32.000000,0.050358,14.854517,0.084978,367.212346,56.658785
159,2.050198,0.082259,0.571339,32.000000,0.050358,15.608247,0.088140,369.262545,57.230124
160,1.926645,0.077364,0.902956,32.000000,0.050358,16.609187,0.055770,371.189189,58.133079
161,1.904208,0.073447,0.924589,32.000000,0.050358,16.804891,0.054465,373.093397,59.057668
162,2.029457,0.086325,0.641147,32.000000,0.050358,15.767765,0.078543,375.122854,59.698815
163,2.567782,0.105618,0.002128,32.000000,0.050358,12.462117,23.662998,377.690636,59.700943
164,2.482355,0.101550,0.100720,32.000000,0.050358,12.890985,0.499979,380.172991,59.801663
165,2.552352,0.099711,0.046202,32.000000,0.050358,12.537457,1.089956,382.725342,59.847865
166,2.307292,0.099806,0.620298,32.000000,0.050358,13.869074,0.081183,385.032634,60.468163
167,2.420568,0.108185,0.239657,32.000000,0.050358,13.220040,0.210125,387.453202,60.707820
168,1.720078,0.071548,1.025370,32.000000,0.050358,18.603808,0.049112,389.173280,61.733190
169,2.489652,0.105358,0.171358,32.000000,0.050358,12.853200,0.293875,391.662932,61.904548
170,2.374706,0.100782,0.178855,32.000000,0.050358,13.475350,0.281557,394.037638,62.083403
171,1.868145,0.073173,0.870816,32.000000,0.050358,17.129288,0.057828,395.905784,62.954219
172,2.581551,0.100246,0.077420,32.000000,0.050358,12.395649,0.650446,398.487335,63.031640
173,2.705546,0.103095,0.001827,32.000000,0.050358,11.827558,27.563345,401.192881,63.033467
174,2.507099,0.103251,0.240686,32.000000,0.050358,12.763755,0.209226,403.699980,63.274153
175,2.450759,0.100167,0.372451,32.000000,0.050358,13.057178,0.135207,406.150739,63.646604
176,2.973757,0.073049,1.176686,32.000000,0.050358,10.760800,0.042796,409.124496,64.823290
177,2.219876,0.102361,0.534976,32.000000,0.050358,14.415218,0.094131,411.344372,65.358266
178,1.900174,0.074897,1.018791,32.000000,0.050358,16.840567,0.049429,413.244545,66.377057
179,2.050376,0.072417,0.627545,32.000000,0.050358,15.606890,0.080246,415.294922,67.004602
180,2.220190,0.074940,0.722997,32.000000,0.050358,14.413183,0.069652,417.515112,67.727598
181,2.384125,0.101314,0.127397,32.000000,0.050358,13.422117,0.395282,419.899236,67.854996
182,2.167411,0.076039,0.596200,32.000000,0.050358,14.764158,0.084465,422.066647,68.451196
183,2.071340,0.085711,0.591900,32.000000,0.050358,15.448937,0.085078,424.137987,69.043096
184,2.029721,0.090661,0.777767,32.000000,0.050358,15.765716,0.064747,426.167708,69.820863
185,2.269614,0.105415,0.430030,32.000000,0.050358,14.099316,0.117103,428.437322,70.250893
186,2.224159,0.102061,0.510322,32.000000,0.050358,14.387460,0.098679,430.661481,70.761215
187,2.488999,0.106864,0.010174,32.000000,0.050358,12.856574,4.949532,433.150480,70.771389
188,2.375573,0.103234,0.060047,32.000000,0.050358,13.470436,0.838633,435.526052,70.831437
189,2.231921,0.105665,0.458585,32.000000,0.050358,14.337427,0.109811,437.757973,71.290021
190,2.241543,0.078096,0.607270,32.000000,0.050358,14.275880,0.082925,439.999516,71.897291
191,2.212395,0.101812,0.407832,32.000000,0.050358,14.463960,0.123477,442.211912,72.305124
192,2.061977,0.074133,0.528037,32.000000,0.050358,15.519087,0.095368,444.273889,72.833160
193,2.416295,0.105426,0.184023,32.000000,0.050358,13.243414,0.273650,446.690184,73.017183
194,2.460965,0.103294,0.179997,32.000000,0.050358,13.003028,0.279770,449.151149,73.197181
195,2.350462,0.105918,0.259317,32.000000,0.050358,13.614347,0.194194,451.501611,73.456497
196,2.343186,0.105237,0.426516,32.000000,0.050358,13.656618,0.118068,453.844797,73.883013
197,2.604268,0.102853,0.144315,32.000000,0.050358,12.287521,0.348943,456.449065,74.027329
198,2.512764,0.102604,0.012286,32.000000,0.050358,12.734978,4.098750,458.961830,74.039615
199,1.799904,0.073238,1.459968,32.000000,0.050358,17.778729,0.034492,460.761734,75.499583
200,2.150649,0.101603,0.582848,32.000000,0.050358,14.879232,0.086400,462.912382,76.082431
201,1.788143,0.068544,0.848873,32.000000,0.050358,17.895657,0.059323,464.700526,76.931304
202,2.074617,0.076113,0.850410,32.000000,0.050358,15.424534,0.059216,466.775142,77.781714
203,2.506314,0.101275,0.028095,32.000000,0.050358,12.767756,1.792414,469.281456,77.809809
204,2.532739,0.106832,0.058304,32.000000,0.050358,12.634545,0.863718,471.814195,77.868113
205,2.330408,0.110824,0.219256,32.000000,0.050358,13.731499,0.229675,474.144603,78.087369
206,2.282739,0.102375,0.325776,32.000000,0.050358,14.018249,0.154578,476.427342,78.413145
207,2.441737,0.100201,0.178644,32.000000,0.050358,13.105425,0.281889,478.869079,78.591789
208,2.485817,0.100125,0.027762,32.000000,0.050358,12.873031,1.813881,481.354896,78.619552
209,3.039069,0.101487,0.001832,32.000000,0.050358,10.529541,27.490083,484.393965,78.621384
210,2.556065,0.101505,0.001930,32.000000,0.050358,12.519244,26.086295,486.950029,78.623314
211,2.551525,0.103213,0.002039,32.000000,0.050358,12.541517,24.695895,489.501555,78.625353
212,2.501865,0.112748,0.286211,32.000000,0.050358,12.790458,0.175947,492.003420,78.911564
213,2.035678,0.071446,0.792471,32.000000,0.050358,15.719576,0.063545,494.039098,79.704035
214,2.204847,0.103090,0.122205,32.000000,0.050358,14.513481,0.412075,496.243945,79.826240
215,1.911212,0.074960,0.870838,32.000000,0.050358,16.743301,0.057827,498.155157,80.697079
216,2.271972,0.102040,0.376980,32.000000,0.050358,14.084679,0.133582,500.427129,81.074059
217,2.271949,0.100580,0.263377,32.000000,0.050358,14.084820,0.191201,502.699079,81.337436
218,2.620095,0.101624,0.002037,32.000000,0.050358,12.213296,24.722616,505.319174,81.339473
219,2.613398,0.100935,0.001898,32.000000,0.050358,12.244595,26.527138,507.932572,81.341371
220,2.132310,0.072110,0.654736,32.000000,0.050358,15.007198,0.076913,510.064882,81.996107
221,2.487151,0.100380,0.144742,32.000000,0.050358,12.866128,0.347915,512.552033,82.140849
222,2.471337,0.104460,0.133628,32.000000,0.050358,12.948456,0.376852,515.023370,82.274477
223,2.476652,0.104215,0.413268,32.000000,0.050358,12.920671,0.121853,517.500021,82.687745
224,2.285300,0.108840,0.298288,32.000000,0.050358,14.002537,0.168823,519.785322,82.986033
225,2.773016,0.106747,0.021304,32.000000,0.050358,11.539784,2.363761,522.558337,83.007337
226,2.385054,0.106510,0.118620,32.000000,0.050358,13.416889,0.424532,524.943391,83.125957
227,2.384441,0.103360,0.286662,32.000000,0.050358,13.420338,0.175669,527.327832,83.412619
228,2.134530,0.086695,0.522370,32.000000,0.050358,14.991594,0.096403,529.462361,83.934989
229,2.336957,0.083337,0.540339,32.000000,0.050358,13.693021,0.093197,531.799318,84.475329
230,2.247926,0.100543,0.301993,32.000000,0.050358,14.235343,0.166751,534.047244,84.777322
231,2.280490,0.109682,0.296880,32.000000,0.050358,14.032069,0.169623,536.327735,85.074202
232,2.221618,0.078807,0.639399,32.000000,0.050358,14.403915,0.078758,538.549353,85.713601
233,2.339894,0.108953,0.270340,32.000000,0.050358,13.675835,0.186276,540.889246,85.983941
234,2.587564,0.100121,0.114140,32.000000,0.050358,12.366841,0.441195,543.476811,86.098080
235,2.224704,0.073824,0.479420,32.000000,0.050358,14.383939,0.105039,545.701515,86.577500
236,2.112241,0.072104,0.826734,32.000000,0.050358,15.149787,0.060912,547.813755,87.404234
237,2.076713,0.074946,0.791038,32.000000,0.050358,15.408963,0.063660,549.890469,88.195272
238,2.327215,0.099937,0.544900,32.000000,0.050358,13.750340,0.092417,552.217684,88.740172
239,1.765921,0.069040,0.944093,32.000000,0.050358,18.120854,0.053340,553.983605,89.684266
240,2.144130,0.088170,0.484754,32.000000,0.050358,14.924467,0.103883,556.127735,90.169019
241,2.261881,0.101421,0.327359,32.000000,0.050358,14.147516,0.153831,558.389616,90.496378
242,1.759054,0.075762,1.278154,32.000000,0.050358,18.191596,0.039399,560.148670,91.774532
243,2.454696,0.104858,0.189084,32.000000,0.050358,13.036239,0.266326,562.603366,91.963615
244,2.335356,0.100474,0.341140,32.000000,0.050358,13.702406,0.147616,564.938722,92.304755
245,2.360441,0.110836,0.227992,32.000000,0.050358,13.556787,0.220876,567.299164,92.532746
246,2.017186,0.071323,0.568007,32.000000,0.050358,15.863685,0.088657,569.316350,93.100753
247,2.339263,0.103031,0.213274,32.000000,0.050358,13.679524,0.236118,571.655612,93.314027
248,2.247982,0.077082,0.579432,32.000000,0.050358,14.234987,0.086909,573.903595,93.893459
249,2.407383,0.100457,0.237133,32.000000,0.050358,13.292444,0.212361,576.310977,94.130592
250,2.384947,0.102749,0.189041,32.000000,0.050358,13.417490,0.266386,578.695924,94.319633
251,2.081179,0.073880,0.783639,32.000000,0.050358,15.375901,0.064261,580.777103,95.103273
252,2.526140,0.100480,0.030358,32.000000,0.050358,12.667549,1.658791,583.303243,95.133631
253,2.302252,0.075291,0.601832,32.000000,0.050358,13.899435,0.083674,585.605495,95.735462
254,2.420816,0.100130,0.151398,32.000000,0.050358,13.218681,0.332618,588.026311,95.886861
255,2.377556,0.101185,0.171262,32.000000,0.050358,13.459199,0.294040,590.403867,96.058123
256,2.300554,0.115283,0.541128,32.000000,0.050358,13.909694,0.093061,592.704421,96.599251
257,1.985196,0.073763,0.764704,32.000000,0.050358,16.119318,0.065853,594.689617,97.363955
258,2.541023,0.103295,0.001986,32.000000,0.050358,12.593355,25.360835,597.230639,97.365940
259,2.302837,0.103163,0.212767,32.000000,0.050358,13.895904,0.236680,599.533476,97.578707
260,2.786467,0.100430,0.001996,32.000000,0.050358,11.484076,25.235449,602.319943,97.580703
261,2.375359,0.105443,0.160049,32.000000,0.050358,13.471649,0.314640,604.695302,97.740752
262,2.009389,0.081804,0.809136,32.000000,0.050358,15.925240,0.062237,606.704691,98.549888
263,2.021557,0.072171,0.757706,32.000000,0.050358,15.829385,0.066461,608.726247,99.307594
264,1.976672,0.083482,0.640708,32.000000,0.050358,16.188823,0.078597,610.702920,99.948302
265,2.349425,0.106440,0.226988,32.000000,0.050358,13.620354,0.221853,613.052345,100.175290
266,2.469670,0.100284,0.337924,32.000000,0.050358,12.957196,0.149021,615.522015,100.513214
267,2.446104,0.103921,0.161591,32.000000,0.050358,13.082025,0.311637,617.968119,100.674805
268,2.434122,0.100864,0.508168,32.000000,0.050358,13.146424,0.099097,620.402241,101.182973
269,2.068960,0.075322,0.806142,32.000000,0.050358,15.466710,0.062468,622.471201,101.989115
270,2.114866,0.072876,0.722820,32.000000,0.050358,15.130980,0.069669,624.586067,102.711935
271,2.208873,0.071752,0.743890,32.000000,0.050358,14.487025,0.067695,626.794940,103.455825
272,2.369903,0.100367,0.300750,32.000000,0.050358,13.502664,0.167441,629.164843,103.756575
273,2.154843,0.072444,0.653496,32.000000,0.050358,14.850271,0.077059,631.319686,104.410072
274,2.215907,0.089617,0.419921,32.000000,0.050358,14.441036,0.119922,633.535594,104.829992
275,2.534681,0.105523,0.080704,32.000000,0.050358,12.624863,0.623981,636.070275,104.910697
276,1.665183,0.073957,1.096592,32.000000,0.050358,19.217104,0.045922,637.735458,106.007288
277,2.420826,0.100342,0.252476,32.000000,0.050358,13.218631,0.199456,640.156283,106.259764
278,2.564770,0.103194,0.221782,32.000000,0.050358,12.476753,0.227060,642.721053,106.481546
279,2.272112,0.102735,0.250378,32.000000,0.050358,14.083814,0.201127,644.993165,106.731924
280,2.163874,0.094396,0.508137,32.000000,0.050358,14.788292,0.099103,647.157039,107.240061
281,2.250483,0.101832,0.644783,32.000000,0.050358,14.219169,0.078100,649.407522,107.884844
282,2.503729,0.109098,0.154413,32.000000,0.050358,12.780938,0.326125,651.911251,108.039257
283,1.919883,0.072487,0.806869,32.000000,0.050358,16.667682,0.062411,653.831134,108.846126
284,2.497057,0.104057,0.124055,32.000000,0.050358,12.815087,0.405932,656.328191,108.970181
285,2.324831,0.100367,0.665671,32.000000,0.050358,13.764439,0.075650,658.653022,109.635852
286,2.303524,0.105725,0.231193,32.000000,0.050358,13.891760,0.217817,660.956546,109.867045
287,1.972494,0.074022,0.865267,32.000000,0.050358,16.223119,0.058199,662.929040,110.732312
288,2.719164,0.101945,0.002143,32.000000,0.050358,11.768322,23.499933,665.648204,110.734455
289,1.994474,0.075954,0.644254,32.000000,0.050358,16.044328,0.078165,667.642678,111.378709
290,2.640858,0.105845,0.001739,32.000000,0.050358,12.117275,28.956685,670.283536,111.380448
291,2.488387,0.107004,0.035253,32.000000,0.050358,12.859734,1.428464,672.771923,111.415701
292,2.396902,0.101726,0.271948,32.000000,0.050358,13.350569,0.185174,675.168825,111.687649
293,2.382636,0.105367,0.103900,32.000000,0.050358,13.430502,0.484675,677.551461,111.791549
294,2.253293,0.078436,0.524733,32.000000,0.050358,14.201437,0.095968,679.804754,112.316282
295,2.194482,0.110061,0.562128,32.000000,0.050358,14.582030,0.089584,681.999236,112.878410
296,2.325009,0.101929,0.459814,32.000000,0.050358,13.763385,0.109518,684.324246,113.338223
297,2.256414,0.077539,0.550196,32.000000,0.050358,14.181794,0.091527,686.580660,113.888420
298,2.239662,0.100237,0.446550,32.000000,0.050358,14.287873,0.112771,688.820321,114.334970
299,1.957246,0.071029,0.679155,32.000000,0.050358,16.349503,0.074148,690.777567,115.014125
300,2.423162,0.103271,0.339165,32.000000,0.050358,13.205886,0.148476,693.200729,115.353290
301,2.063509,0.073579,0.841037,32.000000,0.050358,15.507563,0.059876,695.264238,116.194327
302,2.299634,0.100441,0.681502,32.000000,0.050358,13.915256,0.073892,697.563873,116.875829
303,1.721194,0.143876,0.909913,32.000000,0.050358,18.591746,0.055344,699.285067,117.785742
304,2.056686,0.181472,0.802853,32.000000,0.050358,15.559010,0.062724,701.341753,118.588595
305,2.310453,0.205286,0.304725,32.000000,0.050358,13.850095,0.165257,703.652206,118.893320
306,2.238428,0.202775,0.458342,32.000000,0.050358,14.295747,0.109869,705.890634,119.351662
307,2.540924,0.208920,0.001807,32.000000,0.050358,12.593844,27.864782,708.431558,119.353469
308,2.363839,0.207520,0.222720,32.000000,0.050358,13.537302,0.226104,710.795397,119.576189
309,2.348742,0.206309,0.082012,32.000000,0.050358,13.624312,0.614027,713.144140,119.658202
310,2.599486,0.210566,0.001811,32.000000,0.050358,12.310125,27.808740,715.743626,119.660013
311,2.596035,0.210877,0.137228,32.000000,0.050358,12.326490,0.366965,718.339661,119.797240
312,3.026076,0.200696,0.001853,32.000000,0.050358,10.574749,27.173748,721.365737,119.799094
313,2.342556,0.206790,0.123009,32.000000,0.050358,13.660291,0.409384,723.708294,119.922102
314,2.173023,0.169707,0.579427,32.000000,0.050358,14.726026,0.086910,725.881317,120.501529
315,2.425528,0.209959,0.028010,32.000000,0.050358,13.193002,1.797873,728.306845,120.529539
316,2.617765,0.202352,0.011103,32.000000,0.050358,12.224170,4.535332,730.924610,120.540642
317,2.380797,0.200447,0.225395,32.000000,0.050358,13.440877,0.223420,733.305407,120.766038
318,2.345392,0.219878,0.182934,32.000000,0.050358,13.643773,0.275279,735.650799,120.948972
319,2.479110,0.143181,0.602257,32.000000,0.050358,12.907857,0.083615,738.129909,121.551229
320,2.039918,0.141004,0.719415,32.000000,0.050358,15.686902,0.069998,740.169828,122.270644
321,2.006620,0.192814,0.605200,32.000000,0.050358,15.947214,0.083209,742.176448,122.875844
322,2.487673,0.201156,0.108138,32.000000,0.050358,12.863427,0.465682,744.664121,122.983982
323,2.481316,0.200186,0.011850,32.000000,0.050358,12.896383,4.249543,747.145437,122.995832
324,2.188126,0.212278,0.267382,32.000000,0.050358,14.624389,0.188337,749.333562,123.263214
325,2.210954,0.191762,0.292645,32.000000,0.050358,14.473387,0.172078,751.544517,123.555859
326,2.599345,0.217730,0.006496,32.000000,0.050358,12.310793,7.752026,754.143862,123.562355
327,2.737443,0.200928,0.228061,32.000000,0.050358,11.689741,0.220808,756.881305,123.790417
328,2.396948,0.213742,0.032452,32.000000,0.050358,13.350310,1.551778,759.278253,123.822868
329,2.518545,0.200940,0.526598,32.000000,0.050358,12.705747,0.095629,761.796799,124.349466
330,1.790720,0.138663,0.821476,32.000000,0.050358,17.869902,0.061302,763.587519,125.170942
331,2.146950,0.206550,0.396905,32.000000,0.050358,14.904868,0.126876,765.734469,125.567847
332,2.083689,0.226740,0.472326,32.000000,0.050358,15.357381,0.106617,767.818157,126.040173
333,1.985978,0.149803,0.844072,32.000000,0.050358,16.112968,0.059661,769.804135,126.884245
334,2.143651,0.189124,0.365178,32.000000,0.050358,14.927801,0.137899,771.947786,127.249423
335,1.634776,0.133482,1.207247,32.000000,0.050358,19.574551,0.041713,773.582562,128.456670
336,2.267522,0.206830,0.325294,32.000000,0.050358,14.112320,0.154807,775.850084,128.781964
337,2.278801,0.139777,0.426840,32.000000,0.050358,14.042470,0.117978,778.128886,129.208804
338,2.158923,0.142633,0.511312,32.000000,0.050358,14.822207,0.098487,780.287808,129.720116
339,2.228206,0.187724,0.490669,32.000000,0.050358,14.361327,0.102631,782.516015,130.210786
340,2.622134,0.200705,0.145844,32.000000,0.050358,12.203801,0.345285,785.138149,130.356630
341,1.940609,0.134571,0.682750,32.000000,0.050358,16.489670,0.073757,787.078757,131.039379
342,2.517985,0.206515,0.015632,32.000000,0.050358,12.708576,3.221433,789.596742,131.055011
343,2.383247,0.201400,0.059634,32.000000,0.050358,13.427063,0.844450,791.979989,131.114645
344,2.716720,0.200460,0.002028,32.000000,0.050358,11.778911,24.836231,794.696708,131.116673
345,2.468481,0.199933,0.213125,32.000000,0.050358,12.963439,0.236284,797.165189,131.329798
346,2.241753,0.199433,0.278569,32.000000,0.050358,14.274544,0.180774,799.406942,131.608366
347,2.712010,0.200360,0.001985,32.000000,0.050358,11.799364,25.371428,802.118952,131.610351
348,2.448359,0.205347,0.155011,32.000000,0.050358,13.069981,0.324866,804.567311,131.765362
349,2.250394,0.200040,0.141867,32.000000,0.050358,14.219734,0.354964,806.817705,131.907229
350,2.568042,0.201378,0.006724,32.000000,0.050358,12.460854,7.489241,809.385747,131.913953
351,2.311164,0.200533,0.164192,32.000000,0.050358,13.845837,0.306700,811.696911,132.078146
352,2.254264,0.205877,0.387090,32.000000,0.050358,14.195321,0.130093,813.951175,132.465235
353,2.252859,0.209884,0.335758,32.000000,0.050358,14.204176,0.149983,816.204034,132.800993
354,2.344921,0.204182,0.162566,32.000000,0.050358,13.646512,0.309769,818.548955,132.963559
355,2.026928,0.140437,0.876322,32.000000,0.050358,15.787441,0.057465,820.575883,133.839881
356,2.283529,0.199607,0.673697,32.000000,0.050358,14.013396,0.074748,822.859412,134.513578
357,2.295643,0.243650,0.286134,32.000000,0.050358,13.939448,0.175994,825.155055,134.799711
358,1.612812,0.134421,1.194013,32.000000,0.050358,19.841120,0.042175,826.767867,135.993725
359,2.246173,0.211051,0.430092,32.000000,0.050358,14.246452,0.117086,829.014041,136.423816
360,2.397442,0.199998,0.341277,32.000000,0.050358,13.347557,0.147557,831.411483,136.765093
361,2.331340,0.214724,0.437226,32.000000,0.050358,13.726013,0.115176,833.742823,137.202319
362,2.010037,0.140566,0.678945,32.000000,0.050358,15.920106,0.074171,835.752860,137.881264
363,2.259625,0.185473,0.600638,32.000000,0.050358,14.161643,0.083840,838.012485,138.481902
364,2.245683,0.207141,0.233169,32.000000,0.050358,14.249565,0.215971,840.258167,138.715071
365,2.055131,0.142948,0.766570,32.000000,0.050358,15.570785,0.065692,842.313298,139.481641
366,2.753265,0.206544,0.002057,32.000000,0.050358,11.622565,24.475829,845.066563,139.483698
367,2.142184,0.203150,0.518122,32.000000,0.050358,14.938027,0.097193,847.208747,140.001820
368,2.468243,0.200243,0.276589,32.000000,0.050358,12.964689,0.182067,849.676989,140.278409
369,2.156557,0.204035,0.373324,32.000000,0.050358,14.838466,0.134890,851.833547,140.651734
370,1.948639,0.143268,0.616476,32.000000,0.050358,16.421718,0.081687,853.782186,141.268210
371,2.117030,0.143161,0.762309,32.000000,0.050358,15.115518,0.066060,855.899215,142.030519
372,2.198277,0.206721,0.352804,32.000000,0.050358,14.556856,0.142736,858.097492,142.383323
373,2.400981,0.203745,0.001745,32.000000,0.050358,13.327888,28.863873,860.498473,142.385067
374,2.428534,0.200655,0.357762,32.000000,0.050358,13.176675,0.140758,862.927006,142.742829
375,2.344992,0.203423,0.188826,32.000000,0.050358,13.646103,0.266689,865.271998,142.931655
376,2.159627,0.202861,0.481068,32.000000,0.050358,14.817372,0.104679,867.431625,143.412723
377,2.331033,0.207815,0.077017,32.000000,0.050358,13.727817,0.653853,869.762659,143.489740
378,2.562011,0.201803,0.133259,32.000000,0.050358,12.490188,0.377894,872.324670,143.622999
379,2.233022,0.203365,0.345796,32.000000,0.050358,14.330359,0.145629,874.557692,143.968795
380,2.192345,0.207624,0.354036,32.000000,0.050358,14.596244,0.142239,876.750036,144.322831
381,2.084411,0.149543,0.527748,32.000000,0.050358,15.352061,0.095420,878.834447,144.850579
382,2.239076,0.206751,0.376176,32.000000,0.050358,14.291608,0.133868,881.073523,145.226756
383,2.384264,0.183573,1.655562,32.000000,0.050358,13.421331,0.030417,883.457788,146.882318
384,2.455556,0.200852,0.142865,32.000000,0.050358,13.031673,0.352485,885.913343,147.025183
385,2.097744,0.187728,0.430557,32.000000,0.050358,15.254481,0.116960,888.011088,147.455740
386,1.809264,0.139143,0.829587,32.000000,0.050358,17.686751,0.060702,889.820352,148.285327
387,2.117470,0.207834,0.395664,32.000000,0.050358,15.112377,0.127274,891.937821,148.680991
388,2.056954,0.148143,0.638814,32.000000,0.050358,15.556981,0.078830,893.994776,149.319805
389,2.774619,0.206508,0.001967,32.000000,0.050358,11.533116,25.606890,896.769394,149.321772
390,2.574399,0.200991,0.001968,32.000000,0.050358,12.430088,25.583967,899.343793,149.323740
391,2.463565,0.210306,0.039112,32.000000,0.050358,12.989309,1.287515,901.807357,149.362852
392,2.132521,0.204237,0.323880,32.000000,0.050358,15.005715,0.155483,903.939878,149.686733
393,2.426346,0.205419,0.001992,32.000000,0.050358,13.188554,25.282289,906.366225,149.688725
394,2.290913,0.206751,0.191626,32.000000,0.050358,13.968231,0.262792,908.657138,149.880351
395,2.384422,0.206332,0.295797,32.000000,0.050358,13.420443,0.170245,911.041560,150.176148
396,2.394585,0.199681,0.171324,32.000000,0.050358,13.363485,0.293933,913.436145,150.347472
397,2.284443,0.204388,0.200561,32.000000,0.050358,14.007791,0.251085,915.720588,150.548033
398,2.933033,0.200807,0.028794,32.000000,0.050358,10.910207,1.748886,918.653621,150.576827
399,2.067214,0.145337,0.450744,32.000000,0.050358,15.479771,0.111721,920.720835,151.027572
400,2.360723,0.207853,0.066879,32.000000,0.050358,13.555170,0.752970,923.081558,151.094451
401,1.967511,0.140583,0.720466,32.000000,0.050358,16.264203,0.069896,925.049069,151.814916
402,2.269801,0.189072,0.259553,32.000000,0.050358,14.098155,0.194018,927.318870,152.074469
403,2.351059,0.205727,0.148666,32.000000,0.050358,13.610890,0.338731,929.669928,152.223135
404,2.124628,0.184011,0.723615,32.000000,0.050358,15.061460,0.069592,931.794556,152.946750
405,2.368638,0.210106,0.143547,32.000000,0.050358,13.509876,0.350810,934.163194,153.090297
406,2.078288,0.218812,0.383281,32.000000,0.050358,15.397289,0.131386,936.241482,153.473578
407,2.383405,0.211511,0.002286,32.000000,0.050358,13.426168,22.028937,938.624887,153.475864
408,2.337309,0.207305,0.108583,32.000000,0.050358,13.690961,0.463774,940.962196,153.584447
409,2.526815,0.200210,0.083826,32.000000,0.050358,12.664164,0.600745,943.489011,153.668273
410,2.088831,0.155237,0.501978,32.000000,0.050358,15.319570,0.100319,945.577842,154.170250
411,2.314427,0.201022,0.247199,32.000000,0.050358,13.826316,0.203714,947.892269,154.417449
412,2.386936,0.208878,0.153729,32.000000,0.050358,13.406311,0.327576,950.279205,154.571178
413,2.159141,0.179299,0.501627,32.000000,0.050358,14.820708,0.100389,952.438346,155.072804
414,2.192518,0.207633,0.410867,32.000000,0.050358,14.595092,0.122565,954.630864,155.483671
415,2.308098,0.205820,0.086024,32.000000,0.050358,13.864228,0.585391,956.938962,155.569695
416,2.418512,0.200314,0.050984,32.000000,0.050358,13.231274,0.987720,959.357474,155.620679
417,2.432845,0.215680,0.002045,32.000000,0.050358,13.153325,24.621371,961.790319,155.622725
418,2.299911,0.203641,0.135703,32.000000,0.050358,13.913580,0.371089,964.090231,155.758428
419,2.461995,0.206774,0.001854,32.000000,0.050358,12.997588,27.167004,966.552226,155.760281
420,2.384203,0.200966,0.013703,32.000000,0.050358,13.421674,3.675013,968.936429,155.773984
421,2.079200,0.165376,0.558571,32.000000,0.050358,15.390534,0.090155,971.015629,156.332555
422,3.062471,0.202586,0.002053,32.000000,0.050358,10.449079,24.531510,974.078100,156.334608
423,2.293868,0.219752,0.072604,32.000000,0.050358,13.950236,0.693595,976.371968,156.407212
424,2.458638,0.212721,0.001860,32.000000,0.050358,13.015338,27.072437,978.830606,156.409072
425,2.035860,0.199471,0.461456,32.000000,0.050358,15.718170,0.109128,980.866466,156.870528
426,2.388899,0.201685,0.066374,32.000000,0.050358,13.395294,0.758700,983.255365,156.936902
427,2.682028,0.200997,0.075413,32.000000,0.050358,11.931271,0.667764,985.937393,157.012314
428,2.052035,0.148124,0.677986,32.000000,0.050358,15.594275,0.074276,987.989428,157.690300
429,2.275367,0.173672,0.287121,32.000000,0.050358,14.063665,0.175389,990.264795,157.977421
430,2.454790,0.208723,0.127378,32.000000,0.050358,13.035740,0.395340,992.719585,158.104800
431,2.358797,0.200366,0.082833,32.000000,0.050358,13.566237,0.607944,995.078382,158.187633
432,2.376273,0.201285,0.001950,32.000000,0.050358,13.466464,25.824867,997.454655,158.189583
433,2.355444,0.200292,0.225358,32.000000,0.050358,13.585550,0.223457,999.810099,158.414941
434,2.270168,0.216573,0.207963,32.000000,0.050358,14.095870,0.242148,1002.080267,158.622904
435,1.966429,0.172853,0.736290,32.000000,0.050358,16.273152,0.068394,1004.046696,159.359194
436,2.090550,0.161872,0.848817,32.000000,0.050358,15.306973,0.059327,1006.137247,160.208011
437,1.907730,0.155859,0.691461,32.000000,0.050358,16.773858,0.072828,1008.044977,160.899472
438,2.234358,0.204466,0.250023,32.000000,0.050358,14.321790,0.201413,1010.279335,161.149495
439,2.287782,0.207230,0.178584,32.000000,0.050358,13.987345,0.281984,1012.567117,161.328079
440,2.123705,0.182057,0.517315,32.000000,0.050358,15.068009,0.097345,1014.690822,161.845394
441,2.439438,0.211453,0.008695,32.000000,0.050358,13.117774,5.791781,1017.130260,161.854088
442,2.516911,0.200417,0.009287,32.000000,0.050358,12.713998,5.422332,1019.647171,161.863375
443,2.132062,0.207034,0.362607,32.000000,0.050358,15.008946,0.138877,1021.779233,162.225982
444,2.048242,0.143419,0.454526,32.000000,0.050358,15.623157,0.110792,1023.827474,162.680508
445,2.464051,0.201236,0.079901,32.000000,0.050358,12.986742,0.630256,1026.291526,162.760409
446,1.870456,0.138925,0.753697,32.000000,0.050358,17.108129,0.066814,1028.161982,163.514106
447,2.304298,0.203071,0.228060,32.000000,0.050358,13.887092,0.220810,1030.466280,163.742166
448,2.478178,0.200415,0.537747,32.000000,0.050358,12.912713,0.093646,1032.944458,164.279913
449,2.637218,0.211344,0.005620,32.000000,0.050358,12.134000,8.960573,1035.581676,164.285533
450,2.467358,0.200706,0.078858,32.000000,0.050358,12.969338,0.638589,1038.049034,164.364391
451,2.408888,0.201050,0.054234,32.000000,0.050358,13.284139,0.928525,1040.457921,164.418625
452,2.383868,0.207257,0.170199,32.000000,0.050358,13.423561,0.295876,1042.841790,164.588824
453,2.479301,0.211108,0.056000,32.000000,0.050358,12.906863,0.899247,1045.321091,164.644824
454,2.390438,0.163540,0.373770,32.000000,0.050358,13.386666,0.134729,1047.711529,165.018594
455,2.476609,0.201640,0.001952,32.000000,0.050358,12.920894,25.801447,1050.188138,165.020546
456,2.116986,0.155998,0.421160,32.000000,0.050358,15.115828,0.119569,1052.305124,165.441706
457,2.237994,0.200581,0.194512,32.000000,0.050358,14.298520,0.258893,1054.543118,165.636218
458,2.435052,0.215995,0.001963,32.000000,0.050358,13.141406,25.648730,1056.978170,165.638181
459,2.033030,0.168481,0.545149,32.000000,0.050358,15.740053,0.092374,1059.011200,166.183330
460,2.200329,0.170021,0.529359,32.000000,0.050358,14.543279,0.095130,1061.211529,166.712689
461,1.929316,0.144230,0.692983,32.000000,0.050358,16.586186,0.072668,1063.140845,167.405672
462,1.958129,0.149650,0.615745,32.000000,0.050358,16.342128,0.081783,1065.098975,168.021417
463,2.220913,0.161684,0.343063,32.000000,0.050358,14.408486,0.146789,1067.319888,168.364481
464,2.311285,0.203698,0.207528,32.000000,0.050358,13.845112,0.242656,1069.631173,168.572009
465,2.312843,0.206445,0.345821,32.000000,0.050358,13.835784,0.145618,1071.944016,168.917829
466,2.310054,0.206706,0.085689,32.000000,0.050358,13.852490,0.587681,1074.254070,169.003518
467,2.621635,0.207068,0.001969,32.000000,0.050358,12.206125,25.571340,1076.875705,169.005488
468,2.353454,0.210723,0.099391,32.000000,0.050358,13.597035,0.506665,1079.229159,169.104878
469,2.293779,0.200741,0.410310,32.000000,0.050358,13.950776,0.122731,1081.522938,169.515188
470,2.030400,0.161851,0.709356,32.000000,0.050358,15.760445,0.070991,1083.553338,170.224544
471,1.645899,0.143272,1.589550,32.000000,0.050358,19.442267,0.031681,1085.199237,171.814094
472,2.060189,0.145547,0.600173,32.000000,0.050358,15.532558,0.083906,1087.259425,172.414266
473,2.561166,0.207835,0.030893,32.000000,0.050358,12.494308,1.630091,1089.820591,172.445159
474,2.440085,0.213007,0.104298,32.000000,0.050358,13.114298,0.482825,1092.260676,172.549457
475,2.453029,0.202841,0.168057,32.000000,0.050358,13.045098,0.299648,1094.713705,172.717514
476,2.231307,0.206244,0.476604,32.000000,0.050358,14.341370,0.105660,1096.945012,173.194118
477,2.242575,0.204805,0.260402,32.000000,0.050358,14.269313,0.193385,1099.187587,173.454520
478,2.590892,0.206178,0.012804,32.000000,0.050358,12.350957,3.932969,1101.778479,173.467324
479,2.313165,0.195560,0.257272,32.000000,0.050358,13.833862,0.195738,1104.091644,173.724595
480,2.224564,0.194063,0.315555,32.000000,0.050358,14.384839,0.159585,1106.316208,174.040150
481,2.429757,0.223409,0.001851,32.000000,0.050358,13.170044,27.200344,1108.745965,174.042002
482,2.526288,0.213556,0.001989,32.000000,0.050358,12.666807,25.319534,1111.272252,174.043991
483,2.068779,0.146878,0.502453,32.000000,0.050358,15.468063,0.100224,1113.341031,174.546444
484,1.679753,0.151937,1.142909,32.000000,0.050358,19.050420,0.044061,1115.020784,175.689352
485,2.561180,0.206211,0.001969,32.000000,0.050358,12.494240,25.579497,1117.581964,175.691321
486,2.362832,0.207427,0.045095,32.000000,0.050358,13.543073,1.116697,1119.944796,175.736416
487,1.924481,0.178836,0.746680,32.000000,0.050358,16.627863,0.067442,1121.869276,176.483096
488,2.243725,0.170297,0.335486,32.000000,0.050358,14.261995,0.150104,1124.113002,176.818582
489,2.277126,0.219614,0.240018,32.000000,0.050358,14.052804,0.209809,1126.390127,177.058600
490,2.092382,0.174108,0.508888,32.000000,0.050358,15.293571,0.098957,1128.482510,177.567488
491,2.171406,0.189126,0.376587,32.000000,0.050358,14.736997,0.133722,1130.653916,177.944075
492,2.149555,0.173366,0.363632,32.000000,0.050358,14.886805,0.138486,1132.803470,178.307707
493,2.109643,0.146437,0.499681,32.000000,0.050358,15.168441,0.100780,1134.913113,178.807389
494,2.187165,0.230899,0.330963,32.000000,0.050358,14.630813,0.152155,1137.100278,179.138352
495,2.304151,0.207738,0.179717,32.000000,0.050358,13.887982,0.280206,1139.404429,179.318069
496,2.482106,0.208810,0.001939,32.000000,0.050358,12.892278,25.971186,1141.886535,179.320008
497,2.372201,0.208390,0.001844,32.000000,0.050358,13.489583,27.301846,1144.258736,179.321853
498,2.429194,0.202809,0.073225,32.000000,0.050358,13.173092,0.687718,1146.687930,179.395077
499,2.232311,0.205850,0.264463,32.000000,0.050358,14.334919,0.190415,1148.920241,179.659540
500,2.242525,0.206820,0.262456,32.000000,0.050358,14.269630,0.191871,1151.162766,179.921996
501,2.160143,0.200274,0.419003,32.000000,0.050358,14.813837,0.120185,1153.322908,180.341000
502,1.887693,0.147421,0.745442,32.000000,0.050358,16.951908,0.067554,1155.210601,181.086442
503,2.228816,0.200284,0.316147,32.000000,0.050358,14.357398,0.159286,1157.439418,181.402589
504,2.360263,0.201202,0.157762,32.000000,0.050358,13.557809,0.319201,1159.799681,181.560351
505,2.371482,0.205444,0.012359,32.000000,0.050358,13.493671,4.074538,1162.171163,181.572710
506,2.498497,0.202741,0.006073,32.000000,0.050358,12.807700,8.291863,1164.669660,181.578783
507,2.258493,0.200736,0.255480,32.000000,0.050358,14.168742,0.197111,1166.928153,181.834263
508,2.554176,0.200767,0.001987,32.000000,0.050358,12.528502,25.348389,1169.482329,181.836250
509,2.294317,0.200634,0.260855,32.000000,0.050358,13.947509,0.193049,1171.776645,182.097105
510,2.359328,0.209219,0.001995,32.000000,0.050358,13.563185,25.239876,1174.135973,182.099100
511,2.147035,0.188774,0.554131,32.000000,0.050358,14.904278,0.090877,1176.283008,182.653231
512,2.402974,0.201098,0.002040,32.000000,0.050358,13.316830,24.681297,1178.685982,182.655271
513,2.528950,0.219000,0.001893,32.000000,0.050358,12.653475,26.606817,1181.214932,182.657164
514,2.328156,0.206897,0.100545,32.000000,0.050358,13.744782,0.500847,1183.543088,182.757709
515,2.421679,0.203459,0.160857,32.000000,0.050358,13.213971,0.313060,1185.964767,182.918566
516,2.531867,0.207306,0.001891,32.000000,0.050358,12.638892,26.630836,1188.496635,182.920457
517,2.051554,0.151916,0.668504,32.000000,0.050358,15.597935,0.075329,1190.548188,183.588961
518,1.914883,0.152502,0.605697,32.000000,0.050358,16.711208,0.083140,1192.463071,184.194658
519,2.134852,0.167134,0.441805,32.000000,0.050358,14.989332,0.113982,1194.597922,184.636463
520,2.576752,0.201278,0.329093,32.000000,0.050358,12.418733,0.153020,1197.174675,184.965556
521,2.255492,0.197797,0.200015,32.000000,0.050358,14.187593,0.251770,1199.430167,185.165572
522,2.214172,0.201041,0.762059,32.000000,0.050358,14.452353,0.066081,1201.644339,185.927631
523,2.388513,0.206549,0.004795,32.000000,0.050358,13.397456,10.501353,1204.032852,185.932426
524,2.277985,0.209070,0.337106,32.000000,0.050358,14.047500,0.149383,1206.310837,186.269532
525,2.540829,0.202495,0.002002,32.000000,0.050358,12.594316,25.148103,1208.851666,186.271535
526,2.604393,0.221051,0.001789,32.000000,0.050358,12.286934,28.142183,1211.456059,186.273324
527,2.183317,0.211196,0.328471,32.000000,0.050358,14.656601,0.153310,1213.639375,186.601795
528,2.410593,0.201359,0.170870,32.000000,0.050358,13.274742,0.294714,1216.049968,186.772665
529,2.249477,0.201048,0.389529,32.000000,0.050358,14.225530,0.129279,1218.299445,187.162194
530,2.537396,0.206765,0.001881,32.000000,0.050358,12.611352,26.776132,1220.836842,187.164075
531,2.072062,0.173444,0.440859,32.000000,0.050358,15.443551,0.114227,1222.908904,187.604934
532,2.262165,0.220935,0.134071,32.000000,0.050358,14.145743,0.375605,1225.171068,187.739005
533,2.197933,0.200189,0.443192,32.000000,0.050358,14.559132,0.113625,1227.369002,188.182197
534,2.166714,0.206926,0.325532,32.000000,0.050358,14.768909,0.154694,1229.535716,188.507729
535,2.505894,0.219198,0.001953,32.000000,0.050358,12.769893,25.789013,1232.041610,188.509681
536,2.609628,0.208078,0.010459,32.000000,0.050358,12.262284,4.814850,1234.651238,188.520140
537,2.148430,0.166706,0.411188,32.000000,0.050358,14.894594,0.122469,1236.799668,188.931328
538,2.471120,0.203830,0.001901,32.000000,0.050358,12.949595,26.496696,1239.270788,188.933229
539,2.167840,0.218796,0.380062,32.000000,0.050358,14.761234,0.132499,1241.438628,189.313291
540,1.923532,0.148203,1.160805,32.000000,0.050358,16.636065,0.043382,1243.362160,190.474097
541,1.710201,0.142110,0.952158,32.000000,0.050358,18.711256,0.052888,1245.072361,191.426255
542,2.374092,0.203178,0.152908,32.000000,0.050358,13.478840,0.329335,1247.446452,191.579162
543,2.114390,0.192325,0.542054,32.000000,0.050358,15.134386,0.092902,1249.560842,192.121216
544,2.346081,0.206341,0.257731,32.000000,0.050358,13.639766,0.195389,1251.906924,192.378947
545,2.241114,0.154905,0.457934,32.000000,0.050358,14.278612,0.109968,1254.148038,192.836881
546,2.054162,0.150144,0.489029,32.000000,0.050358,15.578126,0.102975,1256.202200,193.325910
547,2.575821,0.213189,0.195659,32.000000,0.050358,12.423222,0.257375,1258.778022,193.521569
548,1.962076,0.159203,0.553987,32.000000,0.050358,16.309257,0.090901,1260.740097,194.075556
549,2.393732,0.201168,0.128959,32.000000,0.050358,13.368247,0.390495,1263.133829,194.204515
550,2.182164,0.150236,0.588749,32.000000,0.050358,14.664339,0.085534,1265.315994,194.793264
551,2.198793,0.210327,0.192638,32.000000,0.050358,14.553436,0.261411,1267.514787,194.985902
552,2.417070,0.207264,0.156620,32.000000,0.050358,13.239170,0.321529,1269.931857,195.142522
553,2.125211,0.148804,0.522109,32.000000,0.050358,15.057329,0.096451,1272.057068,195.664631
554,2.258206,0.207028,0.333999,32.000000,0.050358,14.170541,0.150772,1274.315274,195.998630
555,2.188862,0.226712,0.547281,32.000000,0.050358,14.619471,0.092015,1276.504136,196.545911
556,1.811751,0.148015,0.762864,32.000000,0.050358,17.662475,0.066012,1278.315886,197.308774
557,2.732709,0.200776,0.002027,32.000000,0.050358,11.709990,24.844294,1281.048596,197.310801
558,2.215971,0.206458,0.370478,32.000000,0.050358,14.440622,0.135927,1283.264567,197.681279
559,2.308540,0.209004,0.074590,32.000000,0.050358,13.861575,0.675125,1285.573107,197.755870
560,2.484381,0.153515,0.574559,32.000000,0.050358,12.880470,0.087646,1288.057488,198.330428
561,1.911154,0.148225,0.613708,32.000000,0.050358,16.743813,0.082055,1289.968642,198.944136
562,2.498067,0.213115,0.045607,32.000000,0.050358,12.809903,1.104175,1292.466709,198.989743
563,1.892482,0.147586,0.862497,32.000000,0.050358,16.909014,0.058386,1294.359191,199.852240
564,2.314010,0.212419,0.229708,32.000000,0.050358,13.828805,0.219225,1296.673201,200.081948
565,1.995249,0.146387,0.626593,32.000000,0.050358,16.038098,0.080368,1298.668450,200.708541
566,1.807603,0.145401,0.726504,32.000000,0.050358,17.703005,0.069315,1300.476053,201.435044
567,2.652854,0.217963,0.001926,32.000000,0.050358,12.062479,26.150804,1303.128907,201.436970
568,2.031646,0.162773,0.668257,32.000000,0.050358,15.750779,0.075357,1305.160553,202.105227
569,2.241820,0.223177,0.232653,32.000000,0.050358,14.274115,0.216450,1307.402373,202.337879
570,2.357324,0.169622,0.408359,32.000000,0.050358,13.574713,0.123318,1309.759697,202.746238
571,2.402653,0.210370,0.029055,32.000000,0.050358,13.318611,1.733188,1312.162350,202.775293
572,2.257620,0.201096,0.263030,32.000000,0.050358,14.174217,0.191453,1314.419971,203.038323
573,2.346080,0.201971,0.028517,32.000000,0.050358,13.639772,1.765904,1316.766051,203.066840
574,2.540554,0.209545,0.064065,32.000000,0.050358,12.595676,0.786048,1319.306605,203.130905
575,2.000161,0.149300,0.595151,32.000000,0.050358,15.998713,0.084613,1321.306766,203.726056
576,2.039204,0.148931,0.825052,32.000000,0.050358,15.692395,0.061036,1323.345970,204.551108
577,2.281528,0.215489,0.238849,32.000000,0.050358,14.025690,0.210835,1325.627498,204.789957
578,1.820353,0.157599,0.813054,32.000000,0.050358,17.579005,0.061937,1327.447852,205.603011
579,2.230352,0.180179,0.311662,32.000000,0.050358,14.347508,0.161578,1329.678204,205.914673
580,2.568115,0.206474,0.024541,32.000000,0.050358,12.460503,2.051965,1332.246319,205.939214
581,2.320655,0.201069,0.084689,32.000000,0.050358,13.789209,0.594618,1334.566974,206.023903
582,2.439657,0.201425,0.002175,32.000000,0.050358,13.116600,23.156672,1337.006630,206.026078
583,2.054459,0.152442,0.560680,32.000000,0.050358,15.575878,0.089816,1339.061089,206.586758
584,2.227257,0.207965,0.246328,32.000000,0.050358,14.367446,0.204434,1341.288347,206.833087
585,2.717305,0.200795,0.001960,32.000000,0.050358,11.776374,25.687614,1344.005652,206.835047
586,2.450931,0.206384,0.028391,32.000000,0.050358,13.056264,1.773740,1346.456583,206.863438
587,2.203760,0.200797,0.305070,32.000000,0.050358,14.520636,0.165070,1348.660343,207.168508
588,2.118879,0.177336,0.396610,32.000000,0.050358,15.102324,0.126971,1350.779222,207.565118
589,2.292317,0.145645,0.713121,32.000000,0.050358,13.959675,0.070616,1353.071539,208.278239
590,2.242836,0.213201,0.475857,32.000000,0.050358,14.267650,0.105825,1355.314375,208.754096
591,2.239504,0.196071,0.284653,32.000000,0.050358,14.288877,0.176909,1357.553879,209.038749
592,2.340677,0.217255,0.155246,32.000000,0.050358,13.671260,0.324375,1359.894556,209.193995
593,1.943728,0.150058,0.652060,32.000000,0.050358,16.463210,0.077229,1361.838284,209.846055
594,2.216940,0.207241,0.243719,32.000000,0.050358,14.434311,0.206623,1364.055224,210.089774
595,1.992046,0.159585,1.035795,32.000000,0.050358,16.063888,0.048618,1366.047269,211.125569
596,2.330113,0.208089,0.068470,32.000000,0.050358,13.733239,0.735470,1368.377382,211.194039
597,2.514605,0.202913,0.001997,32.000000,0.050358,12.725654,25.217530,1370.891988,211.196036
598,1.846818,0.184770,1.262148,32.000000,0.050358,17.327097,0.039899,1372.738806,212.458184
599,2.369421,0.202136,0.137769,32.000000,0.050358,13.505409,0.365523,1375.108227,212.595953
600,2.237554,0.207057,0.373873,32.000000,0.050358,14.301331,0.134692,1377.345781,212.969826
601,2.348222,0.206893,0.535298,32.000000,0.050358,13.627330,0.094074,1379.694004,213.505125
602,2.599784,0.202032,0.061724,32.000000,0.050358,12.308717,0.815855,1382.293787,213.566849
603,1.749291,0.144103,0.895258,32.000000,0.050358,18.293122,0.056250,1384.043079,214.462106
604,2.080856,0.179007,0.410641,32.000000,0.050358,15.378285,0.122632,1386.123935,214.872748
605,2.296501,0.203066,0.115028,32.000000,0.050358,13.934242,0.437789,1388.420436,214.987776
606,2.153257,0.183463,0.358335,32.000000,0.050358,14.861210,0.140533,1390.573692,215.346110
607,2.424534,0.164192,0.596826,32.000000,0.050358,13.198411,0.084376,1392.998227,215.942936
608,2.053279,0.172781,0.675368,32.000000,0.050358,15.584830,0.074564,1395.051505,216.618303
609,1.941713,0.176959,0.889892,32.000000,0.050358,16.480295,0.056589,1396.993218,217.508196
610,2.399981,0.207049,0.055560,32.000000,0.050358,13.333439,0.906364,1399.393199,217.563756
611,2.302989,0.204371,0.258315,32.000000,0.050358,13.894983,0.194948,1401.696189,217.822070
612,2.265887,0.207247,0.292180,32.000000,0.050358,14.122507,0.172352,1403.962075,218.114250
613,2.543341,0.206942,0.004297,32.000000,0.050358,12.581874,11.718555,1406.505417,218.118547
614,2.161823,0.196890,0.400176,32.000000,0.050358,14.802322,0.125839,1408.667240,218.518723
615,2.154067,0.169077,0.574677,32.000000,0.050358,14.855621,0.087628,1410.821307,219.093400
616,2.148321,0.171453,1.794473,32.000000,0.050358,14.895356,0.028063,1412.969627,220.887874
617,2.662519,0.201877,0.002021,32.000000,0.050358,12.018693,24.911805,1415.632146,220.889895
618,2.608661,0.202137,0.001838,32.000000,0.050358,12.266832,27.393436,1418.240807,220.891733
619,2.277776,0.193379,0.258215,32.000000,0.050358,14.048790,0.195023,1420.518583,221.149948
620,2.293458,0.210847,0.157824,32.000000,0.050358,13.952731,0.319077,1422.812041,221.307771
621,2.422259,0.202292,0.001896,32.000000,0.050358,13.210809,26.559162,1425.234300,221.309667
622,2.443227,0.213394,0.001909,32.000000,0.050358,13.097431,26.373497,1427.677527,221.311577
623,1.968320,0.148917,0.791767,32.000000,0.050358,16.257515,0.063602,1429.645848,222.103344
624,2.141976,0.148532,0.404997,32.000000,0.050358,14.939477,0.124341,1431.787824,222.508341
625,2.662889,0.202546,0.013368,32.000000,0.050358,12.017025,3.767123,1434.450712,222.521709
626,2.337620,0.219940,0.055077,32.000000,0.050358,13.689137,0.914309,1436.788332,222.576786
627,2.628304,0.205490,0.001986,32.000000,0.050358,12.175153,25.358332,1439.416636,222.578772
628,2.434664,0.202403,0.271829,32.000000,0.050358,13.143498,0.185255,1441.851300,222.850601
629,2.084968,0.150631,0.552677,32.000000,0.050358,15.347957,0.091116,1443.936268,223.403279
630,2.477931,0.202081,0.002183,32.000000,0.050358,12.913999,23.070211,1446.414199,223.405461
631,1.992983,0.147449,0.634346,32.000000,0.050358,16.056330,0.079385,1448.407182,224.039808
632,2.394324,0.212416,0.122479,32.000000,0.050358,13.364942,0.411154,1450.801506,224.162287
633,1.917780,0.150597,0.636168,32.000000,0.050358,16.685962,0.079158,1452.719286,224.798455
634,2.397511,0.203890,0.325982,32.000000,0.050358,13.347176,0.154481,1455.116797,225.124437
635,2.210977,0.189218,0.362341,32.000000,0.050358,14.473240,0.138979,1457.327774,225.486777
636,2.486549,0.203075,0.082591,32.000000,0.050358,12.869243,0.609728,1459.814323,225.569368
637,2.502750,0.208160,0.001970,32.000000,0.050358,12.785936,25.566887,1462.317073,225.571337
638,1.690813,0.146743,1.043599,32.000000,0.050358,18.925807,0.048254,1464.007886,226.614937
639,1.756641,0.143667,0.969188,32.000000,0.050358,18.216583,0.051959,1465.764527,227.584124
640,2.163600,0.207667,0.534840,32.000000,0.050358,14.790165,0.094155,1467.928127,228.118965
641,2.371414,0.219881,0.208006,32.000000,0.050358,13.494057,0.242098,1470.299541,228.326971
642,2.364664,0.201457,0.005263,32.000000,0.050358,13.532577,9.567440,1472.664205,228.332234
643,2.117223,0.203289,0.456563,32.000000,0.050358,15.114141,0.110298,1474.781428,228.788797
644,2.889645,0.202137,0.001832,32.000000,0.050358,11.074026,27.484907,1477.671072,228.790629
645,2.408418,0.211291,0.127673,32.000000,0.050358,13.286729,0.394429,1480.079490,228.918302
646,2.630827,0.205398,0.002007,32.000000,0.050358,12.163475,25.085978,1482.710318,228.920309
647,2.433755,0.182428,0.385524,32.000000,0.050358,13.148406,0.130622,1485.144073,229.305834
648,2.408077,0.200564,0.088685,32.000000,0.050358,13.288612,0.567830,1487.552150,229.394518
649,2.511127,0.202856,0.013818,32.000000,0.050358,12.743282,3.644388,1490.063277,229.408336
650,1.891636,0.150536,0.783306,32.000000,0.050358,16.916575,0.064289,1491.954912,230.191642
651,2.069371,0.149119,0.629024,32.000000,0.050358,15.463635,0.080057,1494.024284,230.820667
652,2.175950,0.185615,0.395243,32.000000,0.050358,14.706218,0.127410,1496.200234,231.215910
653,2.356728,0.202609,0.066326,32.000000,0.050358,13.578145,0.759247,1498.556962,231.282236
654,2.243058,0.201358,0.261228,32.000000,0.050358,14.266241,0.192774,1500.800020,231.543464
655,2.043065,0.194610,0.373096,32.000000,0.050358,15.662745,0.134973,1502.843085,231.916559
656,1.796511,0.149117,0.901228,32.000000,0.050358,17.812309,0.055877,1504.639595,232.817787
657,2.350826,0.210755,0.095834,32.000000,0.050358,13.612238,0.525471,1506.990421,232.913621
658,1.981860,0.173777,0.822429,32.000000,0.050358,16.146451,0.061231,1508.972281,233.736049
659,2.377241,0.190152,0.305208,32.000000,0.050358,13.460984,0.164995,1511.349521,234.041258
660,2.260656,0.211446,0.201743,32.000000,0.050358,14.155180,0.249614,1513.610178,234.243001
661,2.230757,0.215507,0.265473,32.000000,0.050358,14.344906,0.189691,1515.840935,234.508474
662,2.079732,0.159765,0.498613,32.000000,0.050358,15.386601,0.100996,1517.920666,235.007087
663,2.403672,0.207569,0.128148,32.000000,0.050358,13.312965,0.392967,1520.324338,235.135235
664,2.523948,0.213563,0.005369,32.000000,0.050358,12.678550,9.379747,1522.848286,235.140603
665,2.415946,0.202866,0.030462,32.000000,0.050358,13.245328,1.653116,1525.264232,235.171066
666,2.192452,0.149991,0.515731,32.000000,0.050358,14.595533,0.097644,1527.456684,235.686796
667,2.533287,0.201242,0.005393,32.000000,0.050358,12.631809,9.338314,1529.989971,235.692189
668,2.113319,0.169470,0.544536,32.000000,0.050358,15.142056,0.092478,1532.103291,236.236725
669,2.436448,0.200987,0.175438,32.000000,0.050358,13.133872,0.287040,1534.539739,236.412164
670,2.447531,0.212740,0.107355,32.000000,0.050358,13.074399,0.469078,1536.987270,236.519519
671,1.947313,0.151067,0.809675,32.000000,0.050358,16.432900,0.062195,1538.934583,237.329194
672,2.533157,0.202466,0.002204,32.000000,0.050358,12.632458,22.851641,1541.467740,237.331397
673,2.444351,0.202118,0.003226,32.000000,0.050358,13.091409,15.612194,1543.912091,237.334623
674,2.332608,0.214330,0.209110,32.000000,0.050358,13.718548,0.240819,1546.244700,237.543733
675,2.316194,0.299383,0.290154,32.000000,0.050358,13.815769,0.173556,1548.560894,237.833887
676,2.221053,0.196362,0.295307,32.000000,0.050358,14.407578,0.170527,1550.781947,238.129195
677,2.081852,0.147926,0.513637,32.000000,0.050358,15.370930,0.098042,1552.863799,238.642831
678,2.304800,0.206524,0.131743,32.000000,0.050358,13.884065,0.382243,1555.168599,238.774574
679,2.376690,0.202164,0.075055,32.000000,0.050358,13.464101,0.670948,1557.545290,238.849629
680,2.175952,0.197421,0.376607,32.000000,0.050358,14.706210,0.133715,1559.721241,239.226236
681,2.447246,0.207266,0.164758,32.000000,0.050358,13.075921,0.305648,1562.168488,239.390993
682,2.258607,0.211641,0.628033,32.000000,0.050358,14.168026,0.080183,1564.427094,240.019026
683,2.422153,0.218673,0.001937,32.000000,0.050358,13.211387,25.996419,1566.849247,240.020963
684,2.173996,0.203802,0.433244,32.000000,0.050358,14.719440,0.116234,1569.023243,240.454207
685,2.203521,0.195254,0.360258,32.000000,0.050358,14.522213,0.139783,1571.226764,240.814464
686,2.633375,0.200762,0.001947,32.000000,0.050358,12.151705,25.863928,1573.860139,240.816411
687,1.826623,0.149610,0.777412,32.000000,0.050358,17.518666,0.064776,1575.686762,241.593823
688,2.221895,0.189836,0.252258,32.000000,0.050358,14.402122,0.199628,1577.908657,241.846081
689,2.521099,0.211517,0.001959,32.000000,0.050358,12.692878,25.699478,1580.429756,241.848041
690,2.096496,0.172927,0.456551,32.000000,0.050358,15.263566,0.110301,1582.526252,242.304591
691,2.204679,0.207737,0.352675,32.000000,0.050358,14.514587,0.142788,1584.730930,242.657267
692,2.145915,0.182621,0.513655,32.000000,0.050358,14.912057,0.098038,1586.876845,243.170921
693,2.094365,0.146523,0.534734,32.000000,0.050358,15.279093,0.094174,1588.971210,243.705656
694,2.395258,0.215553,0.081664,32.000000,0.050358,13.359729,0.616650,1591.366468,243.787319
695,2.215885,0.206406,0.202865,32.000000,0.050358,14.441186,0.248233,1593.582353,243.990184
696,2.203677,0.206813,0.287234,32.000000,0.050358,14.521184,0.175320,1595.786030,244.277418
697,2.399397,0.209839,0.053027,32.000000,0.050358,13.336685,0.949672,1598.185427,244.330445
698,2.274190,0.206840,0.345814,32.000000,0.050358,14.070947,0.145621,1600.459616,244.676258
699,2.265179,0.201450,0.204668,32.000000,0.050358,14.126921,0.246046,1602.724795,244.880927
700,2.157955,0.197849,0.389192,32.000000,0.050358,14.828857,0.129391,1604.882750,245.270119
701,2.283058,0.199926,0.363364,32.000000,0.050358,14.016290,0.138588,1607.165807,245.633483
702,2.118370,0.158191,0.388930,32.000000,0.050358,15.105955,0.129478,1609.284177,246.022412
703,2.156457,0.183614,0.355033,32.000000,0.050358,14.839155,0.141840,1611.440634,246.377445
704,2.355150,0.201374,0.359997,32.000000,0.050358,13.587246,0.139884,1613.795784,246.737442
705,2.501478,0.201158,0.105554,32.000000,0.050358,12.792436,0.477082,1616.297262,246.842996
706,2.461875,0.204965,0.002024,32.000000,0.050358,12.998224,24.879153,1618.759137,246.845020
707,2.411594,0.207513,0.083881,32.000000,0.050358,13.269231,0.600347,1621.170731,246.928901
708,1.952236,0.148078,1.370867,32.000000,0.050358,16.391460,0.036734,1623.122967,248.299769
709,1.999813,0.193650,0.722887,32.000000,0.050358,16.001494,0.069662,1625.122781,249.022655
710,2.099483,0.196956,0.434410,32.000000,0.050358,15.241844,0.115922,1627.222264,249.457066
711,2.043612,0.151848,0.639673,32.000000,0.050358,15.658550,0.078724,1629.265876,250.096739
712,2.012472,0.146993,0.595117,32.000000,0.050358,15.900846,0.084618,1631.278347,250.691856
713,2.188313,0.176970,0.385869,32.000000,0.050358,14.623138,0.130505,1633.466660,251.077724
714,2.017849,0.168190,0.608955,32.000000,0.050358,15.858474,0.082695,1635.484509,251.686679
715,2.159334,0.172119,0.572700,32.000000,0.050358,14.819384,0.087931,1637.643843,252.259379
716,1.908415,0.144432,0.726798,32.000000,0.050358,16.767839,0.069287,1639.552258,252.986177
717,2.090277,0.206985,0.434889,32.000000,0.050358,15.308973,0.115795,1641.642536,253.421067
718,2.352427,0.210550,0.162792,32.000000,0.050358,13.602971,0.309339,1643.994963,253.583858
719,2.264479,0.158762,0.378877,32.000000,0.050358,14.131285,0.132914,1646.259442,253.962735
720,2.445460,0.213475,0.013505,32.000000,0.050358,13.085471,3.728815,1648.704902,253.976240
721,2.189927,0.198861,0.721268,32.000000,0.050358,14.612359,0.069818,1650.894829,254.697508
722,1.646855,0.144529,0.929337,32.000000,0.050358,19.430978,0.054187,1652.541684,255.626845
723,1.862459,0.148481,0.723389,32.000000,0.050358,17.181589,0.069614,1654.404143,256.350234
724,2.418013,0.201933,0.018832,32.000000,0.050358,13.234005,2.674054,1656.822156,256.369066
725,2.555416,0.201043,0.012545,32.000000,0.050358,12.522424,4.014040,1659.377572,256.381611
726,2.070355,0.155656,0.704897,32.000000,0.050358,15.456289,0.071440,1661.447927,257.086508
727,2.172189,0.152689,0.491011,32.000000,0.050358,14.731682,0.102559,1663.620116,257.577520
728,2.378349,0.224843,0.117130,32.000000,0.050358,13.454713,0.429931,1665.998464,257.694650
729,2.357871,0.213451,0.070437,32.000000,0.050358,13.571566,0.714936,1668.356335,257.765086
730,2.289280,0.201809,0.191077,32.000000,0.050358,13.978192,0.263547,1670.645616,257.956163
731,2.319677,0.212887,0.208103,32.000000,0.050358,13.795026,0.241985,1672.965292,258.164267
732,2.231381,0.193886,0.261379,32.000000,0.050358,14.340892,0.192662,1675.196674,258.425645
733,2.341750,0.206846,0.127431,32.000000,0.050358,13.664994,0.395177,1677.538424,258.553077
734,2.203477,0.230817,0.294877,32.000000,0.050358,14.522502,0.170776,1679.741901,258.847953
735,2.344489,0.205785,0.546311,32.000000,0.050358,13.649029,0.092178,1682.086390,259.394264
736,1.923744,0.218122,0.123205,32.000000,0.050358,16.634232,0.408732,1684.010134,259.517469
737,2.194807,0.201067,0.459704,32.000000,0.050358,14.579872,0.109544,1686.204940,259.977172
738,2.303970,0.200512,0.094851,32.000000,0.050358,13.889069,0.530917,1688.508910,260.072023
739,2.015822,0.204030,0.603489,32.000000,0.050358,15.874419,0.083444,1690.524732,260.675512
740,2.165199,0.176714,0.622256,32.000000,0.050358,14.779240,0.080928,1692.689932,261.297769
741,2.401254,0.206299,0.200459,32.000000,0.050358,13.326370,0.251212,1695.091186,261.498228
742,2.209144,0.207525,0.318268,32.000000,0.050358,14.485247,0.158225,1697.300330,261.816495
743,2.177697,0.195714,0.319262,32.000000,0.050358,14.694425,0.157732,1699.478027,262.135757
744,2.309512,0.206872,0.364645,32.000000,0.050358,13.855742,0.138101,1701.787538,262.500403
745,1.850894,0.153110,0.774142,32.000000,0.050358,17.288945,0.065050,1703.638432,263.274545
746,2.362172,0.200425,0.222980,32.000000,0.050358,13.546854,0.225840,1706.000604,263.497525
747,2.299533,0.218697,0.056018,32.000000,0.050358,13.915870,0.898958,1708.300137,263.553543
748,2.254842,0.215728,0.277656,32.000000,0.050358,14.191685,0.181367,1710.554979,263.831200
749,2.331073,0.211483,0.156005,32.000000,0.050358,13.727586,0.322796,1712.886051,263.987205
750,2.328676,0.200537,0.150791,32.000000,0.050358,13.741714,0.333958,1715.214727,264.137995
751,2.173254,0.204598,0.322552,32.000000,0.050358,14.724463,0.156123,1717.387981,264.460548
752,2.216248,0.216997,0.255123,32.000000,0.050358,14.438817,0.197386,1719.604229,264.715671
753,2.316187,0.228914,0.103984,32.000000,0.050358,13.815811,0.484286,1721.920416,264.819654
754,2.672212,0.207082,0.095407,32.000000,0.050358,11.975097,0.527819,1724.592628,264.915062
755,2.226891,0.151120,0.411139,32.000000,0.050358,14.369808,0.122484,1726.819520,265.326201
756,2.125224,0.170779,0.746378,32.000000,0.050358,15.057236,0.067470,1728.944744,266.072579
757,1.941589,0.151106,0.624336,32.000000,0.050358,16.481344,0.080658,1730.886333,266.696915
758,2.300584,0.199159,0.342559,32.000000,0.050358,13.909513,0.147005,1733.186917,267.039474
759,2.579424,0.207949,0.002639,32.000000,0.050358,12.405872,19.084011,1735.766340,267.042113
760,2.209468,0.211221,0.322058,32.000000,0.050358,14.483124,0.156362,1737.975808,267.364171
761,1.851062,0.163670,1.357963,32.000000,0.050358,17.287373,0.037083,1739.826870,268.722134
762,1.871665,0.154893,0.913935,32.000000,0.050358,17.097075,0.055100,1741.698536,269.636069
763,2.142514,0.186202,0.388138,32.000000,0.050358,14.935726,0.129742,1743.841050,270.024207
764,2.358672,0.212636,0.024583,32.000000,0.050358,13.566955,2.048458,1746.199722,270.048790
765,2.276436,0.175390,0.364029,32.000000,0.050358,14.057063,0.138334,1748.476158,270.412819
766,2.496345,0.202010,0.039487,32.000000,0.050358,12.818742,1.275293,1750.972502,270.452307
767,2.384375,0.208025,0.013963,32.000000,0.050358,13.420708,3.606647,1753.356877,270.466269
768,2.359765,0.208403,0.156921,32.000000,0.050358,13.560670,0.320911,1755.716643,270.623191
769,2.263596,0.221196,0.222175,32.000000,0.050358,14.136800,0.226659,1757.980239,270.845365
770,2.171585,0.158086,0.495554,32.000000,0.050358,14.735781,0.101619,1760.151824,271.340919
771,2.398805,0.211643,0.001893,32.000000,0.050358,13.339977,26.605131,1762.550628,271.342812
772,2.539469,0.203399,0.001870,32.000000,0.050358,12.601058,26.933549,1765.090098,271.344682
773,2.476086,0.208159,0.034627,32.000000,0.050358,12.923624,1.454290,1767.566183,271.379309
774,2.500917,0.206811,0.002061,32.000000,0.050358,12.795306,24.431750,1770.067100,271.381370
775,2.307536,0.201414,0.252597,32.000000,0.050358,13.867604,0.199360,1772.374637,271.633967
776,2.278080,0.201862,0.118872,32.000000,0.050358,14.046917,0.423631,1774.652716,271.752839
777,2.044600,0.173219,0.562660,32.000000,0.050358,15.650980,0.089500,1776.697317,272.315498
778,2.311533,0.202518,0.113186,32.000000,0.050358,13.843625,0.444913,1779.008850,272.428684
779,2.228488,0.213629,0.286969,32.000000,0.050358,14.359513,0.175482,1781.237338,272.715653
780,2.280319,0.200830,0.645362,32.000000,0.050358,14.033125,0.078030,1783.517657,273.361015
781,2.323660,0.200386,0.195972,32.000000,0.050358,13.771378,0.256964,1785.841317,273.556987
782,2.428398,0.211220,0.110019,32.000000,0.050358,13.177410,0.457720,1788.269715,273.667006
783,2.306488,0.213509,0.217312,32.000000,0.050358,13.873904,0.231731,1790.576204,273.884318
784,2.130158,0.227897,0.281457,32.000000,0.050358,15.022358,0.178918,1792.706362,274.165775
785,2.284887,0.211326,0.340069,32.000000,0.050358,14.005068,0.148081,1794.991249,274.505845
786,2.544943,0.200397,0.041425,32.000000,0.050358,12.573957,1.215640,1797.536192,274.547270
787,2.724453,0.201251,0.002079,32.000000,0.050358,11.745476,24.227402,1800.260645,274.549348
788,2.268713,0.209502,0.147917,32.000000,0.050358,14.104913,0.340446,1802.529358,274.697265
789,2.255103,0.200956,0.253697,32.000000,0.050358,14.190037,0.198496,1804.784461,274.950962
790,2.377371,0.200207,0.096791,32.000000,0.050358,13.460247,0.520274,1807.161832,275.047753
791,2.318387,0.200995,0.188732,32.000000,0.050358,13.802698,0.266822,1809.480220,275.236485
792,2.343802,0.221638,0.139868,32.000000,0.050358,13.653030,0.360039,1811.824022,275.376353
793,2.387671,0.206337,0.150680,32.000000,0.050358,13.402181,0.334205,1814.211693,275.527032
794,2.137386,0.198624,0.365299,32.000000,0.050358,14.971560,0.137854,1816.349079,275.892331
795,2.488611,0.201086,0.001906,32.000000,0.050358,12.858577,26.418034,1818.837690,275.894237
796,2.382677,0.201724,0.054087,32.000000,0.050358,13.430271,0.931048,1821.220367,275.948324
797,2.150081,0.203970,0.468676,32.000000,0.050358,14.883158,0.107447,1823.370448,276.417000
798,2.212809,0.206375,0.263374,32.000000,0.050358,14.461260,0.191203,1825.583257,276.680374
799,2.300195,0.188785,0.230045,32.000000,0.050358,13.911862,0.218904,1827.883452,276.910419
800,2.237894,0.150597,0.714223,32.000000,0.050358,14.299158,0.070507,1830.121346,277.624641
801,2.533734,0.223492,0.001834,32.000000,0.050358,12.629584,27.454877,1832.655080,277.626475
802,2.561273,0.211541,0.001951,32.000000,0.050358,12.493785,25.806471,1835.216353,277.628427
803,2.322027,0.201220,0.106184,32.000000,0.050358,13.781062,0.474250,1837.538380,277.734611
804,1.640184,0.149316,1.151542,32.000000,0.050358,19.510009,0.043731,1839.178564,278.886153
805,2.266637,0.186326,0.390380,32.000000,0.050358,14.117835,0.128997,1841.445201,279.276533
806,2.566913,0.211868,0.002048,32.000000,0.050358,12.466338,24.594014,1844.012113,279.278581
807,2.155703,0.198079,0.393146,32.000000,0.050358,14.844343,0.128089,1846.167817,279.671727
808,2.418116,0.206051,0.181080,32.000000,0.050358,13.233444,0.278097,1848.585933,279.852806
809,2.132836,0.201577,0.361448,32.000000,0.050358,15.003496,0.139322,1850.718769,280.214255
810,2.233406,0.183828,0.356911,32.000000,0.050358,14.327894,0.141094,1852.952174,280.571166
811,2.119957,0.203175,0.487537,32.000000,0.050358,15.094648,0.103290,1855.072131,281.058702
812,2.418160,0.200687,0.221098,32.000000,0.050358,13.233200,0.227762,1857.490292,281.279800
813,2.414742,0.211616,0.187381,32.000000,0.050358,13.251934,0.268745,1859.905033,281.467182
814,2.295244,0.177658,0.495535,32.000000,0.050358,13.941872,0.101623,1862.200278,281.962717
815,2.019223,0.166619,0.743646,32.000000,0.050358,15.847679,0.067717,1864.219501,282.706363
816,2.538143,0.202903,0.001880,32.000000,0.050358,12.607643,26.782840,1866.757644,282.708244
817,1.889795,0.145550,0.834798,32.000000,0.050358,16.933051,0.060323,1868.647439,283.543041
818,2.364187,0.211658,0.224401,32.000000,0.050358,13.535306,0.224410,1871.011626,283.767442
819,2.202328,0.179562,0.405243,32.000000,0.050358,14.530080,0.124266,1873.213954,284.172685
820,2.309951,0.210474,0.076845,32.000000,0.050358,13.853105,0.655314,1875.523906,284.249530
821,2.083175,0.199339,0.677641,32.000000,0.050358,15.361171,0.074313,1877.607080,284.927172
822,1.732290,0.149481,1.046180,32.000000,0.050358,18.472663,0.048135,1879.339370,285.973352
823,1.790277,0.144154,1.232847,32.000000,0.050358,17.874331,0.040847,1881.129647,287.206198
824,2.280716,0.206520,0.250667,32.000000,0.050358,14.030681,0.200896,1883.410363,287.456865
825,2.424871,0.200917,0.001963,32.000000,0.050358,13.196579,25.648691,1885.835234,287.458828
826,2.226139,0.180245,0.331968,32.000000,0.050358,14.374664,0.151695,1888.061373,287.790796
827,2.284768,0.193779,0.243016,32.000000,0.050358,14.005798,0.207220,1890.346141,288.033812
828,2.019234,0.150065,0.689609,32.000000,0.050358,15.847592,0.073024,1892.365375,288.723421
829,1.931695,0.150521,0.857549,32.000000,0.050358,16.565766,0.058723,1894.297069,289.580970
830,1.991693,0.155341,0.679329,32.000000,0.050358,16.066730,0.074129,1896.288763,290.260300
831,2.320372,0.206569,0.229481,32.000000,0.050358,13.790892,0.219442,1898.609135,290.489781
832,2.195867,0.162568,0.389162,32.000000,0.050358,14.572830,0.129401,1900.805002,290.878943
833,2.394814,0.200818,0.204822,32.000000,0.050358,13.362208,0.245862,1903.199816,291.083765
834,2.307206,0.206071,0.172792,32.000000,0.050358,13.869587,0.291437,1905.507023,291.256556
835,2.503075,0.205790,0.001905,32.000000,0.050358,12.784276,26.438728,1908.010097,291.258461
836,2.216206,0.184849,0.348782,32.000000,0.050358,14.439089,0.144382,1910.226304,291.607243
837,2.389514,0.219749,0.001978,32.000000,0.050358,13.391845,25.465034,1912.615818,291.609220
838,2.217879,0.211155,0.386465,32.000000,0.050358,14.428202,0.130304,1914.833696,291.995685
839,2.357863,0.201336,0.130097,32.000000,0.050358,13.571612,0.387080,1917.191559,292.125782
840,1.775724,0.150158,0.811985,32.000000,0.050358,18.020814,0.062018,1918.967284,292.937767
841,2.338830,0.208077,0.211267,32.000000,0.050358,13.682054,0.238361,1921.306114,293.149034
842,2.437970,0.210273,0.060897,32.000000,0.050358,13.125676,0.826930,1923.744083,293.209931
843,2.470164,0.203267,0.001888,32.000000,0.050358,12.954603,26.675088,1926.214248,293.211819
844,2.679066,0.208371,0.002011,32.000000,0.050358,11.944460,25.037037,1928.893314,293.213830
845,2.035190,0.148220,0.594832,32.000000,0.050358,15.723346,0.084659,1930.928504,293.808662
846,2.281964,0.201225,0.241552,32.000000,0.050358,14.023008,0.208477,1933.210468,294.050213
847,2.587717,0.200975,0.001924,32.000000,0.050358,12.366113,26.170061,1935.798185,294.052138
848,2.423971,0.201291,0.189357,32.000000,0.050358,13.201479,0.265941,1938.222156,294.241494
849,2.180331,0.210959,0.401288,32.000000,0.050358,14.676667,0.125490,1940.402488,294.642782
850,2.297169,0.208330,0.268779,32.000000,0.050358,13.930191,0.187358,1942.699656,294.911561
851,2.430081,0.208703,0.019775,32.000000,0.050358,13.168284,2.546549,1945.129738,294.931336
852,2.187367,0.207054,0.229376,32.000000,0.050358,14.629458,0.219543,1947.317105,295.160712
853,2.063498,0.152487,0.613159,32.000000,0.050358,15.507647,0.082128,1949.380603,295.773871
854,2.074706,0.201148,0.491615,32.000000,0.050358,15.423875,0.102433,1951.455309,296.265486
855,2.344390,0.207083,0.137795,32.000000,0.050358,13.649607,0.365454,1953.799699,296.403281
856,2.340109,0.221446,0.222495,32.000000,0.050358,13.674576,0.226332,1956.139808,296.625777
857,2.171954,0.204851,0.282884,32.000000,0.050358,14.733278,0.178016,1958.311761,296.908661
858,2.065842,0.169275,0.599980,32.000000,0.050358,15.490051,0.083933,1960.377604,297.508640
859,2.201751,0.182030,0.316740,32.000000,0.050358,14.533889,0.158988,1962.579354,297.825380
860,2.411672,0.208839,0.002032,32.000000,0.050358,13.268802,24.777892,1964.991026,297.827413
861,2.480208,0.219640,0.011946,32.000000,0.050358,12.902142,4.215566,1967.471235,297.839359
862,2.063265,0.165289,0.497395,32.000000,0.050358,15.509399,0.101243,1969.534500,298.336753
863,2.454367,0.205950,0.157696,32.000000,0.050358,13.037983,0.319336,1971.988867,298.494449
864,2.038724,0.197605,0.828235,32.000000,0.050358,15.696090,0.060801,1974.027591,299.322684
865,2.195167,0.202476,0.296205,32.000000,0.050358,14.577482,0.170010,1976.222758,299.618888
866,2.104319,0.154245,0.509900,32.000000,0.050358,15.206823,0.098760,1978.327076,300.128788
867,2.497057,0.209181,0.001902,32.000000,0.050358,12.815087,26.469440,1980.824133,300.130691
868,2.078108,0.167096,0.430685,32.000000,0.050358,15.398619,0.116925,1982.902242,300.561376
869,2.401518,0.222644,0.001794,32.000000,0.050358,13.324907,28.073748,1985.303759,300.563170
870,2.209880,0.170759,0.406571,32.000000,0.050358,14.480421,0.123860,1987.513640,300.969741
871,2.588978,0.201890,0.001977,32.000000,0.050358,12.360090,25.465575,1990.102618,300.971719
872,2.263291,0.206570,0.204918,32.000000,0.050358,14.138703,0.245746,1992.365909,301.176637
873,1.963263,0.140365,0.641452,32.000000,0.050358,16.299397,0.078506,1994.329172,301.818089
874,2.123254,0.206922,0.492285,32.000000,0.050358,15.071210,0.102294,1996.452425,302.310374
875,2.453688,0.201432,0.168493,32.000000,0.050358,13.041591,0.298872,1998.906113,302.478867
876,2.299718,0.209676,0.104407,32.000000,0.050358,13.914748,0.482320,2001.205832,302.583274
877,2.271051,0.211315,0.109059,32.000000,0.050358,14.090394,0.461750,2003.476882,302.692333
878,2.146807,0.204629,0.404967,32.000000,0.050358,14.905858,0.124351,2005.623690,303.097299
879,2.534513,0.201268,0.001961,32.000000,0.050358,12.625699,25.680894,2008.158203,303.099260
880,2.487993,0.216017,0.058904,32.000000,0.050358,12.861770,0.854914,2010.646196,303.158164
881,2.295987,0.184181,0.336931,32.000000,0.050358,13.937363,0.149461,2012.942183,303.495095
882,2.370713,0.212905,0.085157,32.000000,0.050358,13.498047,0.591351,2015.312896,303.580252
883,2.401273,0.207419,0.123830,32.000000,0.050358,13.326267,0.406668,2017.714169,303.704082
884,2.370831,0.207980,0.196102,32.000000,0.050358,13.497377,0.256794,2020.085000,303.900184
885,1.805936,0.157117,0.813171,32.000000,0.050358,17.719342,0.061928,2021.890936,304.713356
886,3.397729,0.200228,0.165534,32.000000,0.050358,9.418055,0.304215,2025.288665,304.878889
887,2.331896,0.214029,0.075254,32.000000,0.050358,13.722739,0.669176,2027.620561,304.954143
888,2.112662,0.147936,0.532255,32.000000,0.050358,15.146770,0.094612,2029.733222,305.486398
889,2.424628,0.212893,0.223583,32.000000,0.050358,13.197902,0.225231,2032.157850,305.709981
890,2.431583,0.202079,0.291489,32.000000,0.050358,13.160151,0.172761,2034.589433,306.001470
891,1.892038,0.165181,0.758695,32.000000,0.050358,16.912984,0.066374,2036.481471,306.760165
892,2.220903,0.170850,0.320158,32.000000,0.050358,14.408555,0.157290,2038.702374,307.080324
893,2.244336,0.158156,0.429001,32.000000,0.050358,14.258116,0.117384,2040.946709,307.509324
894,2.109726,0.171772,0.497502,32.000000,0.050358,15.167850,0.101221,2043.056435,308.006826
895,2.136153,0.191815,0.351931,32.000000,0.050358,14.980204,0.143090,2045.192587,308.358758
896,2.428547,0.201239,0.080578,32.000000,0.050358,13.176605,0.624955,2047.621134,308.439336
897,2.256757,0.210327,0.266350,32.000000,0.050358,14.179637,0.189066,2049.877891,308.705687
898,2.512130,0.201148,0.010429,32.000000,0.050358,12.738193,4.828565,2052.390022,308.716116
899,1.805511,0.154705,0.938483,32.000000,0.050358,17.723516,0.053659,2054.195533,309.654599
900,2.334853,0.200264,0.285869,32.000000,0.050358,13.705359,0.176157,2056.530386,309.940468
901,2.437431,0.208218,0.031427,32.000000,0.050358,13.128577,1.602384,2058.967816,309.971894
902,2.404681,0.208585,0.053610,32.000000,0.050358,13.307377,0.939331,2061.372498,310.025505
903,2.470660,0.202244,0.002023,32.000000,0.050358,12.952006,24.887489,2063.843158,310.027528
904,2.473239,0.209266,0.002118,32.000000,0.050358,12.938499,23.773222,2066.316397,310.029646
905,1.970312,0.203881,0.585967,32.000000,0.050358,16.241084,0.085940,2068.286708,310.615614
906,2.560947,0.213504,0.001800,32.000000,0.050358,12.495377,27.982085,2070.847656,310.617413
907,2.229223,0.208901,0.310779,32.000000,0.050358,14.354777,0.162037,2073.076879,310.928192
908,2.708111,0.208135,0.001982,32.000000,0.050358,11.816356,25.403989,2075.784989,310.930175
909,2.185466,0.205776,0.291442,32.000000,0.050358,14.642187,0.172788,2077.970455,311.221617
910,2.018317,0.178316,0.803681,32.000000,0.050358,15.854791,0.062659,2079.988772,312.025298
911,1.972592,0.160106,0.688683,32.000000,0.050358,16.222308,0.073122,2081.961365,312.713981
912,2.412825,0.210829,0.105953,32.000000,0.050358,13.262461,0.475283,2084.374190,312.819934
913,2.323884,0.224067,0.369017,32.000000,0.050358,13.770050,0.136465,2086.698074,313.188950
914,2.407425,0.206323,0.027236,32.000000,0.050358,13.292211,1.848936,2089.105499,313.216187
915,2.536798,0.203790,0.001893,32.000000,0.050358,12.614328,26.600409,2091.642297,313.218080
916,2.014132,0.189132,0.590662,32.000000,0.050358,15.887739,0.085257,2093.656428,313.808742
917,2.253043,0.213413,0.398312,32.000000,0.050358,14.203014,0.126428,2095.909471,314.207054
918,2.254175,0.229111,0.173620,32.000000,0.050358,14.195880,0.290046,2098.163646,314.380674
919,2.447125,0.225767,0.001854,32.000000,0.050358,13.076570,27.163326,2100.610771,314.382527
920,2.237104,0.187430,0.336125,32.000000,0.050358,14.304206,0.149819,2102.847876,314.718652
921,2.056056,0.149826,0.582046,32.000000,0.050358,15.563779,0.086519,2104.903932,315.300698
922,2.281987,0.207033,0.206310,32.000000,0.050358,14.022866,0.244089,2107.185919,315.507008
923,2.331034,0.208889,0.036758,32.000000,0.050358,13.727812,1.369994,2109.516953,315.543766
924,2.344899,0.208259,0.141089,32.000000,0.050358,13.646642,0.356923,2111.861852,315.684854
925,2.272984,0.205313,0.388066,32.000000,0.050358,14.078407,0.129766,2114.134837,316.072921
926,2.234638,0.200279,0.506549,32.000000,0.050358,14.319992,0.099414,2116.369475,316.579470
927,2.016950,0.151937,0.747066,32.000000,0.050358,15.865537,0.067407,2118.386425,317.326536
928,2.411598,0.201538,0.092274,32.000000,0.050358,13.269211,0.545742,2120.798023,317.418810
929,2.312062,0.218849,0.107961,32.000000,0.050358,13.840461,0.466445,2123.110085,317.526771
930,2.318877,0.211211,0.292059,32.000000,0.050358,13.799784,0.172423,2125.428961,317.818830
931,2.366409,0.211610,0.163419,32.000000,0.050358,13.522598,0.308152,2127.795371,317.982249
932,2.362684,0.211796,0.201796,32.000000,0.050358,13.543918,0.249548,2130.158055,318.184045
933,2.220426,0.167672,0.470635,32.000000,0.050358,14.411648,0.107000,2132.378481,318.654680
934,2.319940,0.201072,0.478111,32.000000,0.050358,13.793460,0.105327,2134.698421,319.132791
935,1.965761,0.204542,0.624074,32.000000,0.050358,16.278680,0.080692,2136.664182,319.756864
936,2.247116,0.189191,0.658691,32.000000,0.050358,14.240478,0.076451,2138.911298,320.415556
937,2.842572,0.213517,0.001886,32.000000,0.050358,11.257409,26.700787,2141.753870,320.417442
938,2.301662,0.210590,0.296062,32.000000,0.050358,13.902995,0.170092,2144.055533,320.713503
939,2.284516,0.201014,0.225497,32.000000,0.050358,14.007343,0.223320,2146.340049,320.939000
940,2.313834,0.209112,0.122697,32.000000,0.050358,13.829859,0.410424,2148.653883,321.061697
941,2.510021,0.212984,0.002176,32.000000,0.050358,12.748899,23.147646,2151.163904,321.063873
942,2.451304,0.200593,0.001814,32.000000,0.050358,13.054278,27.754163,2153.615207,321.065687
943,2.363519,0.214727,0.075876,32.000000,0.050358,13.539133,0.663685,2155.978726,321.141563
944,2.375284,0.207472,0.219135,32.000000,0.050358,13.472074,0.229803,2158.354010,321.360698
945,2.405724,0.211842,0.374027,32.000000,0.050358,13.301610,0.134637,2160.759734,321.734725
946,2.630069,0.207181,0.001954,32.000000,0.050358,12.166981,25.777198,2163.389803,321.736678
947,2.671917,0.210663,0.001930,32.000000,0.050358,11.976421,26.096177,2166.061720,321.738608
948,2.521525,0.214213,0.002123,32.000000,0.050358,12.690731,23.715363,2168.583245,321.740731
949,2.502143,0.201495,0.002060,32.000000,0.050358,12.789037,24.442328,2171.085388,321.742792
950,2.563714,0.211570,0.024189,32.000000,0.050358,12.481891,2.081852,2173.649102,321.766981
951,2.226134,0.191922,0.350326,32.000000,0.050358,14.374698,0.143745,2175.875236,322.117307
952,2.461091,0.220572,0.186239,32.000000,0.050358,13.002364,0.270393,2178.336327,322.303546
953,1.905575,0.143846,0.743950,32.000000,0.050358,16.792828,0.067690,2180.241902,323.047496
954,2.344878,0.202987,0.142399,32.000000,0.050358,13.646768,0.353638,2182.586780,323.189895
955,2.331204,0.211821,0.041892,32.000000,0.050358,13.726813,1.202098,2184.917984,323.231787
956,2.764396,0.203943,0.001887,32.000000,0.050358,11.575766,26.680544,2187.682380,323.233674
957,2.384618,0.201993,0.041268,32.000000,0.050358,13.419342,1.220265,2190.066997,323.274942
958,2.452701,0.207097,0.154389,32.000000,0.050358,13.046842,0.326175,2192.519698,323.429331
959,2.733734,0.214635,0.014135,32.000000,0.050358,11.705601,3.562665,2195.253432,323.443466
960,2.208757,0.149700,0.404129,32.000000,0.050358,14.487786,0.124608,2197.462189,323.847595
961,2.434113,0.221436,0.001930,32.000000,0.050358,13.146475,26.086633,2199.896302,323.849525
962,2.640722,0.207143,0.250044,32.000000,0.050358,12.117899,0.201396,2202.537023,324.099569
963,2.699319,0.207102,0.002070,32.000000,0.050358,11.854843,24.321844,2205.236342,324.101639
964,2.390063,0.202507,0.040818,32.000000,0.050358,13.388768,1.233715,2207.626405,324.142457
965,2.112994,0.192122,0.567184,32.000000,0.050358,15.144386,0.088786,2209.739399,324.709641
966,2.155179,0.190746,0.505504,32.000000,0.050358,14.847957,0.099619,2211.894578,325.215145
967,2.467109,0.201403,0.026968,32.000000,0.050358,12.970646,1.867309,2214.361687,325.242113
968,1.869201,0.147802,0.668369,32.000000,0.050358,17.119618,0.075344,2216.230888,325.910482
969,2.389423,0.207667,0.340354,32.000000,0.050358,13.392357,0.147957,2218.620310,326.250836
970,2.294488,0.213461,0.185009,32.000000,0.050358,13.946468,0.272191,2220.914798,326.435845
971,2.279135,0.201161,0.396469,32.000000,0.050358,14.040412,0.127016,2223.193933,326.832314
972,2.493795,0.206856,0.001927,32.000000,0.050358,12.831850,26.130856,2225.687728,326.834241
973,2.795442,0.206400,0.002026,32.000000,0.050358,11.447207,24.851295,2228.483170,326.836268
974,2.252262,0.200579,0.464581,32.000000,0.050358,14.207939,0.108394,2230.735432,327.300848
975,2.405950,0.250509,0.103045,32.000000,0.050358,13.300361,0.488697,2233.141381,327.403893
976,2.537976,0.205226,0.179303,32.000000,0.050358,12.608472,0.280853,2235.679357,327.583196
977,2.158209,0.191508,0.550494,32.000000,0.050358,14.827107,0.091478,2237.837567,328.133690
978,2.340739,0.194905,0.406773,32.000000,0.050358,13.670894,0.123798,2240.178306,328.540464
979,2.198025,0.148739,0.540671,32.000000,0.050358,14.558524,0.093140,2242.376331,329.081135
980,1.989156,0.147700,0.797794,32.000000,0.050358,16.087225,0.063121,2244.365487,329.878929
981,2.228791,0.193979,0.364012,32.000000,0.050358,14.357561,0.138341,2246.594278,330.242941
982,2.489109,0.201179,0.001995,32.000000,0.050358,12.856004,25.237220,2249.083387,330.244937
983,2.477611,0.201155,0.045398,32.000000,0.050358,12.915669,1.109256,2251.560998,330.290335
984,2.574228,0.214218,0.091331,32.000000,0.050358,12.430909,0.551376,2254.135226,330.381666
985,1.943552,0.150770,0.779448,32.000000,0.050358,16.464701,0.064607,2256.078778,331.161113
986,2.295203,0.206884,0.379102,32.000000,0.050358,13.942122,0.132834,2258.373981,331.540216
987,2.432477,0.212115,0.085014,32.000000,0.050358,13.155316,0.592344,2260.806458,331.625230
988,2.442792,0.201593,0.073113,32.000000,0.050358,13.099762,0.688765,2263.249250,331.698343
989,2.520824,0.204200,0.002086,32.000000,0.050358,12.694260,24.144267,2265.770074,331.700429
990,2.325593,0.211647,0.271195,32.000000,0.050358,13.759929,0.185689,2268.095668,331.971624
991,2.406226,0.210899,0.142713,32.000000,0.050358,13.298835,0.352861,2270.501894,332.114337
992,1.949266,0.151705,0.571314,32.000000,0.050358,16.416439,0.088144,2272.451159,332.685651
993,2.393052,0.208649,0.136385,32.000000,0.050358,13.372045,0.369232,2274.844211,332.822036
994,2.192926,0.207384,0.275187,32.000000,0.050358,14.592377,0.182995,2277.037137,333.097223
995,2.127783,0.207188,0.307736,32.000000,0.050358,15.039131,0.163640,2279.164920,333.404959
996,2.234837,0.222368,0.397807,32.000000,0.050358,14.318721,0.126589,2281.399756,333.802765
997,2.274673,0.204819,0.294229,32.000000,0.050358,14.067956,0.171152,2283.674429,334.096995
998,2.124175,0.206471,0.587634,32.000000,0.050358,15.064673,0.085696,2285.798604,334.684628
999,2.654095,0.202563,0.001963,32.000000,0.050358,12.056838,25.650389,2288.452700,334.686592
1000,2.240434,0.171864,0.526245,32.000000,0.050358,14.282950,0.095693,2290.693133,335.212837
1001,2.096111,0.145936,0.470677,32.000000,0.050358,15.266368,0.106990,2292.789244,335.683513
1002,2.147052,0.152215,0.572149,32.000000,0.050358,14.904155,0.088015,2294.936296,336.255662
1003,2.337124,0.206610,0.312884,32.000000,0.050358,13.692044,0.160947,2297.273420,336.568546
1004,2.105376,0.163829,0.496081,32.000000,0.050358,15.199189,0.101511,2299.378795,337.064627
1005,2.098123,0.152926,0.586986,32.000000,0.050358,15.251727,0.085790,2301.476918,337.651614
1006,2.308546,0.200966,0.177686,32.000000,0.050358,13.861541,0.283410,2303.785464,337.829300
1007,2.373023,0.202440,0.136967,32.000000,0.050358,13.484910,0.367665,2306.158487,337.966266
1008,2.305161,0.206555,0.484268,32.000000,0.050358,13.881895,0.103988,2308.463648,338.450534
1009,2.511830,0.203714,0.044049,32.000000,0.050358,12.739714,1.143216,2310.975478,338.494583
1010,2.384838,0.200899,0.067334,32.000000,0.050358,13.418100,0.747884,2313.360317,338.561917
1011,2.548768,0.211278,0.001805,32.000000,0.050358,12.555087,27.902114,2315.909084,338.563722
1012,2.862709,0.206498,0.001942,32.000000,0.050358,11.178221,25.931520,2318.771794,338.565664
1013,2.301152,0.210839,0.183817,32.000000,0.050358,13.906079,0.273956,2321.072946,338.749481
1014,2.471186,0.214108,0.004902,32.000000,0.050358,12.949248,10.273661,2323.544132,338.754383
1015,2.463368,0.204808,0.001958,32.000000,0.050358,12.990346,25.725433,2326.007499,338.756340
1016,2.265589,0.200793,0.223398,32.000000,0.050358,14.124360,0.225417,2328.273089,338.979738
1017,2.205409,0.146681,0.560668,32.000000,0.050358,14.509778,0.089817,2330.478498,339.540407
1018,2.313724,0.201587,0.262602,32.000000,0.050358,13.830519,0.191765,2332.792222,339.803009
1019,1.757862,0.146825,0.955144,32.000000,0.050358,18.203935,0.052723,2334.550084,340.758153
1020,2.260978,0.211416,0.188093,32.000000,0.050358,14.153170,0.267729,2336.811061,340.946245
1021,2.330197,0.188806,0.409910,32.000000,0.050358,13.732745,0.122851,2339.141258,341.356156
1022,2.270591,0.201948,0.196059,32.000000,0.050358,14.093246,0.256851,2341.411849,341.552215
1023,2.065424,0.151735,0.414877,32.000000,0.050358,15.493189,0.121380,2343.477273,341.967092
1024,2.395656,0.203529,0.018244,32.000000,0.050358,13.357512,2.760252,2345.872929,341.985335
1025,2.474296,0.211692,0.011106,32.000000,0.050358,12.932972,4.534289,2348.347225,341.996441
1026,2.457286,0.202774,0.002045,32.000000,0.050358,13.022495,24.625380,2350.804511,341.998486
1027,2.321111,0.210435,0.106371,32.000000,0.050358,13.786504,0.473415,2353.125622,342.104858
1028,1.956534,0.194322,0.754002,32.000000,0.050358,16.355457,0.066787,2355.082155,342.858860
1029,2.033123,0.147823,0.597099,32.000000,0.050358,15.739334,0.084337,2357.115278,343.455960
1030,2.458520,0.201914,0.001720,32.000000,0.050358,13.015959,29.282773,2359.573798,343.457679
1031,2.673256,0.206701,0.001902,32.000000,0.050358,11.970419,26.473670,2362.247055,343.459582
1032,2.119740,0.202439,0.563229,32.000000,0.050358,15.096192,0.089409,2364.366795,344.022811
1033,2.546783,0.205724,0.001965,32.000000,0.050358,12.564870,25.629397,2366.913578,344.024775
1034,2.225744,0.215276,0.213464,32.000000,0.050358,14.377215,0.235908,2369.139322,344.238239
1035,1.798093,0.148338,1.112172,32.000000,0.050358,17.796631,0.045279,2370.937415,345.350411
1036,2.054634,0.175087,0.591616,32.000000,0.050358,15.574552,0.085119,2372.992049,345.942027
1037,2.315516,0.201407,0.194112,32.000000,0.050358,13.819813,0.259427,2375.307565,346.136139
1038,2.394818,0.201362,0.412014,32.000000,0.050358,13.362183,0.122224,2377.702383,346.548153
1039,2.251842,0.214883,0.255790,32.000000,0.050358,14.210586,0.196872,2379.954226,346.803942
1040,2.262335,0.207619,0.285951,32.000000,0.050358,14.144678,0.176106,2382.216561,347.089893
1041,2.048982,0.163120,0.524927,32.000000,0.050358,15.617509,0.095933,2384.265543,347.614821
1042,2.312786,0.201954,0.191364,32.000000,0.050358,13.836125,0.263152,2386.578329,347.806185
1043,2.225622,0.214345,0.554164,32.000000,0.050358,14.378000,0.090872,2388.803952,348.360349
1044,2.518257,0.210279,0.001861,32.000000,0.050358,12.707203,27.065074,2391.322208,348.362209
1045,2.321002,0.205622,0.259185,32.000000,0.050358,13.787148,0.194293,2393.643211,348.621394
1046,2.517345,0.201373,0.401077,32.000000,0.050358,12.711804,0.125557,2396.160556,349.022471
1047,2.228637,0.217135,0.451621,32.000000,0.050358,14.358553,0.111505,2398.389193,349.474092
1048,2.121259,0.168481,0.608065,32.000000,0.050358,15.085380,0.082816,2400.510452,350.082157
1049,2.483495,0.200221,0.230245,32.000000,0.050358,12.885069,0.218714,2402.993946,350.312402
1050,2.412431,0.200470,0.001924,32.000000,0.050358,13.264628,26.166852,2405.406377,350.314327
1051,2.636720,0.202206,0.002230,32.000000,0.050358,12.136292,22.579845,2408.043097,350.316557
1052,2.043849,0.205452,0.421049,32.000000,0.050358,15.656731,0.119601,2410.086946,350.737606
1053,2.532282,0.206981,0.001934,32.000000,0.050358,12.636824,26.033215,2412.619228,350.739541
1054,2.319746,0.200690,0.506498,32.000000,0.050358,13.794614,0.099424,2414.938974,351.246039
1055,2.064354,0.200358,0.495571,32.000000,0.050358,15.501216,0.101616,2417.003328,351.741610
1056,2.197595,0.153571,0.537389,32.000000,0.050358,14.561374,0.093708,2419.200923,352.278999
1057,2.092877,0.149575,0.571281,32.000000,0.050358,15.289957,0.088149,2421.293800,352.850280
1058,2.301546,0.202882,0.230994,32.000000,0.050358,13.903698,0.218005,2423.595346,353.081274
1059,2.330025,0.211654,0.222650,32.000000,0.050358,13.733758,0.226174,2425.925371,353.303925
1060,2.507987,0.206637,0.002093,32.000000,0.050358,12.759235,24.065058,2428.433358,353.306017
1061,1.875460,0.147644,0.656741,32.000000,0.050358,17.062480,0.076678,2430.308818,353.962758
1062,2.540917,0.209076,0.001874,32.000000,0.050358,12.593879,26.873713,2432.849735,353.964632
1063,2.346363,0.200690,0.240640,32.000000,0.050358,13.638127,0.209266,2435.196098,354.205272
1064,2.072943,0.159646,0.490368,32.000000,0.050358,15.436991,0.102694,2437.269041,354.695640
1065,1.919139,0.171772,0.522428,32.000000,0.050358,16.674147,0.096392,2439.188180,355.218068
1066,2.451626,0.207012,0.575495,32.000000,0.050358,13.052559,0.087504,2441.639806,355.793563
1067,2.326301,0.208970,0.089544,32.000000,0.050358,13.755742,0.562382,2443.966108,355.883107
1068,2.273946,0.202009,0.188177,32.000000,0.050358,14.072456,0.267608,2446.240053,356.071284
1069,2.462246,0.207694,0.156483,32.000000,0.050358,12.996262,0.321810,2448.702300,356.227768
1070,1.882109,0.152886,0.625019,32.000000,0.050358,17.002205,0.080570,2450.584409,356.852787
1071,2.387045,0.209214,0.164241,32.000000,0.050358,13.405696,0.306609,2452.971454,357.017028
1072,2.262142,0.206813,0.204528,32.000000,0.050358,14.145882,0.246215,2455.233596,357.221555
1073,2.219319,0.196846,0.329568,32.000000,0.050358,14.418837,0.152799,2457.452915,357.551124
1074,2.462545,0.207318,0.526752,32.000000,0.050358,12.994685,0.095601,2459.915460,358.077876
1075,2.214852,0.155463,0.771779,32.000000,0.050358,14.447919,0.065249,2462.130312,358.849655
1076,2.110077,0.192327,0.347475,32.000000,0.050358,15.165320,0.144925,2464.240390,359.197130
1077,2.282828,0.214833,0.273783,32.000000,0.050358,14.017703,0.183933,2466.523217,359.470913
1078,2.545993,0.200753,0.003816,32.000000,0.050358,12.568768,13.197012,2469.069211,359.474729
1079,2.390962,0.207751,0.073745,32.000000,0.050358,13.383733,0.682864,2471.460173,359.548474
1080,2.321065,0.219067,0.370969,32.000000,0.050358,13.786774,0.135747,2473.781238,359.919443
1081,2.214204,0.207361,0.489577,32.000000,0.050358,14.452144,0.102860,2475.995442,360.409020
1082,2.448309,0.201757,0.045725,32.000000,0.050358,13.070245,1.101308,2478.443751,360.454745
1083,2.375429,0.206947,0.002001,32.000000,0.050358,13.471253,25.168666,2480.819180,360.456746
1084,2.292027,0.209813,0.194261,32.000000,0.050358,13.961438,0.259228,2483.111208,360.651007
1085,2.262998,0.206055,0.327562,32.000000,0.050358,14.140531,0.153735,2485.374206,360.978568
1086,1.621866,0.145521,1.040193,32.000000,0.050358,19.730357,0.048412,2486.996072,362.018761
1087,2.148906,0.208981,0.404137,32.000000,0.050358,14.891295,0.124606,2489.144979,362.422898
1088,2.484666,0.224941,0.227045,32.000000,0.050358,12.878995,0.221797,2491.629645,362.649942
1089,2.376928,0.206692,0.101808,32.000000,0.050358,13.462754,0.494633,2494.006573,362.751751
1090,2.380374,0.200332,0.230570,32.000000,0.050358,13.443263,0.218406,2496.386947,362.982321
1091,2.543827,0.212363,0.002472,32.000000,0.050358,12.579473,20.372811,2498.930774,362.984793
1092,2.564799,0.215041,0.022954,32.000000,0.050358,12.476610,2.193836,2501.495573,363.007747
1093,2.431138,0.201460,0.128837,32.000000,0.050358,13.162561,0.390863,2503.926711,363.136584
1094,2.259258,0.211351,0.378077,32.000000,0.050358,14.163942,0.133195,2506.185969,363.514661
1095,2.389570,0.211335,0.136483,32.000000,0.050358,13.391533,0.368969,2508.575539,363.651144
1096,2.617977,0.203561,0.277470,32.000000,0.050358,12.223176,0.181489,2511.193516,363.928613
1097,2.544515,0.204411,0.001950,32.000000,0.050358,12.576069,25.829238,2513.738031,363.930563
1098,2.566971,0.206475,0.002272,32.000000,0.050358,12.466057,22.162953,2516.305002,363.932835
1099,2.354968,0.192292,0.328875,32.000000,0.050358,13.588296,0.153121,2518.659970,364.261710
1100,2.618433,0.207094,0.001833,32.000000,0.050358,12.221050,27.465494,2521.278403,364.263544
