step,read_time_sec,compute_time_sec,write_time_sec,data_read_mb,data_written_mb,read_throughput_mb_s,write_throughput_mb_s,cumulative_read_time,cumulative_write_time
1,2.560136,0.497261,0.102204,128.000000,0.196842,49.997343,1.925974,2.560136,0.102204
2,2.278201,0.528981,0.012688,128.000000,0.196842,56.184686,15.514502,4.838337,0.114892
3,2.501287,0.503295,0.001354,128.000000,0.196842,51.173648,145.395678,7.339624,0.116245
4,2.517134,0.497741,0.001282,128.000000,0.196842,50.851482,153.564614,9.856758,0.117527
5,2.297710,0.502449,0.001207,128.000000,0.196842,55.707647,163.062088,12.154468,0.118734
6,2.414873,0.527827,0.001307,128.000000,0.196842,53.004861,150.648417,14.569341,0.120041
7,2.495675,0.505243,0.001609,128.000000,0.196842,51.288721,122.302113,17.065016,0.121651
8,2.404411,0.501753,0.001220,128.000000,0.196842,53.235487,161.288420,19.469428,0.122871
9,2.433839,0.511764,0.001272,128.000000,0.196842,52.591820,154.810275,21.903266,0.124142
10,2.524272,0.507858,0.001342,128.000000,0.196842,50.707690,146.716173,24.427538,0.125484
11,2.370339,0.503296,0.001326,128.000000,0.196842,54.000717,148.484727,26.797877,0.126810
12,2.154197,0.513112,0.271461,128.000000,0.196842,59.418891,0.725120,28.952074,0.398271
13,2.313079,0.515131,0.001337,128.000000,0.196842,55.337507,147.233930,31.265153,0.399608
14,2.352141,0.524900,0.001285,128.000000,0.196842,54.418507,153.207359,33.617293,0.400893
15,2.308188,0.523607,0.002095,128.000000,0.196842,55.454748,93.980338,35.925482,0.402988
16,2.296441,0.513982,0.075524,128.000000,0.196842,55.738434,2.606357,38.221922,0.478511
17,2.584676,0.512991,0.001335,128.000000,0.196842,49.522655,147.502470,40.806598,0.479846
18,2.425760,0.532463,0.001241,128.000000,0.196842,52.766978,158.612849,43.232358,0.481087
19,2.168926,0.518416,0.122167,128.000000,0.196842,59.015379,1.611255,45.401284,0.603254
20,2.274729,0.523385,0.169587,128.000000,0.196842,56.270438,1.160718,47.676013,0.772841
21,2.421381,0.522603,0.001351,128.000000,0.196842,52.862393,145.693988,50.097394,0.774192
22,2.401251,0.525967,0.001294,128.000000,0.196842,53.305540,152.124921,52.498645,0.775486
23,2.404306,0.525496,0.018136,128.000000,0.196842,53.237817,10.853566,54.902951,0.793622
24,2.317624,0.524880,0.001266,128.000000,0.196842,55.228978,155.491549,57.220575,0.794888
25,2.434464,0.539516,0.001296,128.000000,0.196842,52.578316,151.921686,59.655039,0.796183
26,2.300441,0.530448,0.059764,128.000000,0.196842,55.641498,3.293664,61.955480,0.855947
27,2.433219,0.529259,0.001274,128.000000,0.196842,52.605204,154.555864,64.388699,0.857221
28,2.225131,0.529679,0.105241,128.000000,0.196842,57.524707,1.870401,66.613830,0.962461
29,2.431595,0.548505,0.001301,128.000000,0.196842,52.640343,151.262435,69.045425,0.963763
30,2.281171,0.553435,0.012037,128.000000,0.196842,56.111536,16.353655,71.326596,0.975799
31,2.643959,0.555164,0.203518,128.000000,0.196842,48.412257,0.967196,73.970555,1.179318
32,2.288315,0.563799,0.051319,128.000000,0.196842,55.936346,3.835641,76.258870,1.230637
33,2.242728,0.570380,0.031342,128.000000,0.196842,57.073339,6.280539,78.501599,1.261979
34,2.454197,0.544791,0.001272,128.000000,0.196842,52.155558,154.748814,80.955795,1.263251
35,2.338514,0.557758,0.001267,128.000000,0.196842,54.735607,155.415310,83.294310,1.264517
36,2.381352,0.559960,0.001475,128.000000,0.196842,53.750988,133.492247,85.675661,1.265992
37,2.285625,0.772172,0.001758,128.000000,0.196842,56.002195,111.987994,87.961286,1.267749
38,2.479645,0.552859,0.001284,128.000000,0.196842,51.620302,153.288847,90.440930,1.269034
39,2.396707,0.539138,0.001393,128.000000,0.196842,53.406615,141.351132,92.837637,1.270426
40,2.285071,0.540117,0.159457,128.000000,0.196842,56.015759,1.234454,95.122708,1.429883
41,2.273468,1.688228,0.001386,128.000000,0.196842,56.301655,142.027933,97.396176,1.431269
42,2.375707,1.696655,0.001443,128.000000,0.196842,53.878706,136.450452,99.771883,1.432712
43,2.036657,0.556842,0.222434,128.000000,0.196842,62.848100,0.884946,101.808540,1.655146
44,2.527503,0.545541,0.001290,128.000000,0.196842,50.642867,152.640426,104.336043,1.656435
45,2.285836,0.540930,0.155566,128.000000,0.196842,55.997007,1.265328,106.621879,1.812001
46,2.301790,0.534114,0.046898,128.000000,0.196842,55.608893,4.197261,108.923669,1.858899
47,2.378398,0.548642,0.001258,128.000000,0.196842,53.817747,156.427070,111.302067,1.860158
48,2.402809,0.551174,0.001277,128.000000,0.196842,53.270983,154.103089,113.704876,1.861435
49,2.284083,0.561778,0.185859,128.000000,0.196842,56.039987,1.059092,115.988959,2.047294
50,2.184106,0.553596,0.099286,128.000000,0.196842,58.605205,1.982586,118.173065,2.146580
51,2.629554,0.540981,0.001378,128.000000,0.196842,48.677454,142.827949,120.802620,2.147958
52,2.472645,0.539484,0.001410,128.000000,0.196842,51.766434,139.629744,123.275264,2.149368
53,2.368488,0.534454,0.001304,128.000000,0.196842,54.042911,150.980506,125.643753,2.150672
54,2.284272,0.550840,0.248501,128.000000,0.196842,56.035364,0.792119,127.928024,2.399172
55,2.281159,0.536608,0.060275,128.000000,0.196842,56.111830,3.265761,130.209183,2.459447
56,2.319951,0.543211,0.001334,128.000000,0.196842,55.173580,147.529223,132.529134,2.460781
57,2.398171,0.551227,0.001263,128.000000,0.196842,53.374002,155.840793,134.927305,2.462044
58,2.281493,0.545083,0.037667,128.000000,0.196842,56.103612,5.225861,137.208799,2.499711
59,2.284255,0.539350,0.001339,128.000000,0.196842,56.035781,146.956490,139.493053,2.501051
60,2.364506,0.552715,0.001330,128.000000,0.196842,54.133929,148.013335,141.857559,2.502381
61,2.202173,0.538528,0.190084,128.000000,0.196842,58.124401,1.035553,144.059733,2.692465
62,2.263517,0.552107,0.064473,128.000000,0.196842,56.549177,3.053105,146.323249,2.756937
63,2.205825,0.552305,0.109338,128.000000,0.196842,58.028172,1.800313,148.529074,2.866275
64,2.597139,0.546003,0.001289,128.000000,0.196842,49.285009,152.718350,151.126213,2.867564
65,2.465718,0.539093,0.056535,128.000000,0.196842,51.911851,3.481796,153.591931,2.924099
66,2.260338,0.546677,0.139245,128.000000,0.196842,56.628709,1.413638,155.852269,3.063344
67,2.323033,0.561947,0.025009,128.000000,0.196842,55.100373,7.870712,158.175302,3.088353
68,2.520064,0.545282,0.001268,128.000000,0.196842,50.792360,155.178234,160.695366,3.089622
69,2.269039,0.557687,0.098094,128.000000,0.196842,56.411543,2.006675,162.964405,3.187715
70,2.308753,0.555180,0.001254,128.000000,0.196842,55.441173,157.014644,165.273159,3.188969
71,2.354488,0.546495,0.001342,128.000000,0.196842,54.364262,146.649934,167.627647,3.190311
72,2.377783,0.552846,0.001273,128.000000,0.196842,53.831653,154.569092,170.005430,3.191585
73,2.371555,0.555484,0.001293,128.000000,0.196842,53.973026,152.207615,172.376985,3.192878
74,2.450102,0.536383,0.001303,128.000000,0.196842,52.242728,151.023134,174.827087,3.194182
75,2.242738,0.537624,0.125712,128.000000,0.196842,57.073107,1.565813,177.069824,3.319894
76,2.405857,0.536707,0.001400,128.000000,0.196842,53.203502,140.605584,179.475681,3.321294
77,2.485672,0.556700,0.001288,128.000000,0.196842,51.495123,152.828265,181.961353,3.322582
78,2.449144,0.556177,0.001295,128.000000,0.196842,52.263164,151.977401,184.410497,3.323877
79,2.217986,0.557513,0.180354,128.000000,0.196842,57.710010,1.091420,186.628483,3.504231
80,2.471817,0.558338,0.001302,128.000000,0.196842,51.783776,151.198067,189.100300,3.505533
81,2.406492,0.545986,0.001360,128.000000,0.196842,53.189455,144.712859,191.506792,3.506893
82,2.299757,0.538251,0.087465,128.000000,0.196842,55.658057,2.250533,193.806548,3.594358
83,2.301444,0.539770,0.001216,128.000000,0.196842,55.617265,161.934466,196.107992,3.595574
84,2.548297,0.545706,0.001312,128.000000,0.196842,50.229615,150.023355,198.656290,3.596886
85,2.555061,0.542902,0.001290,128.000000,0.196842,50.096649,152.541065,201.211351,3.598176
86,2.282869,0.552962,0.096248,128.000000,0.196842,56.069804,2.045146,203.494219,3.694425
87,2.330162,0.556941,0.015614,128.000000,0.196842,54.931807,12.606703,205.824381,3.710039
88,2.472712,0.540162,0.001276,128.000000,0.196842,51.765033,154.238812,208.297093,3.711315
89,2.317692,0.553832,0.012369,128.000000,0.196842,55.227362,15.914453,210.614785,3.723684
90,2.441679,0.554491,0.001423,128.000000,0.196842,52.422949,138.377251,213.056463,3.725106
91,2.359246,0.550776,0.001326,128.000000,0.196842,54.254623,148.459978,215.415709,3.726432
92,2.436257,0.538441,0.001370,128.000000,0.196842,52.539611,143.638705,217.851966,3.727803
93,2.268707,0.546961,0.114617,128.000000,0.196842,56.419804,1.717391,220.120673,3.842420
94,2.157611,0.556646,0.273235,128.000000,0.196842,59.324866,0.720414,222.278285,4.115654
95,2.295555,0.551571,0.082720,128.000000,0.196842,55.759929,2.379620,224.573840,4.198374
96,2.317381,0.551124,0.001373,128.000000,0.196842,55.234774,143.375055,226.891221,4.199747
97,2.239255,0.554782,0.047262,128.000000,0.196842,57.161868,4.164883,229.130476,4.247010
98,2.390527,0.546741,0.001314,128.000000,0.196842,53.544677,149.829000,231.521003,4.248323
99,2.327384,0.551977,0.016314,128.000000,0.196842,54.997366,12.065819,233.848387,4.264637
100,2.521990,0.547079,0.001310,128.000000,0.196842,50.753574,150.258808,236.370377,4.265947
101,2.248492,0.549939,0.099694,128.000000,0.196842,56.927035,1.974455,238.618869,4.365642
102,2.325232,0.549288,0.078418,128.000000,0.196842,55.048260,2.510167,240.944101,4.444060
103,2.318905,0.543537,0.021418,128.000000,0.196842,55.198458,9.190717,243.263007,4.465477
104,2.448582,0.555529,0.001290,128.000000,0.196842,52.275157,152.598892,245.711589,4.466767
105,2.259068,0.553963,0.079121,128.000000,0.196842,56.660546,2.487863,247.970656,4.545888
106,2.286740,0.540299,0.001260,128.000000,0.196842,55.974893,156.231279,250.257396,4.547148
107,2.255315,0.555979,0.099487,128.000000,0.196842,56.754812,1.978567,252.512711,4.646635
108,2.258413,0.548197,0.135255,128.000000,0.196842,56.676966,1.455346,254.771124,4.781890
109,2.480399,0.551132,0.001317,128.000000,0.196842,51.604610,149.461881,257.251523,4.783207
110,2.460693,0.542970,0.001297,128.000000,0.196842,52.017865,151.814241,259.712216,4.784504
111,2.437813,0.546338,0.001307,128.000000,0.196842,52.506068,150.626053,262.150029,4.785810
112,2.370375,0.556342,0.001439,128.000000,0.196842,53.999901,136.800088,264.520404,4.787249
113,2.496818,0.539042,0.001302,128.000000,0.196842,51.265259,151.175424,267.017221,4.788551
114,2.384708,0.540449,0.001380,128.000000,0.196842,53.675339,142.667494,269.401929,4.789931
115,2.303528,0.543748,0.015863,128.000000,0.196842,55.566932,12.409018,271.705457,4.805794
116,2.319389,0.557638,0.047745,128.000000,0.196842,55.186955,4.122803,274.024846,4.853539
117,2.448252,0.559415,0.001342,128.000000,0.196842,52.282189,146.683592,276.473099,4.854881
118,2.296812,0.547385,0.032333,128.000000,0.196842,55.729423,6.087918,278.769911,4.887214
119,2.325959,0.555283,0.001298,128.000000,0.196842,55.031057,151.597239,281.095870,4.888512
120,2.276797,0.546419,0.108997,128.000000,0.196842,56.219332,1.805940,283.372667,4.997509
121,2.244140,0.553635,0.064872,128.000000,0.196842,57.037448,3.034300,285.616806,5.062382
122,2.383606,0.559968,0.001416,128.000000,0.196842,53.700152,139.023452,288.000412,5.063798
123,2.360076,0.565242,0.001231,128.000000,0.196842,54.235552,159.899884,290.360488,5.065029
124,2.450009,0.561735,0.001461,128.000000,0.196842,52.244714,134.724038,292.810497,5.066490
125,2.173605,0.541895,0.146406,128.000000,0.196842,58.888356,1.344497,294.984101,5.212896
126,2.135199,0.554686,0.208081,128.000000,0.196842,59.947563,0.945990,297.119300,5.420976
127,2.382258,0.555514,0.001416,128.000000,0.196842,53.730536,139.006860,299.501559,5.422392
128,2.327545,0.548231,0.054083,128.000000,0.196842,54.993574,3.639619,301.829103,5.476476
129,2.286889,0.540080,0.079917,128.000000,0.196842,55.971236,2.463098,304.115992,5.556392
130,2.366525,0.557425,0.001297,128.000000,0.196842,54.087750,151.761688,306.482517,5.557689
131,2.209494,0.549307,0.128094,128.000000,0.196842,57.931821,1.536697,308.692011,5.685783
132,2.350150,0.546298,0.014926,128.000000,0.196842,54.464615,13.188276,311.042160,5.700709
133,2.289614,0.544433,0.121209,128.000000,0.196842,55.904614,1.623992,313.331775,5.821918
134,2.410733,0.544239,0.001300,128.000000,0.196842,53.095888,151.371195,315.742508,5.823218
135,2.539565,0.543806,0.001329,128.000000,0.196842,50.402337,148.057533,318.282072,5.824548
136,2.270189,0.554577,0.251073,128.000000,0.196842,56.382968,0.784003,320.552261,6.075621
137,2.365131,0.555194,0.001335,128.000000,0.196842,54.119615,147.495507,322.917393,6.076955
138,2.294328,0.552968,0.044338,128.000000,0.196842,55.789762,4.439601,325.211721,6.121293
139,2.360151,0.543359,0.036774,128.000000,0.196842,54.233815,5.352741,327.571872,6.158067
140,2.453790,0.549313,0.001283,128.000000,0.196842,52.164208,153.390858,330.025661,6.159351
141,2.164177,0.547786,0.320233,128.000000,0.196842,59.144895,0.614684,332.189838,6.479584
142,2.236851,0.544380,0.074125,128.000000,0.196842,57.223307,2.655557,334.426689,6.553709
143,2.278695,0.554956,0.020653,128.000000,0.196842,56.172503,9.530959,336.705384,6.574361
144,2.385243,0.539037,0.001300,128.000000,0.196842,53.663291,151.454470,339.090627,6.575661
145,2.291610,0.541172,0.084787,128.000000,0.196842,55.855929,2.321606,341.382237,6.660448
146,2.422062,0.540581,0.001350,128.000000,0.196842,52.847532,145.784735,343.804299,6.661798
147,2.425020,0.558439,0.001419,128.000000,0.196842,52.783074,138.753176,346.229319,6.663217
148,2.334415,0.545038,0.001360,128.000000,0.196842,54.831713,144.725521,348.563734,6.664577
149,2.319341,0.550061,0.022267,128.000000,0.196842,55.188087,8.840247,350.883075,6.686844
150,2.308922,0.558516,0.072295,128.000000,0.196842,55.437127,2.722748,353.191997,6.759139
151,2.467458,0.546413,0.016726,128.000000,0.196842,51.875258,11.768655,355.659455,6.775865
152,2.442823,0.543041,0.001356,128.000000,0.196842,52.398403,145.151871,358.102277,6.777221
153,2.406658,0.546306,0.001342,128.000000,0.196842,53.185795,146.717923,360.508935,6.778563
154,2.197714,0.543187,0.120649,128.000000,0.196842,58.242335,1.631531,362.706649,6.899212
155,2.274784,0.541350,0.021778,128.000000,0.196842,56.269070,9.038711,364.981434,6.920989
156,2.329938,0.549647,0.001309,128.000000,0.196842,54.937087,150.354988,367.311371,6.922299
157,2.365814,0.543553,0.001469,128.000000,0.196842,54.103995,134.027152,369.677186,6.923767
158,2.322792,0.544049,0.001296,128.000000,0.196842,55.106091,151.861090,371.999978,6.925063
159,2.383460,0.550557,0.001378,128.000000,0.196842,53.703435,142.880511,374.383438,6.926441
160,2.348469,0.540813,0.001313,128.000000,0.196842,54.503592,149.922803,376.731907,6.927754
161,2.384795,0.558024,0.001298,128.000000,0.196842,53.673369,151.625732,379.116703,6.929052
162,2.349881,0.558045,0.001257,128.000000,0.196842,54.470854,156.649902,381.466583,6.930309
163,2.299410,0.559591,0.001260,128.000000,0.196842,55.666449,156.239959,383.765993,6.931569
164,2.286852,0.564531,0.024908,128.000000,0.196842,55.972146,7.902866,386.052845,6.956476
165,2.242155,0.566967,0.148781,128.000000,0.196842,57.087931,1.323035,388.295000,7.105257
166,2.416013,0.546336,0.001290,128.000000,0.196842,52.979842,152.575235,390.711013,7.106547
167,2.428830,0.546124,0.001352,128.000000,0.196842,52.700272,145.586554,393.139843,7.107899
168,2.435703,0.537068,0.001286,128.000000,0.196842,52.551554,153.024893,395.575547,7.109186
169,2.308188,0.540062,0.025329,128.000000,0.196842,55.454753,7.771371,397.883735,7.134515
170,2.210513,0.560478,0.171383,128.000000,0.196842,57.905119,1.148553,400.094248,7.305898
171,2.136638,0.559244,0.252990,128.000000,0.196842,59.907206,0.778064,402.230885,7.558888
172,2.267775,0.545381,0.067273,128.000000,0.196842,56.442998,2.926020,404.498660,7.626161
173,2.368588,0.547453,0.001298,128.000000,0.196842,54.040627,151.671998,406.867248,7.627458
174,2.364129,0.557701,0.001298,128.000000,0.196842,54.142570,151.592336,409.231377,7.628757
175,2.454982,0.546237,0.001381,128.000000,0.196842,52.138870,142.508844,411.686359,7.630138
176,2.475830,0.539134,0.001309,128.000000,0.196842,51.699828,150.423007,414.162190,7.631447
177,2.265882,0.551661,0.042653,128.000000,0.196842,56.490156,4.614921,416.428071,7.674100
178,2.335085,0.560408,0.013096,128.000000,0.196842,54.815999,15.030397,418.763156,7.687197
179,2.330609,0.559736,0.126043,128.000000,0.196842,54.921263,1.561711,421.093765,7.813239
180,2.443007,0.558869,0.001383,128.000000,0.196842,52.394447,142.349208,423.536772,7.814622
181,2.324189,0.563330,0.001305,128.000000,0.196842,55.072974,150.844097,425.860961,7.815927
182,2.348141,0.551040,0.001349,128.000000,0.196842,54.511209,145.908466,428.209102,7.817276
183,2.299629,0.563106,0.001347,128.000000,0.196842,55.661153,146.093753,430.508731,7.818623
184,2.536559,0.543891,0.001307,128.000000,0.196842,50.462072,150.615335,433.045289,7.819930
185,2.371382,0.558450,0.001228,128.000000,0.196842,53.976969,160.249925,435.416671,7.821159
186,2.381512,0.559083,0.001286,128.000000,0.196842,53.747362,153.014187,437.798183,7.822445
187,2.464245,0.545989,0.001390,128.000000,0.196842,51.942896,141.655789,440.262428,7.823835
188,2.320640,0.561049,0.001309,128.000000,0.196842,55.157195,150.433239,442.583068,7.825143
189,2.438687,0.548675,0.001345,128.000000,0.196842,52.487270,146.379696,445.021755,7.826488
190,2.360456,0.544148,0.001298,128.000000,0.196842,54.226814,151.695608,447.382211,7.827785
191,2.380276,0.561170,0.001319,128.000000,0.196842,53.775282,149.193515,449.762486,7.829105
192,2.323869,0.545621,0.047980,128.000000,0.196842,55.080558,4.102610,452.086355,7.877085
193,2.281301,0.545670,0.016764,128.000000,0.196842,56.108326,11.742118,454.367657,7.893848
194,2.400436,0.559510,0.001304,128.000000,0.196842,53.323647,150.963485,456.768093,7.895152
195,2.304157,0.547320,0.026661,128.000000,0.196842,55.551775,7.383289,459.072249,7.921813
196,2.355908,0.559870,0.001315,128.000000,0.196842,54.331489,149.665070,461.428158,7.923128
197,2.350612,0.552150,0.001325,128.000000,0.196842,54.453895,148.578536,463.778770,7.924453
198,2.251158,0.553148,0.024400,128.000000,0.196842,56.859636,8.067423,466.029928,7.948852
199,2.342068,0.545500,0.277170,128.000000,0.196842,54.652550,0.710186,468.371996,8.226023
200,2.276667,0.555423,0.043071,128.000000,0.196842,56.222552,4.570203,470.648662,8.269093
201,2.334316,0.542152,0.053177,128.000000,0.196842,54.834057,3.701674,472.982978,8.322270
202,2.185533,0.544985,0.210052,128.000000,0.196842,58.566948,0.937112,475.168511,8.532322
203,2.210080,0.563443,0.107348,128.000000,0.196842,57.916469,1.833676,477.378590,8.639670
204,2.337746,0.549409,0.010468,128.000000,0.196842,54.753588,18.804563,479.716337,8.650138
205,2.188208,0.550447,0.402022,128.000000,0.196842,58.495341,0.489631,481.904545,9.052160
206,2.186569,0.561772,0.074183,128.000000,0.196842,58.539198,2.653452,484.091114,9.126343
207,2.824527,0.563596,0.001364,128.000000,0.196842,45.317328,144.293100,486.915641,9.127707
208,2.316666,0.573178,0.001340,128.000000,0.196842,55.251810,146.856938,489.232307,9.129048
209,2.283175,0.573518,0.005780,128.000000,0.196842,56.062270,34.053204,491.515483,9.134828
210,2.176381,0.563598,0.241467,128.000000,0.196842,58.813229,0.815195,493.691864,9.376295
211,2.546814,0.558973,0.001313,128.000000,0.196842,50.258864,149.901795,496.238678,9.377608
212,2.466853,0.558807,0.001359,128.000000,0.196842,51.887962,144.880616,498.705532,9.378966
213,2.447507,0.558936,0.001314,128.000000,0.196842,52.298116,149.852383,501.153039,9.380280
214,2.493663,0.543548,0.001283,128.000000,0.196842,51.330115,153.378428,503.646701,9.381563
215,2.400911,0.560190,0.068621,128.000000,0.196842,53.313096,2.868545,506.047612,9.450184
216,2.538136,0.557971,0.001372,128.000000,0.196842,50.430707,143.455930,508.585749,9.451556
217,2.332394,0.540782,0.001363,128.000000,0.196842,54.879243,144.390794,510.918142,9.452920
218,2.382870,0.559868,0.001290,128.000000,0.196842,53.716742,152.628591,513.301012,9.454209
219,2.342161,0.564025,0.001288,128.000000,0.196842,54.650374,152.802521,515.643174,9.455497
220,2.327089,0.565894,0.001296,128.000000,0.196842,55.004345,151.874448,517.970262,9.456794
221,2.372588,0.552312,0.001405,128.000000,0.196842,53.949537,140.134519,520.342850,9.458198
222,2.313401,0.560099,0.001390,128.000000,0.196842,55.329783,141.578764,522.656251,9.459589
223,2.166310,0.565430,0.158731,128.000000,0.196842,59.086640,1.240101,524.822562,9.618319
224,2.449053,0.568193,0.001365,128.000000,0.196842,52.265103,144.180540,527.271615,9.619685
225,2.250328,0.545999,0.188043,128.000000,0.196842,56.880586,1.046794,529.521943,9.807728
226,2.243958,0.548230,0.066617,128.000000,0.196842,57.042076,2.954830,531.765901,9.874345
227,2.432428,0.551234,0.001381,128.000000,0.196842,52.622325,142.587402,534.198328,9.875725
228,2.190207,0.570556,0.286288,128.000000,0.196842,58.441974,0.687566,536.388535,10.162014
229,2.285551,0.566444,0.103846,128.000000,0.196842,56.004002,1.895523,538.674086,10.265859
230,2.274887,0.559441,0.061185,128.000000,0.196842,56.266536,3.217139,540.948973,10.327045
231,2.282787,0.564605,0.059664,128.000000,0.196842,56.071817,3.299198,543.231759,10.386709
232,2.245324,0.559743,0.069912,128.000000,0.196842,57.007357,2.815586,545.477084,10.456620
233,2.253671,0.562909,1.473230,128.000000,0.196842,56.796228,0.133613,547.730754,11.929850
234,2.356747,0.565082,0.034140,128.000000,0.196842,54.312147,5.765768,550.087502,11.963990
235,2.468587,0.550446,0.089917,128.000000,0.196842,51.851515,2.189152,552.556089,12.053907
236,2.514269,0.548430,0.001351,128.000000,0.196842,50.909430,145.662938,555.070358,12.055259
237,2.064827,0.565414,0.298240,128.000000,0.196842,61.990666,0.660012,557.135185,12.353499
238,2.378682,0.566853,0.001355,128.000000,0.196842,53.811306,145.318609,559.513867,12.354854
239,2.114489,0.561960,0.457650,128.000000,0.196842,60.534717,0.430115,561.628356,12.812504
240,2.273146,0.545748,0.113379,128.000000,0.196842,56.309630,1.736137,563.901502,12.925883
241,2.370299,0.574491,0.001352,128.000000,0.196842,54.001622,145.611324,566.271801,12.927235
242,2.281345,0.562537,0.003558,128.000000,0.196842,56.107254,55.317815,568.553146,12.930793
243,2.356706,0.545167,0.001282,128.000000,0.196842,54.313099,153.549161,570.909852,12.932075
244,2.290781,0.551907,0.144591,128.000000,0.196842,55.876144,1.361371,573.200633,13.076667
245,2.234862,0.562045,0.123840,128.000000,0.196842,57.274233,1.589489,575.435495,13.200506
246,2.344184,0.562767,0.001313,128.000000,0.196842,54.603220,149.916066,577.779679,13.201819
247,2.723548,0.543821,0.001422,128.000000,0.196842,46.997525,138.400602,580.503227,13.203242
248,2.316000,0.563186,0.158120,128.000000,0.196842,55.267695,1.244894,582.819227,13.361361
249,2.621996,0.556964,0.001313,128.000000,0.196842,48.817764,149.943702,585.441224,13.362674
250,2.326715,0.560910,0.001291,128.000000,0.196842,55.013191,152.528063,587.767938,13.363965
251,2.340373,0.561235,0.057976,128.000000,0.196842,54.692140,3.395221,590.108311,13.421941
252,2.367294,0.547620,0.001367,128.000000,0.196842,54.070175,144.018720,592.475605,13.423308
253,2.332543,0.554059,0.052361,128.000000,0.196842,54.875735,3.759341,594.808148,13.475669
254,2.277462,0.549838,0.036459,128.000000,0.196842,56.202917,5.399037,597.085610,13.512127
255,2.433301,0.566766,0.001296,128.000000,0.196842,52.603430,151.904803,599.518911,13.513423
256,2.338283,0.548134,0.001471,128.000000,0.196842,54.741011,133.853532,601.857195,13.514894
257,2.334008,0.560053,0.067487,128.000000,0.196842,54.841292,2.916763,604.191202,13.582380
258,2.314103,0.557558,0.001220,128.000000,0.196842,55.313021,161.348044,606.505305,13.583600
259,2.133504,0.564773,0.227247,128.000000,0.196842,59.995209,0.866205,608.638809,13.810847
260,2.425862,0.564975,0.062450,128.000000,0.196842,52.764747,3.151983,611.064671,13.873297
261,2.266483,0.563259,0.051086,128.000000,0.196842,56.475168,3.853145,613.331154,13.924383
262,2.412312,0.545612,0.001365,128.000000,0.196842,53.061131,144.224063,615.743465,13.925748
263,2.420211,0.547678,0.001302,128.000000,0.196842,52.887954,151.228386,618.163676,13.927050
264,2.289982,0.563469,0.042046,128.000000,0.196842,55.895634,4.681626,620.453658,13.969095
265,2.248327,0.548896,0.187214,128.000000,0.196842,56.931228,1.051430,622.701985,14.156309
266,2.289170,0.551266,0.136810,128.000000,0.196842,55.915472,1.438797,624.991155,14.293119
267,2.543084,0.547102,0.001354,128.000000,0.196842,50.332595,145.330625,627.534238,14.294474
268,2.576464,0.546080,0.001338,128.000000,0.196842,49.680499,147.084747,630.110702,14.295812
269,2.284549,0.564598,0.017370,128.000000,0.196842,56.028563,11.332304,632.395251,14.313182
270,2.297687,0.550736,0.125562,128.000000,0.196842,55.708189,1.567685,634.692938,14.438744
271,2.215581,0.562034,0.096632,128.000000,0.196842,57.772652,2.037023,636.908520,14.535377
272,2.297181,0.565982,0.023219,128.000000,0.196842,55.720460,8.477697,639.205701,14.558595
273,2.257202,0.565434,0.058046,128.000000,0.196842,56.707376,3.391163,641.462903,14.616641
274,2.493269,0.563628,0.001283,128.000000,0.196842,51.338213,153.451126,643.956172,14.617924
275,2.234340,0.564571,0.065401,128.000000,0.196842,57.287607,3.009769,646.190512,14.683325
276,2.149452,0.555448,0.124690,128.000000,0.196842,59.550058,1.578648,648.339965,14.808015
277,2.362542,0.555587,0.016809,128.000000,0.196842,54.178940,11.710586,650.702506,14.824824
278,2.590980,0.546931,0.001308,128.000000,0.196842,49.402160,150.476823,653.293486,14.826132
279,2.346450,0.548551,0.001316,128.000000,0.196842,54.550495,149.616950,655.639936,14.827448
280,2.364187,0.566274,0.001266,128.000000,0.196842,54.141231,155.494128,658.004123,14.828714
281,2.338797,0.555708,0.279055,128.000000,0.196842,54.728990,0.705387,660.342920,15.107769
282,2.152909,0.546833,0.001362,128.000000,0.196842,59.454441,144.499439,662.495829,15.109132
283,2.343476,0.545680,0.001321,128.000000,0.196842,54.619710,148.991152,664.839305,15.110453
284,2.372333,0.550477,0.001292,128.000000,0.196842,53.955334,152.342612,667.211638,15.111745
285,2.314998,0.574406,0.044050,128.000000,0.196842,55.291634,4.468588,669.526636,15.155795
286,2.440335,0.549987,0.001277,128.000000,0.196842,52.451824,154.145567,671.966970,15.157072
287,2.462112,0.550307,0.025074,128.000000,0.196842,51.987893,7.850314,674.429082,15.182146
288,2.207703,0.559565,0.085796,128.000000,0.196842,57.978804,2.294309,676.636785,15.267942
289,2.338847,0.570631,0.001256,128.000000,0.196842,54.727825,156.674090,678.975632,15.269199
290,2.372047,0.559346,0.001276,128.000000,0.196842,53.961826,154.302892,681.347679,15.270474
291,2.351733,0.554631,0.001408,128.000000,0.196842,54.427936,139.795446,683.699413,15.271882
292,2.326192,0.571393,0.036008,128.000000,0.196842,55.025553,5.466579,686.025605,15.307891
293,2.433395,0.553145,0.001245,128.000000,0.196842,52.601411,158.168939,688.459000,15.309135
294,2.196781,0.557909,0.053666,128.000000,0.196842,58.267074,3.667946,690.655781,15.362801
295,2.342626,0.562745,0.001376,128.000000,0.196842,54.639541,143.043524,692.998406,15.364177
296,2.480255,0.563213,0.001294,128.000000,0.196842,51.607599,152.148673,695.478661,15.365471
297,2.412954,0.569375,0.001399,128.000000,0.196842,53.047017,140.681957,697.891615,15.366870
298,2.321388,0.555143,0.045676,128.000000,0.196842,55.139416,4.309490,700.213003,15.412546
299,2.285294,0.548096,0.214745,128.000000,0.196842,56.010294,0.916634,702.498298,15.627291
300,2.237628,0.557914,0.186448,128.000000,0.196842,57.203437,1.055748,704.735925,15.813739
301,2.434454,0.564005,0.001397,128.000000,0.196842,52.578521,140.896544,707.170380,15.815136
302,2.270340,0.548620,0.087385,128.000000,0.196842,56.379224,2.252585,709.440719,15.902521
303,2.392740,0.567206,0.001300,128.000000,0.196842,53.495162,151.474050,711.833459,15.903820
304,2.358773,0.546146,0.159511,128.000000,0.196842,54.265506,1.234037,714.192232,16.063331
305,2.407492,0.548015,0.001540,128.000000,0.196842,53.167356,127.857631,716.599724,16.064871
306,2.326611,0.568566,0.001277,128.000000,0.196842,55.015648,154.093800,718.926335,16.066148
307,2.373253,0.559873,0.001382,128.000000,0.196842,53.934410,142.462535,721.299588,16.067530
308,2.334116,0.546194,0.001342,128.000000,0.196842,54.838741,146.692884,723.633704,16.068872
309,2.377256,0.561655,0.001344,128.000000,0.196842,53.843582,146.438937,726.010961,16.070216
310,2.456139,0.543557,0.001272,128.000000,0.196842,52.114313,154.728622,728.467100,16.071488
311,2.202843,0.548622,0.071726,128.000000,0.196842,58.106725,2.744369,730.669943,16.143214
312,2.460064,0.560333,0.004613,128.000000,0.196842,52.031172,42.667322,733.130007,16.147827
313,2.371797,0.544695,0.001386,128.000000,0.196842,53.967521,142.068218,735.501804,16.149213
314,2.246871,0.553865,0.229615,128.000000,0.196842,56.968111,0.857271,737.748675,16.378828
315,2.408186,0.563258,0.001310,128.000000,0.196842,53.152050,150.258234,740.156860,16.380138
316,2.354606,0.546400,0.053246,128.000000,0.196842,54.361540,3.696841,742.511466,16.433384
317,2.325436,0.568183,0.122154,128.000000,0.196842,55.043434,1.611421,744.836902,16.555538
318,2.498916,0.552857,0.001570,128.000000,0.196842,51.222203,125.416576,747.335819,16.557108
319,2.299051,0.557574,0.105595,128.000000,0.196842,55.675148,1.864125,749.634870,16.662703
320,2.327722,0.552186,0.004566,128.000000,0.196842,54.989388,43.114304,751.962592,16.667268
321,2.466700,0.554963,0.001313,128.000000,0.196842,51.891183,149.926685,754.429292,16.668581
322,2.297661,0.567647,0.192725,128.000000,0.196842,55.708819,1.021366,756.726953,16.861306
323,2.356883,0.546480,0.001376,128.000000,0.196842,54.309012,143.091773,759.083837,16.862681
324,2.329908,0.563398,0.001301,128.000000,0.196842,54.937793,151.293244,761.413744,16.863982
325,2.357830,0.565334,0.001288,128.000000,0.196842,54.287204,152.850219,763.771574,16.865270
326,2.585083,0.543968,0.001292,128.000000,0.196842,49.514857,152.355229,766.356657,16.866562
327,2.329771,0.553999,0.001278,128.000000,0.196842,54.941013,153.963630,768.686429,16.867841
328,2.538648,0.561858,0.001403,128.000000,0.196842,50.420530,140.332629,771.225077,16.869243
329,2.316584,0.548142,0.001359,128.000000,0.196842,55.253763,144.796103,773.541661,16.870603
330,2.449898,0.562943,0.001298,128.000000,0.196842,52.247075,151.689530,775.991559,16.871900
331,2.368690,0.548751,0.001264,128.000000,0.196842,54.038317,155.764951,778.360249,16.873164
332,2.412203,0.545010,0.001289,128.000000,0.196842,53.063532,152.686958,780.772452,16.874453
333,2.528611,0.562047,0.001357,128.000000,0.196842,50.620669,145.028777,783.301063,16.875811
334,2.349211,0.567021,0.001305,128.000000,0.196842,54.486376,150.781817,785.650274,16.877116
335,2.415365,0.548040,0.001319,128.000000,0.196842,52.994055,149.273165,788.065639,16.878435
336,2.293160,0.552329,0.001285,128.000000,0.196842,55.818164,153.222862,790.358800,16.879719
337,2.368385,0.546343,0.001331,128.000000,0.196842,54.045259,147.909012,792.727185,16.881050
338,2.269552,0.556499,0.020830,128.000000,0.196842,56.398799,9.450126,794.996737,16.901880
339,2.430707,0.548362,0.001266,128.000000,0.196842,52.659581,155.433473,797.427444,16.903146
340,2.278177,0.566369,0.011847,128.000000,0.196842,56.185268,16.614961,799.705621,16.914994
341,2.424049,0.546864,0.001307,128.000000,0.196842,52.804212,150.571440,802.129670,16.916301
342,2.497775,0.550626,0.001370,128.000000,0.196842,51.245612,143.703195,804.627445,16.917671
343,2.460282,0.551228,0.001409,128.000000,0.196842,52.026556,139.750982,807.087727,16.919079
344,2.352351,0.564010,0.001307,128.000000,0.196842,54.413641,150.652107,809.440078,16.920386
345,2.292564,0.545521,0.034660,128.000000,0.196842,55.832673,5.679289,811.732643,16.955045
346,3.262625,0.558970,0.001303,128.000000,0.196842,39.232211,151.078192,814.995268,16.956348
347,2.285832,0.550693,0.001295,128.000000,0.196842,55.997105,151.965668,817.281100,16.957644
348,2.349642,0.548370,0.001309,128.000000,0.196842,54.476390,150.341666,819.630742,16.958953
349,2.247303,0.558264,0.098203,128.000000,0.196842,56.957164,2.004442,821.878045,17.057156
350,2.163992,0.551724,0.152844,128.000000,0.196842,59.149949,1.287862,824.042037,17.210000
351,2.325286,0.564842,0.001264,128.000000,0.196842,55.046981,155.702360,826.367323,17.211264
352,2.245656,0.563293,0.047852,128.000000,0.196842,56.998930,4.113584,828.612979,17.259116
353,2.389171,0.547465,0.001258,128.000000,0.196842,53.575063,156.522474,831.002150,17.260374
354,2.160617,0.554024,0.175083,128.000000,0.196842,59.242329,1.124280,833.162768,17.435457
355,2.224234,0.562938,0.078898,128.000000,0.196842,57.547892,2.494893,835.387002,17.514355
356,2.237413,0.567501,0.249370,128.000000,0.196842,57.208924,0.789357,837.624415,17.763725
357,2.258595,0.552551,0.001399,128.000000,0.196842,56.672394,140.714339,839.883011,17.765124
358,2.396553,0.546797,0.001400,128.000000,0.196842,53.410047,140.601667,842.279563,17.766524
359,2.355209,0.559989,0.007051,128.000000,0.196842,54.347617,27.917457,844.634772,17.773575
360,2.369482,0.556697,0.001314,128.000000,0.196842,54.020238,149.771771,847.004255,17.774889
361,2.101341,0.563148,0.257635,128.000000,0.196842,60.913489,0.764034,849.105596,18.032524
362,2.265375,0.549736,0.054233,128.000000,0.196842,56.502776,3.629569,851.370971,18.086757
363,2.296414,0.565179,0.001297,128.000000,0.196842,55.739085,151.714666,853.667385,18.088055
364,2.172301,0.552090,0.131166,128.000000,0.196842,58.923690,1.500715,855.839686,18.219220
365,2.229600,0.551046,0.062128,128.000000,0.196842,57.409408,3.168329,858.069286,18.281348
366,2.356283,0.548445,0.006526,128.000000,0.196842,54.322845,30.162532,860.425569,18.287874
367,2.244251,0.567528,0.104902,128.000000,0.196842,57.034620,1.876435,862.669820,18.392777
368,2.177835,0.547780,0.135571,128.000000,0.196842,58.773971,1.451950,864.847654,18.528347
369,2.149051,0.550067,0.099040,128.000000,0.196842,59.561188,1.987492,866.996705,18.627388
370,2.261139,0.550188,0.133960,128.000000,0.196842,56.608647,1.469411,869.257844,18.761348
371,2.397217,0.567477,0.001297,128.000000,0.196842,53.395259,151.758646,871.655060,18.762645
372,2.282404,0.554093,0.001315,128.000000,0.196842,56.081217,149.654601,873.937464,18.763960
373,2.367026,0.553496,0.001364,128.000000,0.196842,54.076305,144.316691,876.304490,18.765324
374,2.142766,0.553167,0.380369,128.000000,0.196842,59.735887,0.517504,878.447255,19.145693
375,2.343198,0.549015,0.001287,128.000000,0.196842,54.626206,153.003958,880.790453,19.146979
376,2.238623,0.547808,0.090280,128.000000,0.196842,57.178018,2.180349,883.029076,19.237260
377,2.387042,0.566738,0.001396,128.000000,0.196842,53.622862,140.993933,885.416117,19.238656
378,2.289541,0.551824,0.064575,128.000000,0.196842,55.906406,3.048256,887.705658,19.303231
379,2.404091,0.548403,0.001320,128.000000,0.196842,53.242576,149.111239,890.109749,19.304551
380,2.373611,0.548276,0.001319,128.000000,0.196842,53.926267,149.202335,892.483361,19.305870
381,2.303112,0.565936,0.001310,128.000000,0.196842,55.576987,150.231514,894.786472,19.307181
382,2.377350,0.549671,0.001311,128.000000,0.196842,53.841460,150.107671,897.163822,19.308492
383,2.114195,0.567154,0.296038,128.000000,0.196842,60.543142,0.664922,899.278017,19.604530
384,2.318783,0.564632,0.001333,128.000000,0.196842,55.201379,147.643088,901.596800,19.605863
385,2.586125,0.555450,0.001314,128.000000,0.196842,49.494904,149.832877,904.182925,19.607177
386,2.410334,0.548030,0.001345,128.000000,0.196842,53.104681,146.371097,906.593258,19.608522
387,2.307796,0.557147,0.022269,128.000000,0.196842,55.464174,8.839397,908.901054,19.630791
388,2.562085,0.559571,0.001427,128.000000,0.196842,49.959305,137.933055,911.463139,19.632218
389,2.202499,0.549831,0.250446,128.000000,0.196842,58.115796,0.785966,913.665639,19.882664
390,2.379021,0.563299,0.001303,128.000000,0.196842,53.803637,151.072395,916.044660,19.883967
391,2.221527,0.559783,0.117251,128.000000,0.196842,57.618028,1.678805,918.266187,20.001218
392,2.124607,0.553720,0.275127,128.000000,0.196842,60.246447,0.715459,920.390794,20.276346
393,2.204099,0.550571,0.062802,128.000000,0.196842,58.073625,3.134353,922.594892,20.339147
394,2.568962,0.567942,0.001373,128.000000,0.196842,49.825581,143.405973,925.163854,20.340520
395,2.333417,0.567768,0.001354,128.000000,0.196842,54.855179,145.412111,927.497271,20.341873
396,2.375431,0.548888,0.001306,128.000000,0.196842,53.884968,150.773501,929.872701,20.343179
397,2.257318,0.559776,0.054832,128.000000,0.196842,56.704452,3.589923,932.130020,20.398011
398,2.263532,0.565903,0.112561,128.000000,0.196842,56.548796,1.748752,934.393551,20.510572
399,2.298954,0.550943,0.026084,128.000000,0.196842,55.677484,7.546387,936.692506,20.536657
400,2.147366,0.549060,0.210831,128.000000,0.196842,59.607898,0.933650,938.839872,20.747488
401,2.317506,0.561130,0.033649,128.000000,0.196842,55.231788,5.849829,941.157378,20.781137
402,2.469082,0.564465,0.001300,128.000000,0.196842,51.841135,151.401932,943.626460,20.782437
403,2.378073,0.551160,0.002874,128.000000,0.196842,53.825097,68.487098,946.004533,20.785311
404,2.575500,0.564705,0.001311,128.000000,0.196842,49.699097,150.101948,948.580032,20.786622
405,2.304383,0.571349,0.001291,128.000000,0.196842,55.546317,152.414803,950.884416,20.787914
406,2.348535,0.550824,0.017620,128.000000,0.196842,54.502062,11.171303,953.232950,20.805534
407,2.225046,0.555120,0.085143,128.000000,0.196842,57.526892,2.311894,955.457997,20.890678
408,2.285573,0.572444,0.098804,128.000000,0.196842,56.003453,1.992253,957.743570,20.989481
409,2.349361,0.553129,0.003480,128.000000,0.196842,54.482910,56.568205,960.092931,20.992961
410,2.332847,0.566694,0.109145,128.000000,0.196842,54.868587,1.803491,962.425777,21.102106
411,2.516624,0.553237,0.001393,128.000000,0.196842,50.861781,141.279405,964.942402,21.103499
412,2.342016,0.566178,0.001301,128.000000,0.196842,54.653767,151.250812,967.284418,21.104801
413,2.265578,0.555557,0.041940,128.000000,0.196842,56.497716,4.693442,969.549996,21.146741
414,2.243377,0.561677,0.057831,128.000000,0.196842,57.056829,3.403731,971.793374,21.204572
415,2.399728,0.571351,0.041879,128.000000,0.196842,53.339386,4.700247,974.193101,21.246451
416,2.339240,0.554542,0.001297,128.000000,0.196842,54.718638,151.798553,976.532341,21.247748
417,2.301852,0.550830,0.089662,128.000000,0.196842,55.607400,2.195378,978.834193,21.337410
418,2.411478,0.560627,0.001381,128.000000,0.196842,53.079486,142.577177,981.245670,21.338791
419,2.431615,0.553971,0.001322,128.000000,0.196842,52.639913,148.897159,983.677285,21.340113
420,2.235154,0.567182,0.286198,128.000000,0.196842,57.266736,0.687783,985.912440,21.626311
421,2.181694,0.552463,0.130616,128.000000,0.196842,58.670004,1.507028,988.094134,21.756927
422,2.402544,0.559350,0.001313,128.000000,0.196842,53.276852,149.931253,990.496678,21.758240
423,2.155143,0.555182,0.115312,128.000000,0.196842,59.392802,1.707038,992.651822,21.873552
424,2.323230,0.556623,0.162145,128.000000,0.196842,55.095715,1.213990,994.975051,22.035697
425,2.340159,0.561159,0.001327,128.000000,0.196842,54.697145,148.303385,997.315210,22.037024
426,2.389204,0.553942,0.024391,128.000000,0.196842,53.574335,8.070404,999.704414,22.061415
427,2.364620,0.571597,0.001369,128.000000,0.196842,54.131318,143.747900,1002.069034,22.062784
428,2.262941,0.551452,0.054652,128.000000,0.196842,56.563565,3.601757,1004.331975,22.117436
429,2.541449,0.558053,0.001286,128.000000,0.196842,50.364960,153.050950,1006.873424,22.118722
430,2.471009,0.553068,0.001396,128.000000,0.196842,51.800710,140.986864,1009.344433,22.120118
431,2.340599,0.575510,0.001276,128.000000,0.196842,54.686854,154.209812,1011.685032,22.121394
432,2.293015,0.563739,0.048911,128.000000,0.196842,55.821698,4.024463,1013.978047,22.170306
433,2.312019,0.581941,0.001266,128.000000,0.196842,55.362876,155.469074,1016.290065,22.171572
434,2.431880,0.559293,0.001363,128.000000,0.196842,52.634183,144.383698,1018.721945,22.172935
435,2.284729,0.559781,0.036019,128.000000,0.196842,56.024161,5.464977,1021.006674,22.208954
436,2.839827,0.573513,0.001389,128.000000,0.196842,45.073172,141.760254,1023.846500,22.210343
437,2.307310,0.583908,0.153526,128.000000,0.196842,55.475849,1.282145,1026.153811,22.363868
438,2.203741,0.573938,0.031600,128.000000,0.196842,58.083053,6.229127,1028.357552,22.395469
439,2.250584,0.575671,0.123504,128.000000,0.196842,56.874115,1.593813,1030.608136,22.518973
440,2.305038,0.570994,0.115927,128.000000,0.196842,55.530529,1.697981,1032.913175,22.634900
441,2.270874,0.577129,0.001361,128.000000,0.196842,56.365972,144.628861,1035.184048,22.636261
442,2.164852,0.580120,0.158647,128.000000,0.196842,59.126447,1.240754,1037.348900,22.794908
443,2.456261,0.567180,0.001424,128.000000,0.196842,52.111728,138.207808,1039.805161,22.796332
444,2.386056,0.579056,0.001339,128.000000,0.196842,53.645013,147.053980,1042.191217,22.797671
445,2.252428,0.579091,0.140111,128.000000,0.196842,56.827560,1.404905,1044.443645,22.937782
446,2.374153,0.578549,0.001368,128.000000,0.196842,53.913959,143.877872,1046.817798,22.939150
447,2.267228,0.579946,0.131304,128.000000,0.196842,56.456597,1.499132,1049.085027,23.070454
448,2.191922,0.569167,0.159774,128.000000,0.196842,58.396237,1.232003,1051.276949,23.230228
449,2.358965,0.562841,0.030505,128.000000,0.196842,54.261091,6.452879,1053.635914,23.260732
450,2.493086,0.576532,0.001322,128.000000,0.196842,51.342001,148.923294,1056.128999,23.262054
451,2.320786,0.579804,0.008762,128.000000,0.196842,55.153729,22.464931,1058.449785,23.270816
452,2.374405,0.580209,0.001300,128.000000,0.196842,53.908232,151.376084,1060.824190,23.272117
453,2.395372,0.561466,0.001317,128.000000,0.196842,53.436387,149.439981,1063.219562,23.273434
454,2.421192,0.568270,0.001369,128.000000,0.196842,52.866515,143.769843,1065.640754,23.274803
455,2.374218,0.582653,0.001306,128.000000,0.196842,53.912479,150.694319,1068.014973,23.276109
456,2.444253,0.577722,0.001312,128.000000,0.196842,52.367743,150.070707,1070.459225,23.277421
457,2.165903,0.566780,0.284464,128.000000,0.196842,59.097756,0.691975,1072.625128,23.561885
458,2.497094,0.575139,0.001269,128.000000,0.196842,51.259593,155.150103,1075.122222,23.563154
459,2.190705,0.577496,0.090353,128.000000,0.196842,58.428676,2.178580,1077.312927,23.653508
460,2.446573,0.578024,0.001304,128.000000,0.196842,52.318077,150.899024,1079.759500,23.654812
461,2.321983,0.579778,0.001299,128.000000,0.196842,55.125302,151.536786,1082.081483,23.656111
462,2.391613,0.582094,0.001294,128.000000,0.196842,53.520375,152.118925,1084.473095,23.657405
463,2.279995,0.566721,0.001386,128.000000,0.196842,56.140475,142.070987,1086.753090,23.658791
464,2.221774,0.582242,0.246489,128.000000,0.196842,57.611616,0.798583,1088.974865,23.905280
465,2.649325,0.580828,0.001335,128.000000,0.196842,48.314202,147.412001,1091.624189,23.906615
466,2.399856,0.578923,0.001280,128.000000,0.196842,53.336528,153.726397,1094.024045,23.907896
467,2.254886,0.580158,0.115931,128.000000,0.196842,56.765630,1.697932,1096.278931,24.023826
468,2.365895,0.578084,0.001328,128.000000,0.196842,54.102144,148.227557,1098.644826,24.025154
469,2.315070,0.582238,0.014332,128.000000,0.196842,55.289909,13.734078,1100.959896,24.039487
470,2.362262,0.585501,0.001369,128.000000,0.196842,54.185351,143.833085,1103.322158,24.040855
471,2.344136,0.580364,0.001297,128.000000,0.196842,54.604336,151.747064,1105.666294,24.042152
472,2.312330,0.572605,0.001296,128.000000,0.196842,55.355427,151.842933,1107.978624,24.043449
473,2.360642,0.564502,0.023488,128.000000,0.196842,54.222540,8.380442,1110.339266,24.066937
474,2.381842,0.591689,0.001429,128.000000,0.196842,53.739929,137.749271,1112.721107,24.068366
475,2.475234,0.563718,0.001311,128.000000,0.196842,51.712278,150.102062,1115.196342,24.069677
476,2.328105,0.578965,0.001326,128.000000,0.196842,54.980346,148.503435,1117.524446,24.071003
477,2.397724,0.581856,0.005103,128.000000,0.196842,53.383968,38.574604,1119.922170,24.076106
478,2.275105,0.566728,0.008630,128.000000,0.196842,56.261142,22.808656,1122.197275,24.084736
479,2.080521,0.580298,0.215600,128.000000,0.196842,61.523049,0.912999,1124.277796,24.300335
480,2.419952,0.580047,0.008292,128.000000,0.196842,52.893618,23.738204,1126.697748,24.308628
481,2.272755,0.566688,0.015246,128.000000,0.196842,56.319311,12.911084,1128.970503,24.323874
482,2.382016,0.571461,0.001431,128.000000,0.196842,53.736004,137.511487,1131.352518,24.325305
483,2.370782,0.564675,0.001298,128.000000,0.196842,53.990633,151.680062,1133.723300,24.326603
484,2.190038,0.581416,0.063419,128.000000,0.196842,58.446481,3.103826,1135.913338,24.390022
485,2.365845,0.567922,0.001293,128.000000,0.196842,54.103286,152.237162,1138.279183,24.391315
486,2.196286,0.569935,0.168423,128.000000,0.196842,58.280215,1.168740,1140.475468,24.559738
487,2.243967,0.579026,0.100070,128.000000,0.196842,57.041830,1.967047,1142.719436,24.659808
488,2.386394,0.564853,0.001311,128.000000,0.196842,53.637414,150.159429,1145.105830,24.661119
489,2.244012,0.566858,0.068205,128.000000,0.196842,57.040705,2.886044,1147.349841,24.729323
490,2.381613,0.569580,0.001303,128.000000,0.196842,53.745096,151.124240,1149.731454,24.730626
491,2.272920,0.582915,0.001244,128.000000,0.196842,56.315221,158.194362,1152.004374,24.731870
492,2.353211,0.585839,0.001353,128.000000,0.196842,54.393767,145.527786,1154.357585,24.733223
493,2.270619,0.587672,0.001351,128.000000,0.196842,56.372289,145.723433,1156.628204,24.734574
494,2.402248,0.577857,0.001361,128.000000,0.196842,53.283431,144.674357,1159.030452,24.735934
495,2.191287,0.568174,0.092125,128.000000,0.196842,58.413161,2.136691,1161.221739,24.828059
496,2.338802,0.579710,0.001314,128.000000,0.196842,54.728871,149.760263,1163.560541,24.829373
497,2.326477,0.567809,0.001244,128.000000,0.196842,55.018822,158.228441,1165.887017,24.830617
498,2.387540,0.583556,0.001297,128.000000,0.196842,53.611670,151.738524,1168.274557,24.831915
499,2.308587,0.581160,0.001331,128.000000,0.196842,55.445182,147.895898,1170.583144,24.833246
500,2.090336,0.580589,0.236739,128.000000,0.196842,61.234182,0.831473,1172.673479,25.069985
501,2.394970,0.580596,0.055752,128.000000,0.196842,53.445336,3.530658,1175.068450,25.125737
502,2.286920,0.578015,0.031502,128.000000,0.196842,55.970477,6.248567,1177.355370,25.157239
503,2.321414,0.571949,0.001286,128.000000,0.196842,55.138818,153.024655,1179.676783,25.158525
504,2.478835,0.568770,0.001344,128.000000,0.196842,51.637152,146.497353,1182.155619,25.159869
505,2.182316,0.574516,0.139545,128.000000,0.196842,58.653296,1.410598,1184.337934,25.299414
506,2.480460,0.568813,0.001294,128.000000,0.196842,51.603335,152.158788,1186.818394,25.300708
507,2.339944,0.589085,0.089173,128.000000,0.196842,54.702161,2.207431,1189.158338,25.389880
508,2.355290,0.565147,0.001304,128.000000,0.196842,54.345739,150.936398,1191.513629,25.391184
509,2.258945,0.593902,0.065953,128.000000,0.196842,56.663625,2.984604,1193.772574,25.457137
510,2.443020,0.575348,0.001327,128.000000,0.196842,52.394163,148.302827,1196.215594,25.458464
511,2.327337,0.577035,0.034904,128.000000,0.196842,54.998491,5.639488,1198.542930,25.493369
512,2.063909,0.563273,0.439901,128.000000,0.196842,62.018232,0.447469,1200.606840,25.933270
513,2.426166,0.596923,0.001317,128.000000,0.196842,52.758132,149.470393,1203.033006,25.934587
514,2.228012,0.572196,0.112216,128.000000,0.196842,57.450325,1.754131,1205.261018,26.046803
515,2.355741,0.571673,0.001306,128.000000,0.196842,54.335343,150.691781,1207.616759,26.048109
516,2.069638,0.575149,1.330880,128.000000,0.196842,61.846559,0.147904,1209.686397,27.378989
517,2.328425,0.586276,0.001377,128.000000,0.196842,54.972777,142.945464,1212.014822,27.380366
518,2.172251,0.581412,0.169011,128.000000,0.196842,58.925054,1.164674,1214.187073,27.549377
519,2.283962,0.582189,0.131256,128.000000,0.196842,56.042959,1.499678,1216.471035,27.680633
520,2.307881,0.580363,0.065485,128.000000,0.196842,55.462123,3.005900,1218.778917,27.746118
521,2.334316,0.584437,0.001309,128.000000,0.196842,54.834048,150.401170,1221.113233,27.747427
522,2.430838,0.587905,0.023743,128.000000,0.196842,52.656737,8.290549,1223.544071,27.771170
523,2.432556,0.575113,0.001248,128.000000,0.196842,52.619558,157.711331,1225.976626,27.772418
524,2.223791,0.592085,0.123201,128.000000,0.196842,57.559364,1.597733,1228.200417,27.895619
525,2.473537,0.588345,0.001294,128.000000,0.196842,51.747761,152.176432,1230.673954,27.896913
526,2.531203,0.584841,0.001363,128.000000,0.196842,50.568844,144.432643,1233.205157,27.898276
527,2.103778,0.568355,0.237307,128.000000,0.196842,60.842919,0.829484,1235.308935,28.135582
528,2.358443,0.568532,0.001299,128.000000,0.196842,54.273103,151.574943,1237.667378,28.136881
529,2.345782,0.581495,0.070614,128.000000,0.196842,54.566035,2.787582,1240.013159,28.207495
530,2.313678,0.568129,0.001350,128.000000,0.196842,55.323172,145.817133,1242.326837,28.208845
531,2.357198,0.572813,0.073615,128.000000,0.196842,54.301750,2.673947,1244.684036,28.282460
532,2.296721,0.568421,0.193225,128.000000,0.196842,55.731624,1.018719,1246.980757,28.475685
533,2.300318,0.580366,0.001337,128.000000,0.196842,55.644490,147.278655,1249.281075,28.477022
534,2.438186,0.568076,0.001341,128.000000,0.196842,52.498046,146.756645,1251.719260,28.478363
535,2.218063,0.581073,0.193487,128.000000,0.196842,57.708008,1.017343,1253.937324,28.671849
536,2.303197,0.588230,0.001292,128.000000,0.196842,55.574920,152.394625,1256.240521,28.673141
537,2.324176,0.584709,0.001333,128.000000,0.196842,55.073281,147.629911,1258.564697,28.674474
538,2.348660,0.586418,0.001385,128.000000,0.196842,54.499170,142.109142,1260.913356,28.675860
539,2.387562,0.587033,0.023060,128.000000,0.196842,53.611168,8.536077,1263.300919,28.698920
540,2.248069,0.567215,0.111544,128.000000,0.196842,56.937750,1.764699,1265.548988,28.810464
541,2.295993,0.586954,0.026320,128.000000,0.196842,55.749300,7.478822,1267.844981,28.836784
542,2.286611,0.568938,0.182839,128.000000,0.196842,55.978040,1.076590,1270.131592,29.019622
543,2.333762,0.587192,0.001324,128.000000,0.196842,54.847066,148.709754,1272.465354,29.020946
544,2.212140,0.571386,0.194805,128.000000,0.196842,57.862513,1.010455,1274.677494,29.215752
545,2.482245,0.585271,0.001394,128.000000,0.196842,51.566233,141.172711,1277.159739,29.217146
546,2.291770,0.568688,0.013686,128.000000,0.196842,55.852022,14.382991,1279.451509,29.230832
547,2.492743,0.568285,0.001326,128.000000,0.196842,51.349047,148.427961,1281.944252,29.232158
548,2.232057,0.585655,0.052807,128.000000,0.196842,57.346208,3.727563,1284.176309,29.284965
549,2.528687,0.575957,0.001327,128.000000,0.196842,50.619162,148.302380,1286.704996,29.286292
550,2.230243,0.582583,0.157746,128.000000,0.196842,57.392846,1.247846,1288.935239,29.444038
551,2.296357,0.582110,0.025938,128.000000,0.196842,55.740460,7.589073,1291.231596,29.469976
552,2.374294,0.564533,0.001274,128.000000,0.196842,53.910752,154.464902,1293.605891,29.471250
553,2.164651,0.588613,0.077579,128.000000,0.196842,59.131921,2.537299,1295.770542,29.548829
554,2.246196,0.589232,0.304999,128.000000,0.196842,56.985227,0.645387,1298.016738,29.853828
555,2.250239,0.591129,0.042338,128.000000,0.196842,56.882852,4.649286,1300.266977,29.896166
556,2.430158,0.594340,0.001311,128.000000,0.196842,52.671477,150.183259,1302.697135,29.897477
557,2.402149,0.569258,0.001317,128.000000,0.196842,53.285631,149.484581,1305.099283,29.898794
558,2.239772,0.588970,0.082972,128.000000,0.196842,57.148672,2.372386,1307.339055,29.981766
559,2.373111,0.587350,0.001300,128.000000,0.196842,53.937636,151.378412,1309.712166,29.983066
560,2.386138,0.581150,0.055384,128.000000,0.196842,53.643177,3.554130,1312.098304,30.038450
561,2.255627,0.591261,0.011577,128.000000,0.196842,56.746963,17.003318,1314.353931,30.050027
562,2.259045,0.571544,0.023159,128.000000,0.196842,56.661111,8.499605,1316.612976,30.073186
563,2.147612,0.575052,0.124475,128.000000,0.196842,59.601094,1.581380,1318.760588,30.197661
564,2.325283,0.585329,0.001404,128.000000,0.196842,55.047056,140.232255,1321.085871,30.199065
565,2.360836,0.587050,0.006222,128.000000,0.196842,54.218078,31.635867,1323.446707,30.205287
566,2.235396,0.583564,0.016935,128.000000,0.196842,57.260545,11.623696,1325.682104,30.222221
567,2.281357,0.576471,0.084913,128.000000,0.196842,56.106954,2.318154,1327.963461,30.307135
568,2.222296,0.577378,0.164407,128.000000,0.196842,57.598075,1.197283,1330.185757,30.471542
569,2.244234,0.587741,0.131404,128.000000,0.196842,57.035057,1.497993,1332.429991,30.602946
570,2.496354,0.583651,0.050735,128.000000,0.196842,51.274785,3.879828,1334.926345,30.653681
571,2.397877,0.588958,0.001323,128.000000,0.196842,53.380542,148.787651,1337.324222,30.655004
572,2.122802,0.569986,0.258172,128.000000,0.196842,60.297675,0.762447,1339.447024,30.913175
573,2.272389,0.588574,0.001256,128.000000,0.196842,56.328374,156.779535,1341.719413,30.914431
574,2.389155,0.574053,0.001391,128.000000,0.196842,53.575422,141.476803,1344.108568,30.915822
575,2.437470,0.585190,0.001369,128.000000,0.196842,52.513465,143.737823,1346.546038,30.917192
576,2.616499,0.580894,0.001367,128.000000,0.196842,48.920323,143.991855,1349.162538,30.918559
577,2.339430,0.585858,0.001278,128.000000,0.196842,54.714183,154.025675,1351.501968,30.919837
578,2.258820,0.568601,0.087110,128.000000,0.196842,56.666763,2.259686,1353.760788,31.006947
579,2.211969,0.581717,0.103184,128.000000,0.196842,57.866985,1.907678,1355.972757,31.110131
580,2.291917,0.585089,0.017912,128.000000,0.196842,55.848434,10.989258,1358.264674,31.128044
581,1.920686,0.569825,0.378117,128.000000,0.196842,66.642841,0.520586,1360.185361,31.506160
582,2.331364,0.590292,0.001291,128.000000,0.196842,54.903478,152.486235,1362.516725,31.507451
583,2.364319,0.589611,0.001304,128.000000,0.196842,54.138202,150.931305,1364.881044,31.508756
584,2.184030,0.587799,0.152541,128.000000,0.196842,58.607262,1.290421,1367.065074,31.661297
585,2.407986,0.573717,0.001350,128.000000,0.196842,53.156463,145.810220,1369.473060,31.662647
586,2.278916,0.568906,0.068487,128.000000,0.196842,56.167044,2.874136,1371.751976,31.731134
587,2.405913,0.585851,0.001299,128.000000,0.196842,53.202249,151.565256,1374.157889,31.732433
588,2.295665,0.570357,0.001349,128.000000,0.196842,55.757257,145.965810,1376.453555,31.733781
589,2.542557,0.569417,0.107724,128.000000,0.196842,50.343015,1.827290,1378.996112,31.841505
590,2.121776,0.587017,0.170069,128.000000,0.196842,60.326814,1.157428,1381.117888,32.011574
591,2.350732,0.585475,0.001350,128.000000,0.196842,54.451129,145.809788,1383.468620,32.012924
592,2.335376,0.602308,0.001306,128.000000,0.196842,54.809157,150.700895,1385.803996,32.014230
593,2.320752,0.582871,0.032755,128.000000,0.196842,55.154536,6.009459,1388.124748,32.046985
594,2.242317,0.586523,0.073671,128.000000,0.196842,57.083805,2.671917,1390.367065,32.120656
595,2.355186,0.599899,0.001356,128.000000,0.196842,54.348160,145.202730,1392.722251,32.122012
596,2.278998,0.583033,0.001228,128.000000,0.196842,56.165042,160.254752,1395.001249,32.123240
597,2.352511,0.587496,0.001237,128.000000,0.196842,54.409958,159.110943,1397.353759,32.124477
598,2.262777,0.582627,0.056025,128.000000,0.196842,56.567670,3.513464,1399.616536,32.180502
599,2.333159,0.585430,0.001268,128.000000,0.196842,54.861237,155.182394,1401.949695,32.181771
600,2.214131,0.580330,0.058368,128.000000,0.196842,57.810485,3.372411,1404.163826,32.240139
601,2.412303,0.592333,0.001355,128.000000,0.196842,53.061333,145.226834,1406.576129,32.241494
602,2.315917,0.582596,0.001284,128.000000,0.196842,55.269681,153.326816,1408.892046,32.242778
603,2.425879,0.585675,0.001310,128.000000,0.196842,52.764387,150.265346,1411.317925,32.244088
604,2.296237,0.572798,0.020746,128.000000,0.196842,55.743363,9.488227,1413.614162,32.264834
605,2.390186,0.580338,0.001362,128.000000,0.196842,53.552329,144.522355,1416.004348,32.266196
606,2.199166,0.571987,0.318969,128.000000,0.196842,58.203879,0.617121,1418.203514,32.585165
607,2.246316,0.588156,0.063125,128.000000,0.196842,56.982186,3.118292,1420.449830,32.648290
608,2.397404,0.584475,0.001318,128.000000,0.196842,53.391078,149.369673,1422.847234,32.649608
609,2.405467,0.570033,0.001400,128.000000,0.196842,53.212127,140.650795,1425.252701,32.651007
610,2.235487,0.571794,0.090240,128.000000,0.196842,57.258206,2.181321,1427.488188,32.741247
611,2.341634,0.568903,0.001257,128.000000,0.196842,54.662673,156.560693,1429.829823,32.742504
612,2.324156,0.588744,0.001263,128.000000,0.196842,55.073759,155.806624,1432.153979,32.743768
613,2.364800,0.589192,0.001259,128.000000,0.196842,54.127205,156.324706,1434.518778,32.745027
614,2.342124,0.568605,0.017118,128.000000,0.196842,54.651254,11.498818,1436.860902,32.762145
615,2.316005,0.571163,0.013011,128.000000,0.196842,55.267573,15.128795,1439.176908,32.775157
616,2.344604,0.570041,0.001351,128.000000,0.196842,54.593452,145.686224,1441.521511,32.776508
617,2.192291,0.588284,0.190860,128.000000,0.196842,58.386414,1.031343,1443.713802,32.967368
618,2.318129,0.581520,0.001246,128.000000,0.196842,55.216939,157.932391,1446.031931,32.968614
619,2.329741,0.588166,0.001279,128.000000,0.196842,54.941718,153.940633,1448.361673,32.969893
620,2.283681,0.571281,0.714098,128.000000,0.196842,56.049865,0.275651,1450.645354,33.683991
621,2.367065,0.589040,0.001293,128.000000,0.196842,54.075403,152.255767,1453.012419,33.685284
622,2.108260,0.588691,0.172327,128.000000,0.196842,60.713585,1.142263,1455.120678,33.857610
623,2.307613,0.570419,0.214893,128.000000,0.196842,55.468563,0.915999,1457.428292,34.072504
624,2.438238,0.588155,0.001303,128.000000,0.196842,52.496932,151.087933,1459.866529,34.073807
625,2.221782,0.588136,0.051804,128.000000,0.196842,57.611413,3.799747,1462.088311,34.125611
626,2.259299,0.585829,0.149413,128.000000,0.196842,56.654746,1.317434,1464.347610,34.275024
627,2.324211,0.583117,0.001291,128.000000,0.196842,55.072458,152.452341,1466.671821,34.276315
628,2.241166,0.584474,0.118294,128.000000,0.196842,57.113136,1.664009,1468.912987,34.394609
629,2.289226,0.592143,0.017448,128.000000,0.196842,55.914098,11.281800,1471.202213,34.412057
630,2.342305,0.581131,0.040837,128.000000,0.196842,54.647029,4.820152,1473.544517,34.452894
631,2.375246,0.579056,0.001382,128.000000,0.196842,53.889148,142.432022,1475.919764,34.454276
632,2.175607,0.572281,0.253290,128.000000,0.196842,58.834154,0.777143,1478.095371,34.707566
633,2.433962,0.585353,0.001294,128.000000,0.196842,52.589163,152.062401,1480.529332,34.708860
634,2.302689,0.585281,0.236694,128.000000,0.196842,55.587177,0.831633,1482.832022,34.945554
635,2.256189,0.567413,0.101262,128.000000,0.196842,56.732837,1.943883,1485.088211,35.046816
636,2.472101,0.584379,0.001304,128.000000,0.196842,51.777814,150.902957,1487.560312,35.048121
637,2.320579,0.583565,0.001321,128.000000,0.196842,55.158653,149.015289,1489.880891,35.049442
638,2.426658,0.582375,0.001307,128.000000,0.196842,52.747443,150.581115,1492.307549,35.050749
639,2.368501,0.586718,0.001299,128.000000,0.196842,54.042624,151.515440,1494.676049,35.052048
640,2.128177,0.580068,0.206612,128.000000,0.196842,60.145367,0.952714,1496.804227,35.258660
641,2.162113,0.588510,0.284290,128.000000,0.196842,59.201346,0.692400,1498.966340,35.542950
642,2.287182,0.571948,0.001270,128.000000,0.196842,55.964065,155.012162,1501.253522,35.544220
643,2.443067,0.568449,0.001334,128.000000,0.196842,52.393160,147.609209,1503.696589,35.545553
644,2.420206,0.572093,0.001334,128.000000,0.196842,52.888052,147.564393,1506.116795,35.546887
645,2.341415,0.586442,0.001306,128.000000,0.196842,54.667792,150.758605,1508.458210,35.548193
646,2.118948,0.572220,0.251937,128.000000,0.196842,60.407339,0.781316,1510.577158,35.800130
647,2.336873,0.571029,0.093314,128.000000,0.196842,54.774043,2.109461,1512.914031,35.893444
648,2.245069,0.587162,0.092214,128.000000,0.196842,57.013832,2.134617,1515.159101,35.985658
649,2.346495,0.571585,0.004215,128.000000,0.196842,54.549438,46.698596,1517.505596,35.989873
650,2.311920,0.568230,0.001301,128.000000,0.196842,55.365227,151.250231,1519.817516,35.991174
651,2.296631,0.589571,0.018459,128.000000,0.196842,55.733804,10.664020,1522.114148,36.009633
652,2.215935,0.577621,0.058726,128.000000,0.196842,57.763418,3.351851,1524.330083,36.068359
653,2.248248,0.573941,0.033490,128.000000,0.196842,56.933224,5.877593,1526.578331,36.101850
654,2.269808,0.571082,0.015580,128.000000,0.196842,56.392447,12.634281,1528.848138,36.117430
655,2.393213,0.580709,0.001285,128.000000,0.196842,53.484594,153.149666,1531.241351,36.118715
656,2.408675,0.583017,0.001350,128.000000,0.196842,53.141247,145.781604,1533.650026,36.120065
657,2.229043,0.573358,0.045979,128.000000,0.196842,57.423752,4.281103,1535.879069,36.166045
658,2.009507,0.582387,0.442103,128.000000,0.196842,63.697205,0.445241,1537.888576,36.608147
659,2.313694,0.593168,0.003675,128.000000,0.196842,55.322778,53.556381,1540.202270,36.611823
660,2.337814,0.570981,0.009670,128.000000,0.196842,54.751999,20.355686,1542.540085,36.621493
661,2.299240,0.572917,0.011652,128.000000,0.196842,55.670574,16.892764,1544.839324,36.633145
662,2.307375,0.584969,0.001307,128.000000,0.196842,55.474296,150.593672,1547.146699,36.634452
663,2.496437,0.576401,0.001324,128.000000,0.196842,51.273075,148.617013,1549.643136,36.635777
664,2.172367,0.579049,0.221625,128.000000,0.196842,58.921907,0.888176,1551.815503,36.857402
665,2.267241,0.565117,0.166371,128.000000,0.196842,56.456295,1.183152,1554.082744,37.023773
666,2.435344,0.570978,0.001444,128.000000,0.196842,52.559310,136.347335,1556.518088,37.025217
667,2.354192,0.568979,0.001464,128.000000,0.196842,54.371105,134.487019,1558.872279,37.026680
668,2.270263,0.566037,0.062158,128.000000,0.196842,56.381122,3.166829,1561.142543,37.088838
669,2.143218,0.564052,0.250234,128.000000,0.196842,59.723285,0.786633,1563.285761,37.339072
670,2.321213,0.576739,0.001288,128.000000,0.196842,55.143572,152.815095,1565.606974,37.340360
671,2.447721,0.584064,0.001399,128.000000,0.196842,52.293550,140.690805,1568.054695,37.341759
672,2.396600,0.585562,0.001305,128.000000,0.196842,53.408996,150.801916,1570.451295,37.343064
673,2.301745,0.579757,0.001224,128.000000,0.196842,55.609973,160.850851,1572.753040,37.344288
674,2.258544,0.568055,0.062688,128.000000,0.196842,56.673671,3.140049,1575.011584,37.406976
675,2.230200,0.575259,0.101472,128.000000,0.196842,57.393953,1.939876,1577.241784,37.508447
676,2.367134,0.569194,0.001380,128.000000,0.196842,54.073818,142.643509,1579.608919,37.509827
677,2.462302,0.570447,0.001296,128.000000,0.196842,51.983873,151.877377,1582.071221,37.511123
678,2.403723,0.563904,0.001229,128.000000,0.196842,53.250733,160.138068,1584.474944,37.512352
679,2.087330,0.566319,0.398038,128.000000,0.196842,61.322350,0.494531,1586.562274,37.910391
680,2.276014,0.583150,0.041121,128.000000,0.196842,56.238679,4.786889,1588.838288,37.951512
681,2.351703,0.564880,0.001351,128.000000,0.196842,54.428642,145.697655,1591.189991,37.952863
682,2.311068,0.565087,0.001263,128.000000,0.196842,55.385638,155.909052,1593.501059,37.954125
683,2.190702,0.570932,0.020720,128.000000,0.196842,58.428754,9.499898,1595.691761,37.974846
684,2.271323,0.567262,0.008156,128.000000,0.196842,56.354819,24.135424,1597.963084,37.983002
685,2.261532,0.566886,0.124195,128.000000,0.196842,56.598794,1.584943,1600.224617,38.107197
686,2.273535,0.570831,0.017551,128.000000,0.196842,56.300000,11.215570,1602.498151,38.124747
687,2.480330,0.569178,0.001362,128.000000,0.196842,51.606035,144.527661,1604.978481,38.126109
688,2.294277,0.568041,0.001378,128.000000,0.196842,55.790988,142.832716,1607.272759,38.127488
689,2.443810,0.570596,0.001267,128.000000,0.196842,52.377226,155.305442,1609.716569,38.128755
690,2.346899,0.576408,0.001386,128.000000,0.196842,54.540053,142.064219,1612.063468,38.130141
691,2.367351,0.570167,0.001344,128.000000,0.196842,54.068879,146.483180,1614.430819,38.131484
692,2.563720,0.565284,0.001313,128.000000,0.196842,49.927449,149.903394,1616.994539,38.132798
693,2.438669,0.574167,0.001296,128.000000,0.196842,52.487659,151.940097,1619.433207,38.134093
694,2.333059,0.585861,0.040296,128.000000,0.196842,54.863591,4.884894,1621.766266,38.174389
695,2.384251,0.564376,0.001315,128.000000,0.196842,53.685623,149.730189,1624.150517,38.175704
696,2.369255,0.566351,0.001348,128.000000,0.196842,54.025426,146.013776,1626.519772,38.177052
697,2.430011,0.567178,0.001292,128.000000,0.196842,52.674659,152.330823,1628.949783,38.178344
698,2.248136,0.577626,0.146743,128.000000,0.196842,56.936055,1.341407,1631.197919,38.325087
699,2.174284,0.592910,0.128399,128.000000,0.196842,58.869965,1.533049,1633.372203,38.453486
700,2.261223,0.573996,0.050563,128.000000,0.196842,56.606546,3.892989,1635.633426,38.504050
701,2.496737,0.587553,0.001428,128.000000,0.196842,51.266924,137.828555,1638.130162,38.505478
702,2.355565,0.580608,0.001229,128.000000,0.196842,54.339413,160.169862,1640.485727,38.506707
703,2.783957,0.573361,0.001365,128.000000,0.196842,45.977724,144.210010,1643.269684,38.508072
704,2.316105,0.569130,0.001306,128.000000,0.196842,55.265195,150.776042,1645.585789,38.509377
705,2.450706,0.574822,0.001271,128.000000,0.196842,52.229848,154.897622,1648.036495,38.510648
706,2.396517,0.577847,0.001379,128.000000,0.196842,53.410849,142.781224,1650.433011,38.512027
707,2.118712,0.569622,0.202822,128.000000,0.196842,60.414069,0.970518,1652.551723,38.714848
708,2.482789,0.579792,0.001316,128.000000,0.196842,51.554922,149.632986,1655.034512,38.716164
709,2.224718,0.583656,0.077502,128.000000,0.196842,57.535391,2.539850,1657.259230,38.793665
710,2.343365,0.574842,0.001346,128.000000,0.196842,54.622297,146.288316,1659.602595,38.795011
711,2.250485,0.567338,0.031120,128.000000,0.196842,56.876633,6.325249,1661.853080,38.826131
712,2.333531,0.574728,0.001295,128.000000,0.196842,54.852487,152.053004,1664.186612,38.827426
713,2.442227,0.570260,0.001378,128.000000,0.196842,52.411173,142.837069,1666.628839,38.828804
714,2.272772,0.567790,0.128854,128.000000,0.196842,56.318899,1.527633,1668.901611,38.957658
715,2.401937,0.590291,0.001384,128.000000,0.196842,53.290316,142.176887,1671.303548,38.959042
716,2.222196,0.568321,0.231244,128.000000,0.196842,57.600688,0.851233,1673.525744,39.190286
717,2.338196,0.567965,0.001352,128.000000,0.196842,54.743057,145.562116,1675.863940,39.191638
718,2.331711,0.565628,0.079763,128.000000,0.196842,54.895314,2.467846,1678.195651,39.271401
719,2.372206,0.588931,0.001292,128.000000,0.196842,53.958219,152.369617,1680.567856,39.272693
720,2.315515,0.581185,0.001284,128.000000,0.196842,55.279278,153.349512,1682.883371,39.273977
721,2.451188,0.566175,0.001354,128.000000,0.196842,52.219572,145.372055,1685.334560,39.275331
722,2.275372,0.568247,0.001254,128.000000,0.196842,56.254548,156.924269,1687.609931,39.276585
723,2.558700,0.562633,0.001278,128.000000,0.196842,50.025413,154.027482,1690.168631,39.277863
724,2.279336,0.570941,0.001353,128.000000,0.196842,56.156704,145.499496,1692.447967,39.279216
725,2.161344,0.567478,0.260818,128.000000,0.196842,59.222397,0.754710,1694.609311,39.540034
726,2.276331,0.575257,0.050317,128.000000,0.196842,56.230848,3.912015,1696.885642,39.590351
727,2.335328,0.564993,0.001246,128.000000,0.196842,54.810284,157.991588,1699.220970,39.591597
728,2.360193,0.573265,0.001367,128.000000,0.196842,54.232857,144.010396,1701.581163,39.592964
729,2.240324,0.575324,0.143625,128.000000,0.196842,57.134604,1.370525,1703.821486,39.736590
730,2.343105,0.561372,0.001357,128.000000,0.196842,54.628366,145.022367,1706.164592,39.737947
731,2.374715,0.571891,0.001283,128.000000,0.196842,53.901194,153.457825,1708.539307,39.739230
732,2.319309,0.584239,0.015177,128.000000,0.196842,55.188843,12.969899,1710.858616,39.754406
733,2.244599,0.589637,0.034853,128.000000,0.196842,57.025787,5.647741,1713.103215,39.789260
734,2.331059,0.569855,0.106669,128.000000,0.196842,54.910669,1.845356,1715.434274,39.895929
735,2.029365,0.586302,0.150317,128.000000,0.196842,63.073917,1.309515,1717.463639,40.046245
736,2.357171,0.568842,0.001394,128.000000,0.196842,54.302375,141.256898,1719.820810,40.047639
737,2.217202,0.565406,0.241767,128.000000,0.196842,57.730421,0.814182,1722.038012,40.289406
738,2.340629,0.573020,0.001310,128.000000,0.196842,54.686150,150.239426,1724.378641,40.290716
739,2.480999,0.573778,0.001422,128.000000,0.196842,51.592111,138.408484,1726.859641,40.292138
740,2.429111,0.586026,0.001315,128.000000,0.196842,52.694182,149.686921,1729.288751,40.293453
741,2.304680,0.564799,0.023262,128.000000,0.196842,55.539156,8.462142,1731.593432,40.316715
742,2.331954,0.570603,0.041807,128.000000,0.196842,54.889595,4.708314,1733.925386,40.358522
743,2.252958,0.580372,0.109844,128.000000,0.196842,56.814191,1.792015,1736.178344,40.468366
744,2.319368,0.565941,0.045848,128.000000,0.196842,55.187442,4.293346,1738.497712,40.514214
745,2.277365,0.585235,0.001266,128.000000,0.196842,56.205314,155.478776,1740.775077,40.515480
746,2.369644,0.569370,0.045753,128.000000,0.196842,54.016561,4.302259,1743.144720,40.561233
747,2.320549,0.572121,0.022316,128.000000,0.196842,55.159369,8.820787,1745.465269,40.583549
748,2.108848,0.575595,0.277196,128.000000,0.196842,60.696634,0.710119,1747.574117,40.860745
749,2.296772,0.584219,0.001260,128.000000,0.196842,55.730386,156.241943,1749.870890,40.862005
750,2.451104,0.568592,0.001288,128.000000,0.196842,52.221359,152.816281,1752.321994,40.863293
751,2.321413,0.586988,0.001361,128.000000,0.196842,55.138825,144.635237,1754.643407,40.864654
752,2.173036,0.581098,0.124860,128.000000,0.196842,58.903761,1.576504,1756.816443,40.989514
753,2.364919,0.591640,0.001252,128.000000,0.196842,54.124469,157.268048,1759.181363,40.990766
754,2.399117,0.577833,0.001321,128.000000,0.196842,53.352970,149.005250,1761.580479,40.992087
755,2.293643,0.577527,0.032457,128.000000,0.196842,55.806406,6.064649,1763.874123,41.024544
756,2.272850,0.589156,0.035914,128.000000,0.196842,56.316958,5.480856,1766.146973,41.060459
757,2.242326,0.575858,0.018786,128.000000,0.196842,57.083577,10.478324,1768.389299,41.079244
758,2.315309,0.575413,0.001330,128.000000,0.196842,55.284191,147.959264,1770.704608,41.080575
759,2.204151,0.570814,0.280891,128.000000,0.196842,58.072253,0.700778,1772.908759,41.361466
760,2.429639,0.564014,0.001316,128.000000,0.196842,52.682713,149.573294,1775.338399,41.362782
761,2.276419,0.591730,0.001392,128.000000,0.196842,56.228656,141.420391,1777.614818,41.364174
762,2.243660,0.576047,0.118420,128.000000,0.196842,57.049640,1.662241,1779.858478,41.482593
763,2.408532,0.595881,0.001378,128.000000,0.196842,53.144405,142.840800,1782.267010,41.483971
764,2.476019,0.586417,0.001306,128.000000,0.196842,51.695891,150.743942,1784.743029,41.485277
765,2.391724,0.586588,0.001314,128.000000,0.196842,53.517886,149.753313,1787.134753,41.486592
766,2.348567,0.581867,0.001412,128.000000,0.196842,54.501316,139.401914,1789.483320,41.488004
767,2.279355,0.583212,0.024195,128.000000,0.196842,56.156248,8.135750,1791.762674,41.512198
768,2.427203,0.569779,0.031201,128.000000,0.196842,52.735597,6.308896,1794.189877,41.543399
769,2.148378,0.589370,0.185667,128.000000,0.196842,59.579825,1.060187,1796.338256,41.729067
770,2.340547,0.575272,0.001233,128.000000,0.196842,54.688074,159.686240,1798.678802,41.730299
771,2.391232,0.578625,0.001307,128.000000,0.196842,53.528901,150.660755,1801.070034,41.731606
772,2.330740,0.567439,0.001264,128.000000,0.196842,54.918179,155.694355,1803.400774,41.732870
773,2.335925,0.584243,0.001323,128.000000,0.196842,54.796275,148.777980,1805.736699,41.734193
774,2.430771,0.574786,0.001366,128.000000,0.196842,52.658192,144.098740,1808.167470,41.735559
775,2.291805,0.577522,0.034258,128.000000,0.196842,55.851174,5.745844,1810.459275,41.769817
776,2.349120,0.568053,0.001390,128.000000,0.196842,54.488487,141.584670,1812.808395,41.771208
777,2.260779,0.572157,0.185454,128.000000,0.196842,56.617643,1.061410,1815.069175,41.956661
778,2.357085,0.583822,0.001301,128.000000,0.196842,54.304362,151.275920,1817.426260,41.957962
779,2.118083,0.568718,0.149879,128.000000,0.196842,60.431999,1.313344,1819.544343,42.107841
780,2.235282,0.575841,0.040314,128.000000,0.196842,57.263465,4.882785,1821.779625,42.148155
781,2.341666,0.586894,0.001374,128.000000,0.196842,54.661936,143.289473,1824.121291,42.149528
782,2.448093,0.580409,0.001350,128.000000,0.196842,52.285604,145.832798,1826.569384,42.150878
783,2.385462,0.572034,0.001314,128.000000,0.196842,53.658360,149.786929,1828.954846,42.152192
784,2.172587,0.588576,0.211053,128.000000,0.196842,58.915938,0.932665,1831.127433,42.363246
785,2.296761,0.567360,0.033383,128.000000,0.196842,55.730656,5.896525,1833.424194,42.396628
786,2.315151,0.568210,0.049259,128.000000,0.196842,55.287959,3.996087,1835.739346,42.445887
787,2.380977,0.575338,0.001347,128.000000,0.196842,53.759436,146.174251,1838.120323,42.447234
788,2.358993,0.588263,0.001380,128.000000,0.196842,54.260441,142.618705,1840.479316,42.448614
789,2.219560,0.569515,0.183128,128.000000,0.196842,57.669091,1.074887,1842.698876,42.631742
790,2.259970,0.569704,0.070326,128.000000,0.196842,56.637922,2.799016,1844.958846,42.702068
791,2.445562,0.575397,0.001370,128.000000,0.196842,52.339715,143.720717,1847.404407,42.703437
792,2.298685,0.588118,0.025827,128.000000,0.196842,55.684011,7.621523,1849.703092,42.729265
793,2.287750,0.575624,0.001346,128.000000,0.196842,55.950163,146.278641,1851.990843,42.730610
794,2.257913,0.574464,0.014200,128.000000,0.196842,56.689515,13.862532,1854.248756,42.744810
795,2.165150,0.572628,0.202212,128.000000,0.196842,59.118300,0.973443,1856.413906,42.947022
796,2.451235,0.570603,0.001281,128.000000,0.196842,52.218569,153.718594,1858.865141,42.948303
797,2.387181,0.575314,0.001360,128.000000,0.196842,53.619724,144.687756,1861.252322,42.949663
798,2.447102,0.581634,0.001346,128.000000,0.196842,52.306765,146.218878,1863.699425,42.951009
799,2.293888,0.572859,0.049181,128.000000,0.196842,55.800455,4.002382,1865.993313,43.000191
800,2.931624,0.572600,0.305133,128.000000,0.196842,43.661813,0.645103,1868.924936,43.305324
801,2.229625,0.570072,0.189224,128.000000,0.196842,57.408752,1.040260,1871.154561,43.494548
802,2.374472,0.569721,0.001363,128.000000,0.196842,53.906715,144.455537,1873.529034,43.495910
803,2.277478,0.581371,0.131056,128.000000,0.196842,56.202510,1.501966,1875.806512,43.626967
804,2.357909,0.587077,0.001240,128.000000,0.196842,54.285386,158.779430,1878.164421,43.628206
805,2.526732,0.568385,0.001322,128.000000,0.196842,50.658325,148.903805,1880.691153,43.629528
806,2.296855,0.582286,0.001330,128.000000,0.196842,55.728367,148.014225,1882.988008,43.630858
807,2.270632,0.588801,0.027875,128.000000,0.196842,56.371971,7.061683,1885.258640,43.658733
808,2.093937,0.587808,0.293053,128.000000,0.196842,61.128860,0.671694,1887.352578,43.951786
809,2.347145,0.569381,0.001365,128.000000,0.196842,54.534327,144.244355,1889.699723,43.953151
810,2.398027,0.568817,0.001309,128.000000,0.196842,53.377206,150.416455,1892.097750,43.954460
811,2.363001,0.571699,0.002521,128.000000,0.196842,54.168399,78.084063,1894.460752,43.956980
812,2.542574,0.569924,0.001443,128.000000,0.196842,50.342688,136.378603,1897.003326,43.958424
813,2.720167,0.585288,0.001346,128.000000,0.196842,47.055942,146.231370,1899.723492,43.959770
814,2.512156,0.568198,0.001308,128.000000,0.196842,50.952255,150.448301,1902.235648,43.961078
815,2.338341,0.569429,0.284647,128.000000,0.196842,54.739659,0.691531,1904.573989,44.245725
816,2.305572,0.568210,0.007036,128.000000,0.196842,55.517671,27.976112,1906.879561,44.252761
817,2.371322,0.584737,0.001270,128.000000,0.196842,53.978331,155.036946,1909.250883,44.254031
818,2.398518,0.583658,0.001357,128.000000,0.196842,53.366292,145.018627,1911.649401,44.255388
819,2.181070,0.588667,0.075276,128.000000,0.196842,58.686786,2.614941,1913.830471,44.330664
820,2.428350,0.581778,0.002022,128.000000,0.196842,52.710681,97.326899,1916.258822,44.332687
821,2.444245,0.586203,0.001326,128.000000,0.196842,52.367918,148.435460,1918.703066,44.334013
822,2.275461,0.583302,0.011540,128.000000,0.196842,56.252344,17.057192,1920.978527,44.345553
823,2.351123,0.593787,0.099911,128.000000,0.196842,54.442058,1.970170,1923.329650,44.445464
824,2.387347,0.587162,0.001260,128.000000,0.196842,53.616009,156.208466,1925.716997,44.446725
825,2.326457,0.572982,0.001311,128.000000,0.196842,55.019284,150.179134,1928.043454,44.448035
826,2.204027,0.589152,0.197370,128.000000,0.196842,58.075502,0.997327,1930.247481,44.645405
827,2.315829,0.586888,0.001362,128.000000,0.196842,55.271774,144.495408,1932.563311,44.646767
828,2.270963,0.582881,0.249352,128.000000,0.196842,56.363744,0.789414,1934.834274,44.896120
829,2.279478,0.569812,0.029699,128.000000,0.196842,56.153208,6.627877,1937.113752,44.925819
830,2.410874,0.577242,0.001226,128.000000,0.196842,53.092769,160.562987,1939.524627,44.927045
831,2.297245,0.585874,0.023803,128.000000,0.196842,55.718906,8.269786,1941.821872,44.950847
832,2.247936,0.571043,0.074441,128.000000,0.196842,56.941132,2.644276,1944.069808,45.025288
833,2.189640,0.567847,0.082943,128.000000,0.196842,58.457098,2.373227,1946.259448,45.108231
834,2.306595,0.590386,0.002691,128.000000,0.196842,55.493058,73.142256,1948.566042,45.110922
835,2.436119,0.583006,0.001300,128.000000,0.196842,52.542587,151.463210,1951.002162,45.112222
836,2.238122,0.579812,0.045391,128.000000,0.196842,57.190799,4.336603,1953.240284,45.157613
837,2.412761,0.567290,0.001426,128.000000,0.196842,53.051263,137.992329,1955.653044,45.159039
838,2.230331,0.567278,0.120019,128.000000,0.196842,57.390593,1.640088,1957.883375,45.279059
839,2.318068,0.573118,0.006093,128.000000,0.196842,55.218408,32.308793,1960.201443,45.285151
840,2.376022,0.570155,0.027659,128.000000,0.196842,53.871549,7.116721,1962.577465,45.312810
841,2.357456,0.572253,0.001283,128.000000,0.196842,54.295820,153.366717,1964.934921,45.314094
842,2.408632,0.584374,0.001489,128.000000,0.196842,53.142203,132.233989,1967.343553,45.315582
843,2.311747,0.582241,0.043771,128.000000,0.196842,55.369376,4.497123,1969.655300,45.359353
844,2.227950,0.586621,0.231547,128.000000,0.196842,57.451928,0.850118,1971.883249,45.590900
845,2.280869,0.578833,0.043218,128.000000,0.196842,56.118954,4.554592,1974.164119,45.634118
846,2.236677,0.582575,0.065640,128.000000,0.196842,57.227762,2.998825,1976.400795,45.699758
847,2.618498,0.585089,0.001404,128.000000,0.196842,48.882993,140.250540,1979.019293,45.701162
848,2.441473,0.589805,0.001287,128.000000,0.196842,52.427374,152.936318,1981.460766,45.702449
849,2.401170,0.585088,0.001313,128.000000,0.196842,53.307335,149.974662,1983.861936,45.703761
850,2.289423,0.587020,0.007470,128.000000,0.196842,55.909278,26.352385,1986.151359,45.711231
851,2.417750,0.578448,0.001301,128.000000,0.196842,52.941774,151.319064,1988.569110,45.712532
852,2.402277,0.568910,0.001366,128.000000,0.196842,53.282777,144.050654,1990.971387,45.713898
853,2.381912,0.585680,0.001298,128.000000,0.196842,53.738340,151.634493,1993.353299,45.715196
854,2.464194,0.592917,0.001330,128.000000,0.196842,51.943958,148.031701,1995.817493,45.716526
855,2.354443,0.585698,0.001406,128.000000,0.196842,54.365307,139.958856,1998.171936,45.717932
856,2.335448,0.586962,0.001385,128.000000,0.196842,54.807472,142.135103,2000.507384,45.719317
857,2.315556,0.589656,0.003528,128.000000,0.196842,55.278303,55.798401,2002.822940,45.722845
858,2.408949,0.574960,0.001406,128.000000,0.196842,53.135195,139.994590,2005.231889,45.724251
859,2.278172,0.571566,0.001350,128.000000,0.196842,56.185403,145.765627,2007.510061,45.725602
860,2.331087,0.568114,0.001308,128.000000,0.196842,54.910008,150.541845,2009.841148,45.726909
861,2.343771,0.573557,0.001325,128.000000,0.196842,54.612833,148.571583,2012.184920,45.728234
862,2.215846,0.574401,0.486841,128.000000,0.196842,57.765755,0.404326,2014.400765,46.215075
863,2.080507,0.581082,0.001294,128.000000,0.196842,61.523452,152.160434,2016.481273,46.216368
864,2.384150,0.586587,0.001364,128.000000,0.196842,53.687889,144.363155,2018.865423,46.217732
865,2.251571,0.584724,0.001221,128.000000,0.196842,56.849186,161.169962,2021.116994,46.218953
866,2.686922,0.575040,0.001326,128.000000,0.196842,47.638145,148.424939,2023.803917,46.220279
867,2.413923,0.574266,0.001339,128.000000,0.196842,53.025722,147.006646,2026.217840,46.221618
868,2.306760,0.583572,0.017400,128.000000,0.196842,55.489080,11.312543,2028.524600,46.239019
869,2.423429,0.567799,0.001294,128.000000,0.196842,52.817730,152.094712,2030.948029,46.240313
870,2.325820,0.588230,0.001315,128.000000,0.196842,55.034353,149.698533,2033.273849,46.241628
871,2.108001,0.566607,0.188228,128.000000,0.196842,60.721027,1.045765,2035.381850,46.429856
872,2.151855,0.569507,0.156486,128.000000,0.196842,59.483571,1.257889,2037.533704,46.586342
873,2.223786,0.588285,0.104270,128.000000,0.196842,57.559483,1.887812,2039.757491,46.690612
874,2.297648,0.568586,0.001268,128.000000,0.196842,55.709135,155.237833,2042.055139,46.691880
875,2.215834,0.570949,0.258921,128.000000,0.196842,57.766066,0.760240,2044.270973,46.950801
876,2.387543,0.575038,0.001302,128.000000,0.196842,53.611611,151.137236,2046.658516,46.952103
877,2.364592,0.588007,0.001426,128.000000,0.196842,54.131960,138.058626,2049.023108,46.953529
878,2.149568,0.578367,0.159210,128.000000,0.196842,59.546852,1.236366,2051.172675,47.112739
879,2.370143,0.571950,0.001287,128.000000,0.196842,54.005187,152.961631,2053.542818,47.114026
880,2.406286,0.581568,0.001354,128.000000,0.196842,53.194017,145.375276,2055.949104,47.115380
881,2.250163,0.587212,0.074047,128.000000,0.196842,56.884764,2.658346,2058.199267,47.189427
882,2.371328,0.584546,0.046818,128.000000,0.196842,53.978189,4.204427,2060.570595,47.236245
883,2.296692,0.565282,0.124570,128.000000,0.196842,55.732326,1.580174,2062.867287,47.360815
884,2.336017,0.571119,0.001330,128.000000,0.196842,54.794112,147.980732,2065.203305,47.362145
885,2.246632,0.572945,0.068688,128.000000,0.196842,56.974168,2.865738,2067.449937,47.430833
886,2.312516,0.565323,0.001237,128.000000,0.196842,55.350975,159.141687,2069.762453,47.432070
887,2.179340,0.588155,0.144008,128.000000,0.196842,58.733374,1.366884,2071.941793,47.576078
888,2.539740,0.576228,0.001309,128.000000,0.196842,50.398856,150.335466,2074.481533,47.577388
889,2.305846,0.572529,0.001293,128.000000,0.196842,55.511084,152.213853,2076.787379,47.578681
890,2.276607,0.579748,0.010030,128.000000,0.196842,56.224031,19.624788,2079.063985,47.588711
891,2.546705,0.584030,0.001437,128.000000,0.196842,50.261024,136.974006,2081.610690,47.590148
892,2.376927,0.571544,0.001415,128.000000,0.196842,53.851049,139.135181,2083.987617,47.591563
893,2.227692,0.570326,0.111713,128.000000,0.196842,57.458569,1.762040,2086.215309,47.703275
894,2.486668,0.590037,0.001333,128.000000,0.196842,51.474501,147.644084,2088.701977,47.704609
895,2.325863,0.580786,0.042728,128.000000,0.196842,55.033345,4.606879,2091.027840,47.747337
896,2.355525,0.578283,0.003694,128.000000,0.196842,54.340321,53.284509,2093.383365,47.751031
897,2.238905,0.584756,0.164297,128.000000,0.196842,57.170806,1.198090,2095.622270,47.915327
898,2.365691,0.592961,0.001294,128.000000,0.196842,54.106809,152.176197,2097.987961,47.916621
899,2.510021,0.587510,0.001293,128.000000,0.196842,50.995596,152.207615,2100.497982,47.917914
900,2.312438,0.570839,0.018465,128.000000,0.196842,55.352825,10.660406,2102.810420,47.936379
901,2.322712,0.595290,0.021496,128.000000,0.196842,55.107985,9.157317,2105.133133,47.957875
902,2.331352,0.585353,0.001399,128.000000,0.196842,54.903772,140.689498,2107.464484,47.959274
903,2.375389,0.566685,0.001372,128.000000,0.196842,53.885907,143.489289,2109.839874,47.960646
904,2.509037,0.571209,0.001305,128.000000,0.196842,51.015591,150.892778,2112.348911,47.961950
905,2.376400,0.592564,0.001305,128.000000,0.196842,53.862984,150.871729,2114.725311,47.963255
906,2.247824,0.584434,0.001239,128.000000,0.196842,56.943966,158.841315,2116.973134,47.964494
907,2.436411,0.570321,0.001375,128.000000,0.196842,52.536291,143.178577,2119.409545,47.965869
908,2.275995,0.571303,0.140163,128.000000,0.196842,56.239137,1.404382,2121.685541,48.106032
909,2.424872,0.570247,0.001329,128.000000,0.196842,52.786298,148.167530,2124.110412,48.107360
910,2.234112,0.571016,0.189881,128.000000,0.196842,57.293456,1.036661,2126.344524,48.297241
911,2.381683,0.571491,0.001291,128.000000,0.196842,53.743518,152.505374,2128.726207,48.298532
912,2.350096,0.581159,0.001331,128.000000,0.196842,54.465852,147.866901,2131.076303,48.299863
913,2.212425,0.593573,0.092099,128.000000,0.196842,57.855076,2.137292,2133.288728,48.391962
914,2.220396,0.583478,0.018224,128.000000,0.196842,57.647379,10.801133,2135.509124,48.410186
915,2.251083,0.585579,0.067027,128.000000,0.196842,56.861516,2.936748,2137.760207,48.477213
916,2.338372,0.587944,0.001332,128.000000,0.196842,54.738937,147.781976,2140.098579,48.478545
917,2.647455,0.569527,0.001336,128.000000,0.196842,48.348318,147.342044,2142.746034,48.479881
918,2.228864,0.584450,0.060130,128.000000,0.196842,57.428346,3.273586,2144.974899,48.540012
919,2.253120,0.568671,0.150312,128.000000,0.196842,56.810119,1.309554,2147.228018,48.690324
920,2.442534,0.567799,0.001302,128.000000,0.196842,52.404593,151.151510,2149.670552,48.691626
921,2.348836,0.573154,0.001395,128.000000,0.196842,54.495070,141.091355,2152.019389,48.693022
922,2.321983,0.575763,0.008324,128.000000,0.196842,55.125303,23.646506,2154.341371,48.701346
923,2.194594,0.579593,0.093401,128.000000,0.196842,58.325148,2.107491,2156.535965,48.794747
924,2.445700,0.581696,0.001292,128.000000,0.196842,52.336749,152.343555,2158.981665,48.796039
925,2.370817,0.571580,0.001289,128.000000,0.196842,53.989823,152.743473,2161.352482,48.797328
926,2.339357,0.587077,0.001324,128.000000,0.196842,54.715895,148.666288,2163.691839,48.798652
927,2.413733,0.588171,0.001314,128.000000,0.196842,53.029888,149.825921,2166.105572,48.799966
928,2.328498,0.589034,0.001349,128.000000,0.196842,54.971051,145.960507,2168.434071,48.801314
929,2.306875,0.572415,0.209869,128.000000,0.196842,55.486322,0.937929,2170.740946,49.011184
930,2.242669,0.582273,0.093185,128.000000,0.196842,57.074851,2.112377,2172.983615,49.104369
931,2.278308,0.588755,0.050310,128.000000,0.196842,56.182055,3.912571,2175.261922,49.154679
932,2.396569,0.566639,0.001303,128.000000,0.196842,53.409698,151.070076,2177.658491,49.155982
933,2.333112,0.589160,0.005421,128.000000,0.196842,54.862356,36.311792,2179.991602,49.161403
934,2.181750,0.584879,0.104437,128.000000,0.196842,58.668503,1.884793,2182.173352,49.265840
935,2.526249,0.588432,0.001307,128.000000,0.196842,50.668000,150.634814,2184.699601,49.267147
936,2.509442,0.589800,0.001314,128.000000,0.196842,51.007354,149.795250,2187.209043,49.268461
937,2.204032,0.567660,0.176793,128.000000,0.196842,58.075377,1.113405,2189.413076,49.445254
938,2.362491,0.571903,0.001384,128.000000,0.196842,54.180105,142.176373,2191.775566,49.446638
939,2.509211,0.565998,0.001317,128.000000,0.196842,51.012057,149.411850,2194.284777,49.447956
940,2.323970,0.573303,0.001276,128.000000,0.196842,55.078174,154.231077,2196.608747,49.449232
941,2.420668,0.588860,0.001291,128.000000,0.196842,52.877958,152.529718,2199.029415,49.450522
942,2.440126,0.587349,0.001306,128.000000,0.196842,52.456297,150.776735,2201.469542,49.451828
943,2.503555,0.572876,0.001367,128.000000,0.196842,51.127287,143.975425,2203.973097,49.453195
944,2.233779,0.579464,0.069403,128.000000,0.196842,57.302008,2.836211,2206.206876,49.522598
945,2.371066,0.591336,0.001306,128.000000,0.196842,53.984148,150.684744,2208.577942,49.523905
946,2.347312,0.596617,0.001611,128.000000,0.196842,54.530467,122.213043,2210.925254,49.525515
947,2.169179,0.571634,0.328147,128.000000,0.196842,59.008512,0.599860,2213.094432,49.853662
948,2.479723,0.565766,0.001384,128.000000,0.196842,51.618675,142.232774,2215.574155,49.855046
949,2.291632,0.583041,0.001227,128.000000,0.196842,55.855398,160.362460,2217.865787,49.856273
950,2.369641,0.587776,0.001310,128.000000,0.196842,54.016615,150.258578,2220.235428,49.857583
951,2.500197,0.635627,0.001330,128.000000,0.196842,51.195970,148.033037,2222.735625,49.858913
952,2.492673,0.568668,0.001327,128.000000,0.196842,51.350491,148.352676,2225.228298,49.860240
953,2.209630,0.595310,0.145301,128.000000,0.196842,57.928249,1.354722,2227.437928,50.005541
954,2.330986,0.585314,0.001325,128.000000,0.196842,54.912392,148.553307,2229.768914,50.006866
955,2.472763,0.573005,0.001299,128.000000,0.196842,51.763957,151.483142,2232.241677,50.008165
956,2.411483,0.588227,0.001332,128.000000,0.196842,53.079361,147.738941,2234.653160,50.009498
957,2.229594,0.575108,0.079361,128.000000,0.196842,57.409557,2.480347,2236.882754,50.088858
958,2.344979,0.575843,0.001330,128.000000,0.196842,54.584715,148.056753,2239.227733,50.090188
959,2.540190,0.586266,0.001319,128.000000,0.196842,50.389923,149.198830,2241.767924,50.091507
960,2.349258,0.589164,0.027871,128.000000,0.196842,54.485287,7.062551,2244.117182,50.119378
961,2.367222,0.585934,0.001283,128.000000,0.196842,54.071825,153.399226,2246.484403,50.120662
962,2.289613,0.574478,0.096089,128.000000,0.196842,55.904642,2.048539,2248.774017,50.216751
963,2.284391,0.571662,0.001354,128.000000,0.196842,56.032445,145.430052,2251.058407,50.218104
964,2.221583,0.572523,0.199331,128.000000,0.196842,57.616582,0.987516,2253.279990,50.417435
965,2.416145,0.581679,0.001333,128.000000,0.196842,52.976951,147.719427,2255.696135,50.418768
966,2.318670,0.588595,0.001309,128.000000,0.196842,55.204063,150.351083,2258.014805,50.420077
967,2.338983,0.586556,0.001305,128.000000,0.196842,54.724633,150.879708,2260.353788,50.421381
968,2.258747,0.591811,0.044366,128.000000,0.196842,56.668590,4.436797,2262.612535,50.465747
969,2.250384,0.581268,0.059389,128.000000,0.196842,56.879179,3.314438,2264.862919,50.525137
970,2.744715,0.586288,0.040486,128.000000,0.196842,46.635080,4.861989,2267.607634,50.565622
971,2.495755,0.583590,0.001305,128.000000,0.196842,51.287077,150.824101,2270.103390,50.566928
972,2.215127,0.593607,0.085990,128.000000,0.196842,57.784485,2.289135,2272.318517,50.652917
973,2.228738,0.581569,0.152598,128.000000,0.196842,57.431616,1.289937,2274.547255,50.805516
974,2.559546,0.588002,0.029319,128.000000,0.196842,50.008863,6.713723,2277.106801,50.834835
975,2.328444,0.587688,0.001291,128.000000,0.196842,54.972328,152.432035,2279.435245,50.836126
976,2.370908,0.571281,0.004140,128.000000,0.196842,53.987763,47.547342,2281.806153,50.840266
977,2.525985,0.588305,0.001298,128.000000,0.196842,50.673298,151.667907,2284.332138,50.841564
978,2.335040,0.578720,0.001385,128.000000,0.196842,54.817042,142.081036,2286.667178,50.842950
979,2.387805,0.569587,0.069524,128.000000,0.196842,53.605722,2.831267,2289.054983,50.912474
980,2.206805,0.588078,0.112030,128.000000,0.196842,58.002408,1.757045,2291.261788,51.024504
981,2.401157,0.583067,0.001290,128.000000,0.196842,53.307627,152.534091,2293.662945,51.025795
982,2.189152,0.574529,0.095934,128.000000,0.196842,58.470123,2.051845,2295.852098,51.121729
983,2.215228,0.594767,0.107723,128.000000,0.196842,57.781870,1.827293,2298.067325,51.229452
984,2.369448,0.571641,0.001296,128.000000,0.196842,54.021013,151.906210,2300.436774,51.230748
985,2.395118,0.573336,0.001311,128.000000,0.196842,53.442046,150.136523,2302.831891,51.232059
986,2.262895,0.570203,0.061047,128.000000,0.196842,56.564709,3.224458,2305.094786,51.293106
987,2.327761,0.577942,0.001309,128.000000,0.196842,54.988469,150.369574,2307.422547,51.294415
988,2.367463,0.585900,0.001374,128.000000,0.196842,54.066307,143.237860,2309.790011,51.295789
989,2.380745,0.595684,0.001315,128.000000,0.196842,53.764692,149.636171,2312.170755,51.297105
990,2.383178,0.587551,0.001295,128.000000,0.196842,53.709802,151.999346,2314.553933,51.298400
991,2.331579,0.581037,0.001246,128.000000,0.196842,54.898424,157.990574,2316.885512,51.299646
992,2.355992,0.580132,0.001267,128.000000,0.196842,54.329565,155.327379,2319.241503,51.300913
993,2.252549,0.578679,0.124434,128.000000,0.196842,56.824515,1.581901,2321.494052,51.425347
994,2.240103,0.587555,0.007139,128.000000,0.196842,57.140225,27.571607,2323.734155,51.432486
995,2.218825,0.569469,0.097274,128.000000,0.196842,57.688192,2.023585,2325.952980,51.529760
996,2.344006,0.569983,0.001297,128.000000,0.196842,54.607362,151.819862,2328.296987,51.531057
997,2.528395,0.575690,0.001305,128.000000,0.196842,50.625008,150.888961,2330.825381,51.532361
998,2.382808,0.584580,0.001361,128.000000,0.196842,53.718131,144.627479,2333.208190,51.533722
999,2.275402,0.575651,0.226682,128.000000,0.196842,56.253802,0.868362,2335.483591,51.760404
1000,2.258585,0.587997,0.124934,128.000000,0.196842,56.672659,1.575571,2337.742176,51.885338
1001,2.250503,0.588422,0.138599,128.000000,0.196842,56.876177,1.420231,2339.992679,52.023937
1002,2.271023,0.569047,0.024757,128.000000,0.196842,56.362274,7.951084,2342.263701,52.048693
1003,2.460829,0.569309,0.001369,128.000000,0.196842,52.014993,143.734780,2344.724530,52.050063
1004,2.373420,0.570486,0.001305,128.000000,0.196842,53.930606,150.854501,2347.097951,52.051368
1005,2.481386,0.568140,0.001296,128.000000,0.196842,51.584068,151.939627,2349.579337,52.052663
1006,2.323596,0.580041,0.001208,128.000000,0.196842,55.087031,162.883709,2351.902933,52.053872
1007,2.369428,0.586196,0.001295,128.000000,0.196842,54.021482,152.018480,2354.272361,52.055167
1008,2.466466,0.585017,0.001399,128.000000,0.196842,51.896120,140.677131,2356.738826,52.056566
1009,2.451655,0.582435,0.001385,128.000000,0.196842,52.209630,142.129151,2359.190481,52.057951
1010,2.317838,0.573974,0.004197,128.000000,0.196842,55.223884,46.900164,2361.508319,52.062148
1011,2.352455,0.588792,0.001312,128.000000,0.196842,54.411244,150.087527,2363.860774,52.063459
1012,2.310153,0.582717,0.021999,128.000000,0.196842,55.407579,8.947678,2366.170927,52.085459
1013,2.320317,0.577417,0.001355,128.000000,0.196842,55.164888,145.249874,2368.491244,52.086814
1014,2.458333,0.590169,0.001341,128.000000,0.196842,52.067798,146.776781,2370.949577,52.088155
1015,2.367274,0.570948,0.001304,128.000000,0.196842,54.070629,150.942648,2373.316851,52.089459
1016,2.337506,0.587336,0.009119,128.000000,0.196842,54.759221,21.585560,2375.654357,52.098578
1017,2.276963,0.579012,0.143346,128.000000,0.196842,56.215233,1.373193,2377.931320,52.241925
1018,2.321723,0.568645,0.001286,128.000000,0.196842,55.131463,153.013117,2380.253043,52.243211
1019,2.129614,0.584973,0.299665,128.000000,0.196842,60.104790,0.656874,2382.382657,52.542876
1020,2.347506,0.570583,0.001313,128.000000,0.196842,54.525951,149.922575,2384.730163,52.544189
1021,2.444731,0.588448,0.001361,128.000000,0.196842,52.357490,144.608567,2387.174895,52.545550
1022,2.360674,0.586173,0.001288,128.000000,0.196842,54.221798,152.832774,2389.535569,52.546838
1023,2.200460,0.590630,0.232463,128.000000,0.196842,58.169658,0.846769,2391.736029,52.779301
1024,2.262304,0.578307,0.086796,128.000000,0.196842,56.579493,2.267875,2393.998333,52.866097
1025,2.411157,0.588907,0.001430,128.000000,0.196842,53.086537,137.608484,2396.409490,52.867527
1026,2.372111,0.577846,0.001277,128.000000,0.196842,53.960378,154.168264,2398.781601,52.868804
1027,2.240367,0.592458,0.035079,128.000000,0.196842,57.133497,5.611404,2401.021968,52.903883
1028,2.314834,0.588304,0.004626,128.000000,0.196842,55.295541,42.552129,2403.336802,52.908509
1029,2.449617,0.571571,0.001368,128.000000,0.196842,52.253062,143.907850,2405.786419,52.909877
1030,2.314876,0.587881,0.001304,128.000000,0.196842,55.294538,150.901569,2408.101295,52.911181
1031,2.444373,0.586856,0.001287,128.000000,0.196842,52.365167,152.953430,2410.545668,52.912468
1032,2.276165,0.587890,0.001249,128.000000,0.196842,56.234945,157.619900,2412.821833,52.913717
1033,2.394249,0.595397,0.095731,128.000000,0.196842,53.461443,2.056194,2415.216082,53.009448
1034,2.379101,0.589979,0.006016,128.000000,0.196842,53.801826,32.717920,2417.595183,53.015464
1035,2.262108,0.589127,0.044556,128.000000,0.196842,56.584383,4.417854,2419.857291,53.060020
1036,2.410257,0.581900,0.001296,128.000000,0.196842,53.106368,151.879369,2422.267549,53.061317
1037,2.363682,0.593695,0.001322,128.000000,0.196842,54.152797,148.934449,2424.631231,53.062638
1038,2.137440,0.569489,0.206185,128.000000,0.196842,59.884725,0.954686,2426.768671,53.268823
1039,2.421516,0.573589,0.001297,128.000000,0.196842,52.859452,151.747180,2429.190186,53.270121
1040,2.344256,0.573159,0.001303,128.000000,0.196842,54.601534,151.069844,2431.534443,53.271424
1041,2.397693,0.571341,0.007685,128.000000,0.196842,53.384654,25.614982,2433.932136,53.279108
1042,2.218038,0.576600,0.173728,128.000000,0.196842,57.708656,1.133049,2436.150174,53.452836
1043,2.443614,0.571752,0.001335,128.000000,0.196842,52.381434,147.445900,2438.593788,53.454171
1044,2.479311,0.587674,0.001305,128.000000,0.196842,51.627242,150.803303,2441.073099,53.455476
1045,2.219317,0.571677,0.230879,128.000000,0.196842,57.675399,0.852577,2443.292416,53.686356
1046,2.280425,0.584685,0.001236,128.000000,0.196842,56.129889,159.240045,2445.572841,53.687592
1047,2.280165,0.572115,0.019484,128.000000,0.196842,56.136277,10.102579,2447.853006,53.707076
1048,2.331653,0.570078,0.065930,128.000000,0.196842,54.896684,2.985623,2450.184659,53.773006
1049,2.563391,0.588358,0.001298,128.000000,0.196842,49.933865,151.630872,2452.748050,53.774304
1050,2.404664,0.574411,0.125392,128.000000,0.196842,53.229885,1.569821,2455.152714,53.899696
1051,2.279254,0.570030,0.001221,128.000000,0.196842,56.158724,161.148983,2457.431968,53.900917
1052,2.370404,0.583824,0.001315,128.000000,0.196842,53.999238,149.723469,2459.802372,53.902232
1053,2.477326,0.572526,0.001355,128.000000,0.196842,51.668608,145.306809,2462.279698,53.903587
1054,2.182163,0.587687,0.269488,128.000000,0.196842,58.657403,0.730430,2464.461861,54.173075
1055,2.389366,0.571303,0.001364,128.000000,0.196842,53.570687,144.285484,2466.851227,54.174439
1056,2.352642,0.580269,0.001319,128.000000,0.196842,54.406927,149.285618,2469.203869,54.175758
1057,2.201919,0.572390,0.114278,128.000000,0.196842,58.131124,1.722492,2471.405787,54.290035
1058,2.397877,0.590614,0.001408,128.000000,0.196842,53.380556,139.831992,2473.803664,54.291443
1059,2.345772,0.586631,0.001341,128.000000,0.196842,54.566258,146.779188,2476.149436,54.292784
1060,2.336938,0.586580,0.001343,128.000000,0.196842,54.772524,146.594671,2478.486374,54.294127
1061,2.270919,0.583964,0.109165,128.000000,0.196842,56.364835,1.803158,2480.757294,54.403292
1062,2.499469,0.586521,0.001251,128.000000,0.196842,51.210874,157.332156,2483.256763,54.404543
1063,2.239035,0.574439,0.116228,128.000000,0.196842,57.167493,1.693584,2485.495798,54.520771
1064,2.355353,0.585882,0.001334,128.000000,0.196842,54.344298,147.579992,2487.851151,54.522105
1065,2.342810,0.590305,0.001270,128.000000,0.196842,54.635246,154.983724,2490.193961,54.523375
1066,1.990484,0.590530,0.354956,128.000000,0.196842,64.305968,0.554555,2492.184445,54.878331
1067,2.249609,0.587408,0.069887,128.000000,0.196842,56.898780,2.816581,2494.434053,54.948218
1068,2.185968,0.587131,0.114155,128.000000,0.196842,58.555297,1.724348,2496.620021,55.062372
1069,2.391589,0.569362,0.001323,128.000000,0.196842,53.520902,148.784614,2499.011610,55.063695
1070,2.370002,0.572912,0.001252,128.000000,0.196842,54.008387,157.271064,2501.381613,55.064947
1071,2.406850,0.570013,0.001298,128.000000,0.196842,53.181543,151.635777,2503.788463,55.066245
1072,2.267868,0.591621,0.024619,128.000000,0.196842,56.440672,7.995565,2506.056331,55.090864
1073,2.426234,0.572267,0.007037,128.000000,0.196842,52.756660,27.971521,2508.482565,55.097901
1074,2.343765,0.572256,0.001383,128.000000,0.196842,54.612981,142.313599,2510.826330,55.099284
1075,2.319262,0.568781,0.053920,128.000000,0.196842,55.189982,3.650614,2513.145591,55.153205
1076,2.395176,0.595381,0.001261,128.000000,0.196842,53.440743,156.110721,2515.540768,55.154465
1077,2.186724,0.573395,0.146589,128.000000,0.196842,58.535041,1.342813,2517.727492,55.301055
1078,2.297727,0.570642,0.029169,128.000000,0.196842,55.707217,6.748343,2520.025219,55.330224
1079,2.275901,0.572520,0.067740,128.000000,0.196842,56.241471,2.905857,2522.301120,55.397964
1080,2.347768,0.573515,0.001332,128.000000,0.196842,54.519870,147.792295,2524.648888,55.399296
1081,2.264918,0.571643,0.041883,128.000000,0.196842,56.514187,4.699803,2526.913806,55.441179
1082,2.373578,0.580841,0.001368,128.000000,0.196842,53.927036,143.942682,2529.287383,55.442546
1083,2.351618,0.573983,0.001382,128.000000,0.196842,54.430602,142.429961,2531.639002,55.443928
1084,2.334309,0.572723,0.001361,128.000000,0.196842,54.834223,144.657877,2533.973310,55.445289
1085,2.394564,0.576310,0.216663,128.000000,0.196842,53.454403,0.908516,2536.367875,55.661952
1086,2.148834,0.574280,0.001269,128.000000,0.196842,59.567183,155.057830,2538.516709,55.663222
1087,2.360710,0.587576,0.001318,128.000000,0.196842,54.220986,149.370013,2540.877418,55.664540
1088,2.388511,0.576177,0.174649,128.000000,0.196842,53.589883,1.127074,2543.265929,55.839188
1089,2.495933,0.586950,0.001390,128.000000,0.196842,51.283427,141.659358,2545.761862,55.840578
1090,2.288711,0.570788,0.023818,128.000000,0.196842,55.926686,8.264375,2548.050573,55.864396
1091,2.663469,0.567645,0.001293,128.000000,0.196842,48.057620,152.238339,2550.714042,55.865689
1092,2.052302,0.585996,0.327256,128.000000,0.196842,62.368977,0.601493,2552.766344,56.192945
1093,2.373408,0.585793,0.001293,128.000000,0.196842,53.930894,152.206438,2555.139752,56.194239
1094,2.350530,0.573677,0.057215,128.000000,0.196842,54.455803,3.440367,2557.490282,56.251454
1095,2.284185,0.570849,0.001318,128.000000,0.196842,56.037493,149.362193,2559.774467,56.252772
1096,2.353119,0.572872,0.001330,128.000000,0.196842,54.395891,147.971721,2562.127586,56.254102
1097,2.391929,0.585784,0.001444,128.000000,0.196842,53.513301,136.287767,2564.519515,56.255546
1098,2.124733,0.571115,0.232970,128.000000,0.196842,60.242856,0.844926,2566.644248,56.488516
1099,2.364448,0.585739,0.001499,128.000000,0.196842,54.135262,131.336964,2569.008696,56.490015
1100,2.138332,0.586505,0.001301,128.000000,0.196842,59.859732,151.244304,2571.147028,56.491316
