step,read_time_sec,compute_time_sec,write_time_sec,data_read_mb,data_written_mb,read_throughput_mb_s,write_throughput_mb_s,cumulative_read_time,cumulative_write_time
1,2.711909,0.102054,0.105846,32.000000,0.050358,11.799805,0.475763,2.711909,0.105846
2,2.258992,0.086795,0.262804,32.000000,0.050358,14.165610,0.191618,4.970901,0.368650
3,2.420200,0.100318,0.130176,32.000000,0.050358,13.222046,0.386846,7.391102,0.498826
4,2.090202,0.077138,0.585073,32.000000,0.050358,15.309523,0.086071,9.481304,1.083899
5,2.055230,0.075300,0.603722,32.000000,0.050358,15.570031,0.083412,11.536534,1.687621
6,2.420738,0.106011,0.204555,32.000000,0.050358,13.219110,0.246183,13.957272,1.892176
7,2.539290,0.100943,0.001862,32.000000,0.050358,12.601947,27.042880,16.496562,1.894038
8,2.348346,0.099354,0.088005,32.000000,0.050358,13.626614,0.572217,18.844908,1.982043
9,2.484722,0.099148,0.086067,32.000000,0.050358,12.878703,0.585098,21.329630,2.068110
10,2.350158,0.102133,0.295278,32.000000,0.050358,13.616103,0.170544,23.679789,2.363388
11,2.232739,0.099746,0.395173,32.000000,0.050358,14.332171,0.127432,25.912528,2.758561
12,2.058906,0.073953,0.594814,32.000000,0.050358,15.542237,0.084662,27.971434,3.353374
13,2.267061,0.102049,0.330527,32.000000,0.050358,14.115192,0.152356,30.238495,3.683902
14,2.401384,0.100177,0.226677,32.000000,0.050358,13.325651,0.222156,32.639878,3.910579
15,2.482950,0.100077,0.139784,32.000000,0.050358,12.887897,0.360255,35.122828,4.050363
16,2.158474,0.075800,0.459228,32.000000,0.050358,14.825288,0.109658,37.281302,4.509591
17,2.277693,0.099199,0.188167,32.000000,0.050358,14.049303,0.267623,39.558995,4.697757
18,2.370049,0.102551,0.101132,32.000000,0.050358,13.501829,0.497941,41.929045,4.798889
19,2.397631,0.104747,0.080221,32.000000,0.050358,13.346505,0.627738,44.326676,4.879110
20,2.430976,0.100251,0.229732,32.000000,0.050358,13.163438,0.219202,46.757652,5.108843
21,2.229742,0.102309,0.322633,32.000000,0.050358,14.351437,0.156084,48.987394,5.431476
22,2.384170,0.102214,0.197236,32.000000,0.050358,13.421859,0.255318,51.371564,5.628712
23,2.312495,0.075557,0.450160,32.000000,0.050358,13.837869,0.111867,53.684059,6.078872
24,2.406943,0.103092,0.163385,32.000000,0.050358,13.294874,0.308216,56.091002,6.242256
25,2.426184,0.103437,0.237927,32.000000,0.050358,13.189438,0.211653,58.517185,6.480183
26,2.504624,0.102799,0.118488,32.000000,0.050358,12.776370,0.425004,61.021809,6.598671
27,2.482746,0.104663,0.052334,32.000000,0.050358,12.888954,0.962247,63.504555,6.651004
28,2.427854,0.099701,0.375897,32.000000,0.050358,13.180363,0.133967,65.932410,7.026902
29,2.481500,0.099635,0.168581,32.000000,0.050358,12.895428,0.298716,68.413909,7.195483
30,2.196643,0.101326,0.513621,32.000000,0.050358,14.567683,0.098045,70.610552,7.709104
31,2.512184,0.099313,0.062723,32.000000,0.050358,12.737919,0.802859,73.122736,7.771827
32,2.162747,0.108730,0.537751,32.000000,0.050358,14.795998,0.093645,75.285483,8.309578
33,2.148329,0.084685,0.499763,32.000000,0.050358,14.895299,0.100763,77.433812,8.809341
34,2.607083,0.100097,0.233089,32.000000,0.050358,12.274253,0.216045,80.040896,9.042431
35,2.522753,0.100290,0.115711,32.000000,0.050358,12.684557,0.435202,82.563648,9.158142
36,2.242311,0.087675,0.461371,32.000000,0.050358,14.270991,0.109148,84.805959,9.619513
37,2.557517,0.100236,0.074806,32.000000,0.050358,12.512137,0.673176,87.363476,9.694319
38,2.486504,0.100289,0.168164,32.000000,0.050358,12.869475,0.299456,89.849980,9.862483
39,2.514014,0.101727,0.092796,32.000000,0.050358,12.728647,0.542669,92.363994,9.955280
40,2.419779,0.101783,0.189623,32.000000,0.050358,13.224349,0.265569,94.783773,10.144903
41,2.569775,0.102368,0.062852,32.000000,0.050358,12.452453,0.801213,97.353548,10.207755
42,2.095755,0.089249,0.510572,32.000000,0.050358,15.268960,0.098630,99.449303,10.718326
43,2.350874,0.102573,0.165780,32.000000,0.050358,13.611957,0.303762,101.800177,10.884107
44,2.297672,0.103290,0.225504,32.000000,0.050358,13.927142,0.223312,104.097849,11.109611
45,2.386199,0.102779,0.137495,32.000000,0.050358,13.410450,0.366253,106.484048,11.247106
46,2.190260,0.092673,0.435705,32.000000,0.050358,14.610139,0.115578,108.674308,11.682811
47,2.414964,0.101991,0.001947,32.000000,0.050358,13.250714,25.858616,111.089272,11.684758
48,2.365260,0.104538,0.200907,32.000000,0.050358,13.529168,0.250652,113.454532,11.885666
49,2.418503,0.106674,0.158999,32.000000,0.050358,13.231325,0.316718,115.873035,12.044665
50,2.397498,0.102442,0.291586,32.000000,0.050358,13.347248,0.172703,118.270533,12.336251
51,2.293498,0.102307,0.372515,32.000000,0.050358,13.952484,0.135184,120.564032,12.708765
52,2.480179,0.105399,0.192199,32.000000,0.050358,12.902296,0.262008,123.044210,12.900965
53,2.626537,0.100052,0.067506,32.000000,0.050358,12.183343,0.745972,125.670747,12.968471
54,2.044722,0.072842,0.654972,32.000000,0.050358,15.650052,0.076885,127.715469,13.623443
55,2.182595,0.088509,0.469506,32.000000,0.050358,14.661445,0.107257,129.898064,14.092948
56,2.425302,0.101043,0.150986,32.000000,0.050358,13.194232,0.333527,132.323366,14.243934
57,2.463960,0.089789,0.330301,32.000000,0.050358,12.987225,0.152460,134.787326,14.574235
58,2.200994,0.075919,0.587772,32.000000,0.050358,14.538885,0.085676,136.988320,15.162007
59,2.666721,0.100047,0.311556,32.000000,0.050358,11.999755,0.161633,139.655041,15.473563
60,2.276081,0.076171,0.491066,32.000000,0.050358,14.059255,0.102548,141.931122,15.964629
61,2.623727,0.103630,0.173363,32.000000,0.050358,12.196392,0.290476,144.554849,16.137992
62,2.382978,0.100276,0.361546,32.000000,0.050358,13.428577,0.139285,146.937827,16.499538
63,2.470016,0.101213,0.150530,32.000000,0.050358,12.955382,0.334537,149.407843,16.650068
64,2.229605,0.073270,0.712964,32.000000,0.050358,14.352317,0.070632,151.637448,17.363032
65,2.439959,0.100812,0.141573,32.000000,0.050358,13.114973,0.355701,154.077407,17.504606
66,2.268886,0.101510,0.598585,32.000000,0.050358,14.103836,0.084128,156.346293,18.103191
67,2.212767,0.076248,0.447563,32.000000,0.050358,14.461532,0.112516,158.559060,18.550753
68,2.372857,0.102117,0.298752,32.000000,0.050358,13.485855,0.168561,160.931917,18.849505
69,2.339977,0.103096,0.292466,32.000000,0.050358,13.675346,0.172183,163.271894,19.141971
70,2.726103,0.104926,0.133229,32.000000,0.050358,11.738370,0.377981,165.997997,19.275200
71,2.314347,0.086303,0.338266,32.000000,0.050358,13.826797,0.148871,168.312344,19.613466
72,2.623593,0.100453,0.135523,32.000000,0.050358,12.197015,0.371581,170.935936,19.748989
73,2.253619,0.079822,0.402566,32.000000,0.050358,14.199382,0.125092,173.189556,20.151555
74,2.493873,0.099797,0.252374,32.000000,0.050358,12.831447,0.199537,175.683429,20.403929
75,2.393720,0.094946,0.367697,32.000000,0.050358,13.368315,0.136955,178.077149,20.771626
76,2.230266,0.076807,0.544213,32.000000,0.050358,14.348062,0.092533,180.307415,21.315839
77,2.573639,0.100225,0.001915,32.000000,0.050358,12.433758,26.301236,182.881054,21.317754
78,2.522756,0.103222,0.097770,32.000000,0.050358,12.684541,0.515066,185.403809,21.415523
79,2.293906,0.103386,0.221818,32.000000,0.050358,13.950005,0.227023,187.697715,21.637342
80,2.260971,0.077461,0.397927,32.000000,0.050358,14.153214,0.126550,189.958686,22.035268
81,2.587386,0.100024,0.072800,32.000000,0.050358,12.367696,0.691726,192.546072,22.108069
82,2.449639,0.104914,0.032775,32.000000,0.050358,13.063147,1.536467,194.995711,22.140844
83,2.432384,0.102773,0.229752,32.000000,0.050358,13.155815,0.219184,197.428096,22.370595
84,2.591798,0.104326,0.151120,32.000000,0.050358,12.346642,0.333230,200.019893,22.521716
85,2.520711,0.106568,0.054176,32.000000,0.050358,12.694833,0.929524,202.540604,22.575891
86,2.306993,0.113779,0.373088,32.000000,0.050358,13.870872,0.134976,204.847597,22.948980
87,2.301490,0.088269,0.336140,32.000000,0.050358,13.904036,0.149812,207.149087,23.285120
88,2.686702,0.106078,0.108483,32.000000,0.050358,11.910513,0.464199,209.835789,23.393603
89,2.125988,0.077674,0.499448,32.000000,0.050358,15.051823,0.100827,211.961777,23.893051
90,2.045661,0.073383,0.686671,32.000000,0.050358,15.642867,0.073336,214.007438,24.579723
91,2.548373,0.076575,0.514753,32.000000,0.050358,12.557030,0.097829,216.555811,25.094476
92,2.435808,0.104555,0.086830,32.000000,0.050358,13.137326,0.579962,218.991619,25.181306
93,2.355803,0.087535,0.620701,32.000000,0.050358,13.583479,0.081131,221.347422,25.802006
94,2.730853,0.099905,0.032168,32.000000,0.050358,11.717949,1.565468,224.078275,25.834174
95,2.502325,0.093933,0.441291,32.000000,0.050358,12.788108,0.114115,226.580600,26.275465
96,2.548732,0.099964,0.080391,32.000000,0.050358,12.555264,0.626412,229.129332,26.355856
97,4.387907,0.103917,0.365526,32.000000,0.050358,7.292770,0.137768,233.517239,26.721382
98,2.674319,0.103218,0.420650,32.000000,0.050358,11.965665,0.119714,236.191558,27.142032
99,2.682874,0.102534,0.138606,32.000000,0.050358,11.927507,0.363317,238.874432,27.280637
100,2.836567,0.102704,0.247804,32.000000,0.050358,11.281243,0.203216,241.710998,27.528442
101,2.759156,0.100191,0.233428,32.000000,0.050358,11.597750,0.215732,244.470154,27.761869
102,2.744193,0.100192,0.265565,32.000000,0.050358,11.660989,0.189625,247.214347,28.027434
103,3.006687,0.109904,0.291657,32.000000,0.050358,10.642945,0.172661,250.221034,28.319091
104,2.622029,0.079716,0.480317,32.000000,0.050358,12.204289,0.104843,252.843063,28.799408
105,2.845789,0.101678,0.001884,32.000000,0.050358,11.244683,26.727260,255.688852,28.801292
106,2.520590,0.102051,0.255629,32.000000,0.050358,12.695438,0.196995,258.209442,29.056922
107,2.867039,0.099150,0.353422,32.000000,0.050358,11.161340,0.142487,261.076482,29.410343
108,2.726675,0.074526,0.419751,32.000000,0.050358,11.735905,0.119971,263.803157,29.830094
109,2.976789,0.105007,0.448298,32.000000,0.050358,10.749838,0.112331,266.779946,30.278392
110,2.910084,0.077048,0.396014,32.000000,0.050358,10.996245,0.127162,269.690030,30.674407
111,2.651263,0.075553,0.537541,32.000000,0.050358,12.069718,0.093682,272.341293,31.211948
112,2.600471,0.078093,0.435947,32.000000,0.050358,12.305461,0.115514,274.941765,31.647895
113,2.886755,0.099743,0.023118,32.000000,0.050358,11.085113,2.178262,277.828519,31.671013
114,2.711744,0.077300,0.501400,32.000000,0.050358,11.800522,0.100434,280.540264,32.172413
115,2.760796,0.093980,0.715500,32.000000,0.050358,11.590861,0.070381,283.301060,32.887914
116,2.712059,0.100556,0.098322,32.000000,0.050358,11.799153,0.512172,286.013119,32.986236
117,2.884394,0.099986,0.039761,32.000000,0.050358,11.094183,1.266505,288.897513,33.025997
118,2.880594,0.102496,0.282098,32.000000,0.050358,11.108819,0.178512,291.778107,33.308095
119,2.671169,0.100562,0.291313,32.000000,0.050358,11.979772,0.172865,294.449277,33.599408
120,2.736913,0.100264,0.466739,32.000000,0.050358,11.692005,0.107893,297.186190,34.066147
121,2.682008,0.099480,0.165184,32.000000,0.050358,11.931359,0.304860,299.868198,34.231331
122,2.925833,0.102524,0.052081,32.000000,0.050358,10.937056,0.966919,302.794031,34.283412
123,2.507845,0.087183,0.773101,32.000000,0.050358,12.759958,0.065137,305.301876,35.056513
124,2.321343,0.083639,0.557463,32.000000,0.050358,13.785123,0.090334,307.623219,35.613976
125,2.865293,0.102177,0.442896,32.000000,0.050358,11.168144,0.113701,310.488512,36.056873
126,2.765039,0.102140,0.309229,32.000000,0.050358,11.573073,0.162850,313.253551,36.366102
127,2.615135,0.105553,0.257959,32.000000,0.050358,12.236462,0.195216,315.868686,36.624061
128,2.557034,0.076560,0.625251,32.000000,0.050358,12.514500,0.080540,318.425720,37.249312
129,2.485532,0.077510,0.442340,32.000000,0.050358,12.874507,0.113844,320.911252,37.691652
130,2.684203,0.106058,0.214485,32.000000,0.050358,11.921600,0.234785,323.595455,37.906137
131,2.288917,0.077078,0.567189,32.000000,0.050358,13.980413,0.088785,325.884372,38.473326
132,3.285555,0.102010,0.001882,32.000000,0.050358,9.739602,26.759954,329.169927,38.475208
133,2.918384,0.100089,0.001932,32.000000,0.050358,10.964972,26.064719,332.088311,38.477140
134,2.797328,0.102866,0.166924,32.000000,0.050358,11.439489,0.301680,334.885639,38.644064
135,2.843961,0.102551,0.242681,32.000000,0.050358,11.251913,0.207506,337.729600,38.886745
136,2.437461,0.075779,0.474453,32.000000,0.050358,13.128416,0.106139,340.167061,39.361198
137,2.677445,0.100396,0.371949,32.000000,0.050358,11.951692,0.135389,342.844506,39.733147
138,3.048339,0.102370,0.070538,32.000000,0.050358,10.497519,0.713911,345.892845,39.803685
139,2.462548,0.102490,0.338582,32.000000,0.050358,12.994673,0.148732,348.355393,40.142266
140,2.326991,0.083110,0.513108,32.000000,0.050358,13.751667,0.098143,350.682383,40.655374
141,2.350730,0.116103,0.264356,32.000000,0.050358,13.612793,0.190493,353.033113,40.919730
142,2.440318,0.112495,0.720552,32.000000,0.050358,13.113047,0.069888,355.473431,41.640282
143,2.269402,0.075283,0.725936,32.000000,0.050358,14.100633,0.069370,357.742833,42.366218
144,2.747305,0.100024,0.047592,32.000000,0.050358,11.647778,1.058119,360.490138,42.413810
145,2.655343,0.100102,0.244706,32.000000,0.050358,12.051175,0.205789,363.145480,42.658515
146,2.791024,0.100454,0.183642,32.000000,0.050358,11.465326,0.274217,365.936504,42.842158
147,2.725960,0.100230,0.316982,32.000000,0.050358,11.738982,0.158867,368.662465,43.159139
148,2.706636,0.118861,0.203569,32.000000,0.050358,11.822794,0.247375,371.369101,43.362708
149,2.628256,0.077016,0.434904,32.000000,0.050358,12.175373,0.115791,373.997357,43.797612
150,3.130602,0.099656,0.155023,32.000000,0.050358,10.221675,0.324840,377.127959,43.952636
151,2.560706,0.076779,0.450035,32.000000,0.050358,12.496556,0.111898,379.688665,44.402671
152,2.976736,0.102470,0.212010,32.000000,0.050358,10.750030,0.237526,382.665401,44.614680
153,2.605435,0.102311,0.226599,32.000000,0.050358,12.282016,0.222233,385.270836,44.841279
154,2.890158,0.102564,0.208124,32.000000,0.050358,11.072059,0.241961,388.160994,45.049403
155,2.952257,0.103129,0.100484,32.000000,0.050358,10.839165,0.501154,391.113251,45.149887
156,2.941778,0.104950,0.181383,32.000000,0.050358,10.877775,0.277633,394.055029,45.331270
157,2.885201,0.102194,0.001771,32.000000,0.050358,11.091082,28.436495,396.940230,45.333041
158,2.785755,0.075818,0.866421,32.000000,0.050358,11.487010,0.058122,399.725986,46.199461
159,2.773369,0.099787,0.098913,32.000000,0.050358,11.538311,0.509110,402.499355,46.298375
160,2.357189,0.102441,0.343504,32.000000,0.050358,13.575493,0.146600,404.856544,46.641879
161,2.474207,0.076118,0.485941,32.000000,0.050358,12.933438,0.103629,407.330751,47.127820
162,2.746989,0.100056,0.213705,32.000000,0.050358,11.649119,0.235642,410.077740,47.341525
163,2.622523,0.092263,0.445572,32.000000,0.050358,12.201989,0.113018,412.700263,47.787097
164,3.342956,0.102222,0.002002,32.000000,0.050358,9.572367,25.150062,416.043219,47.789099
165,2.349730,0.084053,1.060032,32.000000,0.050358,13.618584,0.047506,418.392949,48.849130
166,2.139986,0.073797,0.761445,32.000000,0.050358,14.953370,0.066135,420.532935,49.610575
167,3.086068,0.100074,0.001951,32.000000,0.050358,10.369180,25.811775,423.619004,49.612526
168,3.090619,0.100103,0.036146,32.000000,0.050358,10.353911,1.393172,426.709623,49.648673
169,2.692070,0.099350,0.322593,32.000000,0.050358,11.886764,0.156103,429.401693,49.971265
170,2.840611,0.102060,0.397305,32.000000,0.050358,11.265180,0.126749,432.242304,50.368570
171,2.935495,0.106578,0.275903,32.000000,0.050358,10.901059,0.182520,435.177799,50.644473
172,2.713407,0.102452,0.306204,32.000000,0.050358,11.793294,0.164459,437.891206,50.950677
173,2.927637,0.102400,0.136221,32.000000,0.050358,10.930318,0.369678,440.818842,51.086897
174,2.699131,0.074377,0.524572,32.000000,0.050358,11.855669,0.095998,443.517973,51.611469
175,3.514658,0.099171,0.015389,32.000000,0.050358,9.104727,3.272261,447.032631,51.626859
176,2.725432,0.074161,0.411351,32.000000,0.050358,11.741259,0.122421,449.758063,52.038210
177,3.408157,0.100248,0.287172,32.000000,0.050358,9.389240,0.175358,453.166219,52.325381
178,2.244172,0.103175,0.394963,32.000000,0.050358,14.259153,0.127500,455.410392,52.720344
179,2.843976,0.100286,0.133435,32.000000,0.050358,11.251855,0.377397,458.254367,52.853779
180,2.746806,0.100128,0.069849,32.000000,0.050358,11.649896,0.720956,461.001173,52.923628
181,2.760738,0.100250,0.058705,32.000000,0.050358,11.591102,0.857809,463.761911,52.982333
182,2.555226,0.075559,0.649922,32.000000,0.050358,12.523354,0.077483,466.317137,53.632254
183,3.000304,0.102086,0.017455,32.000000,0.050358,10.665586,2.884932,469.317441,53.649710
184,2.620171,0.086413,0.470109,32.000000,0.050358,12.212943,0.107119,471.937612,54.119819
185,2.419758,0.102191,0.474147,32.000000,0.050358,13.224465,0.106207,474.357370,54.593966
186,2.416443,0.083582,0.611425,32.000000,0.050358,13.242604,0.082361,476.773813,55.205391
187,2.639819,0.100198,0.224388,32.000000,0.050358,12.122043,0.224423,479.413632,55.429780
188,2.739225,0.104583,0.142661,32.000000,0.050358,11.682137,0.352991,482.152857,55.572440
189,2.666406,0.074261,0.629878,32.000000,0.050358,12.001172,0.079949,484.819264,56.202318
190,2.417578,0.120149,0.556183,32.000000,0.050358,13.236389,0.090542,487.236841,56.758501
191,2.403297,0.082714,0.469479,32.000000,0.050358,13.315042,0.107263,489.640138,57.227980
192,2.554527,0.102194,0.334594,32.000000,0.050358,12.526783,0.150504,492.194665,57.562574
193,3.322776,0.102372,0.001794,32.000000,0.050358,9.630501,28.076049,495.517441,57.564368
194,2.713434,0.102857,0.211968,32.000000,0.050358,11.793176,0.237573,498.230875,57.776336
195,2.673210,0.102157,0.383528,32.000000,0.050358,11.970625,0.131301,500.904085,58.159864
196,2.524344,0.095325,0.433590,32.000000,0.050358,12.676559,0.116142,503.428429,58.593454
197,2.707778,0.102606,0.188778,32.000000,0.050358,11.817808,0.266756,506.136207,58.782233
198,2.797063,0.102014,0.434984,32.000000,0.050358,11.440572,0.115769,508.933270,59.217216
199,2.786963,0.102939,0.242075,32.000000,0.050358,11.482034,0.208026,511.720233,59.459291
200,2.697046,0.106648,0.162197,32.000000,0.050358,11.864833,0.310473,514.417279,59.621488
201,2.407558,0.074895,0.615559,32.000000,0.050358,13.291478,0.081808,516.824837,60.237047
202,2.596975,0.103716,0.301805,32.000000,0.050358,12.322029,0.166856,519.421811,60.538852
203,2.621177,0.102465,0.375176,32.000000,0.050358,12.208257,0.134224,522.042988,60.914028
204,2.831305,0.095248,0.357523,32.000000,0.050358,11.302210,0.140852,524.874293,61.271551
205,2.499559,0.099330,0.516793,32.000000,0.050358,12.802257,0.097443,527.373852,61.788344
206,3.031056,0.100132,0.242164,32.000000,0.050358,10.557378,0.207950,530.404908,62.030507
207,2.649703,0.076610,0.490610,32.000000,0.050358,12.076824,0.102643,533.054611,62.521117
208,2.776016,0.104065,0.148945,32.000000,0.050358,11.527313,0.338096,535.830627,62.670062
209,2.822387,0.102151,0.166067,32.000000,0.050358,11.337922,0.303237,538.653013,62.836129
210,2.434516,0.089206,0.484868,32.000000,0.050358,13.144299,0.103859,541.087529,63.320997
211,2.755474,0.100054,0.236858,32.000000,0.050358,11.613246,0.212608,543.843003,63.557855
212,2.711764,0.100362,0.223510,32.000000,0.050358,11.800436,0.225305,546.554767,63.781364
213,2.977356,0.101606,0.001996,32.000000,0.050358,10.747789,25.229583,549.532124,63.783360
214,2.815772,0.075064,0.444780,32.000000,0.050358,11.364556,0.113220,552.347896,64.228140
215,2.717142,0.105270,0.401817,32.000000,0.050358,11.777082,0.125325,555.065038,64.629958
216,2.480264,0.075887,0.541336,32.000000,0.050358,12.901850,0.093025,557.545302,65.171294
217,3.249967,0.102549,0.237507,32.000000,0.050358,9.846254,0.212027,560.795269,65.408801
218,2.933833,0.102549,0.182372,32.000000,0.050358,10.907232,0.276127,563.729102,65.591173
219,2.609187,0.071719,0.655315,32.000000,0.050358,12.264359,0.076845,566.338289,66.246487
220,2.508857,0.126636,0.312023,32.000000,0.050358,12.754811,0.161392,568.847146,66.558510
221,2.700010,0.086641,0.360535,32.000000,0.050358,11.851807,0.139675,571.547156,66.919046
222,2.756017,0.103206,0.212657,32.000000,0.050358,11.610960,0.236803,574.303173,67.131702
223,2.582229,0.084320,0.423566,32.000000,0.050358,12.392393,0.118890,576.885402,67.555268
224,2.771913,0.105461,0.345648,32.000000,0.050358,11.544376,0.145691,579.657315,67.900916
225,3.191801,0.099947,0.001876,32.000000,0.050358,10.025688,26.841770,582.849115,67.902792
226,2.767578,0.103375,0.255094,32.000000,0.050358,11.562455,0.197409,585.616694,68.157886
227,2.984361,0.104572,0.467152,32.000000,0.050358,10.722562,0.107797,588.601055,68.625038
228,2.653884,0.099899,0.282434,32.000000,0.050358,12.057801,0.178299,591.254939,68.907472
229,2.313234,0.074583,0.824433,32.000000,0.050358,13.833448,0.061082,593.568172,69.731905
230,2.496468,0.103531,0.344783,32.000000,0.050358,12.818109,0.146057,596.064640,70.076688
231,2.426556,0.102044,0.423893,32.000000,0.050358,13.187415,0.118798,598.491196,70.500581
232,2.742030,0.100102,0.155573,32.000000,0.050358,11.670184,0.323692,601.233227,70.656154
233,2.474842,0.109653,0.324431,32.000000,0.050358,12.930118,0.155219,603.708069,70.980586
234,3.064660,0.099885,0.001975,32.000000,0.050358,10.441615,25.494803,606.772729,70.982561
235,2.915137,0.106555,0.300987,32.000000,0.050358,10.977187,0.167309,609.687865,71.283548
236,2.822796,0.100163,0.064437,32.000000,0.050358,11.336279,0.781506,612.510661,71.347985
237,2.638846,0.086287,0.417378,32.000000,0.050358,12.126512,0.120653,615.149507,71.765363
238,2.556462,0.106785,0.162219,32.000000,0.050358,12.517300,0.310432,617.705969,71.927582
239,2.938340,0.102440,0.255362,32.000000,0.050358,10.890504,0.197201,620.644309,72.182944
240,2.677355,0.082254,0.515792,32.000000,0.050358,11.952095,0.097632,623.321664,72.698736
241,2.528899,0.084658,0.583490,32.000000,0.050358,12.653728,0.086304,625.850563,73.282227
242,2.779987,0.100161,0.039071,32.000000,0.050358,11.510845,1.288880,628.630550,73.321298
243,2.697046,0.077552,0.447303,32.000000,0.050358,11.864835,0.112581,631.327595,73.768601
244,2.723923,0.104638,0.222252,32.000000,0.050358,11.747763,0.226580,634.051518,73.990853
245,2.813213,0.104549,0.219182,32.000000,0.050358,11.374894,0.229753,636.864731,74.210035
246,2.604180,0.076140,0.647512,32.000000,0.050358,12.287937,0.077771,639.468911,74.857547
247,3.241487,0.102424,0.001933,32.000000,0.050358,9.872014,26.049321,642.710398,74.859480
248,2.634682,0.088368,0.452832,32.000000,0.050358,12.145679,0.111207,645.345079,75.312311
249,2.622921,0.099871,0.405181,32.000000,0.050358,12.200138,0.124285,647.968000,75.717492
250,2.370058,0.085608,0.791282,32.000000,0.050358,13.501778,0.063641,650.338059,76.508774
251,2.432987,0.083438,0.612884,32.000000,0.050358,13.152558,0.082165,652.771045,77.121657
252,2.724205,0.103087,0.415733,32.000000,0.050358,11.746545,0.121130,655.495251,77.537390
253,2.806628,0.100114,0.088426,32.000000,0.050358,11.401583,0.569490,658.301878,77.625817
254,2.659321,0.074621,0.679880,32.000000,0.050358,12.033146,0.074069,660.961200,78.305697
255,3.136119,0.103942,0.162750,32.000000,0.050358,10.203694,0.309418,664.097319,78.468447
256,2.433369,0.075392,0.744888,32.000000,0.050358,13.150492,0.067605,666.530688,79.213334
257,3.392992,0.102463,0.001998,32.000000,0.050358,9.431203,25.199296,669.923680,79.215333
258,2.631854,0.119071,0.362374,32.000000,0.050358,12.158731,0.138967,672.555534,79.577706
259,2.696431,0.102594,0.271572,32.000000,0.050358,11.867541,0.185431,675.251965,79.849278
260,2.534676,0.102915,0.257682,32.000000,0.050358,12.624886,0.195426,677.786641,80.106960
261,2.716872,0.102219,0.132634,32.000000,0.050358,11.778250,0.379676,680.503513,80.239594
262,2.460667,0.088475,0.579546,32.000000,0.050358,13.004603,0.086892,682.964181,80.819139
263,2.745842,0.100079,0.156843,32.000000,0.050358,11.653985,0.321071,685.710022,80.975983
264,2.735895,0.127896,0.251746,32.000000,0.050358,11.696354,0.200035,688.445918,81.227728
265,2.507332,0.097387,0.536682,32.000000,0.050358,12.762571,0.093832,690.953249,81.764410
266,2.748032,0.101285,0.217819,32.000000,0.050358,11.644699,0.231191,693.701281,81.982229
267,2.502009,0.099302,0.302547,32.000000,0.050358,12.789724,0.166446,696.203290,82.284777
268,2.558226,0.074886,0.490448,32.000000,0.050358,12.508667,0.102677,698.761516,82.775224
269,2.739951,0.100209,0.032101,32.000000,0.050358,11.679040,1.568724,701.501467,82.807326
270,3.046065,0.102508,0.053014,32.000000,0.050358,10.505355,0.949892,704.547532,82.860340
271,2.683989,0.100013,0.214088,32.000000,0.050358,11.922555,0.235220,707.231521,83.074428
272,2.600994,0.110772,0.301276,32.000000,0.050358,12.302990,0.167148,709.832515,83.375704
273,2.649894,0.081249,0.284352,32.000000,0.050358,12.075955,0.177097,712.482409,83.660056
274,2.663800,0.100259,0.298220,32.000000,0.050358,12.012914,0.168861,715.146209,83.958276
275,2.387096,0.075819,0.534221,32.000000,0.050358,13.405408,0.094264,717.533305,84.492496
276,2.537844,0.076114,0.626782,32.000000,0.050358,12.609129,0.080343,720.071149,85.119278
277,2.412969,0.072827,0.870094,32.000000,0.050358,13.261673,0.057876,722.484117,85.989372
278,2.925214,0.101784,0.425152,32.000000,0.050358,10.939370,0.118447,725.409332,86.414524
279,42.937777,0.099832,11.471223,32.000000,0.050358,0.745264,0.004390,768.347108,97.885747
280,12.705629,0.100189,1.995807,32.000000,0.050358,2.518569,0.025232,781.052737,99.881554
281,13.954204,0.102095,2.133799,32.000000,0.050358,2.293216,0.023600,795.006941,102.015352
282,7.625703,0.075745,1.295061,32.000000,0.050358,4.196334,0.038885,802.632644,103.310414
283,7.541317,0.099931,0.535911,32.000000,0.050358,4.243291,0.093967,810.173961,103.846325
284,15.351048,0.102290,4.626655,32.000000,0.050358,2.084548,0.010884,825.525009,108.472980
285,9.432735,0.099993,0.639529,32.000000,0.050358,3.392441,0.078742,834.957744,109.112509
286,13.695687,0.119150,3.502891,32.000000,0.050358,2.336502,0.014376,848.653431,112.615399
287,9.902840,0.073889,11.642744,32.000000,0.050358,3.231396,0.004325,858.556271,124.258143
288,20.063800,0.099180,3.156003,32.000000,0.050358,1.594912,0.015956,878.620071,127.414146
289,9.524372,0.099991,0.229327,32.000000,0.050358,3.359801,0.219590,888.144444,127.643473
290,6.766712,0.099285,0.335038,32.000000,0.050358,4.729032,0.150305,894.911156,127.978511
291,3.505081,0.076778,1.052368,32.000000,0.050358,9.129602,0.047852,898.416237,129.030879
292,9.118645,0.099903,0.532220,32.000000,0.050358,3.509293,0.094618,907.534882,129.563099
293,10.468489,0.076718,12.698969,32.000000,0.050358,3.056793,0.003966,918.003371,142.262068
294,9.501764,0.102200,0.293645,32.000000,0.050358,3.367796,0.171492,927.505134,142.555713
295,13.300419,0.099941,16.309585,32.000000,0.050358,2.405939,0.003088,940.805553,158.865298
296,9.882282,0.099546,3.367627,32.000000,0.050358,3.238119,0.014954,950.687835,162.232924
297,6.526513,0.100769,6.023141,32.000000,0.050358,4.903077,0.008361,957.214348,168.256065
298,5.794731,0.075937,1.947188,32.000000,0.050358,5.522258,0.025862,963.009080,170.203254
299,3.224838,0.102130,0.002088,32.000000,0.050358,9.922980,24.118445,966.233918,170.205341
300,4.008855,0.105302,3.826098,32.000000,0.050358,7.982330,0.013162,970.242772,174.031440
301,6.033576,0.100214,0.001928,32.000000,0.050358,5.303654,26.116275,976.276348,174.033368
302,6.231366,0.105615,2.805011,32.000000,0.050358,5.135310,0.017953,982.507715,176.838379
303,7.796651,0.199724,2.380311,32.000000,0.050358,4.104326,0.021156,990.304366,179.218690
304,3.824186,0.204166,0.001859,32.000000,0.050358,8.367793,27.085032,994.128552,179.220549
305,3.179078,0.148733,0.835457,32.000000,0.050358,10.065813,0.060276,997.307630,180.056006
306,3.226321,0.176152,0.795408,32.000000,0.050358,9.918418,0.063311,1000.533951,180.851413
307,4.924511,0.204166,0.680603,32.000000,0.050358,6.498108,0.073990,1005.458461,181.532016
308,7.100379,0.204784,1.478298,32.000000,0.050358,4.506802,0.034065,1012.558840,183.010314
309,2.381177,0.203853,0.232281,32.000000,0.050358,13.438733,0.216797,1014.940017,183.242596
310,3.415828,0.199363,1.212304,32.000000,0.050358,9.368153,0.041539,1018.355845,184.454900
311,3.464390,0.199399,0.001980,32.000000,0.050358,9.236835,25.431842,1021.820235,184.456880
312,2.482096,0.143101,1.594538,32.000000,0.050358,12.892331,0.031581,1024.302331,186.051418
313,2.927124,0.153219,1.155844,32.000000,0.050358,10.932234,0.043568,1027.229454,187.207263
314,2.939278,0.188518,0.306297,32.000000,0.050358,10.887028,0.164408,1030.168732,187.513560
315,5.288460,0.206928,2.856915,32.000000,0.050358,6.050910,0.017627,1035.457192,190.370475
316,2.765129,0.145233,0.560874,32.000000,0.050358,11.572696,0.089785,1038.222322,190.931348
317,2.977909,0.203856,0.033163,32.000000,0.050358,10.745796,1.518500,1041.200230,190.964511
318,3.646426,0.209529,0.065072,32.000000,0.050358,8.775717,0.773875,1044.846656,191.029584
319,4.634828,0.198684,0.232954,32.000000,0.050358,6.904248,0.216170,1049.481484,191.262538
320,2.909004,0.156565,0.652442,32.000000,0.050358,11.000330,0.077184,1052.390487,191.914980
321,4.814705,0.198871,0.587415,32.000000,0.050358,6.646305,0.085728,1057.205193,192.502395
322,7.358968,0.203968,0.425505,32.000000,0.050358,4.348436,0.118348,1064.564160,192.927900
323,6.365817,0.140812,0.544315,32.000000,0.050358,5.026849,0.092516,1070.929977,193.472215
324,2.905917,0.137911,1.265101,32.000000,0.050358,11.012015,0.039805,1073.835894,194.737316
325,3.838024,0.135642,5.166279,32.000000,0.050358,8.337624,0.009747,1077.673918,199.903595
326,3.053064,0.202625,0.390706,32.000000,0.050358,10.481275,0.128889,1080.726982,200.294301
327,4.553253,0.213337,0.435966,32.000000,0.050358,7.027943,0.115509,1085.280235,200.730268
328,3.270545,0.192048,0.833297,32.000000,0.050358,9.784303,0.060432,1088.550779,201.563564
329,4.412242,0.158814,1.501804,32.000000,0.050358,7.252549,0.033532,1092.963021,203.065368
330,2.891842,0.140524,4.210535,32.000000,0.050358,11.065610,0.011960,1095.854863,207.275903
331,3.481212,0.204872,3.764799,32.000000,0.050358,9.192200,0.013376,1099.336076,211.040702
332,3.087155,0.198927,0.973001,32.000000,0.050358,10.365532,0.051755,1102.423230,212.013703
333,2.750875,0.144482,3.708432,32.000000,0.050358,11.632662,0.013579,1105.174105,215.722135
334,3.348957,0.198926,7.567034,32.000000,0.050358,9.555212,0.006655,1108.523063,223.289169
335,5.579141,0.145491,3.647920,32.000000,0.050358,5.735650,0.013805,1114.102204,226.937089
336,2.762488,0.140170,0.957183,32.000000,0.050358,11.583763,0.052610,1116.864691,227.894271
337,3.411192,0.199080,0.301695,32.000000,0.050358,9.380885,0.166916,1120.275883,228.195966
338,5.811290,0.150984,1.440287,32.000000,0.050358,5.506523,0.034964,1126.087173,229.636253
339,2.887260,0.202537,0.303373,32.000000,0.050358,11.083172,0.165993,1128.974433,229.939626
340,4.042804,0.154993,1.919323,32.000000,0.050358,7.915298,0.026237,1133.017237,231.858949
341,3.583836,0.203106,0.680680,32.000000,0.050358,8.928981,0.073982,1136.601073,232.539630
342,3.609226,0.132965,2.884962,32.000000,0.050358,8.866167,0.017455,1140.210299,235.424591
343,3.206604,0.135635,1.429411,32.000000,0.050358,9.979404,0.035230,1143.416903,236.854002
344,3.624030,0.198938,0.001986,32.000000,0.050358,8.829948,25.351145,1147.040934,236.855988
345,5.160881,0.202115,2.865990,32.000000,0.050358,6.200492,0.017571,1152.201815,239.721979
346,2.899095,0.132629,1.232232,32.000000,0.050358,11.037928,0.040867,1155.100909,240.954211
347,2.785383,0.142318,0.964335,32.000000,0.050358,11.488545,0.052220,1157.886293,241.918546
348,4.154826,0.207628,0.267795,32.000000,0.050358,7.701887,0.188046,1162.041119,242.186341
349,6.038088,0.137389,1.309626,32.000000,0.050358,5.299691,0.038452,1168.079207,243.495967
350,3.266292,0.166514,1.278866,32.000000,0.050358,9.797042,0.039377,1171.345499,244.774833
351,8.904669,0.204340,0.455192,32.000000,0.050358,3.593620,0.110630,1180.250167,245.230025
352,4.672538,0.137030,1.910338,32.000000,0.050358,6.848527,0.026361,1184.922705,247.140362
353,3.324125,0.139468,3.293236,32.000000,0.050358,9.626593,0.015291,1188.246830,250.433598
354,3.114434,0.197121,0.534178,32.000000,0.050358,10.274742,0.094272,1191.361264,250.967776
355,3.093647,0.192039,0.492230,32.000000,0.050358,10.343778,0.102305,1194.454911,251.460006
356,2.919949,0.141142,0.599935,32.000000,0.050358,10.959096,0.083939,1197.374860,252.059942
357,2.601062,0.133526,1.397631,32.000000,0.050358,12.302667,0.036031,1199.975922,253.457573
358,5.649313,0.138796,1.112206,32.000000,0.050358,5.664405,0.045277,1205.625235,254.569778
359,9.762453,0.138620,3.491901,32.000000,0.050358,3.277865,0.014421,1215.387688,258.061679
360,3.788371,0.150349,1.230411,32.000000,0.050358,8.446902,0.040928,1219.176059,259.292090
361,3.306434,0.203715,0.460981,32.000000,0.050358,9.678101,0.109241,1222.482493,259.753071
362,2.721393,0.148656,1.230078,32.000000,0.050358,11.758684,0.040939,1225.203886,260.983149
363,3.914944,0.193099,0.505372,32.000000,0.050358,8.173807,0.099645,1229.118830,261.488521
364,6.388976,0.143659,3.897181,32.000000,0.050358,5.008627,0.012922,1235.507806,265.385702
365,4.565253,0.208279,0.662173,32.000000,0.050358,7.009469,0.076049,1240.073059,266.047875
366,6.786834,0.199010,0.679431,32.000000,0.050358,4.715011,0.074118,1246.859893,266.727306
367,4.560521,0.207777,0.684342,32.000000,0.050358,7.016743,0.073586,1251.420414,267.411648
368,3.296964,0.134230,2.283900,32.000000,0.050358,9.705900,0.022049,1254.717378,269.695548
369,2.479686,0.144383,1.118024,32.000000,0.050358,12.904859,0.045042,1257.197064,270.813572
370,3.520593,0.199176,0.099226,32.000000,0.050358,9.089377,0.507506,1260.717657,270.912798
371,2.716081,0.159190,0.814801,32.000000,0.050358,11.781683,0.061804,1263.433738,271.727599
372,3.051691,0.198879,1.100542,32.000000,0.050358,10.485989,0.045757,1266.485429,272.828142
373,3.521508,0.203413,0.328843,32.000000,0.050358,9.087015,0.153136,1270.006938,273.156984
374,2.769966,0.147383,9.246185,32.000000,0.050358,11.552490,0.005446,1272.776903,282.403170
375,3.785675,0.199646,2.662267,32.000000,0.050358,8.452918,0.018915,1276.562578,285.065436
376,4.640607,0.199037,0.278466,32.000000,0.050358,6.895650,0.180840,1281.203185,285.343902
377,8.872634,0.203032,1.172110,32.000000,0.050358,3.606595,0.042963,1290.075819,286.516011
378,3.113696,0.144517,0.519284,32.000000,0.050358,10.277175,0.096975,1293.189515,287.035295
379,4.005537,0.139228,1.819590,32.000000,0.050358,7.988941,0.027675,1297.195052,288.854886
380,10.088307,0.203079,0.509311,32.000000,0.050358,3.171989,0.098874,1307.283359,289.364197
381,3.185108,0.145511,0.808981,32.000000,0.050358,10.046754,0.062248,1310.468468,290.173178
382,9.921883,0.198497,1.511101,32.000000,0.050358,3.225194,0.033325,1320.390351,291.684279
383,2.830929,0.200955,0.452469,32.000000,0.050358,11.303709,0.111296,1323.221280,292.136748
384,3.580774,0.198077,0.422053,32.000000,0.050358,8.936615,0.119316,1326.802054,292.558801
385,7.364713,0.199287,0.212271,32.000000,0.050358,4.345043,0.237233,1334.166768,292.771072
386,3.000145,0.199538,0.001990,32.000000,0.050358,10.666150,25.307573,1337.166913,292.773062
387,6.856362,0.204591,0.001908,32.000000,0.050358,4.667198,26.399753,1344.023276,292.774970
388,4.915713,0.198382,3.127741,32.000000,0.050358,6.509738,0.016100,1348.938988,295.902711
389,6.234205,0.159984,2.297099,32.000000,0.050358,5.132972,0.021922,1355.173193,298.199810
390,3.526884,0.203126,0.764095,32.000000,0.050358,9.073165,0.065905,1358.700077,298.963905
391,2.694381,0.140054,1.950523,32.000000,0.050358,11.876570,0.025818,1361.394457,300.914428
392,2.891649,0.199225,0.259384,32.000000,0.050358,11.066351,0.194144,1364.286106,301.173812
393,3.738043,0.199359,0.049295,32.000000,0.050358,8.560628,1.021552,1368.024149,301.223107
394,5.712046,0.144476,2.775510,32.000000,0.050358,5.602196,0.018144,1373.736195,303.998617
395,3.637417,0.204003,0.001835,32.000000,0.050358,8.797451,27.450418,1377.373613,304.000452
396,3.253403,0.200114,0.026815,32.000000,0.050358,9.835854,1.877947,1380.627016,304.027267
397,2.539982,0.171199,1.923495,32.000000,0.050358,12.598515,0.026180,1383.166998,305.950762
398,6.252827,0.199386,0.001844,32.000000,0.050358,5.117685,27.308672,1389.419825,305.952606
399,3.307955,0.198932,0.755096,32.000000,0.050358,9.673652,0.066691,1392.727780,306.707703
400,5.975012,0.203924,0.002017,32.000000,0.050358,5.355638,24.963499,1398.702792,306.709720
401,3.106862,0.200639,0.304276,32.000000,0.050358,10.299782,0.165501,1401.809654,307.013995
402,6.760664,0.150989,0.420019,32.000000,0.050358,4.733263,0.119894,1408.570318,307.434014
403,4.216328,0.146957,3.542358,32.000000,0.050358,7.589543,0.014216,1412.786645,310.976373
404,8.453744,0.139716,6.144307,32.000000,0.050358,3.785305,0.008196,1421.240390,317.120680
405,3.702225,0.137969,3.739878,32.000000,0.050358,8.643450,0.013465,1424.942615,320.860558
406,4.483216,0.161501,1.154088,32.000000,0.050358,7.137733,0.043634,1429.425832,322.014645
407,3.422400,0.197417,1.416638,32.000000,0.050358,9.350163,0.035547,1432.848232,323.431284
408,2.603702,0.139672,4.262537,32.000000,0.050358,12.290195,0.011814,1435.451933,327.693820
409,2.904058,0.200486,0.059013,32.000000,0.050358,11.019062,0.853333,1438.355992,327.752833
410,9.252006,0.131419,4.350901,32.000000,0.050358,3.458710,0.011574,1447.607997,332.103734
411,2.990093,0.158927,1.802762,32.000000,0.050358,10.702009,0.027934,1450.598090,333.906497
412,3.128693,0.199245,0.077503,32.000000,0.050358,10.227915,0.649752,1453.726783,333.984000
413,5.164662,0.199227,0.609792,32.000000,0.050358,6.195952,0.082582,1458.891445,334.593791
414,2.673649,0.164187,1.156325,32.000000,0.050358,11.968662,0.043550,1461.565094,335.750116
415,5.051783,0.167068,1.057514,32.000000,0.050358,6.334398,0.047619,1466.616876,336.807630
416,7.499282,0.213829,0.218112,32.000000,0.050358,4.267075,0.230881,1474.116158,337.025742
417,7.164665,0.207443,5.182105,32.000000,0.050358,4.466364,0.009718,1481.280823,342.207847
418,2.953831,0.198949,0.001795,32.000000,0.050358,10.833389,28.046823,1484.234654,342.209642
419,3.016579,0.203301,0.490707,32.000000,0.050358,10.608045,0.102623,1487.251232,342.700349
420,2.934511,0.198725,9.590576,32.000000,0.050358,10.904714,0.005251,1490.185743,352.290925
421,3.411931,0.199240,1.626960,32.000000,0.050358,9.378852,0.030952,1493.597675,353.917885
422,3.170193,0.198344,3.200998,32.000000,0.050358,10.094024,0.015732,1496.767867,357.118883
423,2.924510,0.204475,0.001946,32.000000,0.050358,10.942002,25.872951,1499.692378,357.120829
424,2.738946,0.152847,1.343784,32.000000,0.050358,11.683325,0.037475,1502.431324,358.464613
425,5.943426,0.148077,4.770174,32.000000,0.050358,5.384100,0.010557,1508.374750,363.234787
426,5.979238,0.196771,4.760225,32.000000,0.050358,5.351853,0.010579,1514.353987,367.995013
427,3.702125,0.203334,0.086859,32.000000,0.050358,8.643684,0.579767,1518.056113,368.081872
428,6.246566,0.170890,2.626425,32.000000,0.050358,5.122815,0.019174,1524.302678,370.708296
429,3.159777,0.172050,0.645862,32.000000,0.050358,10.127296,0.077970,1527.462456,371.354158
430,6.008048,0.207535,0.001970,32.000000,0.050358,5.326189,25.563954,1533.470504,371.356128
431,7.053059,0.206186,5.138060,32.000000,0.050358,4.537038,0.009801,1540.523563,376.494188
432,3.702574,0.203583,6.557081,32.000000,0.050358,8.642637,0.007680,1544.226137,383.051269
433,5.308173,0.161233,0.788187,32.000000,0.050358,6.028439,0.063891,1549.534310,383.839456
434,9.088720,0.200175,0.231056,32.000000,0.050358,3.520848,0.217947,1558.623030,384.070511
435,2.984020,0.205438,0.390069,32.000000,0.050358,10.723789,0.129100,1561.607050,384.460581
436,2.690450,0.141765,0.833452,32.000000,0.050358,11.893922,0.060421,1564.297500,385.294032
437,6.897208,0.199435,1.687018,32.000000,0.050358,4.639558,0.029850,1571.194708,386.981050
438,2.718292,0.199846,0.850240,32.000000,0.050358,11.772097,0.059228,1573.913000,387.831290
439,3.401518,0.206812,0.034708,32.000000,0.050358,9.407564,1.450903,1577.314518,387.865998
440,3.633174,0.147393,0.813118,32.000000,0.050358,8.807725,0.061932,1580.947693,388.679116
441,3.069322,0.145187,4.236283,32.000000,0.050358,10.425754,0.011887,1584.017015,392.915400
442,10.049367,0.199472,0.871609,32.000000,0.050358,3.184280,0.057776,1594.066382,393.787008
443,3.759980,0.202991,0.712281,32.000000,0.050358,8.510683,0.070699,1597.826362,394.499289
444,2.778621,0.202998,0.098218,32.000000,0.050358,11.516506,0.512716,1600.604983,394.597507
445,4.078362,0.143317,6.864673,32.000000,0.050358,7.846286,0.007336,1604.683345,401.462179
446,2.745854,0.197094,1.212679,32.000000,0.050358,11.653933,0.041526,1607.429199,402.674859
447,8.747259,0.199179,0.516161,32.000000,0.050358,3.658289,0.097562,1616.176458,403.191020
448,6.940888,0.199093,6.897024,32.000000,0.050358,4.610361,0.007301,1623.117347,410.088044
449,3.189641,0.199535,0.001998,32.000000,0.050358,10.032476,25.200014,1626.306988,410.090042
450,3.443544,0.140322,1.257427,32.000000,0.050358,9.292753,0.040048,1629.750531,411.347470
451,5.318446,0.200302,0.310951,32.000000,0.050358,6.016795,0.161948,1635.068977,411.658421
452,2.937755,0.136573,1.076265,32.000000,0.050358,10.892671,0.046789,1638.006733,412.734686
453,2.941859,0.149064,5.138923,32.000000,0.050358,10.877476,0.009799,1640.948591,417.873609
454,3.656390,0.199690,0.002011,32.000000,0.050358,8.751801,25.042851,1644.604982,417.875620
455,4.520380,0.136145,4.345377,32.000000,0.050358,7.079050,0.011589,1649.125362,422.220997
456,3.253216,0.146712,0.453770,32.000000,0.050358,9.836420,0.110977,1652.378578,422.674767
457,3.205737,0.199075,0.530473,32.000000,0.050358,9.982104,0.094930,1655.584315,423.205240
458,6.746539,0.203687,0.487636,32.000000,0.050358,4.743173,0.103269,1662.330854,423.692876
459,3.751504,0.144978,1.963178,32.000000,0.050358,8.529912,0.025651,1666.082358,425.656054
460,3.837960,0.196791,0.698719,32.000000,0.050358,8.337762,0.072072,1669.920319,426.354773
461,4.409154,0.203498,0.001928,32.000000,0.050358,7.257628,26.113444,1674.329473,426.356701
462,4.768335,0.135496,3.959797,32.000000,0.050358,6.710938,0.012717,1679.097808,430.316499
463,5.226008,0.199258,4.687264,32.000000,0.050358,6.123221,0.010744,1684.323815,435.003763
464,4.184265,0.202518,0.250721,32.000000,0.050358,7.647699,0.200852,1688.508080,435.254483
465,3.277376,0.199791,0.073860,32.000000,0.050358,9.763909,0.681804,1691.785456,435.328343
466,3.435399,0.168869,1.126890,32.000000,0.050358,9.314784,0.044687,1695.220855,436.455233
467,3.137845,0.219398,1.194805,32.000000,0.050358,10.198083,0.042147,1698.358700,437.650038
468,8.550368,0.199193,2.581021,32.000000,0.050358,3.742529,0.019511,1706.909068,440.231059
469,3.198855,0.145628,0.915598,32.000000,0.050358,10.003578,0.055000,1710.107924,441.146657
470,3.400346,0.148515,0.792670,32.000000,0.050358,9.410807,0.063529,1713.508270,441.939326
471,5.674908,0.200056,0.062699,32.000000,0.050358,5.638858,0.803162,1719.183178,442.002026
472,4.753420,0.150811,4.424416,32.000000,0.050358,6.731995,0.011382,1723.936598,446.426442
473,7.930448,0.217238,0.198358,32.000000,0.050358,4.035081,0.253874,1731.867045,446.624800
474,3.136998,0.201007,0.578141,32.000000,0.050358,10.200836,0.087103,1735.004043,447.202940
475,3.800350,0.199346,0.244028,32.000000,0.050358,8.420277,0.206361,1738.804393,447.446968
476,3.514403,0.199379,0.001975,32.000000,0.050358,9.105388,25.494480,1742.318796,447.448943
477,9.687608,0.177631,0.642609,32.000000,0.050358,3.303189,0.078365,1752.006403,448.091552
478,3.886312,0.214961,0.326497,32.000000,0.050358,8.234028,0.154237,1755.892715,448.418049
479,9.672513,0.199350,7.828704,32.000000,0.050358,3.308344,0.006432,1765.565228,456.246753
480,1.560589,0.200177,0.001965,32.000000,0.050358,20.505080,25.626202,1767.125817,456.248718
481,2.705867,0.202550,5.353254,32.000000,0.050358,11.826155,0.009407,1769.831684,461.601972
482,3.988007,0.145965,0.713599,32.000000,0.050358,8.024058,0.070569,1773.819691,462.315571
483,3.199153,0.204976,0.598534,32.000000,0.050358,10.002648,0.084135,1777.018844,462.914105
484,4.453906,0.204833,4.930828,32.000000,0.050358,7.184705,0.010213,1781.472750,467.844933
485,2.895990,0.204736,0.128111,32.000000,0.050358,11.049763,0.393081,1784.368739,467.973044
486,2.701343,0.138947,2.537898,32.000000,0.050358,11.845959,0.019842,1787.070082,470.510941
487,2.952679,0.197064,4.490028,32.000000,0.050358,10.837614,0.011215,1790.022762,475.000969
488,7.337761,0.199746,6.650134,32.000000,0.050358,4.361003,0.007572,1797.360523,481.651104
489,9.167124,0.199699,0.002172,32.000000,0.050358,3.490735,23.190028,1806.527647,481.653275
490,2.772456,0.149427,3.654640,32.000000,0.050358,11.542115,0.013779,1809.300102,485.307915
491,2.747486,0.147939,0.786670,32.000000,0.050358,11.647013,0.064014,1812.047588,486.094586
492,4.858713,0.202323,1.105780,32.000000,0.050358,6.586106,0.045541,1816.906301,487.200365
493,2.305927,0.140053,11.841277,32.000000,0.050358,13.877280,0.004253,1819.212229,499.041642
494,10.315454,0.162190,1.264912,32.000000,0.050358,3.102142,0.039811,1829.527683,500.306554
495,4.741690,0.201550,0.310425,32.000000,0.050358,6.748649,0.162222,1834.269372,500.616980
496,2.830492,0.198802,1.533393,32.000000,0.050358,11.305454,0.032841,1837.099864,502.150372
497,5.234088,0.204232,4.337991,32.000000,0.050358,6.113769,0.011609,1842.333952,506.488364
498,3.115493,0.150259,1.053582,32.000000,0.050358,10.271247,0.047797,1845.449445,507.541946
499,2.862755,0.150315,3.061197,32.000000,0.050358,11.178044,0.016450,1848.312200,510.603143
500,5.885860,0.144074,2.749130,32.000000,0.050358,5.436759,0.018318,1854.198060,513.352273
501,2.699003,0.219198,1.311860,32.000000,0.050358,11.856231,0.038387,1856.897062,514.664134
502,7.443667,0.199820,1.829049,32.000000,0.050358,4.298957,0.027532,1864.340729,516.493182
503,3.621692,0.204278,0.001923,32.000000,0.050358,8.835649,26.182198,1867.962421,516.495106
504,6.772677,0.199905,0.002017,32.000000,0.050358,4.724868,24.964044,1874.735097,516.497123
505,7.236059,0.152938,4.400716,32.000000,0.050358,4.422297,0.011443,1881.971156,520.897839
506,4.487756,0.149111,0.852635,32.000000,0.050358,7.130512,0.059061,1886.458913,521.750474
507,5.225442,0.205609,9.928544,32.000000,0.050358,6.123884,0.005072,1891.684355,531.679018
508,5.606575,0.199903,0.001985,32.000000,0.050358,5.707585,25.364936,1897.290929,531.681004
509,4.113082,0.199524,0.486821,32.000000,0.050358,7.780055,0.103442,1901.404011,532.167825
510,3.326778,0.150259,1.330141,32.000000,0.050358,9.618917,0.037859,1904.730789,533.497966
511,4.405078,0.146069,1.997956,32.000000,0.050358,7.264344,0.025205,1909.135867,535.495922
512,3.110834,0.206646,1.166532,32.000000,0.050358,10.286632,0.043169,1912.246700,536.662454
513,3.605949,0.199746,0.040492,32.000000,0.050358,8.874224,1.243638,1915.852649,536.702946
514,3.385658,0.146544,1.602326,32.000000,0.050358,9.451635,0.031428,1919.238307,538.305273
515,2.826925,0.148723,0.837643,32.000000,0.050358,11.319722,0.060118,1922.065232,539.142916
516,5.429648,0.200125,1.209516,32.000000,0.050358,5.893568,0.041635,1927.494879,540.352432
517,5.823755,0.165010,1.664596,32.000000,0.050358,5.494737,0.030252,1933.318634,542.017028
518,3.218591,0.165628,0.496114,32.000000,0.050358,9.942240,0.101505,1936.537225,542.513141
519,6.409017,0.199525,0.002130,32.000000,0.050358,4.992966,23.640881,1942.946242,542.515272
520,3.641347,0.199399,0.001865,32.000000,0.050358,8.787957,27.004552,1946.587589,542.517136
521,2.429331,0.164783,0.874903,32.000000,0.050358,13.172349,0.057558,1949.016920,543.392039
522,2.991936,0.210413,0.762416,32.000000,0.050358,10.695415,0.066050,1952.008856,544.154455
523,6.034686,0.204225,2.896784,32.000000,0.050358,5.302679,0.017384,1958.043542,547.051239
524,3.484503,0.216255,0.278544,32.000000,0.050358,9.183519,0.180789,1961.528045,547.329784
525,5.572591,0.165711,1.880783,32.000000,0.050358,5.742391,0.026775,1967.100636,549.210567
526,4.225573,0.146041,1.579903,32.000000,0.050358,7.572937,0.031874,1971.326209,550.790470
527,3.991264,0.203185,1.007154,32.000000,0.050358,8.017511,0.050000,1975.317473,551.797624
528,2.927680,0.144440,0.874944,32.000000,0.050358,10.930156,0.057555,1978.245153,552.672568
529,8.045378,0.199963,2.232218,32.000000,0.050358,3.977439,0.022560,1986.290531,554.904787
530,4.035143,0.199568,2.500960,32.000000,0.050358,7.930326,0.020135,1990.325674,557.405747
531,6.743461,0.204445,0.902202,32.000000,0.050358,4.745338,0.055817,1997.069135,558.307948
532,2.583143,0.150652,0.965216,32.000000,0.050358,12.388008,0.052173,1999.652278,559.273164
533,4.705893,0.155409,1.743281,32.000000,0.050358,6.799984,0.028887,2004.358172,561.016445
534,2.714063,0.150926,0.967700,32.000000,0.050358,11.790443,0.052039,2007.072234,561.984146
535,6.315887,0.199656,0.183089,32.000000,0.050358,5.066589,0.275046,2013.388121,562.167235
536,3.225446,0.164211,4.328534,32.000000,0.050358,9.921108,0.011634,2016.613567,566.495769
537,4.386905,0.199790,0.366439,32.000000,0.050358,7.294437,0.137425,2021.000472,566.862208
538,2.520061,0.150139,1.025685,32.000000,0.050358,12.698107,0.049097,2023.520533,567.887893
539,4.127292,0.203668,0.001934,32.000000,0.050358,7.753267,26.032381,2027.647825,567.889827
540,4.406444,0.150848,3.962919,32.000000,0.050358,7.262091,0.012707,2032.054269,571.852746
541,5.817435,0.204232,0.002015,32.000000,0.050358,5.500706,24.996696,2037.871704,571.854760
542,7.621663,0.167875,2.453120,32.000000,0.050358,4.198559,0.020528,2045.493367,574.307880
543,2.415917,0.166154,4.618302,32.000000,0.050358,13.245490,0.010904,2047.909284,578.926182
544,4.805618,0.156980,0.848281,32.000000,0.050358,6.658873,0.059365,2052.714902,579.774463
545,7.629732,0.205298,0.775611,32.000000,0.050358,4.194118,0.064927,2060.344634,580.550074
546,4.631291,0.187855,1.493770,32.000000,0.050358,6.909520,0.033712,2064.975925,582.043844
547,7.476244,0.198992,0.123359,32.000000,0.050358,4.280224,0.408222,2072.452169,582.167203
548,5.114560,0.162158,0.609003,32.000000,0.050358,6.256647,0.082689,2077.566730,582.776207
549,3.057122,0.176482,2.218729,32.000000,0.050358,10.467361,0.022697,2080.623852,584.994935
550,6.088448,0.204406,0.198778,32.000000,0.050358,5.255855,0.253337,2086.712300,585.193713
551,2.469068,0.151471,1.160799,32.000000,0.050358,12.960356,0.043382,2089.181368,586.354512
552,3.924812,0.146781,0.729452,32.000000,0.050358,8.153256,0.069035,2093.106180,587.083965
553,2.985736,0.149617,0.875378,32.000000,0.050358,10.717624,0.057527,2096.091916,587.959343
554,3.426150,0.193299,0.658227,32.000000,0.050358,9.339930,0.076505,2099.518066,588.617570
555,4.963323,0.200015,0.183962,32.000000,0.050358,6.447294,0.273741,2104.481389,588.801532
556,2.722590,0.148653,4.666240,32.000000,0.050358,11.753516,0.010792,2107.203978,593.467771
557,3.174452,0.203864,3.227263,32.000000,0.050358,10.080479,0.015604,2110.378431,596.695034
558,4.267319,0.163806,0.453745,32.000000,0.050358,7.498854,0.110983,2114.645750,597.148780
559,3.115362,0.202522,0.892904,32.000000,0.050358,10.271678,0.056398,2117.761112,598.041684
560,2.749504,0.148892,0.894573,32.000000,0.050358,11.638463,0.056293,2120.510616,598.936257
561,4.776533,0.199370,0.001979,32.000000,0.050358,6.699420,25.448459,2125.287149,598.938236
562,3.319018,0.175976,0.565984,32.000000,0.050358,9.641407,0.088974,2128.606167,599.504220
563,3.127545,0.204278,0.766175,32.000000,0.050358,10.231667,0.065726,2131.733712,600.270395
564,4.233266,0.200161,0.001977,32.000000,0.050358,7.559175,25.474503,2135.966978,600.272372
565,5.250807,0.199663,0.446112,32.000000,0.050358,6.094301,0.112882,2141.217785,600.718484
566,2.870532,0.204294,1.557871,32.000000,0.050358,11.147760,0.032325,2144.088317,602.276355
567,4.429773,0.203884,0.029515,32.000000,0.050358,7.223847,1.706178,2148.518090,602.305870
568,6.003173,0.203932,1.405236,32.000000,0.050358,5.330514,0.035836,2154.521263,603.711107
569,3.423375,0.201202,0.001986,32.000000,0.050358,9.347500,25.358945,2157.944638,603.713093
570,3.262042,0.189103,0.910603,32.000000,0.050358,9.809805,0.055302,2161.206681,604.623696
571,3.086847,0.204997,0.002020,32.000000,0.050358,10.366566,24.931551,2164.293527,604.625716
572,3.160048,0.155882,0.739013,32.000000,0.050358,10.126427,0.068142,2167.453576,605.364729
573,3.569562,0.231452,0.002018,32.000000,0.050358,8.964685,24.953121,2171.023138,605.366747
574,4.246381,0.204995,0.009542,32.000000,0.050358,7.535830,5.277252,2175.269518,605.376289
575,2.981329,0.200001,5.857315,32.000000,0.050358,10.733468,0.008597,2178.250847,611.233604
576,3.955100,0.199549,1.589929,32.000000,0.050358,8.090820,0.031673,2182.205947,612.823533
577,4.095501,0.200048,1.889675,32.000000,0.050358,7.813452,0.026649,2186.301448,614.713207
578,3.495488,0.209994,0.778367,32.000000,0.050358,9.154658,0.064697,2189.796936,615.491574
579,2.938522,0.199420,0.643494,32.000000,0.050358,10.889829,0.078257,2192.735458,616.135068
580,5.684098,0.205036,0.003597,32.000000,0.050358,5.629741,14.001238,2198.419556,616.138665
581,2.896574,0.186646,1.280797,32.000000,0.050358,11.047535,0.039318,2201.316130,617.419462
582,2.888695,0.210649,0.182948,32.000000,0.050358,11.077666,0.275258,2204.204825,617.602410
583,3.532614,0.200015,10.194280,32.000000,0.050358,9.058449,0.004940,2207.737439,627.796690
584,3.370159,0.200203,0.001873,32.000000,0.050358,9.495101,26.888594,2211.107598,627.798563
585,4.353161,0.183664,0.661552,32.000000,0.050358,7.350980,0.076121,2215.460758,628.460115
586,2.965009,0.148147,2.504947,32.000000,0.050358,10.792548,0.020103,2218.425767,630.965062
587,9.499713,0.205439,0.002036,32.000000,0.050358,3.368523,24.735306,2227.925480,630.967097
588,3.002376,0.161853,0.842943,32.000000,0.050358,10.658227,0.059740,2230.927855,631.810040
589,2.869069,0.147329,1.453580,32.000000,0.050358,11.153445,0.034644,2233.796924,633.263620
590,7.198074,0.144481,0.989406,32.000000,0.050358,4.445634,0.050897,2240.994998,634.253026
591,3.713829,0.148055,1.204715,32.000000,0.050358,8.616445,0.041801,2244.708827,635.457741
592,2.904652,0.203305,0.828976,32.000000,0.050358,11.016809,0.060747,2247.613479,636.286717
593,3.196228,0.152503,0.706399,32.000000,0.050358,10.011800,0.071288,2250.809707,636.993116
594,3.499355,0.204439,0.001941,32.000000,0.050358,9.144543,25.946671,2254.309062,636.995057
595,3.976135,0.167663,2.459769,32.000000,0.050358,8.048016,0.020473,2258.285197,639.454825
596,2.742032,0.147127,2.332619,32.000000,0.050358,11.670178,0.021589,2261.027229,641.787445
597,3.311432,0.147238,1.260634,32.000000,0.050358,9.663492,0.039946,2264.338662,643.048079
598,5.448820,0.200007,0.706539,32.000000,0.050358,5.872831,0.071274,2269.787482,643.754617
599,3.683853,0.208674,0.953418,32.000000,0.050358,8.686556,0.052818,2273.471335,644.708035
600,5.103114,0.198592,0.175883,32.000000,0.050358,6.270681,0.286314,2278.574449,644.883919
601,2.369498,0.181655,0.665074,32.000000,0.050358,13.504970,0.075718,2280.943947,645.548993
602,3.205949,0.150377,1.215194,32.000000,0.050358,9.981444,0.041440,2284.149896,646.764188
603,2.570817,0.152043,1.953323,32.000000,0.050358,12.447406,0.025781,2286.720713,648.717510
604,4.588836,0.177281,0.643529,32.000000,0.050358,6.973447,0.078253,2291.309549,649.361040
605,5.938140,0.203872,0.488132,32.000000,0.050358,5.388893,0.103164,2297.247689,649.849172
606,3.280861,0.204334,3.151438,32.000000,0.050358,9.753536,0.015979,2300.528550,653.000611
607,7.237605,0.220061,0.207610,32.000000,0.050358,4.421352,0.242560,2307.766156,653.208220
608,5.405054,0.199483,0.072425,32.000000,0.050358,5.920385,0.695310,2313.171209,653.280645
609,8.135155,0.205596,0.003998,32.000000,0.050358,3.933545,12.596827,2321.306365,653.284643
610,5.886533,0.205168,0.560465,32.000000,0.050358,5.436137,0.089850,2327.192898,653.845109
611,4.418806,0.199786,1.531244,32.000000,0.050358,7.241775,0.032887,2331.611704,655.376353
612,2.781604,0.200210,0.118746,32.000000,0.050358,11.504154,0.424081,2334.393308,655.495099
613,2.783255,0.147240,0.878453,32.000000,0.050358,11.497330,0.057326,2337.176563,656.373552
614,3.388647,0.201789,0.027164,32.000000,0.050358,9.443298,1.853817,2340.565210,656.400716
615,7.915788,0.199453,0.002294,32.000000,0.050358,4.042554,21.956114,2348.480998,656.403010
616,3.433386,0.199376,0.339191,32.000000,0.050358,9.320245,0.148465,2351.914384,656.742200
617,2.691442,0.151123,2.337695,32.000000,0.050358,11.889537,0.021542,2354.605826,659.079895
618,3.407056,0.199240,0.239537,32.000000,0.050358,9.392274,0.210229,2358.012882,659.319433
619,3.294875,0.201932,0.299968,32.000000,0.050358,9.712053,0.167877,2361.307757,659.619401
620,3.095084,0.203598,0.422052,32.000000,0.050358,10.338976,0.119317,2364.402841,660.041453
621,6.709341,0.199814,0.001977,32.000000,0.050358,4.769470,25.467378,2371.112182,660.043431
622,2.925050,0.148389,0.488902,32.000000,0.050358,10.939986,0.103002,2374.037231,660.532333
623,7.081834,0.186160,0.477261,32.000000,0.050358,4.518603,0.105514,2381.119066,661.009594
624,7.460843,0.191514,4.097787,32.000000,0.050358,4.289060,0.012289,2388.579908,665.107380
625,2.975834,0.222044,0.251864,32.000000,0.050358,10.753286,0.199941,2391.555743,665.359244
626,3.554360,0.173743,2.918856,32.000000,0.050358,9.003027,0.017253,2395.110103,668.278100
627,2.879222,0.163273,0.914797,32.000000,0.050358,11.114113,0.055048,2397.989325,669.192897
628,4.006612,0.200409,0.307769,32.000000,0.050358,7.986799,0.163622,2401.995936,669.500666
629,2.624117,0.151331,1.377574,32.000000,0.050358,12.194580,0.036555,2404.620053,670.878241
630,9.231316,0.140629,3.558570,32.000000,0.050358,3.466461,0.014151,2413.851369,674.436811
631,6.321856,0.205128,3.437755,32.000000,0.050358,5.061805,0.014648,2420.173225,677.874566
632,7.963526,0.148433,1.811690,32.000000,0.050358,4.018320,0.027796,2428.136751,679.686255
633,3.216964,0.151119,1.081352,32.000000,0.050358,9.947266,0.046569,2431.353715,680.767607
634,2.998557,0.212174,0.124939,32.000000,0.050358,10.671799,0.403060,2434.352273,680.892546
635,3.429930,0.207797,0.955134,32.000000,0.050358,9.329637,0.052723,2437.782202,681.847680
636,3.540404,0.204719,0.002143,32.000000,0.050358,9.038517,23.494692,2441.322606,681.849824
637,2.612996,0.148730,1.543813,32.000000,0.050358,12.246478,0.032619,2443.935602,683.393637
638,2.995690,0.206121,0.251938,32.000000,0.050358,10.682013,0.199882,2446.931292,683.645575
639,6.097526,0.177423,1.376490,32.000000,0.050358,5.248030,0.036584,2453.028818,685.022065
640,2.684524,0.150180,0.742978,32.000000,0.050358,11.920177,0.067778,2455.713342,685.765042
641,2.490802,0.159373,0.677930,32.000000,0.050358,12.847266,0.074282,2458.204144,686.442972
642,3.010721,0.203829,0.184455,32.000000,0.050358,10.628684,0.273009,2461.214865,686.627427
643,11.238926,0.205587,0.001998,32.000000,0.050358,2.847247,25.202070,2472.453791,686.629425
644,6.270095,0.203772,0.371610,32.000000,0.050358,5.103591,0.135512,2478.723885,687.001035
645,10.224059,0.204624,0.001968,32.000000,0.050358,3.129872,25.585085,2488.947944,687.003004
646,3.235757,0.180048,0.306757,32.000000,0.050358,9.889495,0.164162,2492.183701,687.309760
647,2.968385,0.162113,1.257143,32.000000,0.050358,10.780272,0.040057,2495.152086,688.566903
648,3.469024,0.200024,0.001971,32.000000,0.050358,9.224496,25.550736,2498.621110,688.568874
649,5.019239,0.189522,0.957760,32.000000,0.050358,6.375469,0.052579,2503.640349,689.526634
650,2.811930,0.172338,0.900256,32.000000,0.050358,11.380083,0.055937,2506.452279,690.426890
651,3.975647,0.154809,3.575561,32.000000,0.050358,8.049004,0.014084,2510.427926,694.002451
652,3.012194,0.183329,1.160496,32.000000,0.050358,10.623487,0.043393,2513.440120,695.162947
653,5.137603,0.152194,1.729197,32.000000,0.050358,6.228586,0.029122,2518.577723,696.892144
654,7.875531,0.163646,2.324955,32.000000,0.050358,4.063218,0.021660,2526.453254,699.217098
655,2.955104,0.199495,0.002052,32.000000,0.050358,10.828723,24.542498,2529.408358,699.219150
656,3.310803,0.161604,1.684951,32.000000,0.050358,9.665328,0.029887,2532.719161,700.904101
657,2.264067,0.175032,1.224366,32.000000,0.050358,14.133855,0.041130,2534.983228,702.128467
658,4.463170,0.204859,0.093176,32.000000,0.050358,7.169792,0.540459,2539.446398,702.221643
659,2.665838,0.152503,2.802919,32.000000,0.050358,12.003731,0.017966,2542.112236,705.024562
660,6.418313,0.147330,2.307661,32.000000,0.050358,4.985734,0.021822,2548.530548,707.332223
661,2.212710,0.199563,0.002000,32.000000,0.050358,14.461905,25.184110,2550.743258,707.334223
662,2.609419,0.150394,0.817852,32.000000,0.050358,12.263265,0.061573,2553.352677,708.152075
663,2.773245,0.176055,0.806169,32.000000,0.050358,11.538830,0.062466,2556.125922,708.958244
664,2.402845,0.150182,1.222385,32.000000,0.050358,13.317548,0.041196,2558.528767,710.180629
665,4.321613,0.240274,0.001872,32.000000,0.050358,7.404643,26.907314,2562.850380,710.182500
666,2.892383,0.177353,0.583584,32.000000,0.050358,11.063542,0.086291,2565.742763,710.766084
667,6.388011,0.204429,0.891332,32.000000,0.050358,5.009384,0.056497,2572.130773,711.657416
668,3.737452,0.199996,0.187375,32.000000,0.050358,8.561984,0.268755,2575.868225,711.844791
669,2.553227,0.165434,1.790177,32.000000,0.050358,12.533161,0.028130,2578.421451,713.634968
670,9.864762,0.149891,0.873911,32.000000,0.050358,3.243869,0.057624,2588.286214,714.508879
671,4.050978,0.153140,2.202374,32.000000,0.050358,7.899327,0.022865,2592.337192,716.711253
672,7.176012,0.200080,1.749321,32.000000,0.050358,4.459302,0.028787,2599.513204,718.460574
673,3.602747,0.204833,2.200733,32.000000,0.050358,8.882112,0.022882,2603.115950,720.661306
674,3.123786,0.199737,0.002196,32.000000,0.050358,10.243979,22.934786,2606.239737,720.663502
675,3.229485,0.186953,0.601683,32.000000,0.050358,9.908701,0.083695,2609.469222,721.265185
676,3.123736,0.204488,0.046153,32.000000,0.050358,10.244144,1.091116,2612.592957,721.311338
677,3.023694,0.185603,0.552412,32.000000,0.050358,10.583082,0.091160,2615.616651,721.863750
678,6.724676,0.151487,0.535755,32.000000,0.050358,4.758594,0.093994,2622.341327,722.399504
679,4.098738,0.146259,0.892489,32.000000,0.050358,7.807281,0.056424,2626.440065,723.291993
680,2.231122,0.144964,1.698521,32.000000,0.050358,14.342561,0.029648,2628.671187,724.990514
681,3.452903,0.152321,1.158431,32.000000,0.050358,9.267565,0.043471,2632.124090,726.148945
682,3.244509,0.198217,0.579031,32.000000,0.050358,9.862818,0.086969,2635.368599,726.727976
683,2.698278,0.151605,1.176315,32.000000,0.050358,11.859417,0.042810,2638.066877,727.904291
684,8.494682,0.156135,5.820171,32.000000,0.050358,3.767063,0.008652,2646.561558,733.724462
685,3.261424,0.199560,1.428165,32.000000,0.050358,9.811664,0.035261,2649.822982,735.152627
686,5.793352,0.171189,0.721618,32.000000,0.050358,5.523573,0.069785,2655.616334,735.874245
687,7.922950,0.199704,2.141813,32.000000,0.050358,4.038900,0.023512,2663.539285,738.016058
688,4.607376,0.203407,0.273008,32.000000,0.050358,6.945384,0.184455,2668.146661,738.289066
689,2.839398,0.207254,0.065825,32.000000,0.050358,11.269993,0.765027,2670.986060,738.354891
690,2.778713,0.149120,1.490295,32.000000,0.050358,11.516124,0.033791,2673.764772,739.845186
691,4.044281,0.148015,5.116662,32.000000,0.050358,7.912408,0.009842,2677.809053,744.961847
692,4.882807,0.200943,0.002198,32.000000,0.050358,6.553607,22.910443,2682.691860,744.964045
693,5.458509,0.199746,1.472749,32.000000,0.050358,5.862407,0.034193,2688.150369,746.436794
694,8.408597,0.168447,3.230219,32.000000,0.050358,3.805629,0.015590,2696.558966,749.667014
695,3.376922,0.199545,0.001918,32.000000,0.050358,9.476086,26.249454,2699.935887,749.668932
696,6.490371,0.199421,0.411130,32.000000,0.050358,4.930381,0.122486,2706.426258,750.080062
697,3.362298,0.199652,0.001980,32.000000,0.050358,9.517301,25.432188,2709.788555,750.082042
698,2.801674,0.145078,1.460198,32.000000,0.050358,11.421743,0.034487,2712.590229,751.542240
699,4.947935,0.149198,0.931229,32.000000,0.050358,6.467344,0.054077,2717.538164,752.473469
700,11.537267,0.213158,0.318410,32.000000,0.050358,2.773620,0.158154,2729.075432,752.791879
701,4.540149,0.199580,1.332597,32.000000,0.050358,7.048226,0.037789,2733.615581,754.124475
702,3.547459,0.204860,0.002020,32.000000,0.050358,9.020542,24.923740,2737.163040,754.126496
703,6.433742,0.191276,1.636867,32.000000,0.050358,4.973777,0.030765,2743.596782,755.763362
704,3.896026,0.147670,0.666939,32.000000,0.050358,8.213498,0.075506,2747.492808,756.430301
705,4.071756,0.200680,0.001954,32.000000,0.050358,7.859018,25.776908,2751.564564,756.432255
706,3.704223,0.199591,0.042502,32.000000,0.050358,8.638790,1.184825,2755.268786,756.474757
707,2.934756,0.150061,0.392857,32.000000,0.050358,10.903801,0.128184,2758.203543,756.867614
708,6.544515,0.185173,1.663554,32.000000,0.050358,4.889590,0.030271,2764.748058,758.531168
709,5.180487,0.204739,1.094815,32.000000,0.050358,6.177025,0.045997,2769.928545,759.625983
710,3.110995,0.164023,1.288496,32.000000,0.050358,10.286100,0.039083,2773.039540,760.914479
711,3.292642,0.237899,0.720517,32.000000,0.050358,9.718641,0.069891,2776.332181,761.634997
712,3.343605,0.204275,0.001977,32.000000,0.050358,9.570508,25.465627,2779.675786,761.636974
713,3.333107,0.148276,2.864030,32.000000,0.050358,9.600651,0.017583,2783.008894,764.501005
714,6.275659,0.204993,0.082241,32.000000,0.050358,5.099066,0.612322,2789.284553,764.583245
715,2.526556,0.151983,0.974143,32.000000,0.050358,12.665463,0.051694,2791.811108,765.557388
716,5.789133,0.200214,0.001980,32.000000,0.050358,5.527598,25.430981,2797.600242,765.559369
717,3.718304,0.200391,0.001988,32.000000,0.050358,8.606074,25.326538,2801.318546,765.561357
718,3.053846,0.199809,0.478101,32.000000,0.050358,10.478591,0.105329,2804.372392,766.039457
719,3.367941,0.204551,0.119456,32.000000,0.050358,9.501353,0.421560,2807.740333,766.158913
720,3.773651,0.150416,2.221447,32.000000,0.050358,8.479851,0.022669,2811.513984,768.380360
721,3.163769,0.208151,0.223585,32.000000,0.050358,10.114519,0.225229,2814.677753,768.603946
722,3.432069,0.199900,1.318610,32.000000,0.050358,9.323821,0.038190,2818.109823,769.922555
723,2.922283,0.203076,0.175926,32.000000,0.050358,10.950344,0.286244,2821.032105,770.098482
724,4.112860,0.151024,1.042677,32.000000,0.050358,7.780475,0.048297,2825.144965,771.141159
725,3.002545,0.147457,4.317062,32.000000,0.050358,10.657625,0.011665,2828.147510,775.458221
726,5.355496,0.199271,0.394457,32.000000,0.050358,5.975170,0.127664,2833.503006,775.852677
727,3.578489,0.198609,0.049796,32.000000,0.050358,8.942322,1.011284,2837.081495,775.902473
728,2.697487,0.175132,0.381509,32.000000,0.050358,11.862893,0.131996,2839.778982,776.283983
729,2.740391,0.149885,1.079953,32.000000,0.050358,11.677165,0.046630,2842.519373,777.363935
730,5.938425,0.154361,1.300384,32.000000,0.050358,5.388634,0.038725,2848.457798,778.664320
731,2.802169,0.199610,0.588436,32.000000,0.050358,11.419724,0.085579,2851.259968,779.252756
732,3.962923,0.203914,1.689916,32.000000,0.050358,8.074849,0.029799,2855.222890,780.942673
733,3.711603,0.199460,0.036295,32.000000,0.050358,8.621612,1.387446,2858.934493,780.978968
734,2.869414,0.164616,0.603344,32.000000,0.050358,11.152104,0.083465,2861.803907,781.582312
735,3.241100,0.182477,2.789738,32.000000,0.050358,9.873191,0.018051,2865.045007,784.372049
736,2.541885,0.203575,0.002081,32.000000,0.050358,12.589083,24.198309,2867.586892,784.374130
737,4.673832,0.199513,3.894957,32.000000,0.050358,6.846631,0.012929,2872.260723,788.269087
738,5.006653,0.155119,0.938301,32.000000,0.050358,6.391495,0.053669,2877.267377,789.207388
739,3.167027,0.200501,0.411062,32.000000,0.050358,10.104114,0.122507,2880.434403,789.618450
740,4.972822,0.209789,5.068632,32.000000,0.050358,6.434978,0.009935,2885.407225,794.687082
741,2.845235,0.152346,0.879633,32.000000,0.050358,11.246874,0.057249,2888.252461,795.566715
742,3.787000,0.200029,0.002047,32.000000,0.050358,8.449960,24.603495,2892.039461,795.568762
743,2.809281,0.143133,0.887434,32.000000,0.050358,11.390814,0.056745,2894.848742,796.456196
744,4.189984,0.199451,0.873781,32.000000,0.050358,7.637260,0.057632,2899.038726,797.329977
745,3.071380,0.204958,0.295780,32.000000,0.050358,10.418770,0.170254,2902.110106,797.625758
746,2.669521,0.200055,0.797579,32.000000,0.050358,11.987170,0.063138,2904.779627,798.423336
747,4.557719,0.203674,0.225002,32.000000,0.050358,7.021056,0.223811,2909.337346,798.648338
748,3.342420,0.205791,4.137772,32.000000,0.050358,9.573903,0.012170,2912.679766,802.786110
749,1.966500,0.204922,0.002012,32.000000,0.050358,16.272563,25.034112,2914.646266,802.788122
750,2.715659,0.199721,1.471802,32.000000,0.050358,11.783513,0.034215,2917.361924,804.259923
751,3.367943,0.198225,0.837578,32.000000,0.050358,9.501348,0.060123,2920.729868,805.097502
752,2.253444,0.151647,2.060059,32.000000,0.050358,14.200488,0.024445,2922.983311,807.157561
753,4.473025,0.147300,0.972552,32.000000,0.050358,7.153995,0.051779,2927.456337,808.130113
754,3.091530,0.188296,1.307995,32.000000,0.050358,10.350863,0.038500,2930.547866,809.438108
755,5.391787,0.201321,0.193759,32.000000,0.050358,5.934953,0.259900,2935.939653,809.631866
756,2.987001,0.143146,1.419402,32.000000,0.050358,10.713088,0.035478,2938.926653,811.051268
757,2.453218,0.146304,0.869180,32.000000,0.050358,13.044094,0.057937,2941.379871,811.920448
758,2.936914,0.148946,0.947232,32.000000,0.050358,10.895790,0.053163,2944.316785,812.867680
759,3.409185,0.155061,0.883671,32.000000,0.050358,9.386407,0.056987,2947.725971,813.751351
760,2.938769,0.199602,3.812336,32.000000,0.050358,10.888914,0.013209,2950.664739,817.563687
761,1.654633,0.199838,0.001897,32.000000,0.050358,19.339637,26.543133,2952.319372,817.565584
762,2.667533,0.201542,1.097428,32.000000,0.050358,11.996101,0.045887,2954.986906,818.663013
763,3.509677,0.199677,0.445660,32.000000,0.050358,9.117649,0.112996,2958.496582,819.108673
764,3.112354,0.153223,0.520428,32.000000,0.050358,10.281606,0.096762,2961.608937,819.629101
765,3.069400,0.199630,0.124477,32.000000,0.050358,10.425491,0.404556,2964.678336,819.753578
766,3.632653,0.199960,0.702103,32.000000,0.050358,8.808988,0.071724,2968.310990,820.455681
767,4.313442,0.199758,0.929388,32.000000,0.050358,7.418670,0.054184,2972.624432,821.385069
768,2.594067,0.150056,1.072272,32.000000,0.050358,12.335842,0.046964,2975.218499,822.457341
769,5.100032,0.199346,0.002151,32.000000,0.050358,6.274470,23.412397,2980.318531,822.459492
770,2.710777,0.179002,1.016319,32.000000,0.050358,11.804734,0.049549,2983.029307,823.475811
771,2.691413,0.189393,0.544564,32.000000,0.050358,11.889664,0.092474,2985.720721,824.020375
772,2.945914,0.150085,1.258432,32.000000,0.050358,10.862503,0.040016,2988.666635,825.278807
773,3.226977,0.148223,5.497113,32.000000,0.050358,9.916400,0.009161,2991.893612,830.775920
774,2.178559,0.205154,0.001870,32.000000,0.050358,14.688611,26.931086,2994.072171,830.777790
775,3.458962,0.207016,0.013272,32.000000,0.050358,9.251330,3.794403,2997.531133,830.791062
776,3.007786,0.151226,0.795035,32.000000,0.050358,10.639056,0.063340,3000.538919,831.586097
777,2.592699,0.152853,0.944559,32.000000,0.050358,12.342350,0.053314,3003.131618,832.530656
778,7.688103,0.204372,0.001962,32.000000,0.050358,4.162275,25.660283,3010.819721,832.532618
779,3.640547,0.205325,4.305659,32.000000,0.050358,8.789889,0.011696,3014.460267,836.838277
780,1.743296,0.200284,0.001907,32.000000,0.050358,18.356038,26.409777,3016.203563,836.840184
781,6.116457,0.190444,1.080724,32.000000,0.050358,5.231787,0.046596,3022.320020,837.920907
782,2.978035,0.199733,0.473282,32.000000,0.050358,10.745341,0.106401,3025.298054,838.394189
783,7.897633,0.205977,0.310756,32.000000,0.050358,4.051847,0.162049,3033.195687,838.704945
784,6.241556,0.199848,0.001950,32.000000,0.050358,5.126927,25.829543,3039.437243,838.706894
785,2.690284,0.148827,0.954036,32.000000,0.050358,11.894655,0.052784,3042.127527,839.660930
786,2.701882,0.151652,1.427475,32.000000,0.050358,11.843597,0.035278,3044.829409,841.088405
787,3.040305,0.199560,0.771448,32.000000,0.050358,10.525260,0.065277,3047.869714,841.859852
788,3.159148,0.199330,0.148344,32.000000,0.050358,10.129314,0.339467,3051.028862,842.008196
789,6.647633,0.199514,2.198416,32.000000,0.050358,4.813743,0.022906,3057.676495,844.206612
790,3.346035,0.199337,0.323237,32.000000,0.050358,9.563559,0.155792,3061.022530,844.529849
791,3.555013,0.199764,1.823799,32.000000,0.050358,9.001374,0.027611,3064.577543,846.353648
792,2.235734,0.200810,0.321522,32.000000,0.050358,14.312975,0.156623,3066.813276,846.675170
793,2.936213,0.204580,0.091008,32.000000,0.050358,10.898390,0.553337,3069.749490,846.766178
794,3.817438,0.199709,0.001947,32.000000,0.050358,8.382586,25.869562,3073.566927,846.768125
795,6.326669,0.199415,1.769479,32.000000,0.050358,5.057954,0.028459,3079.893597,848.537603
796,6.457835,0.179276,0.552462,32.000000,0.050358,4.955221,0.091152,3086.351432,849.090065
797,3.348253,0.206389,0.381619,32.000000,0.050358,9.557223,0.131958,3089.699685,849.471684
798,3.468681,0.200157,0.001957,32.000000,0.050358,9.225410,25.728443,3093.168366,849.473641
799,2.506706,0.149366,1.433850,32.000000,0.050358,12.765759,0.035121,3095.675071,850.907491
800,5.294368,0.199273,0.120774,32.000000,0.050358,6.044159,0.416960,3100.969439,851.028265
801,4.534820,0.199781,0.231321,32.000000,0.050358,7.056510,0.217697,3105.504259,851.259586
802,3.271155,0.203768,0.032831,32.000000,0.050358,9.782478,1.533849,3108.775414,851.292417
803,3.869706,0.205052,0.824246,32.000000,0.050358,8.269363,0.061096,3112.645120,852.116662
804,3.699106,0.199792,0.001916,32.000000,0.050358,8.650739,26.281538,3116.344226,852.118579
805,3.100417,0.150635,0.853858,32.000000,0.050358,10.321192,0.058977,3119.444643,852.972437
806,9.002992,0.199773,1.078841,32.000000,0.050358,3.554374,0.046678,3128.447635,854.051278
807,2.752634,0.198180,0.001985,32.000000,0.050358,11.625228,25.375289,3131.200269,854.053262
808,3.183542,0.209159,0.204030,32.000000,0.050358,10.051697,0.246816,3134.383811,854.257292
809,3.717471,0.149475,6.693607,32.000000,0.050358,8.608002,0.007523,3138.101283,860.950899
810,4.560131,0.204570,1.889140,32.000000,0.050358,7.017342,0.026656,3142.661414,862.840039
811,2.805724,0.194899,0.969800,32.000000,0.050358,11.405254,0.051926,3145.467138,863.809839
812,2.901946,0.149258,0.991303,32.000000,0.050358,11.027084,0.050800,3148.369084,864.801141
813,3.130088,0.201063,0.168687,32.000000,0.050358,10.223354,0.298529,3151.499172,864.969828
814,3.477131,0.150983,1.131043,32.000000,0.050358,9.202989,0.044523,3154.976303,866.100871
815,4.402107,0.149259,2.086981,32.000000,0.050358,7.269246,0.024130,3159.378410,868.187852
816,5.200739,0.204113,0.682495,32.000000,0.050358,6.152971,0.073785,3164.579150,868.870347
817,5.791366,0.181555,0.815809,32.000000,0.050358,5.525467,0.061727,3170.370516,869.686157
818,3.792331,0.204067,0.910305,32.000000,0.050358,8.438081,0.055320,3174.162847,870.596462
819,3.810393,0.149754,3.548061,32.000000,0.050358,8.398085,0.014193,3177.973240,874.144523
820,3.763107,0.204576,0.001966,32.000000,0.050358,8.503612,25.608296,3181.736346,874.146489
821,4.478751,0.142148,1.958653,32.000000,0.050358,7.144849,0.025710,3186.215098,876.105142
822,6.763133,0.202193,1.013204,32.000000,0.050358,4.731535,0.049702,3192.978231,877.118346
823,3.413754,0.203878,0.202006,32.000000,0.050358,9.373844,0.249288,3196.391985,877.320353
824,5.827628,0.206030,0.001914,32.000000,0.050358,5.491085,26.304808,3202.219613,877.322267
825,3.700453,0.205091,0.001895,32.000000,0.050358,8.647589,26.577146,3205.920066,877.324162
826,5.105276,0.148006,3.763057,32.000000,0.050358,6.268025,0.013382,3211.025342,881.087219
827,5.844011,0.199720,0.943626,32.000000,0.050358,5.475691,0.053366,3216.869354,882.030845
828,2.843179,0.186194,0.458231,32.000000,0.050358,11.255006,0.109896,3219.712533,882.489076
829,3.260172,0.186077,1.089169,32.000000,0.050358,9.815433,0.046235,3222.972705,883.578245
830,3.174750,0.203304,0.231830,32.000000,0.050358,10.079533,0.217219,3226.147455,883.810075
831,3.190532,0.205777,0.643526,32.000000,0.050358,10.029674,0.078253,3229.337988,884.453601
832,2.311794,0.147085,0.944796,32.000000,0.050358,13.842062,0.053300,3231.649782,885.398397
833,3.031698,0.199860,0.293850,32.000000,0.050358,10.555140,0.171372,3234.681480,885.692247
834,2.787832,0.151323,0.924379,32.000000,0.050358,11.478453,0.054477,3237.469312,886.616627
835,2.837832,0.208373,0.726920,32.000000,0.050358,11.276214,0.069276,3240.307144,887.343547
836,2.965988,0.205424,0.437742,32.000000,0.050358,10.788986,0.115040,3243.273132,887.781289
837,3.076935,0.204333,0.983721,32.000000,0.050358,10.399961,0.051191,3246.350066,888.765009
838,3.553059,0.208405,1.198347,32.000000,0.050358,9.006323,0.042023,3249.903126,889.963357
839,2.810596,0.199206,0.798072,32.000000,0.050358,11.385486,0.063099,3252.713722,890.761429
840,4.133201,0.150007,0.752241,32.000000,0.050358,7.742183,0.066944,3256.846923,891.513670
841,2.307755,0.151274,1.512507,32.000000,0.050358,13.866293,0.033294,3259.154677,893.026177
842,3.707961,0.146302,1.125223,32.000000,0.050358,8.630080,0.044754,3262.862638,894.151400
843,3.100088,0.148898,3.864997,32.000000,0.050358,10.322288,0.013029,3265.962726,898.016397
844,3.816506,0.206899,0.083314,32.000000,0.050358,8.384633,0.604436,3269.779232,898.099710
845,2.913444,0.178144,0.745990,32.000000,0.050358,10.983563,0.067505,3272.692676,898.845700
846,2.634532,0.150862,1.242004,32.000000,0.050358,12.146372,0.040546,3275.327208,900.087704
847,5.577453,0.235638,2.919150,32.000000,0.050358,5.737386,0.017251,3280.904661,903.006855
848,3.239498,0.149918,0.537711,32.000000,0.050358,9.878074,0.093652,3284.144159,903.544566
849,3.309769,0.149649,0.662033,32.000000,0.050358,9.668348,0.076065,3287.453928,904.206599
850,5.122373,0.151009,3.024965,32.000000,0.050358,6.247105,0.016647,3292.576301,907.231564
851,2.987991,0.197824,0.171899,32.000000,0.050358,10.709535,0.292951,3295.564292,907.403463
852,10.603764,0.199910,0.320961,32.000000,0.050358,3.017796,0.156897,3306.168057,907.724423
853,3.831545,0.149936,1.287645,32.000000,0.050358,8.351722,0.039108,3309.999602,909.012068
854,3.067117,0.146108,1.794183,32.000000,0.050358,10.433250,0.028067,3313.066719,910.806251
855,3.263931,0.199251,0.139725,32.000000,0.050358,9.804130,0.360408,3316.330649,910.945975
856,3.604615,0.203700,0.915170,32.000000,0.050358,8.877509,0.055026,3319.935264,911.861145
857,2.299238,0.149374,2.672451,32.000000,0.050358,13.917657,0.018843,3322.234502,914.533596
858,3.846388,0.207970,1.437682,32.000000,0.050358,8.319494,0.035027,3326.080890,915.971278
859,3.931131,0.204415,4.412867,32.000000,0.050358,8.140151,0.011412,3330.012021,920.384145
860,5.111774,0.199987,0.002015,32.000000,0.050358,6.260057,24.989005,3335.123795,920.386160
861,3.919417,0.231585,1.667901,32.000000,0.050358,8.164479,0.030192,3339.043212,922.054061
862,2.775168,0.178490,0.479672,32.000000,0.050358,11.530834,0.104984,3341.818380,922.533733
863,3.429673,0.203817,0.599999,32.000000,0.050358,9.330335,0.083930,3345.248053,923.133733
864,5.066467,0.200584,0.179849,32.000000,0.050358,6.316039,0.280000,3350.314520,923.313582
865,5.321871,0.200251,0.002122,32.000000,0.050358,6.012923,23.727018,3355.636391,923.315704
866,2.579987,0.163331,3.982206,32.000000,0.050358,12.403164,0.012646,3358.216378,927.297911
867,2.604876,0.152674,0.595853,32.000000,0.050358,12.284655,0.084514,3360.821254,927.893763
868,3.044418,0.199659,3.072216,32.000000,0.050358,10.511040,0.016391,3363.865672,930.965979
869,7.461224,0.199887,0.001966,32.000000,0.050358,4.288840,25.609820,3371.326896,930.967945
870,4.112323,0.204330,3.055571,32.000000,0.050358,7.781491,0.016481,3375.439218,934.023516
871,8.466817,0.199513,0.002036,32.000000,0.050358,3.779460,24.733520,3383.906036,934.025552
872,4.399080,0.187850,0.679882,32.000000,0.050358,7.274248,0.074068,3388.305116,934.705434
873,2.643561,0.146750,1.418153,32.000000,0.050358,12.104883,0.035509,3390.948677,936.123587
874,3.122970,0.198088,0.130278,32.000000,0.050358,10.246658,0.386543,3394.071647,936.253865
875,3.560475,0.200411,0.079870,32.000000,0.050358,8.987565,0.630499,3397.632122,936.333735
876,2.439052,0.147586,2.062575,32.000000,0.050358,13.119851,0.024415,3400.071174,938.396310
877,3.043949,0.180386,0.393021,32.000000,0.050358,10.512660,0.128130,3403.115123,938.789331
878,5.667041,0.199593,3.591029,32.000000,0.050358,5.646686,0.014023,3408.782164,942.380360
879,3.356889,0.199318,0.503546,32.000000,0.050358,9.532637,0.100006,3412.139052,942.883906
880,3.062614,0.204154,0.001923,32.000000,0.050358,10.448591,26.180837,3415.201666,942.885829
881,2.772105,0.150569,0.724257,32.000000,0.050358,11.543573,0.069530,3417.973772,943.610087
882,2.578543,0.149700,4.190422,32.000000,0.050358,12.410109,0.012017,3420.552315,947.800508
883,3.342064,0.202486,0.001889,32.000000,0.050358,9.574920,26.658256,3423.894379,947.802397
884,2.713140,0.142092,3.125384,32.000000,0.050358,11.794451,0.016113,3426.607519,950.927781
885,4.380200,0.197979,0.108858,32.000000,0.050358,7.305602,0.462601,3430.987719,951.036639
886,3.425638,0.195968,0.535447,32.000000,0.050358,9.341327,0.094048,3434.413357,951.572086
887,4.720797,0.236782,1.859598,32.000000,0.050358,6.778516,0.027080,3439.134154,953.431684
888,4.705631,0.212009,0.991242,32.000000,0.050358,6.800363,0.050803,3443.839786,954.422926
889,2.786891,0.199733,0.002293,32.000000,0.050358,11.482330,21.961457,3446.626676,954.425219
890,3.534954,0.209474,0.420539,32.000000,0.050358,9.052451,0.119746,3450.161631,954.845758
891,3.285101,0.199714,0.220956,32.000000,0.050358,9.740950,0.227909,3453.446731,955.066713
892,3.796134,0.150150,1.380139,32.000000,0.050358,8.429629,0.036487,3457.242865,956.446852
893,2.985284,0.152833,0.797226,32.000000,0.050358,10.719247,0.063166,3460.228149,957.244078
894,3.328630,0.176027,0.796146,32.000000,0.050358,9.613564,0.063252,3463.556779,958.040224
895,5.883030,0.176220,1.102158,32.000000,0.050358,5.439373,0.045690,3469.439810,959.142382
896,4.224141,0.199848,0.062154,32.000000,0.050358,7.575504,0.810213,3473.663951,959.204536
897,2.859056,0.199871,0.212411,32.000000,0.050358,11.192506,0.237077,3476.523007,959.416947
898,3.190118,0.199821,0.704633,32.000000,0.050358,10.030977,0.071467,3479.713125,960.121580
899,6.507798,0.146923,3.164887,32.000000,0.050358,4.917178,0.015911,3486.220923,963.286466
900,9.691799,0.142612,4.906366,32.000000,0.050358,3.301761,0.010264,3495.912722,968.192833
901,4.616356,0.204211,0.563228,32.000000,0.050358,6.931875,0.089409,3500.529078,968.756060
902,3.308582,0.204805,0.516325,32.000000,0.050358,9.671817,0.097531,3503.837660,969.272385
903,8.067704,0.199500,4.803455,32.000000,0.050358,3.966432,0.010484,3511.905364,974.075840
904,3.119650,0.203982,0.002150,32.000000,0.050358,10.257560,23.423527,3515.025015,974.077990
905,2.326418,0.147128,2.010336,32.000000,0.050358,13.755050,0.025049,3517.351433,976.088326
906,3.044173,0.143915,1.920048,32.000000,0.050358,10.511886,0.026227,3520.395606,978.008374
907,2.389658,0.142537,3.527096,32.000000,0.050358,13.391035,0.014277,3522.785264,981.535469
908,2.444597,0.151520,0.819963,32.000000,0.050358,13.090090,0.061415,3525.229862,982.355433
909,2.184176,0.145095,14.799200,32.000000,0.050358,14.650835,0.003403,3527.414038,997.154632
910,2.930367,0.204025,0.002003,32.000000,0.050358,10.920135,25.142164,3530.344404,997.156635
911,6.676293,0.208862,4.555895,32.000000,0.050358,4.793079,0.011053,3537.020697,1001.712531
912,6.187800,0.153755,0.943365,32.000000,0.050358,5.171466,0.053381,3543.208498,1002.655896
913,2.935659,0.205044,0.683556,32.000000,0.050358,10.900449,0.073670,3546.144157,1003.339451
914,5.112167,0.193550,8.119693,32.000000,0.050358,6.259576,0.006202,3551.256324,1011.459144
915,1.741486,0.200183,0.001853,32.000000,0.050358,18.375111,27.178866,3552.997810,1011.460997
916,2.886128,0.184296,0.688844,32.000000,0.050358,11.087521,0.073105,3555.883938,1012.149841
917,2.917026,0.183339,0.690356,32.000000,0.050358,10.970077,0.072945,3558.800964,1012.840196
918,3.778868,0.205530,0.739813,32.000000,0.050358,8.468144,0.068068,3562.579832,1013.580010
919,2.830095,0.176638,2.969736,32.000000,0.050358,11.307041,0.016957,3565.409927,1016.549745
920,3.283060,0.199445,0.582789,32.000000,0.050358,9.747004,0.086408,3568.692987,1017.132534
921,3.140572,0.197244,0.334755,32.000000,0.050358,10.189228,0.150432,3571.833559,1017.467290
922,3.170636,0.209664,0.336955,32.000000,0.050358,10.092611,0.149450,3575.004195,1017.804245
923,4.027072,0.200063,0.001951,32.000000,0.050358,7.946219,25.807966,3579.031268,1017.806196
924,2.935461,0.199945,0.930646,32.000000,0.050358,10.901185,0.054111,3581.966728,1018.736842
925,3.387759,0.150652,4.162593,32.000000,0.050358,9.445772,0.012098,3585.354487,1022.899435
926,4.058030,0.207638,3.937248,32.000000,0.050358,7.885599,0.012790,3589.412518,1026.836683
927,2.362726,0.205059,0.002078,32.000000,0.050358,13.543676,24.228894,3591.775244,1026.838762
928,3.969210,0.204543,0.422121,32.000000,0.050358,8.062058,0.119297,3595.744454,1027.260883
929,5.824019,0.206015,0.496169,32.000000,0.050358,5.494487,0.101493,3601.568473,1027.757052
930,2.707416,0.148840,0.700417,32.000000,0.050358,11.819389,0.071897,3604.275889,1028.457469
931,3.375766,0.204442,0.253229,32.000000,0.050358,9.479331,0.198863,3607.651654,1028.710698
932,4.938065,0.150517,0.765060,32.000000,0.050358,6.480272,0.065822,3612.589719,1029.475758
933,2.985852,0.149786,0.804563,32.000000,0.050358,10.717208,0.062590,3615.575571,1030.280322
934,3.794419,0.199681,1.102488,32.000000,0.050358,8.433438,0.045677,3619.369990,1031.382809
935,6.803845,0.147930,4.126242,32.000000,0.050358,4.703223,0.012204,3626.173836,1035.509052
936,3.209064,0.199394,0.002000,32.000000,0.050358,9.971754,25.181402,3629.382900,1035.511051
937,6.298467,0.160315,6.274591,32.000000,0.050358,5.080601,0.008026,3635.681368,1041.785642
938,2.754471,0.158741,0.714384,32.000000,0.050358,11.617477,0.070491,3638.435839,1042.500026
939,3.634119,0.198322,0.066361,32.000000,0.050358,8.805435,0.758849,3642.069958,1042.566386
940,3.314307,0.226000,0.201130,32.000000,0.050358,9.655111,0.250375,3645.384265,1042.767516
941,2.572234,0.150860,1.521986,32.000000,0.050358,12.440550,0.033087,3647.956498,1044.289502
942,3.686766,0.205000,0.002008,32.000000,0.050358,8.679694,25.079007,3651.643265,1044.291510
943,2.717571,0.179461,0.852306,32.000000,0.050358,11.775223,0.059084,3654.360835,1045.143816
944,3.365934,0.202718,0.002032,32.000000,0.050358,9.507019,24.785477,3657.726769,1045.145848
945,2.152033,0.164203,1.555963,32.000000,0.050358,14.869661,0.032364,3659.878802,1046.701810
946,3.253845,0.209398,0.068389,32.000000,0.050358,9.834518,0.736344,3663.132648,1046.770199
947,2.900962,0.210904,0.001942,32.000000,0.050358,11.030822,25.936648,3666.033610,1046.772141
948,3.242534,0.198875,0.114073,32.000000,0.050358,9.868825,0.441451,3669.276144,1046.886214
949,2.702095,0.205862,0.138224,32.000000,0.050358,11.842663,0.364321,3671.978239,1047.024438
950,2.794067,0.209623,0.083136,32.000000,0.050358,11.452837,0.605730,3674.772306,1047.107574
951,2.741161,0.171166,0.353908,32.000000,0.050358,11.673886,0.142291,3677.513467,1047.461482
952,3.255490,0.204157,0.002061,32.000000,0.050358,9.829550,24.434678,3680.768957,1047.463543
953,3.175542,0.203520,0.229626,32.000000,0.050358,10.077020,0.219304,3683.944499,1047.693169
954,2.485842,0.206230,1.273990,32.000000,0.050358,12.872903,0.039528,3686.430341,1048.967159
955,2.832224,0.204029,0.001959,32.000000,0.050358,11.298543,25.708964,3689.262565,1048.969118
956,2.350799,0.199305,0.515552,32.000000,0.050358,13.612390,0.097677,3691.613364,1049.484670
957,2.952661,0.204709,0.310635,32.000000,0.050358,10.837683,0.162113,3694.566025,1049.795305
958,3.517038,0.204543,0.114831,32.000000,0.050358,9.098565,0.438539,3698.083063,1049.910136
959,2.880150,0.145165,1.236670,32.000000,0.050358,11.110533,0.040721,3700.963212,1051.146806
960,3.145832,0.199805,0.172357,32.000000,0.050358,10.172190,0.292172,3704.109044,1051.319162
961,2.694216,0.196126,0.420731,32.000000,0.050358,11.877296,0.119691,3706.803260,1051.739894
962,2.785815,0.200609,0.254140,32.000000,0.050358,11.486765,0.198150,3709.589075,1051.994034
963,3.024274,0.152469,0.547331,32.000000,0.050358,10.581053,0.092006,3712.613349,1052.541364
964,3.231743,0.198923,0.240784,32.000000,0.050358,9.901776,0.209141,3715.845092,1052.782148
965,2.844105,0.199905,0.138363,32.000000,0.050358,11.251343,0.363954,3718.689197,1052.920511
966,2.869682,0.183741,0.394931,32.000000,0.050358,11.151061,0.127511,3721.558879,1053.315442
967,3.047029,0.204748,0.001972,32.000000,0.050358,10.502035,25.532975,3724.605908,1053.317414
968,3.048078,0.199630,0.001894,32.000000,0.050358,10.498419,26.590268,3727.653986,1053.319308
969,2.664660,0.147342,0.728629,32.000000,0.050358,12.009038,0.069113,3730.318646,1054.047938
970,2.886141,0.215044,0.322244,32.000000,0.050358,11.087470,0.156272,3733.204786,1054.370182
971,3.039300,0.204874,0.076346,32.000000,0.050358,10.528740,0.659600,3736.244087,1054.446528
972,3.460384,0.199944,0.201772,32.000000,0.050358,9.247530,0.249578,3739.704470,1054.648300
973,2.450348,0.145366,0.918866,32.000000,0.050358,13.059371,0.054804,3742.154818,1055.567166
974,3.142276,0.199565,0.411753,32.000000,0.050358,10.183700,0.122301,3745.297094,1055.978919
975,2.499861,0.168792,0.433333,32.000000,0.050358,12.800711,0.116210,3747.796955,1056.412252
976,2.644803,0.209947,0.190901,32.000000,0.050358,12.099201,0.263790,3750.441758,1056.603153
977,2.589216,0.156900,0.663720,32.000000,0.050358,12.358952,0.075872,3753.030974,1057.266873
978,2.465455,0.160377,0.829288,32.000000,0.050358,12.979351,0.060724,3755.496429,1058.096161
979,2.887429,0.200383,0.001931,32.000000,0.050358,11.082523,26.080459,3758.383858,1058.098092
980,2.311162,0.144158,1.004434,32.000000,0.050358,13.845846,0.050136,3760.695021,1059.102525
981,2.449518,0.144620,0.891118,32.000000,0.050358,13.063794,0.056511,3763.144539,1059.993643
982,2.404213,0.148262,0.971904,32.000000,0.050358,13.309968,0.051814,3765.548752,1060.965547
983,2.667128,0.200203,0.197410,32.000000,0.050358,11.997926,0.255092,3768.215880,1061.162957
984,2.745522,0.203846,0.436555,32.000000,0.050358,11.655344,0.115353,3770.961401,1061.599512
985,2.737809,0.206577,0.508457,32.000000,0.050358,11.688178,0.099041,3773.699210,1062.107968
986,3.503059,0.203966,0.349372,32.000000,0.050358,9.134874,0.144138,3777.202269,1062.457340
987,2.431661,0.152316,0.558850,32.000000,0.050358,13.159731,0.090110,3779.633930,1063.016190
988,2.421407,0.153925,0.606940,32.000000,0.050358,13.215456,0.082970,3782.055337,1063.623130
989,3.001593,0.200026,0.308197,32.000000,0.050358,10.661007,0.163395,3785.056930,1063.931327
990,3.223930,0.204683,0.036873,32.000000,0.050358,9.925773,1.365720,3788.280860,1063.968200
991,2.583667,0.150584,0.870282,32.000000,0.050358,12.385497,0.057864,3790.864527,1064.838482
992,2.989242,0.199909,0.134782,32.000000,0.050358,10.705054,0.373624,3793.853769,1064.973264
993,2.826223,0.228384,0.357272,32.000000,0.050358,11.322531,0.140951,3796.679992,1065.330536
994,3.008770,0.200104,0.042768,32.000000,0.050358,10.635577,1.177451,3799.688762,1065.373305
995,3.018447,0.207284,0.001904,32.000000,0.050358,10.601478,26.453533,3802.707209,1065.375208
996,3.586838,0.199974,0.001968,32.000000,0.050358,8.921506,25.590273,3806.294048,1065.377176
997,2.578651,0.201894,0.446400,32.000000,0.050358,12.409588,0.112809,3808.872699,1065.823576
998,2.674500,0.179275,0.274205,32.000000,0.050358,11.964854,0.183651,3811.547199,1066.097781
999,3.223755,0.204182,0.001824,32.000000,0.050358,9.926313,27.601220,3814.770954,1066.099605
1000,2.904981,0.198984,0.507237,32.000000,0.050358,11.015563,0.099279,3817.675934,1066.606843
1001,2.256531,0.205186,0.444106,32.000000,0.050358,14.181060,0.113391,3819.932465,1067.050949
1002,2.442134,0.149060,0.827473,32.000000,0.050358,13.103295,0.060857,3822.374599,1067.878422
1003,3.108523,0.205161,0.001850,32.000000,0.050358,10.294277,27.220119,3825.483122,1067.880272
1004,3.053499,0.153665,0.938737,32.000000,0.050358,10.479779,0.053644,3828.536622,1068.819008
1005,3.316981,0.203877,0.365502,32.000000,0.050358,9.647326,0.137777,3831.853603,1069.184510
1006,2.930415,0.204637,0.040233,32.000000,0.050358,10.919957,1.251654,3834.784018,1069.224743
1007,2.944087,0.210111,0.001998,32.000000,0.050358,10.869245,25.202650,3837.728105,1069.226742
1008,2.960930,0.204877,0.001948,32.000000,0.050358,10.807415,25.854076,3840.689035,1069.228689
1009,2.999060,0.199999,0.203627,32.000000,0.050358,10.670011,0.247305,3843.688094,1069.432316
1010,2.646479,0.200111,0.114015,32.000000,0.050358,12.091537,0.441675,3846.334573,1069.546331
1011,2.809582,0.202972,0.084329,32.000000,0.050358,11.389594,0.597157,3849.144155,1069.630661
1012,2.553274,0.149923,0.708166,32.000000,0.050358,12.532927,0.071110,3851.697430,1070.338826
1013,2.651947,0.182217,0.371025,32.000000,0.050358,12.066606,0.135726,3854.349377,1070.709851
1014,2.952100,0.204627,0.039553,32.000000,0.050358,10.839743,1.273189,3857.301476,1070.749404
1015,2.977031,0.205512,0.001900,32.000000,0.050358,10.748963,26.507059,3860.278508,1070.751304
1016,2.289599,0.148932,0.842029,32.000000,0.050358,13.976244,0.059805,3862.568107,1071.593333
1017,2.487817,0.172358,1.022151,32.000000,0.050358,12.862681,0.049267,3865.055924,1072.615484
1018,2.498806,0.157230,1.002556,32.000000,0.050358,12.806116,0.050229,3867.554730,1073.618040
1019,2.238896,0.149017,1.734428,32.000000,0.050358,14.292760,0.029034,3869.793626,1075.352468
1020,2.940181,0.204802,0.065104,32.000000,0.050358,10.883684,0.773501,3872.733807,1075.417571
1021,2.280845,0.152184,1.343761,32.000000,0.050358,14.029886,0.037475,3875.014652,1076.761332
1022,3.213122,0.199963,0.072874,32.000000,0.050358,9.959161,0.691023,3878.227774,1076.834207
1023,3.312317,0.199857,0.001850,32.000000,0.050358,9.660911,27.222046,3881.540092,1076.836057
1024,2.000363,0.146527,1.148419,32.000000,0.050358,15.997096,0.043850,3883.540455,1077.984475
1025,3.189225,0.204032,0.002058,32.000000,0.050358,10.033785,24.471797,3886.729680,1077.986533
1026,2.677242,0.206264,0.585920,32.000000,0.050358,11.952598,0.085947,3889.406922,1078.572453
1027,2.788701,0.151312,0.662798,32.000000,0.050358,11.474878,0.075978,3892.195623,1079.235251
1028,2.686198,0.209262,0.169655,32.000000,0.050358,11.912748,0.296826,3894.881821,1079.404906
1029,2.245020,0.152262,0.866507,32.000000,0.050358,14.253773,0.058116,3897.126840,1080.271413
1030,2.801252,0.208633,0.235406,32.000000,0.050358,11.423465,0.213919,3899.928092,1080.506819
1031,2.433424,0.160697,0.593616,32.000000,0.050358,13.150193,0.084832,3902.361516,1081.100435
1032,2.817980,0.199971,0.436644,32.000000,0.050358,11.355651,0.115329,3905.179497,1081.537079
1033,2.700390,0.173512,0.453084,32.000000,0.050358,11.850138,0.111145,3907.879887,1081.990163
1034,3.102075,0.198324,0.021327,32.000000,0.050358,10.315676,2.361249,3910.981962,1082.011490
1035,2.785484,0.197829,0.469935,32.000000,0.050358,11.488128,0.107159,3913.767446,1082.481425
1036,2.372371,0.154527,0.795988,32.000000,0.050358,13.488615,0.063265,3916.139817,1083.277413
1037,3.113753,0.198468,0.001998,32.000000,0.050358,10.276986,25.210384,3919.253571,1083.279410
1038,2.964064,0.210479,0.035545,32.000000,0.050358,10.795989,1.416739,3922.217634,1083.314955
1039,2.955752,0.202503,0.226133,32.000000,0.050358,10.826348,0.222691,3925.173386,1083.541088
1040,2.530441,0.158195,0.547497,32.000000,0.050358,12.646018,0.091978,3927.703827,1084.088585
1041,2.783878,0.199550,0.545598,32.000000,0.050358,11.494758,0.092298,3930.487705,1084.634183
1042,2.796703,0.149958,0.433019,32.000000,0.050358,11.442046,0.116295,3933.284408,1085.067202
1043,2.491350,0.158130,0.767763,32.000000,0.050358,12.844439,0.065590,3935.775758,1085.834965
1044,3.287316,0.199892,0.001880,32.000000,0.050358,9.734384,26.790135,3939.063074,1085.836845
1045,2.419943,0.181551,0.540878,32.000000,0.050358,13.223450,0.093104,3941.483018,1086.377723
1046,2.748442,0.189634,0.545661,32.000000,0.050358,11.642958,0.092288,3944.231460,1086.923384
1047,2.410731,0.177899,0.657404,32.000000,0.050358,13.273980,0.076601,3946.642192,1087.580788
1048,2.798897,0.150666,0.744311,32.000000,0.050358,11.433074,0.067657,3949.441089,1088.325099
1049,2.638552,0.210539,0.023483,32.000000,0.050358,12.127863,2.144443,3952.079641,1088.348582
1050,2.472417,0.172549,0.665737,32.000000,0.050358,12.942803,0.075642,3954.552058,1089.014319
1051,2.854533,0.150781,0.935968,32.000000,0.050358,11.210239,0.053803,3957.406591,1089.950287
1052,3.086747,0.199477,0.036902,32.000000,0.050358,10.366901,1.364649,3960.493338,1089.987189
1053,3.032063,0.212790,0.185803,32.000000,0.050358,10.553872,0.271029,3963.525401,1090.172991
1054,2.260724,0.149211,1.429294,32.000000,0.050358,14.154755,0.035233,3965.786125,1091.602285
1055,2.726450,0.167335,0.872848,32.000000,0.050358,11.736875,0.057694,3968.512575,1092.475133
1056,2.334256,0.187277,0.958781,32.000000,0.050358,13.708863,0.052523,3970.846831,1093.433914
1057,2.432827,0.150476,0.530062,32.000000,0.050358,13.153420,0.095004,3973.279659,1093.963976
1058,2.825572,0.208676,0.204204,32.000000,0.050358,11.325142,0.246605,3976.105230,1094.168180
1059,2.750666,0.200156,0.284465,32.000000,0.050358,11.633548,0.177026,3978.855896,1094.452645
1060,2.769983,0.148716,0.410595,32.000000,0.050358,11.552418,0.122646,3981.625879,1094.863240
1061,2.877644,0.199868,0.155076,32.000000,0.050358,11.120207,0.324729,3984.503523,1095.018316
1062,3.090962,0.199857,0.002005,32.000000,0.050358,10.352762,25.112224,3987.594486,1095.020321
1063,2.399895,0.146606,0.718348,32.000000,0.050358,13.333918,0.070102,3989.994380,1095.738669
1064,2.347688,0.158322,0.633321,32.000000,0.050358,13.630433,0.079514,3992.342068,1096.371990
1065,2.688909,0.151496,0.540085,32.000000,0.050358,11.900737,0.093240,3995.030977,1096.912075
1066,2.920597,0.200195,0.172956,32.000000,0.050358,10.956664,0.291160,3997.951574,1097.085031
1067,3.112452,0.200244,0.042084,32.000000,0.050358,10.281282,1.196602,4001.064027,1097.127115
1068,2.958959,0.199687,0.001798,32.000000,0.050358,10.814615,28.002935,4004.022985,1097.128913
1069,2.631551,0.153513,1.992536,32.000000,0.050358,12.160129,0.025273,4006.654536,1099.121450
1070,2.791966,0.209009,0.513917,32.000000,0.050358,11.461457,0.097988,4009.446502,1099.635367
1071,3.079217,0.201729,0.288922,32.000000,0.050358,10.392252,0.174296,4012.525720,1099.924289
1072,3.820254,0.199807,0.002076,32.000000,0.050358,8.376406,24.255713,4016.345974,1099.926365
1073,2.944089,0.179675,0.321884,32.000000,0.050358,10.869235,0.156447,4019.290063,1100.248249
1074,3.064973,0.203958,0.003836,32.000000,0.050358,10.440550,13.126410,4022.355036,1100.252085
1075,2.527689,0.152413,0.652096,32.000000,0.050358,12.659787,0.077225,4024.882725,1100.904181
1076,2.629634,0.188569,0.718086,32.000000,0.050358,12.168992,0.070128,4027.512359,1101.622267
1077,2.902599,0.183459,0.521214,32.000000,0.050358,11.024604,0.096616,4030.414958,1102.143481
1078,2.755175,0.202200,0.500057,32.000000,0.050358,11.614508,0.100704,4033.170132,1102.643538
1079,2.928279,0.204411,0.001986,32.000000,0.050358,10.927920,25.354898,4036.098411,1102.645525
1080,2.675748,0.201191,0.069979,32.000000,0.050358,11.959273,0.719610,4038.774159,1102.715504
1081,2.795771,0.205561,0.059430,32.000000,0.050358,11.445860,0.847343,4041.569930,1102.774934
1082,2.533119,0.153755,0.653377,32.000000,0.050358,12.632650,0.077073,4044.103049,1103.428311
1083,3.459745,0.207636,0.001927,32.000000,0.050358,9.249236,26.129134,4047.562794,1103.430238
1084,2.751113,0.203807,0.261340,32.000000,0.050358,11.631654,0.192691,4050.313907,1103.691578
1085,2.224083,0.147284,0.852732,32.000000,0.050358,14.387950,0.059055,4052.537991,1104.544310
1086,2.603220,0.152811,1.039069,32.000000,0.050358,12.292466,0.048464,4055.141211,1105.583379
1087,2.658811,0.148093,0.879436,32.000000,0.050358,12.035455,0.057262,4057.800022,1106.462814
1088,3.077224,0.204490,0.289816,32.000000,0.050358,10.398982,0.173758,4060.877246,1106.752631
1089,3.066381,0.193949,0.501150,32.000000,0.050358,10.435753,0.100485,4063.943628,1107.253780
1090,2.869022,0.203962,0.001968,32.000000,0.050358,11.153628,25.583461,4066.812650,1107.255749
1091,2.366551,0.152483,0.877662,32.000000,0.050358,13.521786,0.057377,4069.179201,1108.133411
1092,2.794139,0.210425,0.154697,32.000000,0.050358,11.452545,0.325525,4071.973340,1108.288108
1093,3.109991,0.204906,0.313473,32.000000,0.050358,10.289420,0.160645,4075.083330,1108.601581
1094,2.794478,0.199465,0.192604,32.000000,0.050358,11.451156,0.261458,4077.877808,1108.794185
1095,3.569571,0.204929,0.001875,32.000000,0.050358,8.964662,26.855369,4081.447379,1108.796060
1096,2.968612,0.203771,0.105962,32.000000,0.050358,10.779448,0.475244,4084.415992,1108.902022
1097,3.608096,0.212217,0.001961,32.000000,0.050358,8.868945,25.679008,4088.024087,1108.903984
1098,2.549091,0.193322,0.488098,32.000000,0.050358,12.553494,0.103171,4090.573178,1109.392082
1099,3.012914,0.199931,0.028200,32.000000,0.050358,10.620946,1.785742,4093.586092,1109.420282
