timestamp,cpu_percent,memory_mb,rbd_usage_mb,io_read_mb,io_write_mb,net_rx_mb,net_tx_mb
1779083704.850536,0.0,1290,281786,0.000,0.000,0.000,0.000
1779083707.854337,0.0,1608,281348,59.838,0.000,50.401,0.554
1779083710.857960,0.0,1614,281349,93.221,0.000,97.411,1.088
1779083713.861571,0.0,1609,281349,91.889,0.165,96.982,1.308
1779083716.864159,0.0,1611,281350,93.253,0.000,97.962,1.173
1779083719.867455,0.0,1611,281350,86.572,0.029,90.878,0.966
1779083722.871027,0.0,1611,281350,86.564,0.001,93.422,1.071
1779083725.898317,0.0,1610,281351,85.885,0.008,93.300,1.010
1779083728.907488,0.0,1611,281352,85.073,0.004,94.976,1.030
1779083731.911186,0.0,1612,281352,87.892,0.000,89.359,0.980
1779083734.914900,0.0,1612,281352,90.555,0.003,89.357,0.965
1779083737.918614,0.0,1612,281353,89.223,0.001,90.754,1.062
1779083740.922814,0.0,1610,281353,93.203,0.003,93.601,1.023
1779083743.926559,0.0,1612,281354,87.890,1.460,93.970,2.572
1779083746.930320,0.0,1614,281354,90.553,0.012,93.229,1.050
1779083749.934066,0.0,1612,281354,90.554,0.000,94.823,0.998
1779083752.937759,0.0,1610,281355,89.223,0.010,95.710,1.103
1779083755.941361,0.0,1611,281355,97.217,0.000,99.537,1.126
1779083758.944443,0.0,1610,281356,90.574,0.004,97.695,1.102
1779083761.948128,0.0,1611,281356,94.551,0.000,96.801,1.108
1779083764.951792,0.0,1607,281356,87.893,0.004,93.030,1.015
1779083767.955367,0.0,1610,281357,95.886,0.000,98.206,1.115
1779083770.958255,0.0,1607,281357,85.251,0.004,89.277,1.001
1779083773.961736,0.0,1611,281358,90.562,0.000,95.267,1.079
1779083776.967600,0.0,1611,281358,87.828,1.465,93.437,2.550
1779083779.982040,0.0,1611,281358,84.925,0.006,92.517,1.044
1779083783.008716,0.0,1610,281359,84.581,0.000,89.641,0.982
1779083786.017650,0.0,1611,281359,85.080,0.006,93.933,1.019
1779083789.026560,0.0,1610,281360,85.081,0.000,88.965,0.941
1779083792.039267,0.0,1611,281360,84.973,0.792,93.408,1.853
1779083795.041982,0.0,1610,281361,85.256,0.000,90.067,0.980
1779083798.045429,0.0,1610,281361,86.567,0.007,90.453,0.946
1779083801.048398,0.0,1609,281362,90.577,0.000,89.382,0.944
1779083804.052489,0.0,1610,281362,79.891,0.532,89.353,1.491
1779083807.056037,0.0,1615,281362,86.564,0.014,89.363,0.959
1779083810.059073,0.0,1612,281363,87.911,0.007,89.379,1.034
1779083813.062940,0.0,1610,281363,89.218,0.000,89.353,0.984
1779083816.065799,0.0,1610,281364,87.916,0.532,89.386,1.483
1779083819.069288,0.0,1612,281364,87.898,0.000,89.365,1.011
1779083822.072942,0.0,1611,281364,86.561,0.003,89.360,1.015
1779083825.076639,0.0,1610,281365,89.223,0.004,90.171,0.987
1779083828.079427,0.0,1611,281365,90.582,0.532,93.454,1.617
1779083831.082509,0.0,1610,281366,91.906,0.000,95.586,1.082
1779083834.086253,0.0,1608,281366,91.885,0.007,99.505,1.030
1779083837.089607,0.0,1614,281366,93.229,0.000,94.335,1.088
1779083840.093395,0.0,1611,281367,90.552,0.027,94.929,1.117
1779083843.097146,0.0,1610,281367,91.885,0.000,97.192,1.121
1779083846.100849,0.0,1612,281368,87.892,0.010,93.803,1.008
1779083849.104519,0.0,1613,281368,87.892,0.000,92.795,0.937
1779083852.108211,0.0,1612,281368,87.892,0.004,89.868,1.007
1779083855.111765,0.0,1612,281369,86.564,0.000,93.951,0.994
1779083858.115350,0.0,1612,281369,86.563,0.004,89.575,0.930
1779083861.118026,0.0,1611,281370,90.586,1.445,91.570,2.490
1779083864.120654,0.0,1610,281370,89.255,0.007,92.538,1.076
1779083867.124211,0.0,1611,281370,87.896,0.003,91.585,1.014
1779083870.127968,0.0,1609,281371,83.895,0.018,91.480,1.008
1779083873.131543,0.0,1610,281371,89.227,0.000,94.431,1.018
1779083876.135189,0.0,1618,281372,81.235,0.009,83.262,0.894
1779083879.138650,0.0,1618,281372,79.908,0.000,82.276,0.865
1779083882.141687,0.0,1618,281372,81.251,0.009,83.999,0.794
1779083885.145500,0.0,1617,281373,86.557,1.056,92.775,2.153
1779083888.148471,0.0,1617,281373,85.249,0.009,91.020,1.046
1779083891.151116,0.0,1615,281373,86.590,0.000,92.041,0.957
1779083894.153911,0.0,1618,281374,83.922,0.008,84.829,0.903
1779083897.156820,0.0,1617,281374,87.915,0.000,90.431,1.004
1779083900.160417,0.0,1617,281375,86.563,0.004,91.550,1.033
1779083903.164236,0.0,1621,281375,86.557,0.000,90.793,1.003
1779083906.166815,0.0,1617,281375,86.592,0.004,91.042,0.970
1779083909.170452,0.0,1619,281376,81.235,0.000,85.428,0.790
1779083912.174455,0.0,1617,281376,86.551,0.004,90.553,0.988
1779083915.178141,0.0,1618,281377,85.229,0.014,89.778,2.390
1779083918.183455,0.0,1617,281377,91.837,1.453,93.226,1.128
1779083921.186689,0.0,1618,281377,81.246,0.000,89.631,0.942
1779083924.190408,0.0,1617,281378,86.559,0.008,87.844,0.886
1779083927.193978,0.0,1616,281378,87.895,0.000,90.841,0.948
1779083930.197501,0.0,1618,281379,86.565,0.004,93.916,1.051
1779083933.204394,0.0,1617,281379,86.468,0.000,93.621,1.008
1779083936.218123,0.0,1616,281380,84.945,0.004,94.655,1.077
1779083939.220661,0.0,1617,281380,86.593,0.000,95.854,1.136
1779083942.224283,0.0,1618,281381,85.230,0.004,90.031,0.922
1779083945.227978,0.0,1619,281381,90.555,0.021,95.670,1.076
1779083948.231684,0.0,1617,281381,87.891,0.000,90.536,1.047
1779083951.235363,0.0,1617,281382,85.229,1.590,89.367,2.599
1779083954.239070,0.0,1617,281382,91.886,0.000,89.359,0.984
1779083957.242233,0.0,1615,281383,85.243,0.010,89.375,0.973
1779083960.245404,0.0,1619,281383,89.239,0.000,89.374,1.007
1779083963.249131,0.0,1618,281383,82.564,0.003,89.357,0.919
1779083966.252830,0.0,1619,281384,90.555,0.001,89.359,0.934
1779083969.256651,0.0,1618,281384,83.893,0.000,89.734,0.998
1779083972.260395,0.0,1619,281385,77.237,0.004,88.977,0.840
1779083975.263964,0.0,1618,281385,94.554,0.004,89.364,1.043
1779083978.268158,0.0,1617,281385,75.894,0.013,89.346,0.955
1779083981.271765,0.0,1617,281386,81.236,0.008,89.362,0.941
1779083984.275001,0.0,1618,281386,82.578,1.446,89.385,2.460
1779083987.278753,0.0,1621,281387,78.568,0.007,89.358,1.008
1779083990.282499,0.0,1620,281387,51.935,0.004,29.325,0.232
1779083993.286263,0.0,1619,281387,73.241,0.003,75.896,0.748
1779083996.289962,0.0,1619,281387,77.238,0.001,77.889,0.706
1779083999.293699,0.0,1619,281388,78.569,0.004,84.970,0.849
1779084002.297363,0.0,1619,281388,74.576,0.000,89.363,0.911
1779084005.301114,0.0,1618,281389,75.905,0.004,86.807,0.845
1779084008.304101,0.0,1615,281389,79.920,0.000,82.668,0.798
1779084011.307055,0.0,1618,281389,82.585,0.003,76.025,0.682
1779084014.310419,0.0,1620,281389,73.251,1.197,75.686,1.936
1779084017.314469,0.0,1620,281390,81.224,0.001,74.166,0.722
1779084020.318115,0.0,1619,281390,79.903,0.008,86.058,0.841
1779084023.320904,0.0,1619,281391,79.926,0.000,83.321,0.860
1779084026.324527,0.0,1619,281391,69.250,0.004,73.649,0.676
1779084029.328198,0.0,1618,281391,71.912,0.000,80.287,0.717
1779084032.331785,0.0,1615,281392,62.592,0.004,84.242,0.720
1779084035.335305,0.0,1614,281392,81.238,0.000,75.404,0.753
1779084038.344263,0.0,1615,281392,81.091,0.926,77.400,1.690
1779084041.347729,0.0,1614,281393,75.912,0.008,74.552,0.664
1779084044.351425,0.0,1614,281393,78.570,0.007,83.076,0.790
1779084047.355159,0.0,1614,281393,74.574,0.000,81.919,0.857
1779084050.358821,0.0,1611,281394,69.249,0.004,72.725,0.656
1779084053.362540,0.0,1613,281394,67.916,0.004,72.378,0.604
1779084056.366265,0.0,1614,281395,83.896,0.000,89.358,0.909
1779084059.368927,0.0,1612,281395,75.933,0.004,89.391,0.824
1779084062.371947,0.0,1613,281395,74.592,0.000,83.162,0.760
1779084065.375362,0.0,1614,281395,85.236,0.004,78.598,0.770
1779084068.384262,0.0,1614,281396,83.752,0.000,83.109,0.857
1779084071.387939,0.0,1616,281396,78.570,0.000,71.625,0.664
1779084074.390629,0.0,1616,281397,77.264,1.462,85.536,2.338
1779084077.394415,0.0,1615,281397,77.236,0.000,76.812,0.723
1779084080.398234,0.0,1616,281397,73.240,0.009,76.387,0.716
1779084083.401889,0.0,1615,281398,71.912,0.001,83.330,0.804
1779084086.405608,0.0,1615,281398,73.243,0.007,76.248,0.680
1779084089.409476,0.0,1614,281399,74.571,0.000,88.985,0.842
1779084092.412944,0.0,1610,281399,79.908,0.004,85.546,0.830
1779084095.416673,0.0,1613,281399,77.237,0.798,79.796,1.576
1779084098.419628,0.0,1614,281399,85.249,0.010,82.666,0.777
1779084101.428514,0.0,1613,281400,85.081,0.000,82.574,0.724
1779084104.442216,0.0,1615,281400,80.964,0.000,82.308,0.790
1779084107.445705,0.0,1622,281401,69.253,0.004,80.485,0.788
1779084110.449582,0.0,1616,281401,79.897,0.000,73.336,0.692
1779084113.453393,0.0,1615,281401,78.567,0.004,79.481,0.797
1779084116.457104,0.0,1614,281402,79.901,0.001,86.601,0.841
1779084119.461897,0.0,1615,281402,74.548,0.009,72.794,0.699
1779084122.465175,0.0,1614,281403,79.913,0.000,121.997,1.208
1779084125.468787,0.0,1615,281403,70.582,0.004,73.499,0.706
1779084128.472862,0.0,1614,281403,75.897,1.326,79.784,2.111
1779084131.476535,0.0,1613,281404,83.897,0.008,87.905,0.834
1779084134.479728,0.0,1615,281404,83.911,0.000,87.849,0.813
1779084137.483335,0.0,1614,281405,86.563,0.004,90.655,0.899
1779084140.486697,0.0,1615,281405,78.579,0.000,82.475,0.830
1779084143.495631,0.0,1615,281405,85.080,0.004,89.204,0.797
1779084146.510167,0.0,1614,281405,84.922,0.000,86.784,0.850
1779084149.528595,0.0,1612,281406,79.512,0.003,84.581,0.820
1779084152.533023,0.0,1613,281406,77.219,0.005,80.751,0.778
1779084155.536490,0.0,1612,281407,74.580,0.000,79.359,0.727
1779084158.540252,0.0,1613,281407,77.236,0.004,80.543,0.758
1779084161.544004,0.0,1615,281407,78.568,1.326,81.221,2.186
1779084164.547685,0.0,1614,281408,65.253,0.008,69.332,0.622
1779084167.551370,0.0,1614,281408,77.238,0.000,80.018,0.728
1779084170.554048,0.0,1611,281409,78.597,0.004,82.301,0.798
1779084173.557690,0.0,1613,281409,73.244,0.000,78.644,0.653
1779084176.560994,0.0,1615,281409,85.239,0.004,89.372,0.935
1779084179.563394,0.0,1616,281409,85.265,0.000,88.045,0.853
1779084182.578372,0.0,1614,281410,71.642,0.004,73.710,0.666
1779084185.583095,0.0,1616,281410,77.212,0.004,82.670,0.737
1779084188.586809,0.0,1616,281410,75.906,0.000,76.187,0.707
1779084191.590847,0.0,1617,281411,67.909,0.004,75.655,2.055
1779084194.594506,0.0,1615,281411,69.249,1.327,68.114,0.631
1779084197.597370,0.0,1613,281412,81.256,0.008,87.278,0.828
1779084200.600577,0.0,1613,281412,89.238,0.000,91.277,0.955
1779084203.603214,0.0,1613,281412,75.933,0.004,80.166,0.781
1779084206.606473,0.0,1616,281413,78.581,0.000,82.343,0.796
1779084209.609401,0.0,1613,281413,79.922,0.004,87.985,0.861
1779084212.612870,0.0,1614,281413,82.571,0.000,83.242,0.756
1779084215.616469,0.0,1614,281414,73.245,0.003,76.875,0.732
1779084218.619377,0.0,1614,281414,71.930,0.005,73.750,0.701
1779084221.623149,0.0,1618,281414,75.905,0.000,78.658,0.710
1779084224.626906,0.0,1613,281415,74.573,0.004,81.458,2.193
1779084227.630527,0.0,1615,281415,75.908,1.328,75.939,0.703
1779084230.634106,0.0,1615,281416,73.246,0.008,76.666,0.775
1779084233.651905,0.0,1617,281416,68.924,0.000,78.603,0.802
1779084236.655392,0.0,1615,281416,85.234,0.004,87.817,0.778
1779084239.670156,0.0,1612,281416,82.262,0.000,80.098,0.734
1779084242.673746,0.0,1615,281417,71.914,0.000,78.568,0.771
1779084245.676378,0.0,1614,281417,73.269,0.004,76.929,0.659
1779084248.680057,0.0,1615,281418,70.580,0.003,72.864,0.627
1779084251.683287,0.0,1616,281418,66.595,0.005,68.024,0.576
1779084254.686174,0.0,1616,281418,71.931,0.000,74.587,0.669
1779084257.689613,0.0,1616,281418,74.581,1.186,85.020,2.002
1779084260.716686,0.0,1612,281419,84.570,0.013,88.669,0.872
1779084263.730157,0.0,1614,281419,80.970,0.009,78.179,0.790
1779084266.733436,0.0,1622,281420,79.913,0.001,86.336,0.884
1779084269.736532,0.0,1613,281420,85.245,0.000,86.585,0.886
1779084272.739253,0.0,1613,281420,74.599,0.004,77.806,0.696
1779084275.742928,0.0,1614,281421,74.575,0.000,78.088,0.736
1779084278.746724,0.0,1617,281421,74.572,0.004,78.439,0.777
1779084281.750623,0.0,1615,281422,79.896,0.001,84.211,0.799
1779084284.754339,0.0,1615,281422,77.238,0.009,78.562,0.793
1779084287.757951,0.0,1613,281422,78.572,0.000,82.993,0.804
1779084290.761678,0.0,1612,281423,78.569,1.334,83.111,2.275
1779084293.764709,0.0,1612,281423,81.251,0.000,83.269,0.831
1779084296.767887,0.0,1615,281424,71.924,0.005,86.612,0.727
1779084299.770352,0.0,1612,281424,85.263,0.000,86.974,0.858
1779084302.796707,0.0,1612,281424,84.590,0.004,81.434,0.847
1779084305.814169,0.0,1618,281424,83.514,0.000,87.474,0.856
1779084308.817926,0.0,1611,281425,63.920,0.003,67.915,0.601
1779084311.821661,0.0,1613,281425,79.901,0.001,79.200,0.721
1779084314.825381,0.0,1613,281426,75.906,0.000,82.469,0.818
1779084317.829114,0.0,1614,281426,77.237,0.008,80.626,0.774
1779084320.832829,0.0,1614,281426,82.564,0.000,85.554,0.831
1779084323.836422,0.0,1614,281427,78.573,1.334,79.947,2.202
1779084326.840847,0.0,1614,281427,63.906,0.000,73.049,0.684
1779084329.844527,0.0,1614,281428,75.907,0.004,87.963,0.834
1779084332.848185,0.0,1614,281428,85.229,0.000,89.359,0.857
1779084335.851623,0.0,1615,281428,85.236,0.004,84.988,0.826
1779084338.866119,0.0,1616,281428,84.923,0.000,86.387,0.883
1779084341.892726,0.0,1614,281429,80.618,0.003,77.391,0.731
1779084344.896212,0.0,1614,281429,67.921,0.001,74.275,0.700
1779084347.899882,0.0,1615,281430,79.902,0.004,82.264,0.758
1779084350.903568,0.0,1614,281430,71.912,0.004,73.671,0.739
1779084353.907297,0.0,1618,281430,77.237,0.000,79.429,1.114
1779084356.910908,0.0,1613,281431,69.250,1.333,72.843,1.681
1779084359.914641,0.0,1614,281431,75.906,0.000,82.755,0.781
1779084362.918359,0.0,1618,281432,79.901,0.008,89.360,0.951
1779084365.922015,0.0,1616,281432,81.234,0.000,89.360,0.885
1779084368.925270,0.0,1615,281432,82.577,0.004,88.032,0.829
1779084371.927873,0.0,1622,281432,85.259,0.000,83.742,0.797
1779084374.936790,0.0,1615,281433,83.751,0.004,80.516,0.830
1779084377.940340,0.0,1615,281433,75.910,0.000,77.086,0.676
1779084380.943640,0.0,1614,281434,71.921,0.004,75.453,0.711
1779084383.947692,0.0,1612,281434,70.571,0.004,73.956,0.687
1779084386.951359,0.0,1618,281434,77.239,0.000,82.359,0.794
1779084389.954978,0.0,1612,281435,61.259,1.336,64.294,1.951
1779084392.958088,0.0,1613,281435,70.593,0.000,89.378,0.849
1779084395.961566,0.0,1619,281435,85.235,0.012,81.179,0.789
1779084398.988813,0.0,1615,281436,84.565,0.000,85.353,0.897
1779084402.002195,0.0,1616,281436,82.300,0.004,79.517,0.777
1779084405.005667,0.0,1615,281436,73.249,0.000,81.156,0.840
1779084408.009390,0.0,1621,281437,81.233,0.000,79.586,0.747
1779084411.013141,0.0,1617,281437,73.242,0.004,78.351,0.717
1779084414.016906,0.0,1615,281438,69.246,0.009,76.539,0.793
1779084417.020523,0.0,1615,281438,73.245,0.004,72.822,0.639
1779084420.024215,0.0,1614,281438,74.575,0.000,79.785,0.827
1779084423.027880,0.0,1618,281439,69.249,1.334,87.649,2.170
1779084426.030802,0.0,1620,281439,85.250,0.000,82.802,0.778
1779084429.039761,0.0,1613,281439,83.750,0.004,78.756,0.768
1779084432.043607,0.0,1614,281440,83.892,0.000,82.944,0.812
1779084435.046879,0.0,1615,281440,79.913,0.000,85.226,0.824
1779084438.050138,0.0,1621,281440,79.913,0.004,84.863,0.881
1779084441.053046,0.0,1614,281441,78.590,0.000,81.002,0.761
1779084444.056696,0.0,1611,281441,81.234,0.004,85.318,0.867
1779084447.060401,0.0,1613,281442,69.248,0.000,76.620,0.735
1779084450.064070,0.0,1615,281442,75.907,0.008,75.193,0.685
1779084453.067859,0.0,1613,281442,79.899,0.000,81.874,0.801
1779084456.071422,0.0,1613,281443,74.578,1.333,81.338,2.141
1779084459.075066,0.0,1613,281443,82.566,0.000,88.360,0.908
1779084462.078727,0.0,1612,281444,69.249,0.008,89.362,0.827
1779084465.082305,0.0,1613,281444,83.900,0.000,81.547,0.785
1779084468.091195,0.0,1623,281444,83.752,0.004,77.128,0.727
1779084471.094576,0.0,1621,281444,82.574,0.000,84.764,0.812
1779084474.112205,0.0,1613,281445,74.230,0.000,75.913,0.741
1779084477.115945,0.0,1613,281445,78.569,0.004,81.312,0.785
1779084480.119988,0.0,1615,281446,74.566,0.004,77.777,0.679
1779084483.124007,0.0,1615,281446,74.567,0.004,82.679,0.817
1779084486.127664,0.0,1615,281446,73.244,0.000,73.937,0.810
1779084489.131350,0.0,1615,281447,67.917,1.334,79.351,2.067
1779084492.135057,0.0,1617,281447,75.906,0.000,89.359,0.855
1779084495.138742,0.0,1618,281447,81.234,0.005,84.846,0.818
1779084498.141741,0.0,1618,281447,85.248,0.000,79.930,0.824
1779084501.168651,0.0,1613,281448,80.610,0.004,73.433,0.610
1779084504.171953,0.0,1614,281448,73.253,0.000,75.452,0.682
1779084507.175627,0.0,1616,281449,73.244,0.000,78.366,0.783
1779084510.179432,0.0,1615,281449,78.567,0.004,85.567,0.839
1779084513.182986,0.0,1614,281449,67.920,0.003,70.992,0.640
1779084516.186589,0.0,1614,281450,73.245,0.005,76.405,0.663
1779084519.189743,0.0,1614,281450,66.597,0.000,89.376,0.791
1779084522.193338,0.0,1616,281450,82.568,1.340,72.043,2.087
1779084525.220704,0.0,1614,281451,79.277,0.000,76.906,0.815
1779084528.224002,0.0,1616,281451,79.912,0.005,82.277,0.790
1779084531.226713,0.0,1616,281451,77.264,0.000,77.729,0.736
1779084534.230376,0.0,1615,281452,79.902,0.004,87.426,0.888
1779084537.234160,0.0,1617,281452,81.231,0.000,82.805,0.846
1779084540.237906,0.0,1615,281453,77.237,0.668,80.776,1.422
1779084543.241656,0.0,1615,281453,78.568,0.000,81.550,0.794
1779084546.245363,0.0,1614,281453,75.906,0.009,81.615,0.782
1779084549.249117,0.0,1614,281454,78.568,0.007,80.797,0.809
1779084552.252874,0.0,1615,281454,77.237,0.540,89.124,1.419
1779084555.255501,0.0,1609,281455,78.598,0.000,89.392,0.883
1779084558.259166,0.0,1617,281455,78.571,0.276,86.895,1.112
1779084561.262905,0.0,1616,281455,82.564,0.000,86.021,0.816
1779084564.265444,0.0,1616,281455,82.597,0.009,81.107,0.756
1779084567.274330,0.0,1613,281456,85.081,0.000,79.197,0.711
1779084570.283425,0.0,1612,281456,82.417,0.539,82.005,1.376
1779084573.287228,0.0,1616,281457,78.567,0.001,83.340,0.807
1779084576.290716,0.0,1616,281457,83.902,0.004,87.616,0.844
1779084579.294161,0.0,1613,281457,75.913,0.004,81.297,0.697
1779084582.297901,0.0,1614,281458,78.569,0.000,83.240,0.854
1779084585.301705,0.0,1616,281458,66.582,0.004,68.685,0.642
1779084588.305432,0.0,1614,281459,75.906,0.000,78.050,0.676
1779084591.309196,0.0,1614,281459,61.256,0.004,85.265,0.847
1779084594.312912,0.0,1616,281459,5.327,0.000,8.385,0.083
1779084597.316574,0.0,1615,281459,26.634,0.000,30.725,0.239
1779084600.320180,0.0,1616,281459,11.986,0.000,2.796,0.016
1779084603.323783,0.0,1616,281459,11.986,0.003,25.139,0.187
1779084606.326240,0.0,1617,281459,5.329,0.000,5.591,0.030
1779084609.329059,0.0,1616,281459,2.664,0.001,0.003,0.000
1779084612.332223,0.0,1617,281459,1.332,0.000,2.800,0.980
1779084615.335381,0.0,1617,281459,0.000,0.920,1.400,0.013
1779084618.338443,0.0,1617,281459,0.000,0.000,0.003,0.000
1779084621.341407,0.0,1625,281459,0.000,0.000,0.002,0.000
1779084624.344523,0.0,1617,281459,1.332,0.000,1.399,0.008
1779084627.347495,0.0,1618,281459,0.000,0.000,0.003,0.000
1779084630.350439,0.0,1617,281459,0.000,0.005,0.004,0.000
1779084633.353338,0.0,1618,281459,2.664,0.000,0.003,0.002
1779084636.356534,0.0,1617,281459,6.660,0.009,6.985,0.046
1779084639.359686,0.0,1618,281459,2.664,0.000,5.589,0.038
1779084642.362355,0.0,1618,281459,0.000,0.000,0.004,0.000
1779084645.364990,0.0,1618,281459,0.000,0.000,0.008,0.000
1779084648.367604,0.0,1616,281459,15.986,0.008,9.782,0.072
1779084651.371147,0.0,1617,281459,11.986,0.001,9.788,0.062
1779084654.374895,0.0,1616,281459,27.965,0.004,33.501,0.239
1779084657.377475,0.0,1622,281459,10.658,0.004,9.738,0.086
1779084660.380697,0.0,1618,281459,18.647,0.000,25.183,0.163
1779084663.394204,0.0,1617,281460,35.839,0.000,30.620,0.209
1779084666.397723,0.0,1616,281460,14.649,0.001,22.344,0.165
1779084669.401804,0.0,1616,281460,7.989,0.003,5.592,0.033
1779084672.404365,0.0,1616,281460,5.329,0.000,7.032,0.043
1779084675.406910,0.0,1616,281460,19.983,0.001,20.956,0.146
1779084678.410612,0.0,1618,281460,19.975,0.268,18.113,0.461
1779084681.414277,0.0,1616,281460,33.293,0.000,18.155,0.126
1779084684.417897,0.0,1616,281460,19.976,0.007,41.935,0.343
1779084687.420634,0.0,1612,281461,37.299,0.001,27.440,0.242
1779084690.424177,0.0,1614,281461,54.602,0.000,71.623,0.592
1779084693.427387,0.0,1613,281461,3.996,0.000,4.072,0.026
1779084696.431203,0.0,1614,281461,33.291,0.008,33.427,0.238
1779084699.435910,0.0,1615,281461,10.650,0.000,11.719,0.098
1779084702.439898,0.0,1623,281461,17.310,0.000,17.850,0.114
1779084705.442587,0.0,1629,281461,18.650,0.000,19.556,0.126
1779084708.445694,0.0,1629,281461,5.328,0.003,5.591,0.449
1779084711.449074,0.0,1622,281461,3.995,0.000,4.192,0.023
1779084714.452543,0.0,1617,281461,30.631,0.401,31.676,0.181
1779084717.457081,0.0,1617,281461,15.976,0.007,16.788,0.114
1779084720.461236,0.0,1618,281461,7.989,0.000,8.785,0.072
1779084723.464716,0.0,1616,281461,19.977,0.001,20.948,0.166
1779084726.468078,0.0,1615,281462,38.623,0.004,40.497,0.288
1779084729.471765,0.0,1617,281462,14.649,0.000,15.362,0.092
1779084732.475330,0.0,1619,281462,5.327,0.000,5.588,0.029
1779084735.478764,0.0,1619,281462,5.327,0.000,5.588,0.034
1779084738.482843,0.0,1621,281462,17.310,0.003,16.756,0.110
1779084741.485400,0.0,1621,281462,13.322,0.004,15.369,0.424
1779084744.488334,0.0,1616,281462,38.629,0.285,40.504,0.315
1779084747.492044,0.0,1616,281462,15.980,0.000,16.758,0.121
1779084750.495599,0.0,1616,281462,7.991,0.000,8.382,0.047
1779084753.498075,0.0,1616,281462,9.326,0.008,9.153,0.075
1779084756.501317,0.0,1616,281462,5.328,0.000,6.217,0.048
1779084759.504508,0.0,1616,281462,0.000,0.000,0.003,0.000
1779084762.507425,0.0,1615,281462,6.660,0.001,6.985,0.038
1779084765.511059,0.0,1614,281463,6.660,0.000,6.987,0.051
1779084768.514693,0.0,1615,281463,18.644,0.000,19.550,0.185
1779084771.518390,0.0,1621,281463,5.327,0.004,5.590,0.046
1779084774.522033,0.0,1621,281463,9.322,0.000,6.655,0.042
1779084777.525851,0.0,1622,281463,9.321,0.000,12.904,0.083
1779084780.529269,0.0,1617,281463,17.314,0.003,16.760,0.354
1779084783.532192,0.0,1617,281463,9.324,0.000,11.175,0.089
1779084786.535330,0.0,1617,281463,7.992,0.005,6.986,0.043
1779084789.538709,0.0,1616,281463,15.982,0.254,18.156,0.140
1779084792.542244,0.0,1616,281463,39.953,0.000,38.169,0.265
1779084795.544829,0.0,1616,281463,7.993,0.001,12.108,0.096
1779084798.547787,0.0,1614,281463,30.636,0.005,30.728,0.247
1779084801.551293,0.0,1620,281463,25.304,0.003,25.270,0.200
1779084804.555221,0.0,1620,281463,53.264,0.007,57.116,0.512
1779084807.570298,0.0,1617,281464,47.760,0.000,48.666,0.433
1779084810.573982,0.0,1618,281464,45.278,0.000,50.287,0.379
1779084813.577669,0.0,1617,281464,19.975,0.000,20.947,0.136
1779084816.581409,0.0,1616,281464,27.965,0.003,23.697,0.191
1779084819.584845,0.0,1615,281465,29.300,0.001,36.351,0.312
1779084822.589678,0.0,1615,281465,11.981,0.000,12.568,0.786
1779084825.593208,0.0,1615,281465,38.621,0.000,39.100,0.289
1779084828.595731,0.0,1615,281465,5.329,0.657,5.896,0.050
1779084831.598266,0.0,1615,281465,5.329,0.001,6.682,0.035
1779084834.601321,0.0,1615,281465,23.976,0.000,25.140,0.150
1779084837.603953,0.0,1615,281465,10.657,0.005,7.687,0.074
1779084840.607557,0.0,1615,281465,9.322,0.000,13.267,0.087
1779084843.611086,0.0,1614,281465,17.313,0.008,18.154,0.158
1779084846.614731,0.0,1614,281465,3.995,0.000,0.511,0.003
1779084849.618397,0.0,1614,281465,9.322,0.000,13.458,0.080
1779084852.621958,0.0,1614,281465,34.626,0.007,33.514,0.222
1779084855.627895,0.0,1620,281465,37.260,0.000,41.858,0.326
1779084858.631375,0.0,1618,281465,19.977,0.001,20.947,0.133
1779084861.634159,0.0,1619,281465,10.657,0.000,11.181,0.063
1779084864.637331,0.0,1619,281465,0.000,0.000,0.002,0.000
1779084867.640243,0.0,1619,281465,3.996,0.000,4.192,0.024
1779084870.643358,0.0,1618,281465,11.988,0.000,11.179,0.058
1779084873.646867,0.0,1618,281465,1.332,0.004,2.799,0.018
1779084876.649754,0.0,1618,281465,0.000,0.000,0.003,0.000
1779084879.652329,0.0,1618,281465,0.000,0.000,0.003,0.000
1779084882.654728,0.0,1615,281466,7.994,0.004,6.989,0.324
1779084885.658316,0.0,1615,281466,26.635,0.012,27.928,0.203
1779084888.662102,0.0,1616,281466,9.322,0.263,11.172,0.091
1779084891.665544,0.0,1616,281466,11.986,0.009,11.173,0.086
1779084894.668801,0.0,1620,281466,21.310,0.001,23.743,0.187
1779084897.672018,0.0,1619,281466,35.961,0.009,30.726,0.241
1779084900.675672,0.0,1616,281466,18.644,0.000,26.531,0.163
1779084903.679063,0.0,1617,281466,38.623,0.000,40.498,0.336
1779084906.681645,0.0,1617,281466,0.000,0.000,0.005,0.000
1779084909.684264,0.0,1612,281467,2.664,0.003,0.005,0.003
1779084912.687911,0.0,1612,281467,6.659,0.000,5.632,0.028
1779084915.691447,0.0,1613,281467,67.920,0.395,71.150,0.995
1779084918.696096,0.0,1611,281467,45.263,0.013,47.482,0.437
1779084921.700235,0.0,1612,281467,69.238,0.007,66.234,0.527
1779084924.704317,0.0,1612,281467,54.592,0.001,61.921,0.532
1779084927.708302,0.0,1613,281468,7.989,0.000,14.248,0.107
1779084930.711959,0.0,1613,281468,46.610,0.272,40.495,0.657
1779084933.716053,0.0,1612,281468,33.288,0.000,43.280,0.380
1779084936.719361,0.0,1612,281468,30.633,0.008,25.461,0.205
1779084939.722858,0.0,1612,281468,23.972,0.000,25.055,0.500
1779084942.726389,0.0,1615,281468,35.958,0.000,44.444,0.330
1779084945.729917,0.0,1611,281469,29.299,0.276,21.582,0.197
1779084948.733644,0.0,1611,281469,19.975,0.000,30.084,0.178
1779084951.737132,0.0,1612,281469,27.967,0.003,23.783,0.203
1779084954.740282,0.0,1610,281469,9.324,0.005,12.764,0.077
1779084957.758149,0.0,1603,281469,58.319,0.000,55.716,0.475
1779084960.760871,0.0,1604,281469,62.610,0.001,64.221,0.579
1779084963.764572,0.0,1605,281470,49.273,0.004,61.104,0.492
1779084966.768050,0.0,1604,281470,78.576,0.000,75.024,0.628
1779084969.771554,0.0,1604,281470,53.271,0.000,52.956,0.426
1779084972.775025,0.0,1604,281470,27.968,0.003,30.824,0.236
1779084975.778394,0.0,1605,281471,54.605,0.001,54.180,0.886
1779084978.782038,0.0,1605,281471,34.625,0.415,43.961,0.750
1779084981.785265,0.0,1606,281471,9.323,0.381,11.175,0.109
1779084984.789316,0.0,1608,281471,77.229,0.009,78.182,0.613
1779084987.794686,0.0,1607,281471,47.914,0.008,44.670,0.411
1779084990.798275,0.0,1616,281471,42.616,0.005,54.582,0.432
1779084993.806506,0.0,1606,281472,77.122,0.004,72.361,0.597
1779084996.809780,0.0,1607,281472,59.935,0.000,61.703,0.527
1779084999.813390,0.0,1606,281473,46.611,0.004,48.612,0.398
1779085002.816885,0.0,1605,281473,70.584,0.000,83.782,0.746
1779085005.820472,0.0,1606,281473,66.587,0.000,58.433,0.569
1779085008.824301,0.0,1602,281473,38.617,0.004,53.271,0.482
1779085011.827786,0.0,1603,281473,41.285,0.000,36.309,0.283
1779085014.830326,0.0,1610,281473,23.980,0.934,32.133,1.227
1779085017.833965,0.0,1607,281474,65.254,0.000,56.717,0.461
1779085020.837615,0.0,1606,281474,66.586,0.010,69.404,0.595
1779085023.841599,0.0,1607,281475,61.252,0.000,70.751,0.599
1779085026.845296,0.0,1604,281475,63.921,0.008,72.606,0.606
1779085029.848886,0.0,1604,281475,50.606,0.525,42.288,0.940
1779085032.852591,0.0,1605,281475,49.272,0.007,51.269,0.423
1779085035.856289,0.0,1604,281476,70.580,0.009,85.172,0.739
1779085038.859806,0.0,1606,281476,35.958,0.001,34.911,0.289
1779085041.863403,0.0,1605,281476,51.938,0.009,54.461,0.468
1779085044.866995,0.0,1605,281476,2.663,0.000,5.589,0.036
1779085047.870546,0.0,1615,281476,54.602,0.000,57.294,0.427
1779085050.873177,0.0,1604,281477,51.954,0.004,46.687,0.429
1779085053.876863,0.0,1604,281477,0.000,0.000,7.743,0.062
1779085056.880141,0.0,1605,281477,58.603,0.004,61.447,0.540
1779085059.884164,0.0,1607,281477,62.583,0.000,49.965,0.458
1779085062.886857,0.0,1606,281477,37.300,0.000,54.768,0.432
1779085065.890405,0.0,1606,281477,47.943,0.003,50.268,0.431
1779085068.892921,0.0,1606,281477,5.329,0.001,0.006,0.827
1779085071.896016,0.0,1601,281478,46.619,0.795,42.773,0.328
1779085074.899701,0.0,1609,281478,69.248,0.008,70.332,0.611
1779085077.903289,0.0,1613,281478,46.611,0.001,62.834,0.511
1779085080.906176,0.0,1609,281479,51.950,0.007,43.590,0.408
1779085083.909798,0.0,1610,281479,58.596,0.001,69.521,0.591
1779085086.926237,0.0,1608,281479,45.086,0.000,41.995,0.380
1779085089.929781,0.0,1606,281479,39.953,0.004,45.798,0.377
1779085092.956703,0.0,1604,281479,58.145,0.000,48.964,0.432
1779085095.960192,0.0,1605,281479,23.972,0.000,39.791,0.264
1779085098.970960,0.0,1604,281480,29.228,0.004,22.524,0.209
1779085101.974028,0.0,1605,281480,51.947,0.000,65.639,0.537
1779085104.977141,0.0,1606,281480,6.660,0.000,5.589,0.033
1779085107.979730,0.0,1603,281480,74.602,0.924,59.613,1.505
1779085110.983040,0.0,1603,281481,38.624,0.018,43.549,0.440
1779085113.986598,0.0,1605,281481,50.607,0.000,68.622,0.558
1779085116.989833,0.0,1605,281481,15.983,0.008,6.985,0.048
1779085119.993466,0.0,1605,281481,62.591,0.001,72.610,0.609
1779085122.996695,0.0,1605,281481,2.664,0.000,2.795,0.015
1779085125.999909,0.0,1606,281482,9.323,0.000,12.572,0.090
1779085129.003542,0.0,1605,281481,34.625,0.272,21.492,0.491
1779085132.007048,0.0,1606,281481,38.622,0.008,55.312,0.399
1779085135.009487,0.0,1607,281481,10.658,0.000,11.178,0.075
1779085138.013143,0.0,1606,281482,19.976,0.005,2.797,0.023
1779085141.016320,0.0,1608,281482,67.928,0.000,85.185,0.777
1779085144.025274,0.0,1605,281482,75.774,0.003,64.138,0.603
1779085147.028497,0.0,1606,281482,39.957,0.001,51.951,0.402
1779085150.032105,0.0,1606,281482,18.644,0.000,29.065,0.269
1779085153.035723,0.0,1605,281483,35.957,0.003,36.263,0.312
1779085156.039210,0.0,1606,281483,85.234,0.001,73.629,0.704
1779085159.054112,0.0,1606,281483,66.337,0.000,71.375,1.494
1779085162.057614,0.0,1607,281483,15.981,0.788,32.074,0.263
1779085165.062916,0.0,1605,281484,62.556,0.017,51.617,0.469
1779085168.067295,0.0,1606,281484,43.936,0.010,41.458,0.370
1779085171.070958,0.0,1605,281484,29.298,0.001,38.141,0.296
1779085174.073546,0.0,1605,281484,37.301,0.003,46.439,0.417
1779085177.077215,0.0,1604,281484,51.936,0.003,48.526,0.398
1779085180.080774,0.0,1605,281485,58.597,0.404,53.358,0.867
1779085183.084350,0.0,1606,281485,59.929,0.008,79.300,0.692
1779085186.087957,0.0,1606,281485,63.923,0.001,61.438,0.550
1779085189.090410,0.0,1606,281485,18.651,0.000,21.010,0.144
1779085192.094154,0.0,1609,281486,15.980,0.003,8.328,0.050
1779085195.097743,0.0,1606,281486,66.587,0.001,72.652,0.589
1779085198.101170,0.0,1613,281486,61.263,0.000,58.604,0.483
1779085201.104902,0.0,1605,281486,55.930,0.004,51.245,0.428
1779085204.108547,0.0,1605,281486,57.264,0.000,71.633,0.649
1779085207.111911,0.0,1605,281487,17.314,0.000,30.722,0.254
1779085210.115419,0.0,1605,281487,31.963,0.003,33.514,0.296
1779085213.118918,0.0,1609,281487,54.603,0.797,40.500,1.167
1779085216.122997,0.0,1609,281487,66.576,0.009,73.991,0.614
1779085219.126539,0.0,1608,281488,34.626,0.000,32.120,0.254
1779085222.130188,0.0,1607,281488,7.990,0.000,25.135,0.212
1779085225.133680,0.0,1607,281488,23.972,0.001,25.136,0.223
1779085228.136095,0.0,1603,281488,45.297,0.004,31.879,0.238
1779085231.139625,0.0,1603,281488,31.962,0.000,47.727,0.327
1779085234.142624,0.0,1604,281488,33.300,0.004,30.726,0.237
1779085237.146136,0.0,1604,281488,62.593,0.000,57.344,0.514
1779085240.149509,0.0,1613,281488,17.314,0.003,27.840,0.241
1779085243.178286,0.0,1605,281489,66.033,0.001,51.456,0.446
1779085246.181852,0.0,1605,281489,58.597,0.663,58.636,1.209
1779085249.186030,0.0,1601,281490,57.254,0.008,72.383,0.658
1779085252.189586,0.0,1605,281490,73.247,0.000,78.485,0.714
1779085255.198503,0.0,1603,281490,59.822,0.003,48.192,0.381
1779085258.201228,0.0,1604,281490,59.946,0.001,66.973,0.561
1779085261.204881,0.0,1604,281490,25.303,0.000,40.335,0.341
1779085264.208451,0.0,1604,281491,35.957,0.005,34.062,0.241
1779085267.211556,0.0,1604,281491,27.971,0.000,40.502,0.346
1779085270.215144,0.0,1605,281491,10.654,0.000,0.003,0.003
1779085273.218715,0.0,1606,281491,21.308,0.003,19.136,0.134
1779085276.221220,0.0,1607,281491,10.658,0.001,22.766,0.171
1779085279.224844,0.0,1603,281491,47.942,0.000,36.309,0.264
1779085282.228347,0.0,1604,281491,41.285,0.800,51.669,1.256
1779085285.237268,0.0,1604,281492,65.140,0.006,52.488,0.419
1779085288.239831,0.0,1605,281492,69.274,0.001,69.869,0.607
1779085291.243468,0.0,1605,281492,37.288,0.004,64.684,0.548
1779085294.246980,0.0,1606,281492,66.589,0.000,52.476,0.499
1779085297.249865,0.0,1604,281493,47.954,0.000,62.038,0.550
1779085300.253521,0.0,1604,281493,31.961,0.000,40.496,0.298
1779085303.257019,0.0,1605,281493,17.313,0.004,13.967,0.113
1779085306.260422,0.0,1603,281493,6.659,0.001,8.381,0.057
1779085309.264109,0.0,1604,281493,54.600,0.000,40.672,0.376
1779085312.267627,0.0,1603,281494,39.953,0.003,50.091,0.411
1779085315.270977,0.0,1604,281494,26.637,0.001,40.454,0.355
1779085318.274506,0.0,1605,281494,38.621,0.796,14.059,0.932
1779085321.277992,0.0,1604,281494,50.608,0.009,57.209,0.471
1779085324.281537,0.0,1606,281494,37.289,0.008,40.239,0.335
1779085327.284946,0.0,1605,281494,15.982,0.001,39.317,0.287
1779085330.288379,0.0,1605,281494,75.913,0.000,64.279,0.602
1779085333.302162,0.0,1605,281495,61.053,0.004,52.164,0.468
1779085336.306677,0.0,1611,281495,57.247,0.000,60.516,0.552
1779085339.310384,0.0,1604,281496,55.931,0.005,77.028,0.641
1779085342.313598,0.0,1604,281496,81.246,0.000,68.563,0.649
1779085345.326058,0.0,1604,281496,70.374,0.000,72.263,0.690
1779085348.329798,0.0,1605,281496,39.950,0.004,39.097,0.251
1779085351.333343,0.0,1606,281496,59.929,0.919,78.123,1.699
1779085354.342255,0.0,1605,281497,67.799,0.005,68.722,0.635
1779085357.344834,0.0,1605,281497,17.318,0.001,24.799,0.186
1779085360.353638,0.0,1606,281497,0.000,0.000,6.974,0.056
1779085363.356388,0.0,1605,281497,22.646,0.004,0.834,0.021
1779085366.359973,0.0,1605,281497,50.606,0.016,46.647,0.333
1779085369.362506,0.0,1611,281497,7.993,0.000,37.717,0.308
1779085372.366060,0.0,1605,281498,14.649,0.005,12.686,0.098
1779085375.369526,0.0,1606,281498,71.917,0.001,56.597,0.488
1779085378.372791,0.0,1605,281498,41.288,0.003,65.014,0.482
1779085381.377582,0.0,1605,281498,18.637,0.000,19.312,0.163
1779085384.380017,0.0,1606,281500,18.652,0.001,19.559,0.113
1779085387.383257,0.0,1604,281498,35.961,0.529,37.710,0.838
1779085390.386903,0.0,1604,281499,58.595,0.007,61.437,0.562
1779085393.390475,0.0,1605,281499,46.611,0.000,49.213,0.386
1779085396.394759,0.0,1604,281499,38.612,0.013,40.148,0.341
1779085399.398349,0.0,1605,281499,17.313,0.000,18.156,0.122
1779085402.401927,0.0,1611,281499,39.952,0.001,43.287,0.381
1779085405.404487,0.0,1612,281500,3.997,0.000,4.194,0.043
1779085408.407022,0.0,1604,281500,47.959,0.407,47.892,0.801
1779085411.411187,0.0,1604,281500,61.248,0.000,65.220,0.491
1779085414.426218,0.0,1605,281500,22.554,0.009,22.037,0.171
1779085417.429812,0.0,1604,281500,45.279,0.000,49.095,0.394
1779085420.432336,0.0,1605,281500,3.997,0.000,4.193,0.022
1779085423.435666,0.0,1604,281500,13.319,0.003,13.966,0.108
1779085426.439147,0.0,1606,281500,82.571,0.001,86.574,0.782
1779085429.442482,0.0,1605,281501,59.933,0.000,61.681,0.535
1779085432.446248,0.0,1604,281501,47.940,0.012,49.367,0.438
1779085435.449880,0.0,1611,281501,62.591,0.000,67.686,0.569
1779085438.453049,0.0,1611,281503,1.332,0.000,1.401,0.011
1779085441.456612,0.0,1606,281502,63.924,0.668,65.487,1.295
1779085444.461557,0.0,1606,281502,30.616,0.000,33.643,0.239
1779085447.465034,0.0,1606,281502,39.954,0.007,41.892,0.384
1779085450.469569,0.0,1604,281502,46.596,0.001,46.160,0.388
1779085453.473455,0.0,1606,281502,30.627,0.000,32.219,0.223
1779085456.476935,0.0,1607,281502,45.281,0.000,50.068,0.418
1779085459.479762,0.0,1606,281503,22.645,0.004,24.600,0.257
1779085462.483479,0.0,1605,281503,26.634,0.000,27.073,0.201
1779085465.486920,0.0,1605,281503,34.627,0.000,36.311,0.323
1779085468.490578,0.0,1605,281503,26.634,0.008,29.281,0.230
1779085471.494055,0.0,1606,281503,59.931,0.665,60.094,1.187
1779085474.520690,0.0,1605,281504,67.402,0.008,67.898,0.597
1779085477.523773,0.0,1605,281504,35.963,0.001,36.246,0.270
1779085480.526953,0.0,1605,281504,67.928,0.000,75.476,0.687
1779085483.530598,0.0,1606,281504,71.913,0.000,74.002,0.577
1779085486.533198,0.0,1604,281505,37.301,0.004,38.786,0.348
1779085489.536843,0.0,1605,281505,26.634,0.000,31.045,0.211
1779085492.540364,0.0,1605,281505,30.631,0.000,29.324,0.206
1779085495.544017,0.0,1606,281505,53.268,0.004,54.614,0.482
1779085498.547664,0.0,1604,281506,65.254,0.000,68.102,0.613
1779085501.551028,0.0,1617,281506,70.588,0.004,73.972,0.691
1779085504.554746,0.0,1616,281506,70.579,0.929,77.000,1.689
1779085507.558305,0.0,1617,281506,75.910,0.008,80.987,0.712
1779085510.561809,0.0,1616,281506,2.664,0.000,2.796,0.018
1779085513.565514,0.0,1614,281507,34.624,0.001,34.507,0.314
1779085516.569060,0.0,1615,281507,55.934,0.000,60.443,0.563
1779085519.582214,0.0,1615,281507,33.188,0.003,29.175,0.244
1779085522.585793,0.0,1615,281507,50.606,0.001,58.702,0.489
1779085525.589377,0.0,1613,281508,63.924,0.000,61.483,0.584
1779085528.592910,0.0,1611,281508,30.631,0.000,39.014,0.379
1779085531.596456,0.0,1612,281508,22.640,0.003,20.224,0.125
1779085534.600789,0.0,1611,281508,55.919,0.001,59.402,0.554
1779085537.603395,0.0,1617,281508,50.623,0.788,45.174,1.250
1779085540.607955,0.0,1618,281508,33.283,0.008,44.260,0.381
1779085543.610794,0.0,1614,281509,7.992,0.008,8.389,0.066
1779085546.614488,0.0,1615,281509,23.970,0.000,23.739,0.176
1779085549.618085,0.0,1615,281509,30.630,0.004,25.137,0.205
1779085552.620661,0.0,1616,281509,18.651,0.001,27.937,0.234
1779085555.624165,0.0,1616,281509,2.664,0.000,2.801,0.019
1779085558.627693,0.0,1615,281509,15.981,0.000,9.779,0.067
1779085561.630488,0.0,1616,281509,65.273,0.000,74.023,0.700
1779085564.633968,0.0,1617,281509,5.327,0.004,5.592,0.036
1779085567.642936,0.0,1616,281510,25.258,0.000,26.487,0.210
1779085570.646499,0.0,1615,281510,59.929,0.005,62.883,0.941
1779085573.672649,0.0,1612,281510,68.734,0.392,66.172,0.542
1779085576.675351,0.0,1615,281510,38.632,0.007,38.432,0.381
1779085579.678936,0.0,1615,281510,50.606,0.008,63.867,0.487
1779085582.681425,0.0,1614,281510,10.658,0.007,6.943,0.059
1779085585.685107,0.0,1612,281511,70.580,0.001,69.402,0.662
1779085588.688783,0.0,1615,281511,35.956,0.000,45.094,0.396
1779085591.692326,0.0,1614,281511,19.976,0.000,20.948,0.139
1779085594.695790,0.0,1615,281511,13.318,0.003,12.571,0.083
1779085597.699353,0.0,1615,281511,6.659,0.001,4.128,0.022
1779085600.702092,0.0,1616,281512,26.642,0.000,30.794,0.224
1779085603.705582,0.0,1616,281512,70.585,0.657,71.219,1.318
1779085606.708935,0.0,1616,281512,47.946,0.007,42.829,0.370
1779085609.712185,0.0,1616,281512,57.271,0.009,64.702,0.600
1779085612.715745,0.0,1616,281512,70.583,0.007,80.985,0.732
1779085615.718244,0.0,1616,281513,14.654,0.001,8.384,0.071
1779085618.721185,0.0,1619,281513,75.926,0.000,86.589,0.772
1779085621.727020,0.0,1619,281513,11.977,0.000,9.771,0.075
1779085624.730567,0.0,1618,281513,69.251,0.003,65.970,0.627
1779085627.733812,0.0,1617,281514,37.293,0.001,48.537,0.470
1779085630.737475,0.0,1617,281514,6.659,0.000,0.006,0.000
1779085633.741271,0.0,1618,281514,47.939,0.661,54.751,1.182
1779085636.768804,0.0,1620,281514,64.739,0.000,60.784,0.546
1779085639.772419,0.0,1622,281514,10.654,0.000,20.829,0.147
1779085642.774825,0.0,1622,281514,3.997,0.000,4.197,0.026
1779085645.778040,0.0,1620,281514,11.987,0.007,5.592,0.040
1779085648.781594,0.0,1620,281514,74.578,0.008,83.783,0.768
1779085651.785286,0.0,1617,281515,43.946,0.008,37.700,0.326
1779085654.789050,0.0,1619,281515,67.915,0.000,66.536,0.568
1779085657.792644,0.0,1619,281515,54.601,0.000,71.699,0.612
1779085660.796127,0.0,1620,281515,0.000,0.000,0.006,0.001
1779085663.799148,0.0,1620,281515,6.660,0.003,6.987,0.039
1779085666.802716,0.0,1617,281516,1.332,0.527,1.113,0.557
1779085669.805804,0.0,1619,281516,78.586,0.000,70.261,0.649
1779085672.809100,0.0,1619,281516,18.646,0.007,19.420,0.141
1779085675.812333,0.0,1622,281516,70.591,0.000,80.995,0.701
1779085678.815974,0.0,1618,281516,30.629,0.007,27.742,0.239
1779085681.820785,0.0,1618,281516,57.242,0.010,67.861,0.607
1779085684.842273,0.0,1615,281517,55.602,0.003,47.312,0.430
1779085687.846260,0.0,1616,281517,50.599,0.009,59.882,0.553
1779085690.849912,0.0,1617,281517,25.303,0.000,34.271,0.310
1779085693.853412,0.0,1619,281517,34.626,0.000,34.911,0.301
1779085696.856595,0.0,1619,281517,3.996,0.000,4.193,0.026
1779085699.859405,0.0,1619,281518,57.280,0.004,45.776,0.398
1779085702.862988,0.0,1619,281520,1.332,0.000,15.677,0.151
1779085705.865317,0.0,1620,281518,25.314,0.792,26.548,1.058
1779085708.868898,0.0,1617,281518,1.332,0.007,1.399,0.015
1779085711.872462,0.0,1619,281518,73.246,0.007,64.231,0.625
1779085714.875111,0.0,1620,281518,49.290,0.000,55.871,0.455
1779085717.878747,0.0,1619,281518,13.317,0.000,13.922,0.115
1779085720.882787,0.0,1620,281518,33.288,0.018,43.328,0.319
1779085723.886348,0.0,1618,281519,43.948,0.000,34.248,0.298
1779085726.890039,0.0,1619,281519,55.931,0.000,56.514,0.480
1779085729.893660,0.0,1620,281519,54.601,0.003,71.212,0.599
1779085732.896194,0.0,1619,281519,18.651,0.001,18.164,0.164
1779085735.899508,0.0,1620,281519,25.305,0.000,27.931,0.264
1779085738.903033,0.0,1620,281519,39.953,0.000,31.374,0.284
1779085741.905934,0.0,1621,281520,11.988,0.000,23.095,0.168
1779085744.909394,0.0,1627,281519,6.659,0.666,4.195,0.720
1779085747.918480,0.0,1620,281520,59.819,0.009,48.782,0.467
1779085750.922324,0.0,1620,281520,21.306,0.000,39.094,0.357
1779085753.925522,0.0,1620,281520,3.996,0.000,0.002,0.003
1779085756.934586,0.0,1621,281520,18.610,0.004,14.906,0.124
1779085759.938166,0.0,1621,281520,22.640,0.004,23.777,0.211
1779085762.941854,0.0,1618,281521,55.931,0.001,54.848,0.467
1779085765.945541,0.0,1619,281521,19.975,0.000,33.517,0.287
1779085768.949152,0.0,1617,281521,9.322,0.003,9.778,0.097
1779085771.952801,0.0,1619,281521,43.947,0.005,44.685,0.348
1779085774.956282,0.0,1620,281521,82.571,0.000,67.028,0.625
1779085777.961020,0.0,1618,281521,62.568,0.525,71.784,1.247
1779085780.964566,0.0,1618,281522,58.597,0.014,64.165,0.642
1779085783.968190,0.0,1618,281522,15.981,0.000,27.403,0.193
1779085786.970658,0.0,1619,281522,34.638,0.000,35.728,0.294
1779085789.974281,0.0,1620,281522,45.279,0.008,27.206,0.242
1779085792.977905,0.0,1618,281523,54.601,0.001,65.553,0.589
1779085795.981419,0.0,1621,281523,71.916,0.004,81.888,0.694
1779085798.995545,0.0,1620,281523,71.663,0.000,70.290,0.665
1779085801.998045,0.0,1620,281523,38.634,0.003,34.170,0.329
1779085805.001543,0.0,1620,281523,53.271,0.005,75.837,0.689
1779085808.004689,0.0,1627,281523,5.328,0.000,4.293,0.025
1779085811.008133,0.0,1619,281524,11.986,0.000,9.734,0.080
1779085814.011795,0.0,1618,281524,25.302,0.000,26.693,1.166
1779085817.015245,0.0,1619,281524,6.659,0.000,11.019,0.083
1779085820.017836,0.0,1618,281524,42.630,0.926,41.950,0.364
1779085823.021436,0.0,1618,281524,59.928,0.008,43.376,0.416
1779085826.025133,0.0,1616,281525,61.258,0.008,62.913,0.589
1779085829.029139,0.0,1618,281525,65.246,0.001,78.426,0.747
1779085832.032665,0.0,1619,281525,57.266,0.003,53.952,0.491
1779085835.035937,0.0,1620,281525,3.996,0.001,22.440,0.172
1779085838.039046,0.0,1619,281525,7.992,0.000,8.382,0.052
1779085841.041647,0.0,1619,281525,50.623,0.005,31.306,0.296
1779085844.046276,0.0,1619,281526,39.938,0.004,58.049,0.582
1779085847.049817,0.0,1617,281526,37.289,0.000,36.305,0.354
1779085850.054124,0.0,1619,281526,31.954,0.000,41.880,0.386
1779085853.057386,0.0,1618,281526,10.655,0.661,6.986,0.049
1779085856.059958,0.0,1619,281526,23.979,0.000,27.941,0.901
1779085859.063426,0.0,1619,281526,49.276,0.007,34.074,0.331
1779085862.066543,0.0,1619,281526,9.324,0.008,28.773,0.254
1779085865.069909,0.0,1620,281526,1.332,0.008,0.003,0.007
1779085868.073419,0.0,1619,281527,18.645,0.000,2.798,0.017
1779085871.077778,0.0,1619,281527,67.901,0.000,87.945,0.863
1779085874.081439,0.0,1620,281527,54.600,0.000,48.872,0.454
1779085877.084999,0.0,1621,281527,59.929,0.008,49.367,0.418
1779085880.088781,0.0,1622,281527,54.598,0.000,80.487,0.711
1779085883.092396,0.0,1621,281528,23.971,0.003,11.322,0.093
1779085886.095897,0.0,1621,281528,62.594,0.001,72.506,0.607
1779085889.104783,0.0,1619,281528,65.140,0.663,52.078,1.126
1779085892.108745,0.0,1620,281528,14.647,0.000,38.551,0.322
1779085895.112301,0.0,1621,281529,14.649,0.000,5.588,0.035
1779085898.117320,0.0,1620,281529,74.542,0.000,76.759,0.727
1779085901.121027,0.0,1619,281529,27.965,0.000,40.493,0.316
1779085904.124548,0.0,1620,281529,49.275,0.000,44.702,0.443
1779085907.127771,0.0,1623,281529,7.991,0.004,13.951,0.092
1779085910.131469,0.0,1620,281529,62.590,0.017,44.682,0.466
1779085913.135098,0.0,1619,281530,57.264,0.001,61.437,0.583
1779085916.138805,0.0,1618,281530,53.268,0.000,73.493,0.647
1779085919.142449,0.0,1619,281530,19.976,0.000,18.667,0.945
1779085922.146034,0.0,1618,281530,57.265,0.000,47.019,0.391
1779085925.149671,0.0,1620,281531,47.942,0.796,47.659,0.433
1779085928.153319,0.0,1621,281531,41.283,0.000,51.261,0.442
1779085931.157017,0.0,1620,281531,30.629,0.004,19.812,0.163
1779085934.160521,0.0,1622,281531,57.266,0.000,79.089,0.710
1779085937.169588,0.0,1620,281531,70.454,0.003,60.798,0.549
1779085940.172035,0.0,1619,281532,38.635,0.001,36.636,0.264
1779085943.175951,0.0,1620,281532,18.642,0.000,40.230,0.310
1779085946.180167,0.0,1619,281532,34.618,0.008,39.092,0.388
1779085949.183018,0.0,1618,281532,33.302,0.009,11.176,0.097
1779085952.186638,0.0,1618,281532,31.961,0.000,32.074,0.265
1779085955.190184,0.0,1619,281532,26.635,0.000,53.109,0.452
1779085958.193659,0.0,1620,281532,1.332,0.007,0.004,0.002
1779085961.202698,0.0,1619,281533,46.526,0.662,34.964,0.975
1779085964.206363,0.0,1615,281533,61.259,0.001,57.137,0.475
1779085967.209895,0.0,1619,281533,63.925,0.003,82.129,0.747
1779085970.213492,0.0,1616,281533,69.250,0.001,67.281,0.584
1779085973.216171,0.0,1618,281534,47.957,0.003,37.553,0.318
1779085976.219767,0.0,1618,281534,51.938,0.001,78.356,0.651
1779085979.228835,0.0,1619,281534,38.550,0.000,27.878,0.176
1779085982.232576,0.0,1620,281534,10.653,0.008,25.135,0.220
1779085985.235403,0.0,1620,281534,34.634,0.003,22.351,0.197
1779085988.239139,0.0,1618,281535,2.663,0.012,13.966,0.094
1779085991.242745,0.0,1620,281535,69.250,0.004,51.668,0.462
1779085994.245417,0.0,1619,281535,55.950,0.792,60.065,1.332
1779085997.249063,0.0,1618,281535,49.273,0.012,64.642,0.530
1779086000.252731,0.0,1620,281535,30.629,0.000,38.735,0.336
1779086003.256333,0.0,1621,281536,51.938,0.004,47.737,0.367
1779086006.260034,0.0,1625,281536,26.634,0.000,38.750,0.310
1779086009.263479,0.0,1623,281536,51.940,0.000,53.111,0.445
1779086012.266823,0.0,1623,281536,3.996,0.004,2.797,0.018
1779086015.286220,0.0,1620,281536,33.119,0.000,36.118,0.305
1779086018.289741,0.0,1623,281536,23.972,0.000,25.138,0.194
1779086021.292266,0.0,1619,281537,29.309,0.004,27.164,0.209
1779086024.295853,0.0,1617,281537,77.241,0.000,54.957,1.217
1779086027.299037,0.0,1617,281537,59.936,0.675,63.351,0.548
1779086030.302759,0.0,1620,281537,51.936,0.001,62.614,0.521
1779086033.310630,0.0,1620,281538,65.162,0.000,78.112,0.702
1779086036.313739,0.0,1619,281538,49.282,0.000,51.477,0.433
1779086039.317366,0.0,1623,281538,9.322,0.000,16.925,0.103
1779086042.319894,0.0,1622,281538,2.664,0.000,4.194,0.025
1779086045.322422,0.0,1618,281538,62.614,0.004,69.077,0.707
1779086048.326011,0.0,1619,281538,46.611,0.000,48.242,0.355
1779086051.335023,0.0,1618,281539,30.575,0.000,32.061,0.293
1779086054.338435,0.0,1619,281539,31.964,0.003,33.516,0.249
1779086057.341223,0.0,1619,281539,11.989,0.000,12.572,0.092
1779086060.344595,0.0,1620,281539,25.305,0.665,26.537,0.876
1779086063.348219,0.0,1620,281539,7.990,0.000,8.004,0.065
1779086066.351779,0.0,1619,281539,49.275,0.000,50.798,0.449
1779086069.355339,0.0,1620,281539,37.289,0.012,43.227,0.371
1779086072.358892,0.0,1621,281539,58.597,0.000,58.555,0.553
1779086075.362334,0.0,1621,281539,0.000,0.000,0.003,0.003
1779086078.365667,0.0,1625,281540,47.947,0.004,49.154,0.513
1779086081.369236,0.0,1622,281540,38.621,0.000,41.616,0.377
1779086084.372624,0.0,1623,281540,67.923,0.003,71.218,0.640
1779086087.375198,0.0,1621,281541,50.623,0.001,51.763,0.438
1779086090.378717,0.0,1622,281541,51.939,0.003,55.779,1.106
1779086093.382456,0.0,1622,281541,15.980,0.665,16.757,0.116
1779086096.385976,0.0,1623,281541,13.318,0.001,11.669,0.109
1779086099.390090,0.0,1622,281541,57.255,0.010,62.328,0.493
1779086102.393680,0.0,1623,281541,65.255,0.000,67.904,0.593
1779086105.396240,0.0,1623,281542,34.637,0.008,34.349,0.276
1779086108.400202,0.0,1622,281542,67.910,0.001,73.689,0.654
1779086111.403396,0.0,1623,281542,1.332,0.000,1.402,0.010
1779086114.406924,0.0,1622,281542,33.294,0.004,34.912,0.277
1779086117.411102,0.0,1624,281542,34.618,0.000,39.093,0.329
1779086120.414526,0.0,1627,281542,18.645,0.000,16.763,0.149
1779086123.417118,0.0,1627,281544,0.000,0.000,0.002,0.000
1779086126.419525,0.0,1623,281543,45.297,0.010,47.079,0.952
1779086129.423213,0.0,1624,281543,30.629,0.576,32.536,0.292
1779086132.426384,0.0,1625,281543,0.000,0.000,0.001,0.000
1779086135.429327,0.0,1625,281543,5.328,0.008,4.194,0.034
1779086138.433064,0.0,1623,281543,53.267,0.001,57.029,0.529
1779086141.436735,0.0,1625,281543,31.961,0.000,33.734,0.279
1779086144.440289,0.0,1625,281543,35.957,0.009,34.104,0.328
1779086147.443994,0.0,1624,281544,58.594,0.000,62.386,0.557
1779086150.446576,0.0,1625,281544,31.972,0.000,33.387,0.290
1779086153.450356,0.0,1624,281544,47.940,0.004,53.062,0.477
1779086156.453970,0.0,1628,281544,69.250,0.000,72.613,1.288
1779086159.456462,0.0,1628,281544,11.990,0.000,12.575,0.087
1779086162.461335,0.0,1629,281544,3.994,0.616,4.189,0.052
1779086165.464197,0.0,1629,281544,0.000,0.000,0.003,0.000
1779086168.466833,0.0,1624,281545,25.311,0.018,23.746,0.227
1779086171.470578,0.0,1624,281545,10.653,0.000,9.777,0.060
1779086174.474257,0.0,1625,281545,14.649,0.008,19.549,0.105
1779086177.476756,0.0,1624,281545,5.329,0.000,5.589,0.032
1779086180.479306,0.0,1626,281545,47.959,0.001,47.491,0.390
1779086183.482859,0.0,1624,281545,58.597,0.000,64.229,0.540
1779086186.485885,0.0,1624,281545,42.624,0.008,38.504,0.322
1779086189.489409,0.0,1631,281545,50.607,0.001,57.849,0.559
1779086192.516701,0.0,1624,281546,38.318,0.000,38.790,0.360
1779086195.520259,0.0,1623,281546,42.616,0.004,46.254,0.417
1779086198.523780,0.0,1626,281546,1.332,0.000,2.623,0.575
1779086201.527395,0.0,1628,281546,41.284,0.533,40.119,0.346
1779086204.531234,0.0,1624,281547,46.607,0.010,52.036,0.416
1779086207.534734,0.0,1625,281547,79.907,0.000,80.395,0.748
1779086210.538119,0.0,1624,281547,5.327,0.004,8.971,0.056
1779086213.541705,0.0,1625,281547,26.635,0.000,27.927,0.204
1779086216.545249,0.0,1625,281547,31.962,0.000,27.929,0.248
1779086219.547897,0.0,1624,281547,26.643,0.004,33.526,0.238
1779086222.552010,0.0,1626,281547,78.559,0.000,80.971,0.674
1779086225.555682,0.0,1625,281548,26.634,0.000,29.324,0.235
1779086228.559312,0.0,1625,281548,19.976,0.000,20.949,0.185
1779086231.562765,0.0,1624,281548,39.954,0.007,41.893,0.370
1779086234.566678,0.0,1622,281548,29.295,0.667,24.912,0.901
1779086237.570874,0.0,1626,281549,61.248,0.010,70.027,0.633
1779086240.574412,0.0,1625,281549,19.976,0.000,13.965,0.105
1779086243.578086,0.0,1625,281549,59.927,0.000,69.812,0.632
1779086246.581692,0.0,1624,281549,25.303,0.004,25.094,0.166
1779086249.585456,0.0,1622,281549,19.975,0.000,18.382,0.548
1779086252.589119,0.0,1623,281549,37.288,0.399,43.149,0.330
1779086255.592378,0.0,1623,281549,5.328,0.000,5.545,0.035
1779086258.595940,0.0,1626,281549,39.954,0.020,40.454,0.356
1779086261.599550,0.0,1624,281549,46.611,0.000,47.335,0.413
1779086264.603224,0.0,1625,281550,39.951,0.004,37.886,0.278
1779086267.606787,0.0,1626,281550,39.953,0.276,46.079,0.660
1779086270.610302,0.0,1626,281550,2.664,0.000,2.796,0.019
1779086273.618372,0.0,1624,281550,14.627,0.003,12.553,0.076
1779086276.622046,0.0,1624,281550,29.297,0.000,36.305,0.311
1779086279.625614,0.0,1625,281550,17.313,0.009,18.160,0.138
1779086282.628037,0.0,1625,281550,23.981,0.001,25.149,0.182
1779086285.631732,0.0,1624,281551,38.619,0.005,30.408,0.221
1779086288.635273,0.0,1624,281551,50.607,0.000,63.151,0.566
1779086291.643251,0.0,1625,281551,61.171,0.003,54.128,0.456
1779086294.646961,0.0,1624,281551,53.267,0.001,54.417,0.513
1779086297.650478,0.0,1624,281551,22.640,0.000,35.199,0.257
1779086300.653118,0.0,1622,281552,34.636,0.003,34.921,0.260
1779086303.656777,0.0,1622,281552,75.907,0.001,75.517,1.315
1779086306.660349,0.0,1623,281552,53.270,0.678,50.346,0.464
1779086309.664073,0.0,1622,281553,42.614,0.001,54.261,0.484
1779086312.667592,0.0,1623,281553,73.247,0.003,67.171,0.603
1779086315.670947,0.0,1624,281553,43.951,0.001,46.567,0.387
1779086318.674619,0.0,1623,281553,53.268,0.000,63.596,0.583
1779086321.678241,0.0,1624,281553,38.620,0.000,43.287,0.879
1779086324.680741,0.0,1625,281553,42.631,0.543,44.698,0.441
1779086327.684394,0.0,1626,281554,27.966,0.000,29.322,0.254
1779086330.687920,0.0,1626,281554,25.304,0.000,18.087,0.127
1779086333.690659,0.0,1626,281554,45.292,0.009,43.629,0.365
1779086336.694266,0.0,1625,281554,73.245,0.268,80.719,0.937
1779086339.720846,0.0,1625,281554,54.187,0.000,55.168,0.441
1779086342.723820,0.0,1625,281554,19.980,0.009,20.456,0.176
1779086345.726930,0.0,1625,281555,59.938,0.135,62.207,0.682
1779086348.730685,0.0,1626,281555,54.598,0.009,57.343,0.505
1779086351.734416,0.0,1625,281556,67.916,0.000,80.884,0.733
1779086354.737952,0.0,1624,281556,78.574,0.399,72.214,1.001
1779086357.741295,0.0,1622,281556,15.982,0.012,28.326,0.226
1779086360.744887,0.0,1623,281556,59.928,0.000,62.834,0.592
1779086363.747360,0.0,1625,281556,14.655,0.000,15.367,0.145
1779086366.750008,0.0,1626,281556,38.633,0.276,29.644,0.526
1779086369.753711,0.0,1625,281557,54.599,0.010,59.731,0.515
1779086372.757460,0.0,1625,281557,38.618,0.000,48.868,0.405
1779086375.760976,0.0,1625,281557,35.958,0.000,37.702,0.316
1779086378.764632,0.0,1624,281557,34.624,0.009,34.701,0.366
1779086381.768581,0.0,1626,281557,45.274,0.000,39.305,0.307
1779086384.771913,0.0,1625,281558,43.951,0.003,47.548,0.434
1779086387.776091,0.0,1626,281558,47.933,0.001,55.773,0.409
1779086390.779645,0.0,1624,281558,57.265,0.004,49.602,0.464
1779086393.783934,0.0,1621,281558,49.263,0.000,66.191,0.572
1779086396.787539,0.0,1620,281558,17.313,0.000,14.056,0.115
1779086399.791077,0.0,1621,281560,34.626,0.000,34.909,0.267
1779086402.794374,0.0,1622,281558,13.319,0.666,15.370,0.788
1779086405.803409,0.0,1622,281559,54.503,0.013,51.726,0.453
1779086408.806688,0.0,1622,281559,29.301,0.000,38.950,0.296
1779086411.810316,0.0,1622,281559,23.971,0.003,25.137,0.246
1779086414.813973,0.0,1625,281559,17.312,0.000,18.162,0.143
1779086417.817441,0.0,1623,281559,45.281,0.005,44.684,0.404
1779086420.826284,0.0,1622,281560,74.447,0.000,68.555,0.644
1779086423.829795,0.0,1620,281560,50.607,0.000,64.024,0.597
1779086426.833131,0.0,1621,281560,33.296,0.003,23.742,0.187
1779086429.836380,0.0,1624,281560,38.625,0.001,41.857,0.367
1779086432.840010,0.0,1623,281561,58.596,0.000,72.606,0.621
1779086435.843516,0.0,1623,281561,25.304,0.000,19.557,0.963
1779086438.847089,0.0,1624,281561,58.597,0.806,57.249,0.494
1779086441.850763,0.0,1622,281561,49.273,0.001,55.653,0.473
1779086444.853858,0.0,1623,281561,37.295,0.000,46.286,0.408
1779086447.856843,0.0,1623,281562,6.660,0.008,0.003,0.000
1779086450.860447,0.0,1622,281562,50.606,0.004,44.684,0.400
1779086453.864115,0.0,1622,281562,59.927,0.001,61.437,0.574
1779086456.867732,0.0,1621,281562,59.928,0.000,72.607,0.620
1779086459.871301,0.0,1622,281562,73.246,0.004,75.137,0.675
1779086462.874629,0.0,1624,281563,43.951,0.000,44.953,0.334
1779086465.878205,0.0,1624,281563,37.289,0.000,45.687,0.411
1779086468.881298,0.0,1625,281563,7.992,0.004,8.781,0.062
1779086471.884799,0.0,1622,281563,13.318,0.005,16.763,0.958
1779086474.888241,0.0,1622,281563,63.927,0.796,52.055,0.463
1779086477.891239,0.0,1621,281564,19.980,0.012,35.924,0.312
1779086480.894754,0.0,1629,281564,9.322,0.000,9.776,0.060
1779086483.898169,0.0,1624,281564,57.268,0.004,46.006,0.396
1779086486.901586,0.0,1624,281564,25.306,0.135,23.827,0.306
1779086489.905134,0.0,1623,281564,62.593,0.000,82.382,0.803
1779086492.908267,0.0,1623,281564,5.328,0.000,5.588,0.043
1779086495.910963,0.0,1624,281564,54.618,0.180,47.229,0.599
1779086498.914523,0.0,1625,281564,29.299,0.010,25.399,0.212
1779086501.918072,0.0,1623,281565,45.280,0.000,47.177,0.372
1779086504.921395,0.0,1624,281565,21.310,0.000,38.051,0.264
1779086507.923820,0.0,1628,281565,19.984,0.008,12.577,0.093
1779086510.932841,0.0,1629,281565,58.491,0.001,60.429,0.485
1779086513.936323,0.0,1629,281565,23.972,0.000,32.977,0.307
1779086516.940064,0.0,1624,281566,22.638,0.004,23.739,0.198
1779086519.943650,0.0,1630,281566,37.289,0.000,32.073,0.252
1779086522.946387,0.0,1623,281566,30.639,0.004,37.241,0.266
1779086525.950142,0.0,1622,281566,54.598,0.632,56.370,1.148
1779086528.953042,0.0,1622,281566,27.973,0.010,32.795,0.266
1779086531.956638,0.0,1622,281566,73.246,0.000,64.575,0.568
1779086534.960670,0.0,1623,281567,22.636,0.003,25.514,0.162
1779086537.965233,0.0,1624,281567,25.295,0.001,20.940,0.173
1779086540.969259,0.0,1623,281567,49.267,0.009,62.542,0.570
1779086543.971782,0.0,1623,281567,74.604,0.000,68.664,0.576
1779086546.975150,0.0,1621,281568,65.260,0.000,65.459,0.596
1779086549.978891,0.0,1621,281568,30.628,0.004,47.715,0.406
1779086552.982439,0.0,1631,281568,73.247,0.000,65.627,0.589
1779086555.986064,0.0,1620,281568,55.932,0.000,50.529,0.442
1779086558.989455,0.0,1621,281569,47.946,0.792,65.372,1.435
1779086561.992959,0.0,1621,281569,63.925,0.000,72.608,0.665
1779086564.995570,0.0,1620,281569,41.297,0.020,29.752,0.248
1779086567.999046,0.0,1624,281569,54.603,0.000,70.794,0.548
1779086571.002608,0.0,1623,281569,3.995,0.000,5.587,0.042
1779086574.005356,0.0,1622,281570,59.945,0.013,41.776,0.454
1779086577.008949,0.0,1624,281570,25.303,0.000,47.599,0.471
1779086580.011663,0.0,1621,281570,38.632,0.004,22.348,0.233
1779086583.015148,0.0,1621,281570,46.613,0.004,56.048,0.486
1779086586.030239,0.0,1621,281570,59.700,0.000,59.517,0.539
1779086589.033954,0.0,1623,281571,55.931,0.000,49.344,0.388
1779086592.037678,0.0,1622,281571,55.931,0.797,80.513,1.574
1779086595.041277,0.0,1621,281571,70.582,0.000,62.935,0.555
1779086598.043991,0.0,1622,281572,43.960,0.018,33.239,0.276
1779086601.047537,0.0,1620,281572,54.602,0.000,74.759,0.678
1779086604.050038,0.0,1622,281572,71.940,0.000,63.785,0.554
1779086607.053027,0.0,1622,281572,55.944,0.014,55.372,0.522
1779086610.056746,0.0,1620,281573,42.614,0.000,64.720,0.520
1779086613.060366,0.0,1622,281573,51.937,0.000,53.061,0.492
1779086616.064013,0.0,1620,281573,33.293,0.004,35.937,0.251
1779086619.066697,0.0,1624,281573,73.268,0.000,64.619,0.609
1779086622.069963,0.0,1623,281574,31.965,0.000,29.416,0.211
1779086625.073462,0.0,1624,281574,62.594,0.004,73.940,0.665
1779086628.076746,0.0,1622,281574,38.624,0.920,39.088,1.280
1779086631.080234,0.0,1626,281574,46.612,0.009,42.420,0.382
1779086634.084026,0.0,1625,281574,45.276,0.012,51.093,0.469
1779086637.087566,0.0,1625,281574,42.616,0.004,57.294,0.453
1779086640.096530,0.0,1622,281575,69.127,0.001,54.458,0.469
1779086643.099411,0.0,1622,281575,61.274,0.399,66.887,1.048
1779086646.102941,0.0,1623,281576,63.925,0.010,60.097,0.503
1779086649.106138,0.0,1624,281576,61.268,0.005,79.821,0.702
1779086652.122106,0.0,1624,281576,67.640,0.000,60.575,0.587
1779086655.124686,0.0,1631,281576,63.945,0.004,59.522,0.513
1779086658.128823,0.0,1629,281577,38.613,0.000,66.553,0.614
1779086661.132267,0.0,1628,281577,78.576,0.004,59.484,0.526
1779086664.135453,0.0,1629,281577,3.996,0.000,28.496,0.251
1779086667.138940,0.0,1630,281577,2.664,0.000,0.007,0.000
1779086670.147858,0.0,1625,281577,42.540,0.000,33.453,0.270
1779086673.151464,0.0,1624,281578,57.264,0.805,58.648,1.353
1779086676.155039,0.0,1625,281578,35.957,0.001,43.290,0.393
1779086679.158517,0.0,1625,281578,34.627,0.000,46.081,0.396
1779086682.161228,0.0,1624,281578,55.949,0.009,36.317,0.286
1779086685.164839,0.0,1625,281578,51.937,0.004,53.061,0.419
1779086688.168478,0.0,1627,281579,62.591,0.000,84.721,0.817
1779086691.171414,0.0,1624,281579,70.598,0.004,62.541,0.567
1779086694.174152,0.0,1624,281579,14.653,0.007,30.092,0.254
1779086697.179353,0.0,1624,281579,73.206,0.000,59.397,0.579
1779086700.182630,0.0,1625,281580,51.943,0.003,45.715,0.379
1779086703.186312,0.0,1623,281580,63.922,0.001,74.982,0.733
1779086706.189901,0.0,1624,281580,66.587,0.929,78.196,1.648
1779086709.206234,0.0,1623,281580,15.913,0.000,27.810,0.239
1779086712.209667,0.0,1624,281580,54.604,0.000,30.726,0.246
1779086715.212932,0.0,1624,281580,3.996,0.000,30.724,0.258
1779086718.216396,0.0,1624,281580,5.327,0.012,5.590,0.034
1779086721.220092,0.0,1629,281581,34.624,0.000,8.380,0.054
1779086724.223738,0.0,1625,281581,41.283,0.003,49.499,0.407
1779086727.226384,0.0,1623,281581,61.279,0.001,59.435,0.495
1779086730.229945,0.0,1623,281581,37.289,0.000,65.626,0.591
1779086733.233608,0.0,1624,281582,43.946,0.000,23.742,0.203
1779086736.237156,0.0,1623,281582,22.640,0.004,46.080,0.345
1779086739.239642,0.0,1625,281582,11.990,0.001,4.196,0.023
1779086742.243356,0.0,1624,281582,35.955,0.545,21.006,0.703
1779086745.246984,0.0,1624,281582,57.264,0.008,80.263,0.722
1779086748.250493,0.0,1625,281582,71.916,0.001,58.426,0.534
1779086751.253844,0.0,1623,281583,29.301,0.000,45.578,0.368
1779086754.257497,0.0,1627,281583,39.951,0.003,45.312,0.361
1779086757.260986,0.0,1621,281583,21.309,0.001,4.960,0.027
1779086760.264470,0.0,1621,281583,37.290,0.000,40.452,0.283
1779086763.268168,0.0,1622,281583,55.931,0.000,78.234,0.664
1779086766.294095,0.0,1622,281584,74.027,0.004,78.322,0.735
1779086769.297380,0.0,1622,281584,53.275,0.000,55.137,0.417
1779086772.301161,0.0,1622,281584,63.919,0.806,67.121,1.446
1779086775.304697,0.0,1622,281584,63.925,0.001,66.929,0.627
1779086778.313682,0.0,1622,281585,33.234,0.000,35.865,0.340
1779086781.317179,0.0,1624,281585,51.939,0.000,53.440,0.480
1779086784.319875,0.0,1621,281585,46.625,0.014,50.282,0.443
1779086787.323331,0.0,1630,281585,38.622,0.000,39.102,0.332
1779086790.326050,0.0,1621,281586,58.614,0.004,60.074,0.547
1779086793.329766,0.0,1620,281586,39.951,0.004,43.271,0.305
1779086796.333414,0.0,1621,281586,22.639,0.000,23.226,0.216
1779086799.337069,0.0,1622,281586,53.268,0.003,55.890,0.516
1779086802.340539,0.0,1621,281586,67.921,0.001,71.757,1.440
1779086805.343691,0.0,1622,281587,38.626,0.806,39.050,0.363
1779086808.347350,0.0,1624,281587,34.624,0.000,34.909,0.280
1779086811.351012,0.0,1624,281587,66.585,0.005,70.519,0.635
1779086814.354011,0.0,1619,281588,71.928,0.000,74.765,0.645
1779086817.357078,0.0,1622,281588,55.943,0.013,61.403,0.511
1779086820.360708,0.0,1621,281588,55.932,0.000,58.508,0.496
1779086823.363919,0.0,1622,281588,39.957,0.000,41.530,0.335
1779086826.367822,0.0,1632,281588,39.948,0.003,42.074,0.386
1779086829.371788,0.0,1623,281589,41.279,0.001,43.632,0.379
1779086832.375498,0.0,1623,281589,19.975,0.000,18.155,0.153
1779086835.379867,0.0,1623,281589,61.244,0.796,67.011,1.459
1779086838.383448,0.0,1624,281589,74.578,0.001,74.429,0.639
1779086841.386011,0.0,1626,281590,39.966,0.009,43.589,0.360
1779086844.390207,0.0,1624,281590,34.618,0.009,35.674,0.278
1779086847.392680,0.0,1624,281590,15.987,0.000,19.472,0.160
1779086850.395972,0.0,1625,281590,15.982,0.007,12.584,0.116
1779086853.399108,0.0,1627,281590,71.925,0.000,78.381,0.682
1779086856.402727,0.0,1624,281590,15.981,0.003,15.326,0.135
1779086859.406442,0.0,1626,281590,19.975,0.001,22.242,0.157
1779086862.410034,0.0,1625,281590,45.279,0.000,50.225,0.399
1779086865.413373,0.0,1625,281591,33.296,0.003,30.767,0.262
1779086868.417064,0.0,1626,281591,29.297,0.001,28.079,0.251
1779086871.420899,0.0,1626,281591,42.612,0.667,45.687,1.144
1779086874.424413,0.0,1625,281591,62.593,0.000,65.833,0.578
1779086877.427720,0.0,1623,281591,7.991,0.009,12.572,0.099
1779086880.431184,0.0,1624,281591,85.235,0.001,89.367,0.902
1779086883.446236,0.0,1625,281592,63.680,0.008,63.783,0.539
1779086886.449293,0.0,1629,281592,69.263,0.001,71.466,0.714
1779086889.453023,0.0,1625,281593,54.599,0.000,57.899,0.545
1779086892.456931,0.0,1626,281593,30.627,0.000,34.224,0.305
1779086895.460518,0.0,1624,281593,25.303,0.003,22.522,0.176
1779086898.463767,0.0,1622,281593,50.612,0.001,51.769,0.470
1779086901.467455,0.0,1623,281593,55.931,0.000,63.408,0.580
1779086904.470950,0.0,1624,281593,70.584,0.929,73.163,1.699
1779086907.474668,0.0,1621,281594,26.634,0.010,25.292,0.213
1779086910.478389,0.0,1623,281594,66.584,0.009,72.448,0.688
1779086913.481956,0.0,1623,281594,79.905,0.000,82.017,0.753
1779086916.485122,0.0,1625,281595,59.937,0.005,62.074,0.563
1779086919.489142,0.0,1625,281595,45.273,0.004,51.395,0.394
1779086922.492766,0.0,1625,281595,54.601,0.000,58.646,0.520
1779086925.495436,0.0,1625,281595,14.654,0.004,13.970,0.099
1779086928.499001,0.0,1628,281595,83.900,0.000,85.175,0.817
1779086931.514297,0.0,1627,281596,10.613,0.000,13.630,0.093
1779086934.518010,0.0,1629,281596,35.956,0.000,38.468,0.303
1779086937.541266,0.0,1626,281596,46.308,0.004,45.309,1.228
1779086940.545013,0.0,1627,281596,27.965,0.788,30.718,0.232
1779086943.548641,0.0,1625,281596,11.986,0.000,15.364,0.089
1779086946.551151,0.0,1623,281596,21.315,0.000,22.351,0.172
1779086949.554485,0.0,1622,281597,37.292,0.018,28.037,0.236
1779086952.558214,0.0,1625,281597,67.916,0.000,78.086,0.769
1779086955.561979,0.0,1620,281597,42.613,0.007,41.889,0.333
1779086958.565513,0.0,1621,281597,35.958,0.004,41.690,0.385
1779086961.569281,0.0,1620,281597,65.251,0.001,62.013,0.538
1779086964.572840,0.0,1620,281598,45.280,0.000,52.686,0.470
1779086967.576374,0.0,1621,281598,62.593,0.004,67.024,0.528
1779086970.590129,0.0,1619,281598,71.671,0.785,69.587,1.442
1779086973.593588,0.0,1620,281599,37.290,0.000,47.481,0.407
1779086976.597293,0.0,1620,281599,9.322,0.000,11.178,0.092
1779086979.600907,0.0,1620,281599,0.000,0.000,0.006,0.000
1779086982.604045,0.0,1621,281599,47.950,0.009,40.503,0.305
1779086985.607404,0.0,1621,281599,62.597,0.017,64.238,0.540
1779086988.610944,0.0,1628,281599,21.308,0.001,30.721,0.208
1779086991.614522,0.0,1628,281599,5.327,0.000,4.191,0.028
1779086994.640532,0.0,1629,281599,0.000,0.000,2.778,0.015
1779086997.643188,0.0,1623,281599,34.636,0.005,37.670,0.337
1779087000.646822,0.0,1624,281599,14.649,0.000,9.820,0.087
1779087003.650332,0.0,1624,281599,29.299,0.003,33.842,0.308
1779087006.653562,0.0,1623,281600,23.974,0.395,17.835,0.532
1779087009.657246,0.0,1624,281600,67.917,0.008,74.001,0.655
1779087012.666347,0.0,1618,281600,71.782,0.001,69.687,0.623
1779087015.669109,0.0,1619,281601,58.613,0.000,61.454,0.593
1779087018.672912,0.0,1621,281601,42.613,0.016,53.056,0.509
1779087021.676500,0.0,1620,281601,81.236,0.003,78.860,0.723
1779087024.680096,0.0,1622,281601,62.592,0.008,63.239,0.560
1779087027.683798,0.0,1623,281602,46.609,0.001,45.670,0.380
1779087030.687459,0.0,1622,281602,69.249,0.004,80.316,0.762
1779087033.690171,0.0,1621,281602,37.300,0.000,39.109,0.322
1779087036.693676,0.0,1623,281602,38.622,0.000,40.495,0.325
1779087039.697432,0.0,1622,281603,43.945,0.004,39.537,0.352
1779087042.701173,0.0,1624,281603,63.920,1.051,68.073,1.668
1779087045.704878,0.0,1624,281603,71.911,0.009,80.890,0.837
1779087048.708066,0.0,1625,281603,78.583,0.000,83.217,0.793
1779087051.722299,0.0,1625,281604,23.887,0.000,31.183,0.304
1779087054.725701,0.0,1625,281604,54.605,0.009,46.269,0.362
1779087057.728951,0.0,1625,281604,3.996,0.000,15.180,0.152
1779087060.732399,0.0,1625,281604,3.995,0.022,2.799,0.038
1779087063.735106,0.0,1625,281604,70.603,0.001,75.423,0.671
1779087066.737501,0.0,1626,281604,9.326,0.000,0.003,0.004
1779087069.740652,0.0,1626,281605,18.647,0.005,18.157,0.123
1779087072.745421,0.0,1626,281605,41.268,0.000,54.436,0.526
1779087075.748914,0.0,1625,281607,25.304,0.000,26.534,0.251
1779087078.752479,0.0,1624,281605,15.981,0.004,4.199,0.715
1779087081.756027,0.0,1623,281605,73.247,0.666,78.195,0.720
1779087084.770234,0.0,1622,281605,62.371,0.000,67.463,0.613
1779087087.772997,0.0,1622,281606,51.952,0.000,49.057,0.422
1779087090.776600,0.0,1623,281606,58.596,0.004,73.153,0.590
1779087093.780174,0.0,1625,281606,21.308,0.000,22.300,0.184
1779087096.783189,0.0,1624,281607,61.272,0.016,66.930,0.554
1779087099.786684,0.0,1626,281607,77.243,0.001,71.514,0.650
1779087102.790032,0.0,1626,281607,53.274,0.000,58.501,0.501
1779087105.793720,0.0,1627,281607,26.634,0.000,34.908,0.330
1779087108.796211,0.0,1624,281607,14.654,0.004,13.969,0.086
1779087111.799344,0.0,1626,281607,59.937,0.920,59.968,1.495
1779087114.802888,0.0,1628,281608,45.280,0.000,51.752,0.468
1779087117.806591,0.0,1628,281608,30.629,0.000,15.944,0.158
1779087120.810308,0.0,1620,281608,39.950,0.009,51.078,0.437
1779087123.813034,0.0,1621,281608,18.650,0.000,26.538,0.216
1779087126.816746,0.0,1621,281608,29.297,0.000,19.549,0.135
1779087129.820319,0.0,1624,281608,30.630,0.009,37.896,0.287
1779087132.838156,0.0,1625,281609,63.622,0.009,60.656,0.551
1779087135.841864,0.0,1623,281609,50.604,0.000,51.139,0.419
1779087138.845397,0.0,1624,281609,54.602,0.008,66.361,0.610
1779087141.849081,0.0,1624,281609,59.926,0.000,50.654,0.455
1779087144.851861,0.0,1624,281610,58.612,0.000,63.864,0.592
1779087147.855339,0.0,1625,281610,53.272,0.797,61.528,1.295
1779087150.870092,0.0,1622,281610,68.994,0.000,59.819,0.538
1779087153.873662,0.0,1624,281610,15.981,0.000,37.701,0.300
1779087156.876646,0.0,1623,281611,19.980,0.007,20.951,0.178
1779087159.880069,0.0,1625,281611,33.295,0.004,22.347,0.198
1779087162.883981,0.0,1625,281611,55.927,0.010,55.669,0.432
1779087165.888038,0.0,1625,281611,61.251,0.005,79.764,0.734
1779087168.893770,0.0,1626,281611,85.171,0.008,79.533,0.755
1779087171.914449,0.0,1623,281612,66.210,0.000,61.401,0.525
1779087174.918608,0.0,1621,281612,66.574,0.000,66.698,0.620
1779087177.922211,0.0,1624,281613,53.269,0.004,60.048,1.508
1779087180.925485,0.0,1623,281613,65.262,0.920,70.563,0.630
1779087183.928663,0.0,1623,281613,55.941,0.008,49.855,0.430
1779087186.933005,0.0,1623,281613,50.593,0.001,67.984,0.587
1779087189.936644,0.0,1623,281613,30.630,0.000,39.399,0.291
1779087192.940087,0.0,1623,281613,37.291,0.004,33.310,0.256
1779087195.954234,0.0,1624,281614,49.102,0.000,37.572,0.255
1779087198.958012,0.0,1623,281614,73.241,0.013,73.017,0.698
1779087201.961249,0.0,1624,281615,47.948,0.009,72.203,0.652
1779087204.965003,0.0,1625,281615,46.610,0.000,37.435,0.340
1779087207.968550,0.0,1625,281615,0.000,0.000,14.233,0.105
1779087210.971821,0.0,1624,281615,21.310,0.000,16.592,0.106
1779087213.974408,0.0,1625,281615,26.644,0.003,23.921,0.892
1779087216.977207,0.0,1625,281615,49.287,0.658,39.151,0.386
1779087219.981006,0.0,1624,281615,26.633,0.008,50.220,0.436
1779087222.984678,0.0,1625,281615,47.941,0.001,50.267,0.442
1779087225.988134,0.0,1626,281615,29.300,0.000,30.723,0.305
1779087228.991198,0.0,1625,281615,7.992,0.000,8.385,0.048
1779087231.993891,0.0,1623,281616,71.935,0.004,49.824,0.435
1779087234.996553,0.0,1622,281616,22.647,0.009,39.568,0.304
1779087238.000117,0.0,1624,281616,71.915,0.007,72.033,0.634
1779087241.003701,0.0,1623,281617,53.270,0.008,56.431,0.456
1779087244.007143,0.0,1618,281617,62.595,0.000,51.938,0.469
1779087247.011148,0.0,1621,281617,62.583,0.792,87.685,1.607
1779087250.015574,0.0,1631,281617,81.214,0.000,72.587,0.686
1779087253.048878,0.0,1624,281618,9.231,0.000,23.464,0.207
1779087256.052442,0.0,1620,281618,58.597,0.009,42.922,0.389
1779087259.055536,0.0,1621,281618,21.311,0.004,40.088,0.345
1779087262.058988,0.0,1621,281618,63.926,0.000,48.994,0.448
1779087265.062842,0.0,1621,281619,62.586,0.003,63.532,0.569
1779087268.066520,0.0,1622,281619,43.946,0.013,65.623,0.507
1779087271.070206,0.0,1623,281619,61.258,0.009,54.455,0.433
1779087274.073492,0.0,1624,281619,59.934,0.001,53.066,0.452
1779087277.077069,0.0,1623,281620,53.270,0.000,71.211,0.554
1779087280.080571,0.0,1624,281620,73.248,0.929,66.153,1.633
1779087283.083879,0.0,1618,281620,45.283,0.000,44.093,0.337
1779087286.087923,0.0,1627,281620,19.973,0.000,43.368,0.320
1779087289.090347,0.0,1627,281620,3.997,0.000,4.195,0.048
1779087292.093599,0.0,1621,281620,6.659,0.000,6.985,0.047
1779087295.096726,0.0,1620,281620,13.319,0.007,12.573,0.069
1779087298.110112,0.0,1620,281621,69.025,0.001,47.149,0.412
1779087301.112846,0.0,1620,281621,21.314,0.008,43.477,0.397
1779087304.116519,0.0,1621,281621,9.322,0.000,5.587,0.043
1779087307.120072,0.0,1621,281621,70.583,0.010,71.215,0.666
1779087310.129064,0.0,1619,281621,19.940,0.000,22.304,0.171
1779087313.132599,0.0,1618,281621,41.285,0.003,32.117,0.280
1779087316.135151,0.0,1619,281621,21.315,0.000,40.508,0.332
1779087319.138599,0.0,1621,281622,15.982,0.527,15.645,0.663
1779087322.142611,0.0,1620,281622,67.909,0.009,54.168,0.451
1779087325.147355,0.0,1620,281622,65.230,0.000,64.389,0.541
1779087328.150929,0.0,1620,281623,69.251,0.000,76.696,0.736
1779087331.154254,0.0,1620,281623,39.956,0.004,62.761,0.538
1779087334.157841,0.0,1619,281623,55.933,0.007,29.757,0.256
1779087337.161361,0.0,1621,281623,26.635,0.000,58.214,0.580
1779087340.164855,0.0,1621,281623,2.664,0.000,2.796,0.022
1779087343.167630,0.0,1620,281623,49.288,0.010,51.290,0.500
1779087346.171336,0.0,1617,281624,45.277,0.004,38.092,0.378
1779087349.174985,0.0,1620,281624,37.288,0.000,48.875,0.455
1779087352.178448,0.0,1621,281624,38.622,0.338,37.708,1.156
1779087355.181217,0.0,1620,281624,3.996,0.458,11.139,0.077
1779087358.184827,0.0,1620,281624,23.971,0.000,14.746,0.103
1779087361.188409,0.0,1620,281624,22.640,0.001,15.981,0.083
1779087364.190900,0.0,1621,281624,30.641,0.004,33.525,0.287
1779087367.194347,0.0,1621,281625,69.254,0.001,55.673,0.443
1779087370.197517,0.0,1619,281625,57.273,0.000,66.406,0.585
1779087373.201135,0.0,1621,281625,23.971,0.000,40.439,0.374
1779087376.204659,0.0,1618,281625,39.953,0.017,33.040,0.298
1779087379.207143,0.0,1619,281625,69.276,0.000,69.841,0.604
1779087382.222164,0.0,1621,281626,54.394,0.006,52.860,0.403
1779087385.225681,0.0,1622,281626,51.939,0.001,82.480,0.705
1779087388.229578,0.0,1622,281626,50.601,0.000,48.775,1.245
1779087391.232482,0.0,1622,281626,17.317,0.796,18.159,0.113
1779087394.235986,0.0,1621,281626,25.304,0.000,26.817,0.231
1779087397.239707,0.0,1621,281626,34.624,0.000,36.018,0.281
1779087400.242139,0.0,1621,281626,10.658,0.000,11.176,0.069
1779087403.245415,0.0,1618,281627,21.310,0.004,23.604,0.182
1779087406.249037,0.0,1617,281627,57.264,0.000,58.782,0.480
1779087409.251659,0.0,1617,281627,23.979,0.016,24.797,0.208
1779087412.255169,0.0,1618,281627,77.243,0.001,81.333,0.718
1779087415.258779,0.0,1624,281628,27.966,0.000,29.369,0.257
1779087418.262467,0.0,1618,281628,15.980,0.001,18.112,0.107
1779087421.265587,0.0,1619,281628,42.622,0.008,43.294,0.348
1779087424.269202,0.0,1618,281628,49.274,0.001,51.666,1.098
1779087427.273982,0.0,1619,281628,62.567,0.663,65.380,0.584
1779087430.277945,0.0,1619,281628,58.589,0.001,61.653,0.488
1779087433.287045,0.0,1617,281629,61.148,0.000,63.530,0.575
1779087436.290751,0.0,1619,281629,71.911,0.000,74.544,0.698
1779087439.294386,0.0,1618,281630,57.264,0.004,60.081,0.483
1779087442.297250,0.0,1620,281630,47.954,0.000,51.678,0.459
1779087445.299632,0.0,1621,281630,14.655,0.008,15.368,0.130
1779087448.303057,0.0,1622,281630,25.304,0.009,25.224,0.175
1779087451.306614,0.0,1618,281630,45.280,0.000,48.279,0.402
1779087454.309607,0.0,1617,281630,31.968,0.005,34.030,0.288
1779087457.313124,0.0,1618,281630,67.920,0.000,69.700,0.557
1779087460.316728,0.0,1618,281631,54.601,0.007,57.312,0.462
1779087463.320679,0.0,1619,281631,49.268,0.923,50.364,1.351
1779087466.324236,0.0,1618,281632,69.251,0.008,75.359,0.691
1779087469.326792,0.0,1620,281632,51.956,0.000,53.068,0.410
1779087472.330365,0.0,1620,281632,31.962,0.003,34.922,0.259
1779087475.334006,0.0,1619,281632,54.600,0.000,57.248,0.480
1779087478.337462,0.0,1621,281632,30.631,0.001,32.117,0.229
1779087481.341180,0.0,1618,281632,49.272,0.017,47.648,0.395
1779087484.344764,0.0,1619,281633,62.592,0.000,67.067,0.654
1779087487.349257,0.0,1621,281633,26.627,0.000,27.747,0.262
1779087490.352904,0.0,1620,281633,53.269,0.005,55.337,0.479
1779087493.356433,0.0,1621,281633,65.257,0.000,71.580,1.412
1779087496.365487,0.0,1620,281634,75.771,0.793,74.656,0.724
1779087499.368467,0.0,1621,281634,55.944,0.009,59.993,0.503
1779087502.372141,0.0,1621,281634,57.263,0.000,59.081,0.442
1779087505.375649,0.0,1621,281634,35.958,0.000,38.416,0.259
1779087508.378637,0.0,1619,281635,45.288,0.004,46.643,0.393
1779087511.382172,0.0,1619,281635,70.583,0.000,78.666,0.646
1779087514.391176,0.0,1619,281635,66.467,0.003,68.295,0.594
1779087517.394805,0.0,1618,281636,49.274,0.013,47.474,0.403
1779087520.398492,0.0,1620,281636,54.600,0.010,62.831,0.543
1779087523.402118,0.0,1618,281636,43.947,0.000,46.077,0.384
1779087526.405739,0.0,1617,281636,51.937,0.003,50.578,1.371
1779087529.409331,0.0,1617,281636,71.914,0.922,79.279,0.655
1779087532.412894,0.0,1617,281636,1.332,0.007,1.399,0.016
1779087535.416487,0.0,1616,281637,17.313,0.001,18.153,0.140
1779087538.419963,0.0,1617,281637,63.926,0.003,65.786,0.598
1779087541.423229,0.0,1618,281637,57.271,0.009,57.101,0.430
1779087544.427371,0.0,1616,281638,63.912,0.000,66.275,0.604
1779087547.430928,0.0,1618,281638,70.583,0.013,73.656,0.695
1779087550.435497,0.0,1619,281638,69.228,0.000,76.462,0.730
1779087553.450352,0.0,1619,281638,55.724,0.008,59.816,0.549
1779087556.453924,0.0,1620,281638,13.317,0.000,13.965,0.133
1779087559.456490,0.0,1617,281639,39.966,0.787,37.730,1.116
1779087562.460107,0.0,1616,281639,65.255,0.000,68.405,0.622
1779087565.463488,0.0,1616,281639,45.282,0.008,46.260,0.393
1779087568.467088,0.0,1619,281640,38.620,0.003,43.110,0.389
1779087571.470783,0.0,1618,281640,75.907,0.001,76.840,0.599
1779087574.473515,0.0,1616,281640,63.942,0.004,71.189,0.608
1779087577.477082,0.0,1616,281640,65.256,0.001,60.871,0.560
1779087580.481418,0.0,1617,281640,46.599,0.007,57.805,0.425
1779087583.484942,0.0,1618,281641,59.930,0.017,55.871,0.502
1779087586.489584,0.0,1619,281641,34.613,0.000,41.866,0.316
1779087589.493596,0.0,1618,281641,62.583,0.004,59.690,0.475
1779087592.497787,0.0,1619,281641,11.983,0.001,19.893,1.147
1779087595.501293,0.0,1620,281642,7.991,0.919,5.588,0.031
1779087598.504946,0.0,1620,281642,38.620,0.007,43.242,0.405
1779087601.508544,0.0,1621,281642,62.592,0.001,57.813,0.519
1779087604.512173,0.0,1621,281642,63.923,0.000,74.885,0.705
1779087607.514751,0.0,1621,281642,29.308,0.007,23.748,0.237
1779087610.518209,0.0,1621,281642,55.936,0.000,65.629,0.583
1779087613.520940,0.0,1621,281643,0.000,0.008,0.005,0.467
1779087616.523753,0.0,1623,281643,34.634,0.454,29.183,0.289
1779087619.527392,0.0,1619,281643,58.596,0.000,61.845,0.530
1779087622.530941,0.0,1619,281643,75.910,0.005,79.619,0.725
1779087625.534672,0.0,1617,281644,65.252,0.000,67.118,0.599
1779087628.538371,0.0,1617,281644,55.931,0.000,58.257,0.526
1779087631.541908,0.0,1618,281644,46.612,0.003,51.664,0.432
1779087634.545315,0.0,1617,281644,54.605,0.001,57.575,0.518
1779087637.549021,0.0,1617,281645,70.579,0.000,67.304,0.604
1779087640.552819,0.0,1618,281645,55.929,0.004,63.619,0.586
1779087643.556513,0.0,1618,281645,59.926,0.000,61.941,0.562
1779087646.560138,0.0,1620,281646,43.947,0.000,48.086,0.414
1779087649.563809,0.0,1620,281646,65.254,1.021,68.701,1.715
1779087652.567432,0.0,1621,281646,37.288,0.000,36.304,0.280
1779087655.570944,0.0,1620,281646,42.617,0.012,53.061,0.435
1779087658.573937,0.0,1619,281646,81.252,0.000,82.397,0.762
1779087661.577416,0.0,1618,281647,51.940,0.271,50.931,0.719
1779087664.580961,0.0,1619,281647,37.289,0.000,45.423,0.387
1779087667.588961,0.0,1618,281647,69.149,0.010,68.321,0.641
1779087670.591843,0.0,1619,281648,25.309,0.000,30.774,0.382
1779087673.595521,0.0,1620,281648,58.595,0.173,53.061,0.686
1779087676.599371,0.0,1621,281648,49.270,0.243,47.916,0.333
1779087679.603010,0.0,1620,281648,65.254,0.001,72.313,0.706
1779087682.606601,0.0,1621,281648,49.274,0.001,59.846,0.553
1779087685.610049,0.0,1627,281648,23.972,0.010,23.741,0.204
1779087688.619262,0.0,1621,281649,57.158,0.000,45.202,0.393
1779087691.623154,0.0,1621,281649,59.922,0.000,64.631,0.563
1779087694.626834,0.0,1621,281650,66.585,0.004,73.252,0.637
1779087697.629328,0.0,1621,281650,70.608,0.000,80.754,0.742
1779087700.633034,0.0,1620,281650,54.599,0.003,54.454,0.473
1779087703.636584,0.0,1621,281650,53.270,0.796,51.809,1.227
1779087706.639855,0.0,1620,281650,63.930,0.010,76.662,0.642
1779087709.668747,0.0,1620,281651,58.107,0.000,49.988,0.393
1779087712.672269,0.0,1620,281651,43.948,0.003,44.544,0.344
1779087715.675839,0.0,1620,281651,67.919,0.008,82.383,0.725
1779087718.690247,0.0,1625,281652,51.751,0.016,48.700,0.981
1779087721.694304,0.0,1619,281652,62.582,0.527,56.817,0.520
1779087724.698026,0.0,1619,281652,59.926,0.010,75.820,0.666
1779087727.701589,0.0,1621,281652,81.237,0.000,85.219,0.816
1779087730.728678,0.0,1621,281653,66.070,0.000,63.863,0.579
1779087733.731318,0.0,1622,281653,47.958,0.403,44.204,0.730
1779087736.734733,0.0,1622,281653,54.605,0.000,72.943,0.659
1779087739.738395,0.0,1620,281654,38.620,0.010,28.946,0.285
1779087742.742121,0.0,1622,281654,55.931,0.000,61.814,0.539
1779087745.745862,0.0,1621,281654,55.930,0.003,55.696,0.469
1779087748.749574,0.0,1621,281654,45.277,0.001,42.410,0.374
1779087751.753399,0.0,1620,281655,61.255,0.000,79.213,0.640
1779087754.756427,0.0,1620,281655,83.915,0.003,78.083,0.723
1779087757.760109,0.0,1619,281655,66.585,0.008,65.674,0.583
1779087760.763494,0.0,1620,281656,41.287,0.000,42.476,0.369
1779087763.767277,0.0,1621,281656,59.924,0.004,79.077,0.701
1779087766.770619,0.0,1621,281656,25.305,0.929,15.323,1.075
1779087769.774219,0.0,1620,281656,55.933,0.001,58.689,0.504
1779087772.778029,0.0,1621,281656,23.970,0.012,29.409,0.217
1779087775.781703,0.0,1621,281657,74.575,0.000,79.500,0.687
1779087778.785241,0.0,1622,281657,77.242,0.004,74.291,0.660
1779087781.788858,0.0,1626,281657,65.255,0.000,66.011,1.166
1779087784.792647,0.0,1618,281658,38.618,0.531,55.185,0.484
1779087787.796178,0.0,1619,281658,6.659,0.000,7.027,0.049
1779087790.799559,0.0,1629,281658,61.264,0.012,52.219,0.483
1779087793.803471,0.0,1624,281658,69.243,0.005,66.430,0.596
1779087796.806301,0.0,1626,281658,34.634,0.269,50.287,0.681
1779087799.810352,0.0,1626,281658,35.951,0.009,36.214,0.308
1779087802.813197,0.0,1625,281659,58.611,0.001,49.172,0.373
1779087805.816817,0.0,1626,281659,19.976,0.004,34.774,0.283
1779087808.820392,0.0,1623,281659,38.621,0.005,32.100,0.284
1779087811.834187,0.0,1625,281659,62.380,0.000,59.526,0.498
1779087814.838134,0.0,1622,281660,57.258,0.000,58.466,0.516
1779087817.841767,0.0,1622,281660,7.990,0.003,25.581,0.214
1779087820.845304,0.0,1623,281660,38.621,0.001,36.308,0.313
1779087823.849146,0.0,1627,281660,50.602,0.000,47.767,0.381
1779087826.852713,0.0,1623,281660,29.298,0.657,28.325,0.953
1779087829.855884,0.0,1625,281660,47.949,0.018,45.426,0.372
1779087832.860098,0.0,1624,281661,58.584,0.009,68.405,0.616
1779087835.863634,0.0,1624,281661,70.583,0.001,81.538,0.740
1779087838.867162,0.0,1623,281661,61.261,0.000,46.326,0.419
1779087841.871356,0.0,1624,281662,58.585,0.000,60.707,0.576
1779087844.875569,0.0,1624,281662,54.590,0.003,79.499,0.730
1779087847.879130,0.0,1623,281662,38.621,0.001,27.204,0.208
1779087850.882680,0.0,1624,281662,37.289,0.000,49.252,0.415
1779087853.885926,0.0,1623,281662,7.991,0.004,11.524,0.100
1779087856.889423,0.0,1625,281662,79.907,0.000,66.309,0.530
1779087859.892795,0.0,1625,281663,51.942,0.000,63.560,1.503
1779087862.896337,0.0,1627,281663,42.616,0.935,51.794,0.478
1779087865.899915,0.0,1628,281663,81.236,0.010,72.668,0.674
1779087868.908901,0.0,1626,281663,67.797,0.008,65.328,0.598
1779087871.912607,0.0,1623,281664,62.589,0.000,68.682,0.599
1779087874.916549,0.0,1623,281664,54.595,0.004,59.767,0.476
1779087877.919668,0.0,1624,281664,27.971,0.000,44.689,0.354
1779087880.923033,0.0,1625,281664,33.296,0.003,27.952,0.181
1779087883.926365,0.0,1623,281665,41.287,0.001,30.070,0.226
1779087886.929799,0.0,1624,281665,2.664,0.000,22.975,0.196
1779087889.933349,0.0,1626,281665,50.607,0.004,48.875,0.487
1779087892.936836,0.0,1633,281665,74.580,0.000,63.733,0.592
1779087895.940249,0.0,1624,281665,62.595,0.797,62.084,1.391
1779087898.943913,0.0,1621,281666,57.263,0.010,63.301,0.594
1779087901.947420,0.0,1623,281666,61.262,0.000,80.387,0.676
1779087904.962194,0.0,1623,281666,18.575,0.000,19.089,0.124
1779087907.966367,0.0,1618,281667,66.574,0.010,67.403,0.585
1779087910.969842,0.0,1619,281667,42.617,0.525,32.015,0.799
1779087913.974301,0.0,1620,281667,66.568,0.014,62.927,0.584
1779087916.977606,0.0,1618,281667,61.266,0.004,86.578,0.706
1779087919.981075,0.0,1620,281667,70.585,0.007,57.311,0.508
1779087922.983949,0.0,1620,281668,53.282,0.269,55.810,0.737
1779087925.987818,0.0,1617,281668,46.607,0.000,67.016,0.523
1779087928.991301,0.0,1619,281668,70.585,0.010,52.910,0.452
1779087931.995233,0.0,1620,281669,55.927,0.000,64.482,0.536
1779087934.998654,0.0,1622,281669,35.959,0.398,48.903,0.793
1779087938.001808,0.0,1622,281669,3.996,0.000,5.456,0.047
1779087941.005477,0.0,1622,281669,26.634,0.014,18.158,0.143
1779087944.008879,0.0,1622,281669,62.596,0.000,76.801,0.637
1779087947.012352,0.0,1622,281669,83.903,0.271,63.807,0.855
1779087950.019618,0.0,1616,281670,42.564,0.004,61.791,0.554
1779087953.023108,0.0,1617,281670,41.285,0.000,53.062,0.435
1779087956.026269,0.0,1618,281670,3.996,0.008,2.795,0.025
1779087959.030529,0.0,1627,281670,63.909,0.003,41.884,0.319
1779087962.033252,0.0,1627,281670,17.318,0.000,44.695,0.371
1779087965.036583,0.0,1620,281671,2.664,0.003,2.796,0.018
1779087968.039976,0.0,1620,281671,79.910,0.001,60.458,0.512
1779087971.043320,0.0,1621,281671,53.274,0.004,59.802,0.468
1779087974.046930,0.0,1619,281671,46.611,0.007,58.476,0.516
1779087977.050560,0.0,1621,281672,75.908,0.004,78.440,0.726
1779087980.053994,0.0,1618,281672,51.941,0.000,36.831,0.281
1779087983.056685,0.0,1620,281672,43.961,0.796,64.880,1.427
1779087986.060208,0.0,1620,281672,53.271,0.010,64.233,0.577
1779087989.062806,0.0,1616,281673,29.308,0.000,23.134,0.192
1779087992.065749,0.0,1617,281673,73.261,0.000,73.238,0.639
1779087995.069469,0.0,1619,281673,3.995,0.004,15.362,0.106
1779087998.072987,0.0,1620,281673,2.664,0.001,2.799,0.022
1779088001.075461,0.0,1622,281673,79.934,0.000,63.059,0.588
1779088004.078921,0.0,1621,281673,51.940,0.004,57.045,0.496
1779088007.083264,0.0,1619,281674,35.948,0.000,53.414,0.443
1779088010.086894,0.0,1620,281674,50.605,0.007,49.871,0.399
1779088013.090446,0.0,1620,281674,33.294,0.004,41.936,0.357
1779088016.094007,0.0,1619,281674,37.289,0.004,14.058,0.113
1779088019.098327,0.0,1619,281675,54.588,0.796,75.299,1.436
1779088022.101839,0.0,1619,281675,53.271,0.000,53.126,0.497
1779088025.105342,0.0,1620,281675,26.636,0.010,30.722,0.218
1779088028.132715,0.0,1624,281675,10.570,0.000,17.951,0.110
1779088031.136158,0.0,1624,281675,39.954,0.001,19.553,0.148
1779088034.140373,0.0,1621,281675,45.270,0.004,58.637,0.521
1779088037.144551,0.0,1622,281675,74.563,0.000,63.503,0.596
1779088040.166214,0.0,1621,281676,48.980,0.003,65.948,0.564
1779088043.169730,0.0,1621,281676,33.294,0.001,26.532,0.208
1779088046.172942,0.0,1623,281676,61.268,0.000,61.000,0.496
1779088049.177094,0.0,1619,281677,35.950,0.007,60.479,0.526
1779088052.180753,0.0,1619,281677,46.610,0.003,48.873,0.447
1779088055.184286,0.0,1620,281677,29.299,0.789,30.725,1.097
1779088058.198137,0.0,1620,281677,53.088,0.008,56.958,0.445
1779088061.201757,0.0,1621,281677,13.317,0.000,12.674,0.097
1779088064.204306,0.0,1621,281677,18.651,0.010,19.559,0.129
1779088067.206855,0.0,1625,281677,81.264,0.001,85.262,0.793
1779088070.210483,0.0,1621,281678,59.928,0.000,62.423,0.517
1779088073.214651,0.0,1619,281678,45.270,0.004,47.969,0.403
1779088076.218338,0.0,1618,281678,69.248,0.000,72.464,0.666
1779088079.227436,0.0,1619,281679,66.465,0.003,69.331,0.683
1779088082.231111,0.0,1618,281679,65.253,0.001,68.650,0.594
1779088085.234813,0.0,1619,281679,69.248,0.000,71.235,0.660
1779088088.238738,0.0,1621,281680,65.248,0.004,68.138,0.611
1779088091.242206,0.0,1621,281680,73.249,1.051,77.189,1.761
1779088094.245908,0.0,1620,281680,70.580,0.018,74.529,0.679
1779088097.249633,0.0,1621,281681,57.262,0.001,60.910,0.553
1779088100.253422,0.0,1620,281681,58.593,0.000,60.083,0.554
1779088103.256930,0.0,1621,281681,70.584,0.005,75.360,0.660
1779088106.270101,0.0,1621,281681,46.464,0.000,45.551,0.434
1779088109.274328,0.0,1622,281682,51.927,0.541,54.966,1.018
1779088112.277175,0.0,1622,281682,70.600,0.001,76.688,0.775
1779088115.280875,0.0,1623,281682,34.624,0.000,34.910,0.299
1779088118.284543,0.0,1619,281683,51.936,0.004,55.851,0.482
1779088121.287469,0.0,1619,281683,73.262,0.394,73.247,1.046
1779088124.290841,0.0,1620,281683,33.296,0.007,38.483,0.348
1779088127.294493,0.0,1620,281683,63.922,0.010,67.021,0.572
1779088130.303404,0.0,1619,281683,57.164,0.000,59.779,0.518
1779088133.306959,0.0,1625,281683,27.967,0.264,29.484,0.527
1779088136.316070,0.0,1619,281684,46.525,0.014,46.264,0.451
1779088139.319863,0.0,1620,281684,38.618,0.010,43.016,0.658
1779088142.323415,0.0,1620,281684,81.237,0.265,85.175,0.748
1779088145.327065,0.0,1621,281685,61.259,0.000,59.971,0.601
1779088148.330764,0.0,1616,281685,53.268,0.013,58.170,0.736
1779088151.334388,0.0,1617,281685,26.634,0.263,29.874,0.263
1779088154.337872,0.0,1619,281685,30.631,0.004,32.119,0.246
1779088157.341128,0.0,1619,281685,29.302,0.012,29.327,0.228
1779088160.344801,0.0,1619,281686,59.927,0.012,62.833,0.540
1779088163.348437,0.0,1619,281686,67.918,0.267,69.192,0.898
1779088166.351885,0.0,1622,281686,39.954,0.000,45.310,0.423
1779088169.355328,0.0,1621,281686,47.945,0.000,44.686,0.403
1779088172.359039,0.0,1619,281687,23.970,0.009,26.532,0.254
1779088175.362455,0.0,1621,281687,58.600,0.003,62.837,0.559
1779088178.366208,0.0,1620,281687,46.608,0.000,51.664,0.464
1779088181.369824,0.0,1620,281687,0.000,0.000,0.003,0.000
1779088184.373062,0.0,1620,281687,41.289,0.003,41.895,0.365
1779088187.375558,0.0,1621,281687,13.322,0.001,13.974,0.088
1779088190.390174,0.0,1622,281687,49.094,0.000,50.156,0.440
1779088193.392754,0.0,1620,281688,39.966,0.007,40.439,0.285
1779088196.396302,0.0,1621,281688,63.924,0.004,67.098,0.555
1779088199.399686,0.0,1621,281688,47.946,0.672,50.807,1.110
1779088202.403284,0.0,1621,281689,55.933,0.001,60.839,0.503
1779088205.406819,0.0,1619,281689,73.247,0.005,71.151,0.669
1779088208.409729,0.0,1621,281689,53.282,0.000,57.663,0.556
1779088211.413182,0.0,1620,281689,39.954,0.000,47.140,0.416
1779088214.419167,0.0,1621,281689,49.235,0.003,50.235,0.971
1779088217.422673,0.0,1621,281689,38.622,0.527,40.496,0.313
1779088220.431573,0.0,1618,281690,63.811,0.016,62.682,0.550
1779088223.435193,0.0,1618,281690,41.284,0.000,41.846,0.315
1779088226.438715,0.0,1619,281690,47.944,0.005,57.343,0.423
1779088229.441893,0.0,1619,281690,13.319,0.000,13.970,0.373
1779088232.445589,0.0,1621,281691,7.990,0.280,4.195,0.039
1779088235.449088,0.0,1620,281691,54.603,0.000,55.300,0.458
1779088238.451684,0.0,1618,281691,46.626,0.142,45.736,0.504
1779088241.455155,0.0,1619,281691,65.258,0.000,77.718,0.701
1779088244.464194,0.0,1618,281691,67.796,0.009,63.060,0.514
1779088247.467767,0.0,1620,281692,55.933,0.269,66.644,0.882
1779088250.471242,0.0,1620,281692,41.286,0.010,40.541,0.368
1779088253.474677,0.0,1615,281692,50.609,0.000,50.891,0.462
1779088256.478169,0.0,1617,281692,35.958,0.267,42.669,0.570
1779088259.481874,0.0,1619,281693,58.594,0.009,54.273,0.496
1779088262.485389,0.0,1618,281693,26.635,0.001,35.094,0.311
1779088265.489076,0.0,1619,281693,37.288,0.012,28.663,0.264
1779088268.492754,0.0,1622,281693,65.253,0.000,70.751,0.638
1779088271.495611,0.0,1621,281693,70.599,0.004,82.133,0.718
1779088274.499248,0.0,1621,281694,3.995,0.000,1.399,0.010
1779088277.502907,0.0,1622,281694,17.312,0.000,20.945,0.185
1779088280.506401,0.0,1623,281694,46.612,0.000,39.530,0.328
1779088283.509364,0.0,1623,281694,61.273,0.004,61.763,0.538
1779088286.512922,0.0,1624,281694,38.621,0.000,52.330,0.467
1779088289.516131,0.0,1622,281695,27.970,0.667,25.777,0.925
1779088292.519635,0.0,1623,281695,22.640,0.001,27.298,0.209
1779088295.521968,0.0,1624,281695,9.326,0.000,9.786,0.096
1779088298.524881,0.0,1621,281695,29.305,0.010,30.730,0.199
1779088301.528849,0.0,1625,281695,39.947,0.000,30.718,0.300
1779088304.532547,0.0,1623,281695,59.926,0.009,62.666,0.612
1779088307.536059,0.0,1623,281695,67.920,0.001,79.759,0.749
1779088310.540003,0.0,1622,281696,61.253,0.003,55.981,0.493
1779088313.543639,0.0,1620,281696,71.913,0.001,74.409,0.699
1779088316.547331,0.0,1619,281697,51.936,0.000,58.265,0.488
1779088319.550886,0.0,1621,281697,73.247,0.792,83.626,1.589
1779088322.559896,0.0,1624,281697,58.491,0.009,54.318,0.443
1779088325.563527,0.0,1622,281697,49.274,0.009,57.263,0.492
1779088328.567165,0.0,1623,281697,47.942,0.001,51.698,0.436
1779088331.569891,0.0,1623,281697,14.653,0.000,16.765,0.147
1779088334.572609,0.0,1623,281698,9.325,0.003,0.005,0.003
1779088337.576150,0.0,1623,281698,75.910,0.408,84.145,1.179
1779088340.590209,0.0,1622,281698,70.337,0.003,65.119,0.566
1779088343.593224,0.0,1623,281698,61.272,0.010,66.257,0.583
1779088346.596920,0.0,1624,281699,65.253,0.000,67.804,0.637
1779088349.600646,0.0,1623,281699,59.926,0.000,73.915,1.122
1779088352.604307,0.0,1624,281699,39.951,0.410,33.933,0.272
1779088355.607935,0.0,1623,281699,38.620,0.001,49.851,0.395
1779088358.611170,0.0,1623,281700,55.940,0.000,43.995,0.329
1779088361.614690,0.0,1623,281700,33.294,0.007,49.566,0.415
1779088364.618244,0.0,1624,281700,29.299,0.000,16.273,0.101
1779088367.621913,0.0,1625,281700,58.595,0.000,74.488,0.615
1779088370.625421,0.0,1625,281700,71.916,0.003,64.393,0.582
1779088373.629043,0.0,1623,281701,51.937,0.001,66.860,0.645
1779088376.632550,0.0,1624,281701,38.622,0.007,30.932,0.289
1779088379.635847,0.0,1623,281701,26.637,0.003,31.504,0.283
1779088382.639277,0.0,1622,281701,41.286,0.001,34.384,1.137
1779088385.643876,0.0,1621,281702,69.227,0.809,73.985,0.758
1779088388.647545,0.0,1621,281702,57.263,0.000,59.405,0.520
1779088391.651125,0.0,1620,281702,66.587,0.009,78.364,0.706
1779088394.654722,0.0,1617,281702,61.260,0.000,55.675,0.509
1779088397.657406,0.0,1619,281703,38.632,0.000,54.650,0.429
1779088400.660866,0.0,1620,281703,67.922,0.535,62.837,1.064
1779088403.664485,0.0,1621,281703,53.269,0.001,49.417,0.494
1779088406.667868,0.0,1618,281704,50.610,0.010,59.498,0.527
1779088409.670371,0.0,1620,281704,69.276,0.000,76.822,0.638
1779088412.674029,0.0,1619,281704,29.298,0.000,23.738,0.135
1779088415.677622,0.0,1620,281704,34.625,0.003,31.492,0.252
1779088418.681776,0.0,1620,281704,51.928,0.012,55.072,0.433
1779088421.685365,0.0,1621,281704,55.933,0.000,56.505,0.532
1779088424.688869,0.0,1621,281705,74.580,0.000,78.939,0.777
1779088427.691581,0.0,1618,281705,58.614,0.004,65.340,0.556
1779088430.695264,0.0,1618,281706,53.268,0.000,54.621,0.428
1779088433.698931,0.0,1619,281706,33.293,0.004,49.061,1.383
1779088436.702401,0.0,1619,281706,13.318,0.000,12.527,0.112
1779088439.705224,0.0,1626,281706,22.645,0.941,22.349,0.171
1779088442.732649,0.0,1619,281706,19.819,0.000,24.940,0.191
1779088445.735907,0.0,1619,281706,10.655,0.000,9.777,0.077
1779088448.739379,0.0,1619,281706,14.650,0.005,18.159,0.128
1779088451.742805,0.0,1619,281706,14.650,0.001,14.013,0.109
1779088454.746071,0.0,1617,281706,25.306,0.000,23.741,0.135
1779088457.749452,0.0,1620,281706,57.269,0.003,55.046,0.451
1779088460.752303,0.0,1619,281707,35.966,0.007,35.685,0.280
1779088463.755883,0.0,1620,281707,71.914,0.001,69.814,0.577
1779088466.759208,0.0,1619,281707,49.279,0.000,60.426,0.547
1779088469.762637,0.0,1620,281707,35.959,0.003,29.203,0.264
1779088472.765910,0.0,1621,281707,3.996,0.001,15.108,0.689
1779088475.769549,0.0,1620,281708,13.317,0.532,5.587,0.031
1779088478.773364,0.0,1620,281708,41.281,0.009,37.710,0.307
1779088481.776968,0.0,1620,281708,41.284,0.001,50.256,0.384
1779088484.780518,0.0,1621,281708,66.588,0.004,71.213,0.656
1779088487.783764,0.0,1619,281708,25.306,0.000,33.521,0.226
1779088490.787259,0.0,1620,281708,69.253,0.004,65.769,0.541
1779088493.802153,0.0,1619,281709,63.684,0.000,58.796,0.480
1779088496.804993,0.0,1619,281709,21.313,0.000,34.403,0.235
1779088499.818078,0.0,1621,281709,67.705,0.004,57.721,0.516
1779088502.821386,0.0,1619,281710,73.253,0.000,72.851,0.734
1779088505.826009,0.0,1627,281710,27.957,0.000,50.756,0.418
1779088508.829464,0.0,1627,281710,1.332,0.000,1.399,0.008
1779088511.832425,0.0,1620,281710,34.632,0.005,23.750,1.071
1779088514.835970,0.0,1621,281710,38.621,0.797,43.288,0.321
1779088517.839398,0.0,1622,281710,1.332,0.000,11.177,0.112
1779088520.842873,0.0,1622,281710,9.323,0.018,4.197,0.030
1779088523.848387,0.0,1620,281710,38.596,0.000,46.048,0.331
1779088526.852023,0.0,1619,281710,18.644,0.000,19.551,0.163
1779088529.855411,0.0,1619,281710,26.637,0.004,27.929,0.201
1779088532.858772,0.0,1620,281710,2.664,0.000,0.003,0.000
1779088535.867800,0.0,1616,281711,62.479,0.000,52.545,0.458
1779088538.871365,0.0,1625,281711,3.995,0.000,17.178,0.149
1779088541.874874,0.0,1619,281711,50.607,0.004,34.764,0.269
1779088544.878558,0.0,1619,281712,58.595,0.525,76.947,1.267
1779088547.881631,0.0,1628,281712,50.615,0.000,56.362,0.492
1779088550.885204,0.0,1627,281712,29.298,0.007,32.671,0.298
1779088553.888234,0.0,1629,281712,63.935,0.009,54.196,0.451
1779088556.890955,0.0,1630,281712,10.657,0.000,24.393,0.218
1779088559.894398,0.0,1627,281712,10.654,0.009,6.985,0.040
1779088562.920584,0.0,1626,281712,79.308,0.000,60.236,0.515
1779088565.923795,0.0,1626,281713,50.612,0.004,58.786,0.588
1779088568.927506,0.0,1627,281713,51.936,0.000,63.449,0.568
1779088571.931032,0.0,1628,281713,67.920,0.003,69.711,0.591
1779088574.934440,0.0,1626,281714,51.941,0.001,48.666,0.394
1779088577.937978,0.0,1626,281714,29.299,0.000,50.582,0.393
1779088580.941275,0.0,1625,281714,58.602,0.796,38.272,1.150
1779088583.944995,0.0,1626,281714,45.277,0.014,60.875,0.479
1779088586.947995,0.0,1624,281714,75.924,0.009,71.230,0.648
1779088589.957204,0.0,1624,281715,73.109,0.000,72.717,0.682
1779088592.959854,0.0,1624,281715,62.611,0.000,61.302,0.478
1779088595.963506,0.0,1624,281716,41.283,0.004,62.746,0.577
1779088598.966519,0.0,1624,281716,75.924,0.000,77.444,0.700
1779088601.970191,0.0,1625,281716,29.297,0.000,34.275,0.211
1779088604.973752,0.0,1626,281716,43.948,0.004,51.664,0.448
1779088607.976601,0.0,1625,281716,18.649,0.000,14.249,0.095
1779088610.980178,0.0,1625,281716,50.606,0.000,45.797,0.393
1779088613.983752,0.0,1626,281716,30.630,0.004,39.096,0.347
1779088616.996728,0.0,1626,281717,70.362,0.924,52.899,1.422
1779088620.000817,0.0,1625,281717,45.272,0.009,46.760,0.377
1779088623.004364,0.0,1625,281717,53.270,0.001,76.591,0.666
1779088626.008141,0.0,1625,281718,43.945,0.000,48.383,0.415
1779088629.011654,0.0,1626,281718,26.635,0.000,16.756,0.126
1779088632.014365,0.0,1626,281718,59.946,0.004,50.282,0.405
1779088635.018120,0.0,1626,281718,67.915,0.000,72.568,0.635
1779088638.021738,0.0,1625,281719,58.596,0.004,80.666,0.759
1779088641.025393,0.0,1626,281719,22.639,0.000,28.403,0.198
1779088644.029021,0.0,1625,281719,62.591,0.004,63.031,0.587
1779088647.032534,0.0,1625,281719,75.911,0.929,66.711,1.583
1779088650.035980,0.0,1625,281720,57.268,0.003,55.856,0.465
1779088653.039474,0.0,1626,281720,37.290,0.023,55.855,0.471
1779088656.054145,0.0,1626,281720,45.113,0.000,50.083,0.438
1779088659.057754,0.0,1624,281720,14.649,0.000,5.588,0.034
1779088662.061266,0.0,1625,281720,19.977,0.000,33.514,0.291
1779088665.064935,0.0,1622,281720,11.985,0.004,5.587,0.031
1779088668.068076,0.0,1624,281721,78.584,0.000,78.654,0.772
1779088671.070740,0.0,1625,281721,30.639,0.000,42.847,0.369
1779088674.074232,0.0,1627,281721,27.967,0.003,23.739,0.209
1779088677.077144,0.0,1626,281721,21.313,0.000,27.934,0.226
1779088680.080348,0.0,1627,281721,2.664,0.000,0.001,0.000
1779088683.083811,0.0,1626,281721,58.599,0.533,35.985,0.886
1779088686.087406,0.0,1627,281722,61.260,0.010,62.609,0.615
1779088689.091431,0.0,1626,281722,53.262,0.000,80.125,0.705
1779088692.094986,0.0,1622,281722,81.237,0.003,65.211,0.561
1779088695.098524,0.0,1621,281722,58.598,0.001,65.998,0.542
1779088698.102190,0.0,1619,281723,53.268,0.007,53.111,0.405
1779088701.105762,0.0,1621,281723,62.592,0.004,74.929,0.640
1779088704.114729,0.0,1618,281723,78.432,0.000,68.565,0.636
1779088707.118620,0.0,1619,281724,54.596,0.000,61.861,0.598
1779088710.122286,0.0,1622,281724,67.917,0.004,66.480,0.561
1779088713.126056,0.0,1620,281724,55.930,1.062,86.891,1.805
1779088716.129638,0.0,1621,281724,79.905,0.010,85.074,0.722
1779088719.132889,0.0,1622,281725,77.250,0.000,80.596,0.759
1779088722.135786,0.0,1621,281725,66.602,0.000,68.593,0.605
1779088725.139749,0.0,1621,281726,71.905,0.004,75.194,0.684
1779088728.143633,0.0,1618,281726,73.239,0.000,77.612,0.740
1779088731.147312,0.0,1619,281726,79.902,0.004,83.538,0.832
1779088734.151039,0.0,1620,281727,65.252,0.007,71.306,0.658
1779088737.154698,0.0,1620,281727,81.234,0.004,82.240,0.829
1779088740.163653,0.0,1620,281727,71.786,0.000,75.051,0.663
1779088743.168311,0.0,1619,281728,75.882,0.000,78.883,0.791
1779088746.171954,0.0,1617,281728,71.913,1.198,76.298,1.937
1779088749.175579,0.0,1618,281728,54.601,0.000,56.410,0.527
1779088752.179285,0.0,1619,281729,77.238,0.010,81.758,0.721
1779088755.182651,0.0,1620,281729,74.583,0.000,78.265,0.748
1779088758.191561,0.0,1620,281729,73.116,0.000,76.205,0.711
1779088761.194487,0.0,1619,281730,54.613,0.004,55.770,0.488
1779088764.197905,0.0,1619,281730,47.945,0.000,51.304,0.405
1779088767.201479,0.0,1621,281730,79.905,0.008,84.693,0.810
1779088770.210649,0.0,1620,281730,78.427,0.004,80.814,0.748
1779088773.214168,0.0,1621,281731,71.916,0.000,75.066,0.658
1779088776.217973,0.0,1620,281731,62.587,1.186,64.068,1.822
1779088779.221698,0.0,1619,281732,66.584,0.010,70.762,0.665
1779088782.225472,0.0,1619,281732,61.256,0.012,66.609,0.556
1779088785.229082,0.0,1621,281732,85.231,0.000,89.362,0.893
1779088788.242165,0.0,1621,281732,76.998,0.004,76.988,0.720
1779088791.244930,0.0,1617,281733,71.934,0.000,76.932,0.667
1779088794.248124,0.0,1619,281733,69.260,0.000,74.519,0.664
1779088797.251730,0.0,1620,281733,73.245,0.004,75.340,0.738
1779088800.255366,0.0,1618,281734,65.254,0.000,68.238,0.703
1779088803.259012,0.0,1618,281734,69.249,0.004,74.593,0.680
1779088806.262536,0.0,1619,281734,85.233,0.001,86.519,0.819
1779088809.277941,0.0,1620,281735,70.306,0.009,70.987,0.675
1779088812.280611,0.0,1621,281735,55.950,0.000,59.570,1.897
1779088815.284241,0.0,1621,281735,65.254,1.328,69.363,0.713
1779088818.287866,0.0,1618,281736,63.923,0.013,70.762,0.666
1779088821.290287,0.0,1619,281736,85.265,0.000,89.382,0.835
1779088824.316729,0.0,1621,281736,83.266,0.004,84.360,0.803
1779088827.320375,0.0,1622,281737,74.576,0.000,75.258,0.687
1779088830.323426,0.0,1621,281737,65.267,0.000,72.886,0.688
1779088833.327109,0.0,1619,281737,69.248,0.004,67.207,0.650
1779088836.331064,0.0,1622,281738,70.574,0.000,75.262,0.728
1779088839.334758,0.0,1621,281738,69.248,0.004,74.705,0.730
1779088842.338350,0.0,1621,281738,78.573,0.009,85.866,0.729
1779088845.356566,0.0,1617,281739,78.192,0.004,76.998,1.986
1779088848.360080,0.0,1619,281739,69.252,1.195,73.290,0.708
1779088851.363717,0.0,1620,281739,79.903,0.009,80.331,0.801
1779088854.367324,0.0,1618,281740,65.255,0.001,67.063,0.593
1779088857.371219,0.0,1618,281740,67.912,0.000,71.644,0.646
1779088860.374342,0.0,1620,281740,63.933,0.004,74.339,0.625
1779088863.378070,0.0,1619,281741,77.237,0.000,76.807,0.746
1779088866.381304,0.0,1618,281741,77.250,0.000,79.029,0.717
1779088869.385352,0.0,1618,281741,70.571,0.004,77.344,0.713
1779088872.388980,0.0,1619,281742,62.591,0.000,64.230,0.561
1779088875.392677,0.0,1618,281742,63.921,0.004,67.026,0.577
1779088878.396218,0.0,1624,281742,75.910,1.194,85.176,2.065
1779088881.405050,0.0,1621,281743,81.095,0.009,75.270,0.693
1779088884.410586,0.0,1619,281743,69.206,0.005,72.672,0.601
1779088887.414384,0.0,1619,281743,71.909,0.003,75.894,0.697
1779088890.418087,0.0,1620,281744,73.243,0.004,76.263,0.733
1779088893.421819,0.0,1619,281744,69.247,0.000,72.913,0.664
1779088896.425529,0.0,1619,281745,61.258,0.004,73.609,0.583
1779088899.428012,0.0,1618,281745,85.263,0.000,82.412,0.795
1779088902.441975,0.0,1618,281745,76.975,0.000,78.122,0.721
1779088905.444801,0.0,1620,281745,66.604,0.004,67.916,0.614
1779088908.458530,0.0,1621,281746,72.999,0.000,76.436,0.717
1779088911.462327,0.0,1623,281746,71.909,1.198,74.577,1.940
1779088914.466044,0.0,1619,281747,70.579,0.000,73.309,0.690
1779088917.469778,0.0,1618,281747,66.584,0.010,82.923,0.755
1779088920.473314,0.0,1620,281747,85.233,0.004,84.093,0.807
1779088923.500741,0.0,1621,281747,63.420,0.005,63.885,0.534
1779088926.503492,0.0,1620,281748,57.281,0.001,58.039,1.196
1779088929.507187,0.0,1619,281748,58.594,0.665,61.585,0.534
1779088932.510900,0.0,1621,281749,75.906,0.010,89.358,0.834
1779088935.514161,0.0,1621,281749,85.241,0.000,78.849,0.714
1779088938.540757,0.0,1621,281749,80.619,0.000,80.141,0.782
1779088941.545625,0.0,1621,281749,71.883,0.004,74.595,0.734
1779088944.549375,0.0,1617,281750,67.915,0.000,72.762,0.678
1779088947.552960,0.0,1620,281750,78.573,0.004,79.632,0.797
1779088950.556528,0.0,1621,281751,74.578,0.000,83.873,0.856
1779088953.560061,0.0,1617,281751,71.915,0.004,70.519,0.664
1779088956.563560,0.0,1619,281751,70.584,0.007,84.536,0.843
1779088959.566174,0.0,1621,281752,79.930,0.004,89.395,0.839
1779088962.569639,0.0,1621,281752,85.235,1.328,78.781,2.192
1779088965.596764,0.0,1618,281752,77.962,0.000,79.015,0.754
1779088968.600429,0.0,1620,281753,73.244,0.013,73.552,0.655
1779088971.604496,0.0,1620,281753,61.250,0.000,64.833,0.556
1779088974.608187,0.0,1621,281753,59.926,0.004,63.499,0.576
1779088977.611740,0.0,1622,281753,66.588,0.000,82.329,0.705
1779088980.615458,0.0,1626,281754,71.911,0.665,62.912,1.265
1779088983.619109,0.0,1620,281754,77.239,0.007,80.292,0.734
1779088986.622817,0.0,1622,281755,51.936,0.010,52.384,0.475
1779088989.626401,0.0,1620,281755,63.924,0.000,76.699,0.715
1779088992.629965,0.0,1622,281755,77.242,0.013,84.573,0.843
1779088995.638795,0.0,1622,281755,81.095,0.000,77.508,0.774
1779088998.642129,0.0,1620,281756,73.252,0.000,72.921,0.611
1779089001.645878,0.0,1621,281756,69.247,0.004,71.502,0.635
1779089004.649588,0.0,1621,281757,59.926,0.000,63.436,0.591
1779089007.653299,0.0,1620,281757,63.921,0.004,76.753,0.680
1779089010.656041,0.0,1621,281757,79.927,0.000,89.388,0.859
1779089013.659559,0.0,1621,281757,83.902,0.004,83.824,0.828
1779089016.674163,0.0,1620,281758,82.266,0.000,71.271,0.661
1779089019.677387,0.0,1621,281758,75.918,1.327,79.965,2.155
1779089022.680265,0.0,1620,281759,70.599,0.012,78.368,0.772
1779089025.684421,0.0,1622,281759,70.569,0.007,73.529,0.713
1779089028.688084,0.0,1621,281759,67.917,0.004,70.763,0.686
1779089031.691674,0.0,1621,281760,70.582,0.000,78.225,0.761
1779089034.695181,0.0,1620,281760,73.248,0.004,85.923,0.817
1779089037.704122,0.0,1620,281760,83.750,0.000,71.883,0.624
1779089040.707622,0.0,1620,281761,67.921,0.000,73.138,0.717
1779089043.711911,0.0,1622,281761,77.223,0.004,78.728,0.713
1779089046.716210,0.0,1623,281761,70.566,0.000,76.332,0.701
1779089049.720183,0.0,1622,281762,67.910,1.196,67.611,1.894
1779089052.724101,0.0,1622,281762,73.238,0.000,82.407,0.819
1779089055.727177,0.0,1621,281762,70.594,0.010,86.589,0.794
1779089058.742137,0.0,1620,281763,79.603,0.003,69.912,0.643
1779089061.746140,0.0,1621,281763,71.904,0.005,74.437,0.647
1779089064.750473,0.0,1621,281763,61.245,0.004,64.266,0.596
1779089067.754166,0.0,1623,281764,73.243,0.000,73.932,0.618
1779089070.757720,0.0,1621,281764,67.920,0.004,77.421,0.755
1779089073.761359,0.0,1620,281765,73.244,0.000,89.361,0.882
1779089076.764905,0.0,1621,281765,83.901,0.004,82.970,0.797
1779089079.773842,0.0,1621,281765,82.421,0.000,71.558,0.665
1779089082.777130,0.0,1622,281765,70.589,1.193,73.550,1.956
1779089085.781215,0.0,1620,281766,74.565,0.010,76.103,0.673
1779089088.785073,0.0,1623,281766,63.918,0.000,68.508,0.683
1779089091.788990,0.0,1622,281767,55.927,0.005,73.993,0.679
1779089094.791628,0.0,1622,281767,78.598,0.007,81.645,0.843
1779089097.802231,0.0,1620,281767,79.718,0.672,71.437,1.387
1779089100.807178,0.0,1621,281767,69.219,0.001,71.054,0.625
1779089103.809909,0.0,1621,281768,54.617,0.007,60.246,0.515
1779089106.813554,0.0,1619,281768,61.259,0.000,72.927,0.665
1779089109.817128,0.0,1620,281768,75.910,0.403,87.971,1.321
1779089112.830089,0.0,1617,281769,84.966,0.000,66.592,0.587
1779089115.856733,0.0,1618,281769,75.331,0.014,78.643,0.754
1779089118.870748,0.0,1618,281769,70.338,0.001,75.711,0.779
1779089121.874351,0.0,1621,281770,65.255,0.005,72.757,0.654
1779089124.877930,0.0,1621,281770,75.909,0.000,75.065,0.747
1779089127.881711,0.0,1618,281770,73.241,0.004,78.372,0.757
1779089130.885373,0.0,1618,281771,70.580,0.009,89.359,0.836
1779089133.894085,0.0,1620,281771,79.768,0.004,80.313,0.776
1779089136.896608,0.0,1617,281771,85.262,0.000,80.154,0.792
1779089139.903922,0.0,1619,281772,77.145,0.003,71.201,0.618
1779089142.906741,0.0,1619,281772,63.940,0.001,73.948,0.676
1779089145.910349,0.0,1619,281772,71.914,0.113,74.066,2.250
1779089148.913849,0.0,1619,281773,74.580,1.354,72.716,0.702
1779089151.917468,0.0,1620,281773,70.582,0.001,83.623,0.754
1779089154.920973,0.0,1621,281773,62.594,0.007,76.801,0.629
1779089157.926495,0.0,1622,281774,58.559,0.000,40.307,0.274
1779089160.930794,0.0,1619,281774,67.903,0.000,70.223,0.681
1779089163.935096,0.0,1620,281774,53.257,0.004,80.704,0.705
1779089166.938717,0.0,1620,281774,77.240,0.005,67.480,0.659
1779089169.942419,0.0,1621,281775,70.580,0.001,66.563,0.639
1779089172.946082,0.0,1620,281775,65.254,0.004,68.418,0.610
1779089175.949847,0.0,1621,281776,63.920,0.000,71.209,0.681
1779089178.953607,0.0,1619,281776,71.910,0.004,83.774,0.799
1779089181.957296,0.0,1620,281776,73.243,1.194,84.084,2.067
1779089184.960868,0.0,1620,281776,82.568,0.010,70.386,0.688
1779089187.964375,0.0,1617,281777,65.257,0.001,65.045,0.609
1779089190.968123,0.0,1618,281777,71.910,0.000,72.626,0.750
1779089193.971761,0.0,1620,281778,77.240,0.004,77.890,0.777
1779089196.976040,0.0,1620,281778,81.217,0.664,86.553,0.858
1779089199.979716,0.0,1621,281778,79.902,0.010,81.244,1.531
1779089202.983385,0.0,1622,281779,67.917,0.007,87.711,0.861
1779089205.986929,0.0,1622,281779,70.583,0.004,73.425,0.611
1779089209.006135,0.0,1621,281779,82.141,0.000,69.395,0.617
1779089212.010386,0.0,1621,281780,70.567,0.003,77.425,0.754
1779089215.013956,0.0,1626,281780,77.241,0.001,80.881,0.761
1779089218.018028,0.0,1621,281780,57.256,0.663,56.147,1.207
1779089221.022760,0.0,1620,281781,55.912,0.010,86.343,0.838
1779089224.027314,0.0,1618,281781,81.210,0.001,62.576,0.538
1779089227.031094,0.0,1620,281781,65.251,0.000,71.166,0.684
1779089230.034751,0.0,1616,281782,70.581,0.004,66.624,0.609
1779089233.038484,0.0,1618,281782,75.906,0.000,79.143,0.797
1779089236.042196,0.0,1618,281782,65.253,0.004,80.711,0.791
1779089239.045825,0.0,1619,281783,74.576,0.007,89.367,0.848
1779089242.049358,0.0,1621,281783,75.911,0.004,65.966,0.626
1779089245.076737,0.0,1619,281783,79.277,0.000,74.088,0.626
1779089248.080238,0.0,1627,281784,62.594,0.003,70.811,0.645
1779089251.083831,0.0,1620,281784,65.255,0.001,62.235,0.562
1779089254.087415,0.0,1620,281784,66.587,1.325,104.266,2.367
1779089257.090006,0.0,1621,281784,66.609,0.012,68.911,0.612
1779089260.116641,0.0,1620,281785,84.582,0.003,87.760,0.781
1779089263.148774,0.0,1617,281785,72.556,0.006,76.250,0.760
