step,read_time_sec,compute_time_sec,write_time_sec,data_read_mb,data_written_mb,read_throughput_mb_s,write_throughput_mb_s,cumulative_read_time,cumulative_write_time
1,3.374978,0.038924,0.002626,32.000000,0.050358,9.481543,19.178203,3.374978,0.002626
2,3.344696,0.039096,0.064921,32.000000,0.050358,9.567386,0.775681,6.719674,0.067547
3,3.117493,0.034824,0.160610,32.000000,0.050358,10.264659,0.313540,9.837167,0.228157
4,2.947008,0.049415,0.303057,32.000000,0.050358,10.858470,0.166166,12.784175,0.531214
5,3.204129,0.039011,0.001776,32.000000,0.050358,9.987113,28.354021,15.988304,0.532990
6,3.043981,0.039188,0.318075,32.000000,0.050358,10.512549,0.158321,19.032285,0.851065
7,3.291449,0.038830,0.077969,32.000000,0.050358,9.722162,0.645869,22.323734,0.929034
8,3.164792,0.035571,0.244616,32.000000,0.050358,10.111248,0.205865,25.488527,1.173650
9,3.340216,0.039440,0.035955,32.000000,0.050358,9.580218,1.400562,28.828743,1.209605
10,3.363377,0.039627,0.036770,32.000000,0.050358,9.514247,1.369523,32.192120,1.246376
11,3.337713,0.054576,0.992833,32.000000,0.050358,9.587404,0.050721,35.529833,2.239208
12,2.482961,0.038974,0.001774,32.000000,0.050358,12.887838,28.387203,38.012794,2.240982
13,3.192051,0.032414,0.248380,32.000000,0.050358,10.024903,0.202745,41.204845,2.489362
14,3.051227,0.050176,0.293394,32.000000,0.050358,10.487583,0.171639,44.256072,2.782756
15,3.147537,0.038838,0.073894,32.000000,0.050358,10.166679,0.681485,47.403609,2.856650
16,3.083642,0.037093,0.225998,32.000000,0.050358,10.377340,0.222824,50.487251,3.082649
17,3.092809,0.030274,0.213561,32.000000,0.050358,10.346580,0.235800,53.580060,3.296210
18,3.242871,0.041428,0.024116,32.000000,0.050358,9.867800,2.088132,56.822931,3.320326
19,3.226720,0.039251,0.040878,32.000000,0.050358,9.917191,1.231919,60.049651,3.361204
20,3.129480,0.030102,0.229727,32.000000,0.050358,10.225340,0.219207,63.179132,3.590931
21,2.981420,0.038066,0.264980,32.000000,0.050358,10.733142,0.190044,66.160551,3.855911
22,3.371850,0.038865,0.001804,32.000000,0.050358,9.490339,27.907758,69.532401,3.857715
23,3.116328,0.046631,0.270600,32.000000,0.050358,10.268495,0.186097,72.648730,4.128315
24,3.060311,0.049205,0.333276,32.000000,0.050358,10.456453,0.151100,75.709041,4.461591
25,3.258475,0.034812,0.583315,32.000000,0.050358,9.820546,0.086330,78.967515,5.044905
26,3.113239,0.038954,0.001871,32.000000,0.050358,10.278685,26.920922,82.080754,5.046776
27,3.335096,0.030203,0.174588,32.000000,0.050358,9.594928,0.288439,85.415850,5.221363
28,3.342122,0.032542,0.196312,32.000000,0.050358,9.574755,0.256519,88.757972,5.417676
29,3.243428,0.035828,0.274058,32.000000,0.050358,9.866106,0.183749,92.001399,5.691733
30,3.435736,0.039352,0.039066,32.000000,0.050358,9.313871,1.289031,95.437135,5.730800
31,3.223995,0.030199,0.220791,32.000000,0.050358,9.925575,0.228079,98.661130,5.951591
32,3.364129,0.038845,0.152079,32.000000,0.050358,9.512120,0.331130,102.025259,6.103670
33,3.203997,0.037834,0.245895,32.000000,0.050358,9.987524,0.204794,105.229256,6.349565
34,3.234982,0.030688,0.209663,32.000000,0.050358,9.891862,0.240185,108.464239,6.559227
35,3.332439,0.038856,0.043157,32.000000,0.050358,9.602576,1.166860,111.796678,6.602384
36,3.111019,0.048851,0.318256,32.000000,0.050358,10.286018,0.158230,114.907697,6.920640
37,3.159568,0.040934,0.261448,32.000000,0.050358,10.127968,0.192611,118.067265,7.182088
38,3.107238,0.030049,0.293920,32.000000,0.050358,10.298535,0.171332,121.174503,7.476008
39,3.235793,0.030211,0.276670,32.000000,0.050358,9.889385,0.182014,124.410296,7.752678
40,3.464942,0.038845,0.002320,32.000000,0.050358,9.235365,21.708352,127.875237,7.754997
41,3.444230,0.039150,0.001807,32.000000,0.050358,9.290902,27.861236,131.319467,7.756805
42,3.254209,0.032423,0.180124,32.000000,0.050358,9.833420,0.279572,134.573676,7.936929
43,3.250202,0.039647,0.245545,32.000000,0.050358,9.845543,0.205086,137.823877,8.182474
44,3.347061,0.043307,0.399399,32.000000,0.050358,9.560626,0.126084,141.170938,8.581874
45,3.271019,0.038790,0.001807,32.000000,0.050358,9.782885,27.869639,144.441957,8.583681
46,3.234652,0.034980,0.281025,32.000000,0.050358,9.892873,0.179194,147.676609,8.864705
47,3.152866,0.046600,0.338106,32.000000,0.050358,10.149497,0.148941,150.829474,9.202811
48,3.259871,0.036534,0.234114,32.000000,0.050358,9.816339,0.215100,154.089346,9.436925
49,3.326044,0.032162,0.204958,32.000000,0.050358,9.621038,0.245698,157.415390,9.641883
50,3.457242,0.038845,0.001866,32.000000,0.050358,9.255934,26.990382,160.872632,9.643749
51,3.184017,0.048010,0.287307,32.000000,0.050358,10.050199,0.175275,164.056648,9.931056
52,3.493183,0.039042,0.002862,32.000000,0.050358,9.160698,17.595331,167.549832,9.933918
53,3.209039,0.050684,0.301564,32.000000,0.050358,9.971833,0.166989,170.758871,10.235481
54,3.323865,0.050862,0.184837,32.000000,0.050358,9.627346,0.272444,174.082736,10.420318
55,3.369513,0.053833,0.092545,32.000000,0.050358,9.496921,0.544146,177.452249,10.512863
56,3.317294,0.031258,0.170672,32.000000,0.050358,9.646417,0.295057,180.769543,10.683534
57,3.146012,0.047732,0.329492,32.000000,0.050358,10.171609,0.152835,183.915555,11.013027
58,3.411425,0.038832,0.091562,32.000000,0.050358,9.380244,0.549985,187.326980,11.104589
59,3.301476,0.034910,0.235103,32.000000,0.050358,9.692635,0.214195,190.628456,11.339692
60,3.374571,0.044820,0.132332,32.000000,0.050358,9.482688,0.380542,194.003026,11.472023
61,3.464221,0.038873,0.002916,32.000000,0.050358,9.237287,17.272411,197.467247,11.474939
62,3.104108,0.047664,0.374693,32.000000,0.050358,10.308919,0.134397,200.571355,11.849632
63,3.297157,0.030788,0.261981,32.000000,0.050358,9.705332,0.192219,203.868512,12.111613
64,3.288576,0.030792,0.244938,32.000000,0.050358,9.730656,0.205594,207.157088,12.356551
65,3.184830,0.035939,0.259267,32.000000,0.050358,10.047633,0.194232,210.341917,12.615818
66,3.216580,0.033975,0.276868,32.000000,0.050358,9.948456,0.181884,213.558497,12.892686
67,3.144738,0.055868,0.326379,32.000000,0.050358,10.175729,0.154292,216.703235,13.219065
68,3.329525,0.034460,0.193003,32.000000,0.050358,9.610982,0.260918,220.032759,13.412068
69,3.436039,0.039126,0.113739,32.000000,0.050358,9.313049,0.442749,223.468799,13.525807
70,3.400764,0.059160,0.073350,32.000000,0.050358,9.409651,0.686541,226.869562,13.599157
71,3.271482,0.033135,0.240845,32.000000,0.050358,9.781500,0.209088,230.141044,13.840002
72,3.491466,0.039993,0.084526,32.000000,0.050358,9.165204,0.595771,233.632510,13.924528
73,3.405623,0.038860,0.001803,32.000000,0.050358,9.396225,27.932913,237.038133,13.926330
74,3.476370,0.039165,0.001867,32.000000,0.050358,9.205003,26.977369,240.514504,13.928197
75,3.209531,0.058815,0.303578,32.000000,0.050358,9.970305,0.165881,243.724035,14.231775
76,3.397563,0.062204,0.076241,32.000000,0.050358,9.418516,0.660506,247.121598,14.308016
77,3.424855,0.032108,0.085508,32.000000,0.050358,9.343462,0.588924,250.546452,14.393524
78,3.249205,0.038077,0.242793,32.000000,0.050358,9.848563,0.207411,253.795657,14.636317
79,3.289659,0.032336,0.204740,32.000000,0.050358,9.727453,0.245960,257.085316,14.841057
80,3.209880,0.038736,0.226717,32.000000,0.050358,9.969220,0.222117,260.295196,15.067774
81,3.366187,0.034338,0.158269,32.000000,0.050358,9.506304,0.318179,263.661384,15.226042
82,3.181840,0.049406,0.331313,32.000000,0.050358,10.057075,0.151995,266.843223,15.557355
83,3.329344,0.030451,0.203104,32.000000,0.050358,9.611502,0.247941,270.172568,15.760459
84,3.304325,0.032325,0.234496,32.000000,0.050358,9.684277,0.214749,273.476893,15.994955
85,3.427528,0.053618,0.049142,32.000000,0.050358,9.336176,1.024747,276.904420,16.044097
86,3.397605,0.038931,0.081571,32.000000,0.050358,9.418399,0.617346,280.302025,16.125668
87,3.403150,0.044803,0.121588,32.000000,0.050358,9.403054,0.414168,283.705175,16.247256
88,3.405366,0.039089,0.132329,32.000000,0.050358,9.396935,0.380551,287.110541,16.379585
89,3.428057,0.038949,0.079055,32.000000,0.050358,9.334733,0.636999,290.538598,16.458640
90,3.398152,0.032422,0.141955,32.000000,0.050358,9.416883,0.354744,293.936750,16.600595
91,3.519332,0.039084,0.028112,32.000000,0.050358,9.092636,1.791345,297.456082,16.628707
92,3.415009,0.039129,0.124804,32.000000,0.050358,9.370399,0.403496,300.871091,16.753510
93,3.144451,0.049309,0.298561,32.000000,0.050358,10.176657,0.168668,304.015542,17.052071
94,3.085553,0.036658,0.288179,32.000000,0.050358,10.370912,0.174745,307.101095,17.340251
95,2.982581,0.046304,0.305379,32.000000,0.050358,10.728961,0.164903,310.083677,17.645630
96,3.174459,0.031733,0.130452,32.000000,0.050358,10.080459,0.386027,313.258135,17.776082
97,3.212912,0.039528,0.036498,32.000000,0.050358,9.959813,1.379751,316.471047,17.812579
98,3.090680,0.047683,0.254175,32.000000,0.050358,10.353708,0.198122,319.561727,18.066755
99,3.040173,0.066783,0.083414,32.000000,0.050358,10.525717,0.603711,322.601900,18.150169
100,3.084211,0.045558,0.136962,32.000000,0.050358,10.375425,0.367678,325.686111,18.287130
101,3.108451,0.035362,0.149042,32.000000,0.050358,10.294515,0.337876,328.794563,18.436172
102,2.987656,0.030430,0.333118,32.000000,0.050358,10.710738,0.151171,331.782219,18.769290
103,3.040710,0.039070,0.012565,32.000000,0.050358,10.523856,4.007699,334.822929,18.781855
104,2.734848,0.046321,0.255481,32.000000,0.050358,11.700834,0.197110,337.557777,19.037336
105,3.041850,0.039149,0.001939,32.000000,0.050358,10.519916,25.970704,340.599627,19.039275
106,2.700055,0.035743,0.284992,32.000000,0.050358,11.851612,0.176699,343.299681,19.324267
107,2.770305,0.032012,0.264864,32.000000,0.050358,11.551074,0.190127,346.069986,19.589132
108,2.825940,0.039008,0.038622,32.000000,0.050358,11.323668,1.303852,348.895926,19.627754
109,2.917425,0.038951,0.108995,32.000000,0.050358,10.968577,0.462020,351.813351,19.736749
110,2.931677,0.039588,0.111591,32.000000,0.050358,10.915255,0.451270,354.745028,19.848340
111,2.733507,0.044582,0.221718,32.000000,0.050358,11.706571,0.227125,357.478535,20.070059
112,2.961181,0.055380,0.041443,32.000000,0.050358,10.806500,1.215118,360.439716,20.111501
113,2.663599,0.039173,0.227467,32.000000,0.050358,12.013821,0.221385,363.103315,20.338968
114,3.072241,0.039187,0.145294,32.000000,0.050358,10.415849,0.346591,366.175556,20.484263
115,2.874963,0.038190,0.254429,32.000000,0.050358,11.130580,0.197925,369.050519,20.738692
116,2.942813,0.034444,0.188441,32.000000,0.050358,10.873949,0.267235,371.993332,20.927132
117,3.009825,0.039046,0.001746,32.000000,0.050358,10.631848,28.843654,375.003157,20.928878
118,2.820042,0.049454,0.254915,32.000000,0.050358,11.347348,0.197548,377.823199,21.183793
119,2.911643,0.033831,0.185784,32.000000,0.050358,10.990359,0.271055,380.734842,21.369577
120,2.889801,0.040089,0.230076,32.000000,0.050358,11.073426,0.218875,383.624643,21.599653
121,2.964255,0.030013,0.219629,32.000000,0.050358,10.795292,0.229286,386.588898,21.819283
122,2.888315,0.032601,0.246314,32.000000,0.050358,11.079125,0.204446,389.477213,22.065597
123,2.845511,0.039584,0.081505,32.000000,0.050358,11.245782,0.617852,392.322724,22.147101
124,2.580500,0.034930,0.281500,32.000000,0.050358,12.400700,0.178891,394.903224,22.428601
125,2.830317,0.038973,0.076880,32.000000,0.050358,11.306156,0.655022,397.733540,22.505481
126,2.751273,0.033675,0.236989,32.000000,0.050358,11.630981,0.212490,400.484813,22.742470
127,2.838118,0.039054,0.117166,32.000000,0.050358,11.275076,0.429797,403.322931,22.859636
128,2.737673,0.039650,0.042270,32.000000,0.050358,11.688758,1.191351,406.060605,22.901906
129,2.777849,0.039091,0.023071,32.000000,0.050358,11.519703,2.182755,408.838454,22.924977
130,2.610797,0.031489,0.188821,32.000000,0.050358,12.256794,0.266697,411.449251,23.113797
131,2.794915,0.039278,0.036385,32.000000,0.050358,11.449366,1.384018,414.244165,23.150183
132,2.639041,0.032161,0.203574,32.000000,0.050358,12.125616,0.247369,416.883206,23.353756
133,2.564335,0.049236,0.288188,32.000000,0.050358,12.478869,0.174739,419.447541,23.641945
134,2.751906,0.038984,0.087013,32.000000,0.050358,11.628305,0.578738,422.199447,23.728958
135,2.777750,0.038866,0.146871,32.000000,0.050358,11.520114,0.342870,424.977198,23.875829
136,2.667448,0.048934,0.299565,32.000000,0.050358,11.996485,0.168103,427.644645,24.175394
137,3.016688,0.039070,0.175971,32.000000,0.050358,10.607661,0.286171,430.661333,24.351365
138,2.562843,0.048869,0.249421,32.000000,0.050358,12.486135,0.201899,433.224176,24.600786
139,2.547859,0.047050,0.169378,32.000000,0.050358,12.559564,0.297311,435.772035,24.770164
140,2.635075,0.039578,0.087248,32.000000,0.050358,12.143868,0.577179,438.407110,24.857412
141,2.630515,0.039514,0.108197,32.000000,0.050358,12.164918,0.465428,441.037625,24.965609
142,2.686174,0.034054,0.216166,32.000000,0.050358,11.912853,0.232959,443.723799,25.181775
143,2.843756,0.038815,0.016841,32.000000,0.050358,11.252723,2.990230,446.567555,25.198615
144,2.674352,0.049121,0.299243,32.000000,0.050358,11.965516,0.168284,449.241907,25.497858
145,2.751091,0.039723,0.266970,32.000000,0.050358,11.631750,0.188627,451.992998,25.764828
146,2.728498,0.038563,0.275667,32.000000,0.050358,11.728063,0.182676,454.721496,26.040495
147,2.971357,0.039452,0.073449,32.000000,0.050358,10.769489,0.685612,457.692853,26.113945
148,3.015103,0.032051,0.195602,32.000000,0.050358,10.613237,0.257451,460.707956,26.309547
149,2.961407,0.038098,0.152389,32.000000,0.050358,10.805676,0.330455,463.669362,26.461936
150,3.192039,0.039580,0.165824,32.000000,0.050358,10.024940,0.303682,466.861401,26.627760
151,3.240600,0.038917,0.119560,32.000000,0.050358,9.874715,0.421195,470.102001,26.747320
152,3.385969,0.038957,0.127802,32.000000,0.050358,9.450766,0.394029,473.487970,26.875122
153,3.250688,0.039374,0.268541,32.000000,0.050358,9.844070,0.187523,476.738658,27.143664
154,3.429632,0.038887,0.015884,32.000000,0.050358,9.330446,3.170387,480.168291,27.159547
155,3.181778,0.038360,0.260060,32.000000,0.050358,10.057269,0.193640,483.350069,27.419607
156,3.102660,0.037844,0.259018,32.000000,0.050358,10.313729,0.194418,486.452730,27.678625
157,3.298489,0.035648,0.495653,32.000000,0.050358,9.701410,0.101599,489.751219,28.174279
158,3.120155,0.039058,0.027815,32.000000,0.050358,10.255900,1.810480,492.871374,28.202093
159,3.412478,0.039016,0.014410,32.000000,0.050358,9.377350,3.494672,496.283852,28.216503
160,3.130882,0.049228,0.316572,32.000000,0.050358,10.220761,0.159072,499.414734,28.533075
161,3.228121,0.034446,0.235207,32.000000,0.050358,9.912889,0.214100,502.642855,28.768282
162,3.140192,0.040722,0.247071,32.000000,0.050358,10.190461,0.203819,505.783047,29.015353
163,3.169146,0.031117,0.264050,32.000000,0.050358,10.097357,0.190713,508.952193,29.279403
164,3.232421,0.037579,0.225984,32.000000,0.050358,9.899702,0.222838,512.184613,29.505387
165,3.098153,0.039599,0.317528,32.000000,0.050358,10.328734,0.158593,515.282766,29.822915
166,3.296914,0.051257,0.909056,32.000000,0.050358,9.706045,0.055396,518.579681,30.731971
167,2.696544,0.038955,0.001818,32.000000,0.050358,11.867044,27.696813,521.276224,30.733789
168,3.137204,0.050952,0.313008,32.000000,0.050358,10.200166,0.160883,524.413428,31.046797
169,3.340398,0.038932,0.120843,32.000000,0.050358,9.579695,0.416721,527.753827,31.167640
170,3.407733,0.038947,0.076241,32.000000,0.050358,9.390408,0.660510,531.161559,31.243881
171,3.169345,0.032073,0.263023,32.000000,0.050358,10.096723,0.191458,534.330904,31.506904
172,3.299300,0.039036,0.152925,32.000000,0.050358,9.699026,0.329297,537.630205,31.659829
173,3.256667,0.039071,0.188900,32.000000,0.050358,9.825996,0.266585,540.886872,31.848729
174,3.167611,0.030988,0.217852,32.000000,0.050358,10.102252,0.231156,544.054483,32.066581
175,3.296659,0.034762,0.380531,32.000000,0.050358,9.706796,0.132336,547.351142,32.447112
176,3.208737,0.038980,0.001736,32.000000,0.050358,9.972772,29.016217,550.559879,32.448847
177,3.235628,0.037403,0.186745,32.000000,0.050358,9.889889,0.269661,553.795507,32.635592
178,3.082380,0.049384,0.312579,32.000000,0.050358,10.381587,0.161104,556.877887,32.948172
179,3.252428,0.045058,0.151073,32.000000,0.050358,9.838803,0.333335,560.130316,33.099244
180,3.362562,0.039760,0.109220,32.000000,0.050358,9.516552,0.461068,563.492878,33.208464
181,3.373189,0.043829,0.066361,32.000000,0.050358,9.486572,0.758846,566.866067,33.274825
182,3.037528,0.049483,0.358076,32.000000,0.050358,10.534883,0.140634,569.903595,33.632902
183,3.348378,0.041551,0.058785,32.000000,0.050358,9.556867,0.856647,573.251973,33.691686
184,3.138721,0.035970,0.454463,32.000000,0.050358,10.195237,0.110807,576.390693,34.146150
185,3.240685,0.038807,0.001673,32.000000,0.050358,9.874454,30.091371,579.631379,34.147823
186,3.360525,0.057818,0.031198,32.000000,0.050358,9.522322,1.614159,582.991903,34.179021
187,3.053991,0.049216,0.340913,32.000000,0.050358,10.478093,0.147715,586.045894,34.519934
188,3.363638,0.039221,0.040782,32.000000,0.050358,9.513510,1.234806,589.409532,34.560716
189,3.106600,0.032206,0.305349,32.000000,0.050358,10.300650,0.164919,592.516132,34.866064
190,3.076625,0.036201,0.317635,32.000000,0.050358,10.401006,0.158540,595.592757,35.183699
191,3.163329,0.033388,0.276983,32.000000,0.050358,10.115926,0.181808,598.756086,35.460682
192,3.128827,0.030479,0.283645,32.000000,0.050358,10.227476,0.177538,601.884913,35.744328
193,3.202416,0.030701,1.395288,32.000000,0.050358,9.992455,0.036091,605.087329,37.139615
194,2.299565,0.038938,0.001860,32.000000,0.050358,13.915675,27.080750,607.386894,37.141475
195,2.935317,0.050172,0.324388,32.000000,0.050358,10.901717,0.155239,610.322212,37.465863
196,3.216666,0.039723,0.105774,32.000000,0.050358,9.948188,0.476087,613.538878,37.571637
197,3.163927,0.030207,0.158145,32.000000,0.050358,10.114013,0.318428,616.702805,37.729782
198,3.055416,0.037922,0.193569,32.000000,0.050358,10.473206,0.260154,619.758221,37.923351
199,3.046311,0.032698,0.152648,32.000000,0.050358,10.504510,0.329895,622.804532,38.076000
200,3.029167,0.053837,0.084275,32.000000,0.050358,10.563962,0.597542,625.833698,38.160274
201,3.002874,0.048671,0.112758,32.000000,0.050358,10.656459,0.446603,628.836572,38.273032
202,3.006569,0.039005,0.161838,32.000000,0.050358,10.643360,0.311161,631.843141,38.434870
203,2.946237,0.035501,0.313409,32.000000,0.050358,10.861314,0.160677,634.789378,38.748280
204,3.049024,0.039052,0.001871,32.000000,0.050358,10.495162,26.921987,637.838402,38.750150
205,3.099289,0.039526,0.001803,32.000000,0.050358,10.324949,27.932417,640.937691,38.751953
206,3.076039,0.039585,0.073811,32.000000,0.050358,10.402989,0.682256,644.013729,38.825764
207,2.929266,0.038130,0.252381,32.000000,0.050358,10.924237,0.199531,646.942996,39.078145
208,3.101713,0.039233,0.073859,32.000000,0.050358,10.316880,0.681806,650.044709,39.152005
209,3.244155,0.039657,0.081263,32.000000,0.050358,9.863893,0.619689,653.288864,39.233268
210,3.199754,0.039514,0.109240,32.000000,0.050358,10.000769,0.460983,656.488618,39.342508
211,3.080878,0.030979,0.247561,32.000000,0.050358,10.386648,0.203415,659.569496,39.590069
212,2.990818,0.047332,0.314820,32.000000,0.050358,10.699413,0.159957,662.560314,39.904889
213,3.299202,0.043153,0.141790,32.000000,0.050358,9.699316,0.355158,665.859516,40.046679
214,3.245421,0.030559,0.279525,32.000000,0.050358,9.860045,0.180155,669.104937,40.326204
215,3.397529,0.039261,0.001676,32.000000,0.050358,9.418610,30.038724,672.502466,40.327880
216,3.110115,0.049202,0.315696,32.000000,0.050358,10.289009,0.159514,675.612581,40.643577
217,3.294126,0.053424,0.082908,32.000000,0.050358,9.714261,0.607393,678.906707,40.726485
218,3.065712,0.050403,0.320857,32.000000,0.050358,10.438031,0.156948,681.972419,41.047342
219,3.204692,0.032126,0.209422,32.000000,0.050358,9.985359,0.240461,685.177111,41.256763
220,3.265420,0.039528,0.158135,32.000000,0.050358,9.799659,0.318449,688.442531,41.414898
221,3.250554,0.039072,0.159200,32.000000,0.050358,9.844475,0.316318,691.693085,41.574098
222,3.117022,0.036688,0.266303,32.000000,0.050358,10.266210,0.189100,694.810107,41.840401
223,3.252306,0.042572,0.260133,32.000000,0.050358,9.839174,0.193585,698.062412,42.100534
224,3.344081,0.038956,0.001786,32.000000,0.050358,9.569148,28.197541,701.406493,42.102320
225,3.106591,0.049004,0.343638,32.000000,0.050358,10.300679,0.146543,704.513084,42.445959
226,3.043187,0.048884,0.322218,32.000000,0.050358,10.515294,0.156285,707.556271,42.768176
227,3.262525,0.032686,0.170925,32.000000,0.050358,9.808353,0.294619,710.818796,42.939102
228,3.287506,0.039286,0.121937,32.000000,0.050358,9.733822,0.412982,714.106302,43.061039
229,3.091836,0.044709,0.295125,32.000000,0.050358,10.349837,0.170632,717.198138,43.356164
230,3.323535,0.039489,0.089158,32.000000,0.050358,9.628301,0.564815,720.521673,43.445322
231,3.173465,0.030258,0.239501,32.000000,0.050358,10.083617,0.210262,723.695138,43.684823
232,3.347930,0.039046,1.122959,32.000000,0.050358,9.558144,0.044844,727.043068,44.807782
233,2.310636,0.038860,0.001797,32.000000,0.050358,13.849003,28.026500,729.353704,44.809579
234,2.996653,0.049015,0.364250,32.000000,0.050358,10.678581,0.138251,732.350357,45.173829
235,3.258043,0.038944,0.107772,32.000000,0.050358,9.821846,0.467263,735.608400,45.281601
236,3.114467,0.028820,0.264323,32.000000,0.050358,10.274630,0.190516,738.722868,45.545925
237,3.044018,0.030244,0.235301,32.000000,0.050358,10.512421,0.214015,741.766886,45.781225
238,2.982534,0.032215,0.237132,32.000000,0.050358,10.729132,0.212362,744.749419,46.018357
239,3.092038,0.035271,0.230924,32.000000,0.050358,10.349160,0.218071,747.841458,46.249281
240,3.148531,0.039605,0.213401,32.000000,0.050358,10.163471,0.235978,750.989988,46.462682
241,3.099762,0.054128,0.306533,32.000000,0.050358,10.323374,0.164282,754.089750,46.769214
242,3.355409,0.056009,0.054909,32.000000,0.050358,9.536840,0.917115,757.445159,46.824123
243,3.212613,0.032500,0.194272,32.000000,0.050358,9.960738,0.259213,760.657773,47.018396
244,3.058099,0.030068,0.259837,32.000000,0.050358,10.464017,0.193805,763.715872,47.278233
245,3.249336,0.030828,0.199686,32.000000,0.050358,9.848165,0.252185,766.965208,47.477919
246,3.382402,0.039020,0.077860,32.000000,0.050358,9.460732,0.646776,770.347610,47.555779
247,3.059397,0.049344,0.302394,32.000000,0.050358,10.459576,0.166530,773.407007,47.858173
248,3.352483,0.038996,0.158939,32.000000,0.050358,9.545163,0.316837,776.759491,48.017112
249,3.266566,0.029851,0.241422,32.000000,0.050358,9.796220,0.208589,780.026057,48.258534
250,3.439793,0.038925,0.073261,32.000000,0.050358,9.302884,0.687378,783.465850,48.331795
251,3.311814,0.038962,0.116762,32.000000,0.050358,9.662380,0.431286,786.777664,48.448557
252,3.395396,0.041732,0.061684,32.000000,0.050358,9.424525,0.816390,790.173060,48.510240
253,3.219361,0.033134,0.230875,32.000000,0.050358,9.939861,0.218118,793.392421,48.741115
254,3.168855,0.033033,0.260445,32.000000,0.050358,10.098285,0.193353,796.561276,49.001559
255,3.235235,0.032795,0.194960,32.000000,0.050358,9.891089,0.258299,799.796512,49.196519
256,3.225765,0.033440,0.214911,32.000000,0.050358,9.920128,0.234320,803.022277,49.411430
257,3.024289,0.049545,0.341842,32.000000,0.050358,10.581001,0.147313,806.046565,49.753272
258,3.030720,0.050093,0.349806,32.000000,0.050358,10.558547,0.143959,809.077285,50.103078
259,3.287473,0.035481,0.117582,32.000000,0.050358,9.733921,0.428280,812.364758,50.220659
260,3.096203,0.057403,0.295125,32.000000,0.050358,10.335241,0.170632,815.460961,50.515784
261,3.315034,0.038961,0.129164,32.000000,0.050358,9.652992,0.389876,818.775995,50.644948
262,3.472703,0.038849,0.342332,32.000000,0.050358,9.214723,0.147102,822.248699,50.987280
263,3.031318,0.038881,0.001829,32.000000,0.050358,10.556465,27.528885,825.280016,50.989109
264,3.049317,0.053453,0.344509,32.000000,0.050358,10.494152,0.146173,828.329333,51.333618
265,3.369874,0.044630,0.145514,32.000000,0.050358,9.495903,0.346068,831.699208,51.479133
266,3.449038,0.042944,0.065334,32.000000,0.050358,9.277950,0.770781,835.148246,51.544466
267,3.404931,0.038944,0.110059,32.000000,0.050358,9.398136,0.457553,838.553176,51.654525
268,3.222919,0.038200,0.289124,32.000000,0.050358,9.928887,0.174174,841.776095,51.943650
269,3.040038,0.046292,0.358820,32.000000,0.050358,10.526184,0.140343,844.816133,52.302470
270,3.059268,0.046216,0.342689,32.000000,0.050358,10.460018,0.146949,847.875401,52.645159
271,3.303544,0.041816,0.154115,32.000000,0.050358,9.686566,0.326755,851.178946,52.799274
272,3.142390,0.035625,0.293462,32.000000,0.050358,10.183333,0.171599,854.321335,53.092736
273,3.310383,0.054400,0.084820,32.000000,0.050358,9.666554,0.593700,857.631719,53.177556
274,3.289123,0.032240,0.160553,32.000000,0.050358,9.729036,0.313653,860.920842,53.338109
275,3.345333,0.051974,0.072013,32.000000,0.050358,9.565564,0.699293,864.266175,53.410121
276,3.204432,0.045227,0.135786,32.000000,0.050358,9.986168,0.370863,867.470608,53.545907
277,3.359823,0.039151,0.001849,32.000000,0.050358,9.524310,27.237300,870.830431,53.547756
278,3.100728,0.049547,0.307249,32.000000,0.050358,10.320158,0.163899,873.931159,53.855004
279,3.278600,0.039652,0.109777,32.000000,0.050358,9.760264,0.458727,877.209759,53.964782
280,3.306736,0.038940,0.113958,32.000000,0.050358,9.677216,0.441898,880.516495,54.078740
281,3.096001,0.046924,0.283681,32.000000,0.050358,10.335915,0.177516,883.612495,54.362421
282,3.331468,0.039803,0.132863,32.000000,0.050358,9.605375,0.379021,886.943964,54.495284
283,3.432120,0.039495,0.016161,32.000000,0.050358,9.323682,3.116043,890.376084,54.511444
284,3.371611,0.039085,0.038005,32.000000,0.050358,9.491011,1.325038,893.747696,54.549449
285,3.077428,0.049053,0.346006,32.000000,0.050358,10.398295,0.145540,896.825123,54.895455
286,3.404288,0.039179,0.001709,32.000000,0.050358,9.399909,29.458750,900.229411,54.897165
287,3.102162,0.047204,0.332239,32.000000,0.050358,10.315385,0.151571,903.331574,55.229403
288,3.076047,0.037758,0.262403,32.000000,0.050358,10.402964,0.191910,906.407620,55.491806
289,3.053379,0.038878,0.118776,32.000000,0.050358,10.480192,0.423974,909.461000,55.610582
290,2.963445,0.030714,0.241317,32.000000,0.050358,10.798242,0.208679,912.424445,55.851899
291,3.086561,0.032127,0.191957,32.000000,0.050358,10.367527,0.262340,915.511006,56.043856
292,3.100117,0.039054,0.108794,32.000000,0.050358,10.322190,0.462874,918.611123,56.152649
293,2.984932,0.037602,0.226721,32.000000,0.050358,10.720514,0.222114,921.596054,56.379370
294,3.118723,0.038891,0.002793,32.000000,0.050358,10.260611,18.028784,924.714777,56.382163
295,3.041523,0.032139,0.209453,32.000000,0.050358,10.521046,0.240425,927.756300,56.591616
296,3.034735,0.031466,0.246913,32.000000,0.050358,10.544579,0.203950,930.791034,56.838529
297,3.005588,0.049276,0.291534,32.000000,0.050358,10.646834,0.172734,933.796623,57.130063
298,3.181897,0.039592,0.120067,32.000000,0.050358,10.056894,0.419416,936.978519,57.250129
299,3.156979,0.039562,0.172439,32.000000,0.050358,10.136273,0.292032,940.135498,57.422569
300,3.245008,0.047476,0.001771,32.000000,0.050358,9.861301,28.435306,943.380506,57.424340
301,3.176111,0.032660,0.234488,32.000000,0.050358,10.075213,0.214757,946.556618,57.658827
302,3.069585,0.040349,0.269792,32.000000,0.050358,10.424861,0.186654,949.626203,57.928620
303,3.217394,0.064205,0.245853,32.000000,0.050358,9.945938,0.204829,952.843597,58.174473
304,3.150285,0.064876,0.240824,32.000000,0.050358,10.157811,0.209106,955.993882,58.415297
305,3.266409,0.076232,0.148940,32.000000,0.050358,9.796691,0.338108,959.260291,58.564237
306,3.196940,0.064682,0.250542,32.000000,0.050358,10.009573,0.200995,962.457231,58.814779
307,3.250367,0.063019,0.207341,32.000000,0.050358,9.845043,0.242874,965.707597,59.022120
308,3.431218,0.076929,0.001764,32.000000,0.050358,9.326135,28.551692,969.138815,59.023884
309,3.310846,0.076231,0.117882,32.000000,0.050358,9.665204,0.427190,972.449661,59.141765
310,3.183271,0.057949,0.238611,32.000000,0.050358,10.052554,0.211045,975.632932,59.380376
311,3.130746,0.084749,0.323572,32.000000,0.050358,10.221206,0.155631,978.763678,59.703949
312,3.357409,0.092158,0.058037,32.000000,0.050358,9.531160,0.867683,982.121086,59.761986
313,3.297295,0.076628,0.130184,32.000000,0.050358,9.704926,0.386819,985.418381,59.892170
314,3.226282,0.057482,0.213292,32.000000,0.050358,9.918539,0.236098,988.644662,60.105463
315,3.193437,0.068638,0.255361,32.000000,0.050358,10.020552,0.197202,991.838099,60.360824
316,3.113653,0.083481,0.278070,32.000000,0.050358,10.277319,0.181098,994.951752,60.638894
317,3.316158,0.082223,0.117396,32.000000,0.050358,9.649720,0.428957,998.267910,60.756290
318,3.168379,0.060370,0.254658,32.000000,0.050358,10.099802,0.197746,1001.436289,61.010948
319,3.316280,0.077155,0.115119,32.000000,0.050358,9.649366,0.437441,1004.752569,61.126067
320,3.494072,0.084500,0.001739,32.000000,0.050358,9.158368,28.961815,1008.246641,61.127806
321,3.302897,0.076021,0.129348,32.000000,0.050358,9.688463,0.389320,1011.549539,61.257154
322,3.379112,0.082302,0.001766,32.000000,0.050358,9.469943,28.518222,1014.928651,61.258920
323,3.310231,0.082457,0.141778,32.000000,0.050358,9.666999,0.355188,1018.238882,61.400698
324,3.149240,0.059644,0.278845,32.000000,0.050358,10.161182,0.180594,1021.388122,61.679543
325,3.294088,0.075830,0.132362,32.000000,0.050358,9.714374,0.380455,1024.682210,61.811905
326,3.260085,0.075389,0.121139,32.000000,0.050358,9.815695,0.415704,1027.942295,61.933044
327,3.248675,0.079053,0.189796,32.000000,0.050358,9.850170,0.265326,1031.190969,62.122840
328,3.217540,0.074134,0.157338,32.000000,0.050358,9.945486,0.320062,1034.408510,62.280178
329,3.128540,0.062142,0.271737,32.000000,0.050358,10.228412,0.185318,1037.537050,62.551915
330,3.017101,0.079869,0.306653,32.000000,0.050358,10.606208,0.164217,1040.554151,62.858568
331,3.271259,0.074930,0.001784,32.000000,0.050358,9.782167,28.222968,1043.825409,62.860352
332,3.240064,0.087678,0.142251,32.000000,0.050358,9.876347,0.354006,1047.065474,63.002603
333,3.165044,0.109430,0.091840,32.000000,0.050358,10.110445,0.548319,1050.230518,63.094444
334,3.055996,0.086056,0.280999,32.000000,0.050358,10.471218,0.179210,1053.286514,63.375443
335,3.018177,0.085656,0.295530,32.000000,0.050358,10.602425,0.170398,1056.304691,63.670973
336,3.048447,0.061126,0.275812,32.000000,0.050358,10.497150,0.182580,1059.353138,63.946785
337,3.010661,0.079639,0.297446,32.000000,0.050358,10.628896,0.169301,1062.363798,64.244231
338,3.046590,0.082098,0.263752,32.000000,0.050358,10.503546,0.190928,1065.410389,64.507983
339,3.084145,0.060971,0.250655,32.000000,0.050358,10.375647,0.200905,1068.494534,64.758638
340,3.261772,0.075634,0.039380,32.000000,0.050358,9.810619,1.278769,1071.756305,64.798018
341,3.263047,0.081194,0.067609,32.000000,0.050358,9.806786,0.744841,1075.019352,64.865627
342,3.213357,0.082828,0.117923,32.000000,0.050358,9.958432,0.427039,1078.232709,64.983550
343,3.197945,0.077166,1.265828,32.000000,0.050358,10.006427,0.039782,1081.430654,66.249379
344,2.370295,0.075405,0.001855,32.000000,0.050358,13.500429,27.145974,1083.800949,66.251234
345,3.304721,0.074598,0.073739,32.000000,0.050358,9.683116,0.682920,1087.105670,66.324973
346,3.191849,0.080750,0.151407,32.000000,0.050358,10.025538,0.332599,1090.297519,66.476379
347,3.331273,0.074699,0.001685,32.000000,0.050358,9.605937,29.879154,1093.628792,66.478065
348,3.268897,0.074811,0.092566,32.000000,0.050358,9.789233,0.544020,1096.897689,66.570631
349,3.236017,0.082438,0.104379,32.000000,0.050358,9.888700,0.482450,1100.133706,66.675010
350,3.061222,0.083224,0.286934,32.000000,0.050358,10.453343,0.175503,1103.194928,66.961944
351,3.264198,0.074888,0.078922,32.000000,0.050358,9.803327,0.638073,1106.459126,67.040866
352,3.180180,0.066397,0.216474,32.000000,0.050358,10.062325,0.232628,1109.639306,67.257339
353,3.451825,0.074946,0.127940,32.000000,0.050358,9.270457,0.393606,1113.091131,67.385279
354,3.298041,0.082357,0.180838,32.000000,0.050358,9.702728,0.278469,1116.389172,67.566117
355,3.425065,0.075544,0.039756,32.000000,0.050358,9.342887,1.266664,1119.814238,67.605873
356,3.472619,0.075136,0.001773,32.000000,0.050358,9.214946,28.394613,1123.286857,67.607646
357,3.217343,0.078037,0.292911,32.000000,0.050358,9.946096,0.171922,1126.504200,67.900558
358,3.226600,0.061534,0.284689,32.000000,0.050358,9.917559,0.176887,1129.730800,68.185247
359,3.296016,0.072607,0.166744,32.000000,0.050358,9.708691,0.302007,1133.026816,68.351991
360,3.239964,0.060965,0.262117,32.000000,0.050358,9.876654,0.192120,1136.266780,68.614108
361,3.206289,0.055396,0.276428,32.000000,0.050358,9.980385,0.182173,1139.473069,68.890536
362,3.380471,0.075252,0.001793,32.000000,0.050358,9.466137,28.086399,1142.853540,68.892329
363,3.307622,0.074720,0.079321,32.000000,0.050358,9.674623,0.634859,1146.161162,68.971651
364,3.189071,0.066377,0.236267,32.000000,0.050358,10.034269,0.213139,1149.350233,69.207918
365,3.378042,0.074218,0.001785,32.000000,0.050358,9.472943,28.204853,1152.728275,69.209703
366,3.078194,0.085070,0.284145,32.000000,0.050358,10.395706,0.177226,1155.806469,69.493848
367,3.360344,0.077623,0.025902,32.000000,0.050358,9.522835,1.944175,1159.166813,69.519750
368,3.366133,0.078682,0.027812,32.000000,0.050358,9.506457,1.810657,1162.532946,69.547562
369,3.111142,0.068499,0.284600,32.000000,0.050358,10.285611,0.176942,1165.644089,69.832162
370,3.161250,0.068076,0.321793,32.000000,0.050358,10.122577,0.156491,1168.805339,70.153955
371,3.141605,0.060750,0.232354,32.000000,0.050358,10.185877,0.216729,1171.946944,70.386309
372,3.298186,0.091804,0.053117,32.000000,0.050358,9.702302,0.948054,1175.245130,70.439426
373,3.323522,0.086770,0.042758,32.000000,0.050358,9.628341,1.177727,1178.568652,70.482185
374,3.376923,0.075170,0.001836,32.000000,0.050358,9.476083,27.429799,1181.945575,70.484021
375,3.245754,0.074734,0.126691,32.000000,0.050358,9.859036,0.397485,1185.191328,70.610712
376,3.277617,0.056065,0.178030,32.000000,0.050358,9.763191,0.282862,1188.468945,70.788741
377,3.160558,0.060304,0.260769,32.000000,0.050358,10.124793,0.193113,1191.629504,71.049510
378,3.293567,0.080593,0.111086,32.000000,0.050358,9.715909,0.453324,1194.923071,71.160596
379,3.157859,0.064331,0.287348,32.000000,0.050358,10.133448,0.175250,1198.080930,71.447944
380,3.171822,0.060562,0.264151,32.000000,0.050358,10.088840,0.190641,1201.252751,71.712095
381,3.242748,0.074888,0.084200,32.000000,0.050358,9.868175,0.598072,1204.495499,71.796295
382,3.195134,0.074922,0.097711,32.000000,0.050358,10.015231,0.515376,1207.690633,71.894006
383,3.299433,0.075140,0.001824,32.000000,0.050358,9.698637,27.609437,1210.990065,71.895830
384,3.098872,0.058065,0.217613,32.000000,0.050358,10.326338,0.231410,1214.088937,72.113443
385,3.233995,0.077194,0.082052,32.000000,0.050358,9.894883,0.613728,1217.322932,72.195495
386,3.158486,0.056297,0.174883,32.000000,0.050358,10.131435,0.287951,1220.481419,72.370379
387,3.145132,0.062148,0.138903,32.000000,0.050358,10.174453,0.362538,1223.626551,72.509282
388,3.122235,0.061463,0.203479,32.000000,0.050358,10.249067,0.247484,1226.748786,72.712762
389,3.022537,0.065697,0.309694,32.000000,0.050358,10.587133,0.162605,1229.771323,73.022456
390,3.087191,0.060589,0.301666,32.000000,0.050358,10.365412,0.166932,1232.858514,73.324122
391,3.047725,0.063727,0.264912,32.000000,0.050358,10.499634,0.190093,1235.906239,73.589034
392,3.273000,0.075695,0.041186,32.000000,0.050358,9.776962,1.222690,1239.179239,73.630220
393,3.279215,0.055780,0.181971,32.000000,0.050358,9.758432,0.276736,1242.458455,73.812191
394,3.231751,0.061245,0.128905,32.000000,0.050358,9.901753,0.390659,1245.690206,73.941096
395,3.183310,0.060610,0.175128,32.000000,0.050358,10.052431,0.287549,1248.873515,74.116224
396,3.157569,0.060466,0.232344,32.000000,0.050358,10.134378,0.216738,1252.031084,74.348568
397,3.210858,0.073055,0.116408,32.000000,0.050358,9.966184,0.432598,1255.241942,74.464976
398,3.220996,0.072191,0.167271,32.000000,0.050358,9.934814,0.301055,1258.462939,74.632247
399,3.153512,0.074948,0.239665,32.000000,0.050358,10.147416,0.210118,1261.616451,74.871912
400,3.315658,0.075757,0.039857,32.000000,0.050358,9.651175,1.263472,1264.932109,74.911768
401,3.127657,0.055215,0.214798,32.000000,0.050358,10.231301,0.234442,1268.059766,75.126567
402,2.762260,0.084968,0.277415,32.000000,0.050358,11.584719,0.181525,1270.822026,75.403982
403,2.860208,0.074895,0.110890,32.000000,0.050358,11.187997,0.454126,1273.682234,75.514871
404,2.711050,0.075824,0.183037,32.000000,0.050358,11.803545,0.275124,1276.393284,75.697908
405,2.998153,0.076818,0.027028,32.000000,0.050358,10.673238,1.863170,1279.391436,75.724936
406,2.848163,0.075386,0.221464,32.000000,0.050358,11.235312,0.227386,1282.239599,75.946400
407,2.964670,0.074882,0.075702,32.000000,0.050358,10.793783,0.665209,1285.204269,76.022102
408,2.723995,0.088932,0.265326,32.000000,0.050358,11.747452,0.189796,1287.928264,76.287428
409,3.059939,0.090517,0.007224,32.000000,0.050358,10.457726,6.970880,1290.988203,76.294652
410,2.816903,0.070470,0.333755,32.000000,0.050358,11.359994,0.150883,1293.805106,76.628407
411,3.097198,0.072225,0.151851,32.000000,0.050358,10.331920,0.331626,1296.902303,76.780259
412,3.024341,0.067199,0.216300,32.000000,0.050358,10.580816,0.232815,1299.926645,76.996559
413,3.104470,0.061656,0.199856,32.000000,0.050358,10.307717,0.251970,1303.031115,77.196415
414,3.093267,0.064827,0.214631,32.000000,0.050358,10.345048,0.234625,1306.124382,77.411046
415,3.163715,0.061668,0.141565,32.000000,0.050358,10.114691,0.355723,1309.288097,77.552610
416,3.148567,0.074610,0.119217,32.000000,0.050358,10.163355,0.422403,1312.436664,77.671828
417,3.192739,0.076161,0.080719,32.000000,0.050358,10.022743,0.623862,1315.629403,77.752547
418,3.101223,0.073455,0.160635,32.000000,0.050358,10.318509,0.313491,1318.730626,77.913183
419,3.110099,0.064394,0.201559,32.000000,0.050358,10.289061,0.249842,1321.840725,78.114742
420,3.145762,0.067000,0.245371,32.000000,0.050358,10.172415,0.205231,1324.986488,78.360112
421,3.180919,0.088734,0.061195,32.000000,0.050358,10.059985,0.822909,1328.167407,78.421307
422,3.265818,0.061856,0.257976,32.000000,0.050358,9.798465,0.195204,1331.433225,78.679283
423,3.274537,0.074729,0.001727,32.000000,0.050358,9.772375,29.161326,1334.707761,78.681010
424,3.336149,0.079855,0.067524,32.000000,0.050358,9.591897,0.745782,1338.043911,78.748533
425,2.967938,0.084609,0.346877,32.000000,0.050358,10.781897,0.145175,1341.011848,79.095411
426,3.269479,0.074768,0.132318,32.000000,0.050358,9.787491,0.380583,1344.281328,79.227728
427,3.283503,0.083609,0.106937,32.000000,0.050358,9.745689,0.470910,1347.564831,79.334666
428,3.109126,0.063287,0.271798,32.000000,0.050358,10.292283,0.185277,1350.673956,79.606464
429,3.383071,0.075734,0.001663,32.000000,0.050358,9.458861,30.282184,1354.057028,79.608127
430,3.173219,0.076915,0.161180,32.000000,0.050358,10.084398,0.312431,1357.230246,79.769307
431,3.276499,0.075409,0.115079,32.000000,0.050358,9.766523,0.437593,1360.506745,79.884386
432,3.269926,0.076149,0.039277,32.000000,0.050358,9.786154,1.282129,1363.776671,79.923663
433,3.356626,0.076988,0.001839,32.000000,0.050358,9.533384,27.386151,1367.133297,79.925502
434,3.306251,0.075470,0.079099,32.000000,0.050358,9.678637,0.636642,1370.439547,80.004601
435,3.148844,0.062360,0.284505,32.000000,0.050358,10.162459,0.177001,1373.588392,80.289106
436,3.099146,0.057176,0.240743,32.000000,0.050358,10.325425,0.209177,1376.687538,80.529849
437,3.230582,0.075515,0.040852,32.000000,0.050358,9.905335,1.232688,1379.918120,80.570701
438,2.970413,0.059368,0.251891,32.000000,0.050358,10.772911,0.199919,1382.888534,80.822592
439,3.021555,0.069563,0.188892,32.000000,0.050358,10.590574,0.266596,1385.910088,81.011484
440,3.195896,0.103007,0.071232,32.000000,0.050358,10.012842,0.706956,1389.105984,81.082716
441,3.184602,0.107393,0.092213,32.000000,0.050358,10.048351,0.546103,1392.290586,81.174929
442,3.208421,0.076473,0.082640,32.000000,0.050358,9.973752,0.609366,1395.499007,81.257569
443,3.065365,0.061391,0.251317,32.000000,0.050358,10.439213,0.200376,1398.564373,81.508886
444,3.197759,0.075101,0.001864,32.000000,0.050358,10.007008,27.017563,1401.762131,81.510750
445,2.943186,0.084146,0.268550,32.000000,0.050358,10.872570,0.187517,1404.705318,81.779300
446,3.091473,0.071964,0.234390,32.000000,0.050358,10.351053,0.214847,1407.796791,82.013689
447,3.218317,0.075180,0.072837,32.000000,0.050358,9.943084,0.691378,1411.015108,82.086526
448,2.935844,0.060030,0.287900,32.000000,0.050358,10.899762,0.174914,1413.950952,82.374426
449,3.062868,0.075612,0.075973,32.000000,0.050358,10.447724,0.662838,1417.013820,82.450399
450,2.955039,0.072833,0.244515,32.000000,0.050358,10.828959,0.205950,1419.968859,82.694914
451,3.090477,0.056256,0.169599,32.000000,0.050358,10.354389,0.296923,1423.059336,82.864513
452,3.146752,0.082222,0.071691,32.000000,0.050358,10.169215,0.702424,1426.206089,82.936204
453,3.214584,0.088800,0.037737,32.000000,0.050358,9.954631,1.334456,1429.420673,82.973941
454,2.978246,0.079425,0.320750,32.000000,0.050358,10.744579,0.157000,1432.398919,83.294691
455,3.043890,0.067765,0.262785,32.000000,0.050358,10.512862,0.191632,1435.442809,83.557475
456,3.205935,0.063338,0.125269,32.000000,0.050358,9.981488,0.401998,1438.648744,83.682744
457,2.991124,0.084732,0.297661,32.000000,0.050358,10.698320,0.169179,1441.639868,83.980405
458,3.168775,0.075773,0.040445,32.000000,0.050358,10.098541,1.245103,1444.808642,84.020850
459,3.091517,0.061106,0.168026,32.000000,0.050358,10.350904,0.299703,1447.900160,84.188876
460,3.140771,0.075576,0.173809,32.000000,0.050358,10.188581,0.289730,1451.040931,84.362685
461,2.982757,0.057217,0.227531,32.000000,0.050358,10.728328,0.221323,1454.023688,84.590216
462,2.926854,0.062625,0.298362,32.000000,0.050358,10.933242,0.168781,1456.950542,84.888577
463,3.138607,0.078351,0.072727,32.000000,0.050358,10.195605,0.692425,1460.089149,84.961304
464,3.070326,0.076793,0.079479,32.000000,0.050358,10.422348,0.633601,1463.159475,85.040783
465,3.343925,0.075662,0.001883,32.000000,0.050358,9.569593,26.748086,1466.503400,85.042666
466,2.966312,0.080617,0.330068,32.000000,0.050358,10.787807,0.152568,1469.469712,85.372733
467,3.246419,0.097784,0.065990,32.000000,0.050358,9.857013,0.763111,1472.716131,85.438723
468,3.348990,0.099282,0.092893,32.000000,0.050358,9.555121,0.542109,1476.065121,85.531616
469,3.338726,0.076061,0.001789,32.000000,0.050358,9.584494,28.148790,1479.403847,85.533405
470,3.043853,0.085121,0.284188,32.000000,0.050358,10.512992,0.177199,1482.447699,85.817593
471,3.017310,0.084783,0.276995,32.000000,0.050358,10.605475,0.181801,1485.465009,86.094588
472,3.292330,0.091827,0.037165,32.000000,0.050358,9.719562,1.354989,1488.757339,86.131752
473,3.067747,0.078641,0.286843,32.000000,0.050358,10.431107,0.175559,1491.825086,86.418596
474,3.309328,0.077064,0.001766,32.000000,0.050358,9.669638,28.520709,1495.134413,86.420361
475,3.321649,0.076698,0.001990,32.000000,0.050358,9.633768,25.304483,1498.456063,86.422352
476,3.212172,0.058496,0.173269,32.000000,0.050358,9.962107,0.290634,1501.668235,86.595620
477,3.030984,0.079006,0.970258,32.000000,0.050358,10.557629,0.051901,1504.699218,87.565878
478,2.525826,0.077487,0.001823,32.000000,0.050358,12.669122,27.628387,1507.225044,87.567701
479,3.208725,0.076038,0.080537,32.000000,0.050358,9.972808,0.625275,1510.433770,87.648238
480,2.977750,0.085972,0.300227,32.000000,0.050358,10.746370,0.167732,1513.411519,87.948465
481,3.238811,0.076277,0.078556,32.000000,0.050358,9.880169,0.641045,1516.650330,88.027021
482,3.198945,0.076483,0.114780,32.000000,0.050358,10.003298,0.438735,1519.849275,88.141801
483,3.166474,0.065815,0.160488,32.000000,0.050358,10.105880,0.313779,1523.015749,88.302289
484,3.312297,0.091004,0.049726,32.000000,0.050358,9.660970,1.012714,1526.328046,88.352014
485,3.216135,0.106484,0.075597,32.000000,0.050358,9.949832,0.666136,1529.544181,88.427611
486,2.936110,0.084636,0.281861,32.000000,0.050358,10.898773,0.178662,1532.480291,88.709472
487,2.932066,0.072198,0.240214,32.000000,0.050358,10.913808,0.209637,1535.412356,88.949687
488,2.768016,0.086201,0.291999,32.000000,0.050358,11.560628,0.172459,1538.180372,89.241686
489,3.088997,0.092029,0.046698,32.000000,0.050358,10.359350,1.078363,1541.269369,89.288384
490,2.974526,0.063562,0.151239,32.000000,0.050358,10.758017,0.332967,1544.243895,89.439624
491,3.109772,0.104684,0.044963,32.000000,0.050358,10.290144,1.119978,1547.353667,89.484587
492,3.170146,0.076719,0.038116,32.000000,0.050358,10.094171,1.321170,1550.523813,89.522703
493,3.046030,0.064629,0.166000,32.000000,0.050358,10.505479,0.303360,1553.569842,89.688703
494,3.009999,0.067826,0.273723,32.000000,0.050358,10.631234,0.183974,1556.579841,89.962426
495,2.869873,0.093975,0.292855,32.000000,0.050358,11.150319,0.171955,1559.449714,90.255282
496,3.080034,0.059680,0.227570,32.000000,0.050358,10.389497,0.221285,1562.529748,90.482851
497,3.059465,0.064186,0.269549,32.000000,0.050358,10.459343,0.186822,1565.589213,90.752400
498,2.983394,0.080839,0.263746,32.000000,0.050358,10.726037,0.190933,1568.572608,91.016146
499,3.231579,0.076689,0.073724,32.000000,0.050358,9.902281,0.683055,1571.804186,91.089871
500,3.108989,0.076818,0.001787,32.000000,0.050358,10.292736,28.174555,1574.913175,91.091658
501,2.904947,0.064020,0.212521,32.000000,0.050358,11.015692,0.236955,1577.818122,91.304179
502,3.037962,0.063918,0.168465,32.000000,0.050358,10.533377,0.298922,1580.856084,91.472643
503,3.042551,0.092880,0.136506,32.000000,0.050358,10.517490,0.368905,1583.898635,91.609150
504,2.925082,0.086484,0.271452,32.000000,0.050358,10.939863,0.185513,1586.823717,91.880601
505,2.787812,0.085543,0.288161,32.000000,0.050358,11.478535,0.174756,1589.611529,92.168762
506,2.960508,0.063987,0.166321,32.000000,0.050358,10.808957,0.302774,1592.572037,92.335083
507,2.987536,0.062449,0.207850,32.000000,0.050358,10.711167,0.242279,1595.559573,92.542933
508,3.041481,0.076574,0.073074,32.000000,0.050358,10.521189,0.689130,1598.601054,92.616008
509,2.723408,0.065389,0.183180,32.000000,0.050358,11.749983,0.274909,1601.324463,92.799188
510,2.710574,0.082189,0.260947,32.000000,0.050358,11.805618,0.192981,1604.035036,93.060134
511,2.878914,0.076759,0.122259,32.000000,0.050358,11.115303,0.411893,1606.913950,93.182394
512,2.582320,0.077079,0.232189,32.000000,0.050358,12.391957,0.216882,1609.496270,93.414583
513,2.985539,0.076680,0.002063,32.000000,0.050358,10.718333,24.408338,1612.481809,93.416646
514,2.754007,0.066415,0.226915,32.000000,0.050358,11.619431,0.221924,1615.235817,93.643561
515,2.787717,0.063565,0.258348,32.000000,0.050358,11.478927,0.194923,1618.023534,93.901909
516,3.025913,0.077965,0.001782,32.000000,0.050358,10.575320,28.265137,1621.049447,93.903691
517,2.710271,0.063333,0.226820,32.000000,0.050358,11.806939,0.222017,1623.759717,94.130511
518,3.153159,0.076115,0.001729,32.000000,0.050358,10.148552,29.117638,1626.912876,94.132240
519,2.908063,0.057867,0.166173,32.000000,0.050358,11.003889,0.303044,1629.820939,94.298414
520,2.835629,0.060941,0.161215,32.000000,0.050358,11.284975,0.312364,1632.656568,94.459629
521,2.795956,0.078438,0.269756,32.000000,0.050358,11.445100,0.186679,1635.452524,94.729385
522,2.759168,0.081706,0.271621,32.000000,0.050358,11.597698,0.185397,1638.211692,95.001006
523,2.985170,0.060972,0.175561,32.000000,0.050358,10.719658,0.286840,1641.196862,95.176567
524,2.832117,0.084119,0.292059,32.000000,0.050358,11.298968,0.172423,1644.028979,95.468627
525,2.917302,0.085288,0.314612,32.000000,0.050358,10.969040,0.160063,1646.946281,95.783238
526,3.234705,0.076532,0.114351,32.000000,0.050358,9.892710,0.440378,1650.180986,95.897590
527,3.248719,0.076036,0.001795,32.000000,0.050358,9.850037,28.050948,1653.429705,95.899385
528,3.236750,0.076210,0.081545,32.000000,0.050358,9.886459,0.617544,1656.666455,95.980930
529,3.253981,0.059475,0.166854,32.000000,0.050358,9.834106,0.301807,1659.920437,96.147784
530,3.265084,0.081221,0.001872,32.000000,0.050358,9.800668,26.901320,1663.185521,96.149656
531,2.996128,0.080003,0.290674,32.000000,0.050358,10.680451,0.173245,1666.181649,96.440330
532,3.118802,0.059814,0.167255,32.000000,0.050358,10.260351,0.301085,1669.300451,96.607585
533,3.198653,0.082518,0.079606,32.000000,0.050358,10.004211,0.632592,1672.499104,96.687190
534,3.140855,0.058607,0.170281,32.000000,0.050358,10.188309,0.295734,1675.639959,96.857471
535,3.200414,0.076337,0.114087,32.000000,0.050358,9.998706,0.441398,1678.840373,96.971558
536,3.204612,0.076335,0.124892,32.000000,0.050358,9.985609,0.403212,1682.044984,97.096450
537,3.241377,0.076570,0.037551,32.000000,0.050358,9.872348,1.341035,1685.286361,97.134001
538,3.161016,0.058750,0.166913,32.000000,0.050358,10.123327,0.301701,1688.447378,97.300914
539,3.177325,0.076243,0.128292,32.000000,0.050358,10.071364,0.392526,1691.624703,97.429206
540,2.979559,0.079890,0.306536,32.000000,0.050358,10.739843,0.164280,1694.604262,97.735742
541,3.286534,0.058408,0.181070,32.000000,0.050358,9.736703,0.278112,1697.890796,97.916813
542,3.331012,0.096619,1.259767,32.000000,0.050358,9.606689,0.039974,1701.221808,99.176579
543,2.263868,0.078001,0.001690,32.000000,0.050358,14.135099,29.789453,1703.485676,99.178270
544,3.243023,0.076988,0.042580,32.000000,0.050358,9.867337,1.182671,1706.728699,99.220850
545,3.196566,0.083409,0.067258,32.000000,0.050358,10.010744,0.748731,1709.925265,99.288107
546,3.299948,0.076557,0.024024,32.000000,0.050358,9.697123,2.096112,1713.225213,99.312132
547,3.274318,0.089820,0.048492,32.000000,0.050358,9.773027,1.038482,1716.499531,99.360623
548,3.096460,0.084581,0.192134,32.000000,0.050358,10.334382,0.262097,1719.595991,99.552758
549,3.199819,0.076723,0.122511,32.000000,0.050358,10.000565,0.411047,1722.795810,99.675269
550,3.166544,0.076527,0.037442,32.000000,0.050358,10.105654,1.344959,1725.962355,99.712711
551,3.226070,0.087265,0.097448,32.000000,0.050358,9.919191,0.516769,1729.188424,99.810158
552,3.000858,0.079089,0.321218,32.000000,0.050358,10.663616,0.156771,1732.189282,100.131376
553,3.110482,0.074558,0.193482,32.000000,0.050358,10.287795,0.260271,1735.299764,100.324858
554,2.907521,0.067071,0.275831,32.000000,0.050358,11.005940,0.182567,1738.207285,100.600690
555,3.108802,0.095289,0.035629,32.000000,0.050358,10.293353,1.413406,1741.316088,100.636319
556,3.056169,0.078426,0.083330,32.000000,0.050358,10.470626,0.604315,1744.372256,100.719649
557,2.956691,0.078033,0.035073,32.000000,0.050358,10.822909,1.435805,1747.328947,100.754722
558,2.997193,0.077154,0.070469,32.000000,0.050358,10.676655,0.714611,1750.326141,100.825191
559,2.999482,0.088358,0.066063,32.000000,0.050358,10.668510,0.762274,1753.325623,100.891253
560,2.966436,0.078233,0.106820,32.000000,0.050358,10.787357,0.471428,1756.292058,100.998073
561,2.936617,0.082318,0.099584,32.000000,0.050358,10.896893,0.505681,1759.228675,101.097657
562,2.876845,0.064122,0.279528,32.000000,0.050358,11.123296,0.180153,1762.105520,101.377185
563,3.089911,0.078899,0.133449,32.000000,0.050358,10.356285,0.377356,1765.195431,101.510634
564,3.043795,0.077890,0.126939,32.000000,0.050358,10.513193,0.396710,1768.239226,101.637573
565,3.098316,0.076938,0.186403,32.000000,0.050358,10.328192,0.270156,1771.337541,101.823976
566,3.070833,0.065805,0.250793,32.000000,0.050358,10.420626,0.200794,1774.408374,102.074769
567,3.022740,0.065401,0.265903,32.000000,0.050358,10.586423,0.189384,1777.431114,102.340673
568,3.247713,0.078019,0.032398,32.000000,0.050358,9.853089,1.554360,1780.678826,102.373070
569,3.055423,0.068351,0.238259,32.000000,0.050358,10.473183,0.211358,1783.734249,102.611329
570,3.237621,0.076790,0.036767,32.000000,0.050358,9.883801,1.369639,1786.971870,102.648097
571,3.114447,0.077069,0.079374,32.000000,0.050358,10.274697,0.634440,1790.086317,102.727470
572,3.146900,0.076667,0.109753,32.000000,0.050358,10.168737,0.458830,1793.233217,102.837223
573,2.937167,0.058423,0.232506,32.000000,0.050358,10.894851,0.216587,1796.170384,103.069729
574,3.198390,0.078147,0.001920,32.000000,0.050358,10.005033,26.230544,1799.368774,103.071649
575,2.899565,0.084145,0.261606,32.000000,0.050358,11.036139,0.192495,1802.268339,103.333256
576,3.009781,0.063103,0.210134,32.000000,0.050358,10.632004,0.239646,1805.278120,103.543390
577,2.922519,0.074702,0.221050,32.000000,0.050358,10.949457,0.227811,1808.200639,103.764440
578,2.888388,0.085778,0.291032,32.000000,0.050358,11.078845,0.173032,1811.089027,104.055472
579,3.032302,0.076621,0.095277,32.000000,0.050358,10.553039,0.528540,1814.121329,104.150749
580,3.143091,0.078338,0.104586,32.000000,0.050358,10.181061,0.481499,1817.264420,104.255335
581,3.237964,0.076419,0.083410,32.000000,0.050358,9.882754,0.603740,1820.502384,104.338744
582,3.026668,0.086072,0.238965,32.000000,0.050358,10.572683,0.210733,1823.529051,104.577709
583,3.227895,0.064052,0.147132,32.000000,0.050358,9.913582,0.342263,1826.756946,104.724841
584,2.960888,0.085102,0.321338,32.000000,0.050358,10.807567,0.156713,1829.717834,105.046179
585,3.288405,0.076615,0.072882,32.000000,0.050358,9.731161,0.690951,1833.006239,105.119061
586,3.269152,0.077059,0.001770,32.000000,0.050358,9.788472,28.444124,1836.275391,105.120831
587,3.367706,0.076770,0.001800,32.000000,0.050358,9.502018,27.972184,1839.643097,105.122631
588,3.307493,0.076596,0.089162,32.000000,0.050358,9.675001,0.564789,1842.950590,105.211794
589,3.258655,0.077054,0.074041,32.000000,0.050358,9.820004,0.680133,1846.209245,105.285835
590,3.255261,0.076470,0.131762,32.000000,0.050358,9.830239,0.382189,1849.464506,105.417596
591,3.009070,0.067205,0.271368,32.000000,0.050358,10.634515,0.185570,1852.473576,105.688964
592,3.076918,0.068357,0.185089,32.000000,0.050358,10.400017,0.272073,1855.550494,105.874054
593,3.134321,0.076657,0.142637,32.000000,0.050358,10.209548,0.353049,1858.684815,106.016691
594,3.131689,0.058557,0.167373,32.000000,0.050358,10.218127,0.300872,1861.816505,106.184063
595,3.173362,0.069547,0.216074,32.000000,0.050358,10.083941,0.233058,1864.989867,106.400138
596,3.131500,0.064145,0.632489,32.000000,0.050358,10.218746,0.079618,1868.121367,107.032627
597,2.921094,0.078212,0.001783,32.000000,0.050358,10.954800,28.237037,1871.042461,107.034410
598,2.977025,0.079281,0.264287,32.000000,0.050358,10.748984,0.190542,1874.019486,107.298697
599,2.933324,0.071046,0.216259,32.000000,0.050358,10.909125,0.232859,1876.952810,107.514956
600,3.156991,0.077556,0.076644,32.000000,0.050358,10.136233,0.657035,1880.109802,107.591600
601,2.920737,0.058124,0.172199,32.000000,0.050358,10.956139,0.292439,1883.030539,107.763799
602,3.072244,0.081564,0.001788,32.000000,0.050358,10.415840,28.161572,1886.102783,107.765588
603,2.957804,0.069258,0.190567,32.000000,0.050358,10.818837,0.264253,1889.060587,107.956154
604,2.957272,0.059283,0.175385,32.000000,0.050358,10.820784,0.287127,1892.017859,108.131539
605,2.903130,0.071233,0.188557,32.000000,0.050358,11.022584,0.267070,1894.920989,108.320096
606,2.960916,0.083779,0.262180,32.000000,0.050358,10.807467,0.192073,1897.881905,108.582276
607,2.995698,0.062959,0.225424,32.000000,0.050358,10.681984,0.223391,1900.877603,108.807701
608,3.185420,0.081405,0.001733,32.000000,0.050358,10.045772,29.057606,1904.063023,108.809434
609,2.888574,0.069658,0.276105,32.000000,0.050358,11.078129,0.182387,1906.951597,109.085538
610,3.144371,0.070910,0.233390,32.000000,0.050358,10.176915,0.215767,1910.095968,109.318928
611,3.269273,0.089844,0.062369,32.000000,0.050358,9.788110,0.807413,1913.365241,109.381298
612,2.928174,0.084260,0.285162,32.000000,0.050358,10.928311,0.176594,1916.293416,109.666460
613,3.363630,0.076678,0.001839,32.000000,0.050358,9.513533,27.383173,1919.657045,109.668299
614,3.268177,0.077349,0.001779,32.000000,0.050358,9.791393,28.301435,1922.925222,109.670078
615,2.951972,0.079335,0.305940,32.000000,0.050358,10.840212,0.164600,1925.877194,109.976018
616,3.259471,0.078360,0.126195,32.000000,0.050358,9.817545,0.399048,1929.136664,110.102213
617,3.314202,0.076924,0.075665,32.000000,0.050358,9.655415,0.665538,1932.450867,110.177878
618,3.174841,0.063936,0.240204,32.000000,0.050358,10.079245,0.209646,1935.625708,110.418082
619,3.284661,0.076541,0.108747,32.000000,0.050358,9.742253,0.463073,1938.910369,110.526829
620,3.323035,0.077024,0.074761,32.000000,0.050358,9.629752,0.673587,1942.233403,110.601590
621,3.258061,0.076709,0.102536,32.000000,0.050358,9.821792,0.491125,1945.491465,110.704125
622,3.019174,0.078893,0.319235,32.000000,0.050358,10.598925,0.157745,1948.510639,111.023360
623,3.261281,0.076921,0.112325,32.000000,0.050358,9.812095,0.448321,1951.771920,111.135685
624,3.249859,0.076581,0.079420,32.000000,0.050358,9.846581,0.634072,1955.021779,111.215105
625,3.377042,0.076689,0.074094,32.000000,0.050358,9.475750,0.679644,1958.398820,111.289199
626,3.297923,0.077007,0.038295,32.000000,0.050358,9.703078,1.315013,1961.696743,111.327494
627,3.098422,0.084949,0.284945,32.000000,0.050358,10.327837,0.176728,1964.795165,111.612439
628,3.281261,0.092248,0.043125,32.000000,0.050358,9.752349,1.167714,1968.076426,111.655564
629,3.003448,0.078873,0.316693,32.000000,0.050358,10.654421,0.159012,1971.079874,111.972257
630,3.322716,0.093560,0.036332,32.000000,0.050358,9.630675,1.386027,1974.402590,112.008589
631,3.104214,0.064386,0.281409,32.000000,0.050358,10.308569,0.178949,1977.506804,112.289998
632,3.311368,0.078345,0.036771,32.000000,0.050358,9.663681,1.369513,1980.818171,112.326769
633,3.187256,0.076531,0.124114,32.000000,0.050358,10.039986,0.405739,1984.005427,112.450883
634,3.077664,0.079636,0.451750,32.000000,0.050358,10.397495,0.111473,1987.083091,112.902633
635,2.836978,0.077572,0.001749,32.000000,0.050358,11.279607,28.795905,1989.920070,112.904382
636,3.125178,0.083525,0.063919,32.000000,0.050358,10.239416,0.787836,1993.045248,112.968301
637,2.948489,0.063758,0.237645,32.000000,0.050358,10.853015,0.211904,1995.993737,113.205946
638,3.100003,0.077066,0.052865,32.000000,0.050358,10.322572,0.952570,1999.093740,113.258811
639,2.997088,0.073851,0.161479,32.000000,0.050358,10.677031,0.311853,2002.090828,113.420290
640,3.013730,0.064225,0.236106,32.000000,0.050358,10.618072,0.213285,2005.104558,113.656396
641,3.246358,0.076981,0.026335,32.000000,0.050358,9.857199,1.912194,2008.350916,113.682731
642,3.283202,0.076981,0.024090,32.000000,0.050358,9.746584,2.090384,2011.634118,113.706821
643,3.191698,0.091198,0.051341,32.000000,0.050358,10.026010,0.980853,2014.825816,113.758162
644,3.439818,0.076987,0.001815,32.000000,0.050358,9.302817,27.743933,2018.265634,113.759977
645,3.128405,0.057803,0.239653,32.000000,0.050358,10.228855,0.210128,2021.394040,113.999630
646,3.147635,0.058545,0.217213,32.000000,0.050358,10.166362,0.231836,2024.541675,114.216843
647,3.324639,0.084742,0.002078,32.000000,0.050358,9.625105,24.234818,2027.866314,114.218921
648,2.968043,0.081962,0.232127,32.000000,0.050358,10.781515,0.216941,2030.834357,114.451047
649,2.955646,0.087880,0.271745,32.000000,0.050358,10.826738,0.185313,2033.790003,114.722792
650,3.060488,0.083381,0.300909,32.000000,0.050358,10.455850,0.167352,2036.850490,115.023701
651,3.376192,0.076600,0.001803,32.000000,0.050358,9.478135,27.934137,2040.226682,115.025504
652,3.290320,0.076637,0.001897,32.000000,0.050358,9.725499,26.550033,2043.517002,115.027400
653,3.281865,0.087638,0.877150,32.000000,0.050358,9.750553,0.057411,2046.798867,115.904550
654,2.644921,0.077281,0.001739,32.000000,0.050358,12.098661,28.959100,2049.443787,115.906289
655,3.126166,0.080872,0.001927,32.000000,0.050358,10.236180,26.128402,2052.569954,115.908217
656,3.102688,0.090078,0.048344,32.000000,0.050358,10.313638,1.041663,2055.672642,115.956560
657,3.203257,0.076744,0.081048,32.000000,0.050358,9.989833,0.621335,2058.875898,116.037608
658,3.078377,0.076494,0.161810,32.000000,0.050358,10.395088,0.311216,2061.954275,116.199418
659,2.967747,0.081354,0.304536,32.000000,0.050358,10.782590,0.165359,2064.922022,116.503954
660,3.038355,0.083810,0.163147,32.000000,0.050358,10.532016,0.308665,2067.960377,116.667101
661,3.099837,0.077203,0.077117,32.000000,0.050358,10.323122,0.653004,2071.060214,116.744218
662,3.095248,0.076551,0.073981,32.000000,0.050358,10.338428,0.680690,2074.155463,116.818199
663,3.130361,0.077636,0.075849,32.000000,0.050358,10.222463,0.663922,2077.285824,116.894048
664,2.909164,0.077506,0.021751,32.000000,0.050358,10.999725,2.315199,2080.194987,116.915799
665,2.729877,0.079330,0.281127,32.000000,0.050358,11.722138,0.179128,2082.924865,117.196926
666,2.907042,0.083907,0.114807,32.000000,0.050358,11.007752,0.438629,2085.831907,117.311734
667,2.845792,0.076500,0.038221,32.000000,0.050358,11.244674,1.317550,2088.677699,117.349954
668,2.639906,0.078873,0.161240,32.000000,0.050358,12.121644,0.312316,2091.317605,117.511194
669,2.707091,0.058597,0.201689,32.000000,0.050358,11.820805,0.249680,2094.024696,117.712883
670,2.700937,0.084906,0.171929,32.000000,0.050358,11.847741,0.292900,2096.725633,117.884812
671,2.750213,0.060274,0.165331,32.000000,0.050358,11.635464,0.304587,2099.475845,118.050143
672,2.824114,0.076558,0.075442,32.000000,0.050358,11.330987,0.667508,2102.299959,118.125585
673,2.736158,0.067131,0.234694,32.000000,0.050358,11.695232,0.214568,2105.036117,118.360279
674,3.115590,0.077109,0.076986,32.000000,0.050358,10.270928,0.654113,2108.151707,118.437265
675,3.077953,0.062069,0.266415,32.000000,0.050358,10.396519,0.189020,2111.229660,118.703680
676,3.207775,0.096269,0.034519,32.000000,0.050358,9.975762,1.458844,2114.437435,118.738199
677,3.153285,0.102137,0.081055,32.000000,0.050358,10.148148,0.621283,2117.590720,118.819253
678,3.161750,0.076277,0.039482,32.000000,0.050358,10.120977,1.275451,2120.752470,118.858736
679,2.978742,0.073792,0.236441,32.000000,0.050358,10.742789,0.212983,2123.731212,119.095176
680,3.062748,0.067570,0.247796,32.000000,0.050358,10.448132,0.203223,2126.793961,119.342972
681,3.233242,0.077858,0.074033,32.000000,0.050358,9.897188,0.680204,2130.027202,119.417005
682,3.180339,0.073373,0.133496,32.000000,0.050358,10.061821,0.377222,2133.207541,119.550502
683,3.003554,0.083792,0.299273,32.000000,0.050358,10.654044,0.168267,2136.211095,119.849775
684,3.256687,0.076712,0.001785,32.000000,0.050358,9.825937,28.216880,2139.467782,119.851560
685,3.289092,0.077590,0.084240,32.000000,0.050358,9.729129,0.597788,2142.756874,119.935800
686,3.138188,0.077819,0.125792,32.000000,0.050358,10.196966,0.400325,2145.895062,120.061592
687,3.196138,0.064065,0.127176,32.000000,0.050358,10.012083,0.395971,2149.091200,120.188768
688,3.030980,0.066439,0.262281,32.000000,0.050358,10.557643,0.191999,2152.122180,120.451049
689,3.015958,0.084730,0.261834,32.000000,0.050358,10.610229,0.192327,2155.138138,120.712883
690,3.127577,0.064547,0.175723,32.000000,0.050358,10.231562,0.286574,2158.265715,120.888606
691,3.117707,0.096780,0.051429,32.000000,0.050358,10.263953,0.979168,2161.383422,120.940035
692,3.232738,0.077045,0.001760,32.000000,0.050358,9.898729,28.608740,2164.616160,120.941796
693,3.238422,0.076459,0.001760,32.000000,0.050358,9.881355,28.616836,2167.854582,120.943555
694,2.805746,0.065645,0.266836,32.000000,0.050358,11.405166,0.188722,2170.660328,121.210392
695,3.020367,0.076962,0.155898,32.000000,0.050358,10.594741,0.323017,2173.680695,121.366290
696,2.895173,0.076942,0.119299,32.000000,0.050358,11.052881,0.422115,2176.575868,121.485589
697,3.023603,0.076790,0.041720,32.000000,0.050358,10.583399,1.207040,2179.599471,121.527309
698,2.795865,0.079772,0.269695,32.000000,0.050358,11.445474,0.186721,2182.395336,121.797004
699,2.839068,0.079518,0.264854,32.000000,0.050358,11.271303,0.190134,2185.234405,122.061858
700,2.818869,0.079570,0.299917,32.000000,0.050358,11.352070,0.167906,2188.053274,122.361776
701,2.982931,0.060315,0.184361,32.000000,0.050358,10.727704,0.273149,2191.036205,122.546136
702,3.065120,0.076859,0.081472,32.000000,0.050358,10.440049,0.618103,2194.101324,122.627608
703,3.187762,0.077703,0.001763,32.000000,0.050358,10.038391,28.556598,2197.289086,122.629371
704,3.171595,0.077029,0.048092,32.000000,0.050358,10.089562,1.047119,2200.460680,122.677463
705,3.187548,0.076949,0.115415,32.000000,0.050358,10.039064,0.436320,2203.648229,122.792878
706,3.403277,0.077206,0.001786,32.000000,0.050358,9.402701,28.189159,2207.051506,122.794664
707,3.111095,0.079814,0.342538,32.000000,0.050358,10.285768,0.147014,2210.162601,123.137202
708,3.432523,0.077579,0.037307,32.000000,0.050358,9.322590,1.349840,2213.595124,123.174508
709,3.142102,0.078435,0.281843,32.000000,0.050358,10.184264,0.178674,2216.737226,123.456351
710,3.170138,0.068456,0.251923,32.000000,0.050358,10.094197,0.199894,2219.907364,123.708274
711,3.301959,0.091911,0.053606,32.000000,0.050358,9.691216,0.939411,2223.209324,123.761879
712,3.373524,0.077066,0.049047,32.000000,0.050358,9.485629,1.026719,2226.582848,123.810927
713,3.301577,0.077469,0.037432,32.000000,0.050358,9.692338,1.345299,2229.884425,123.848359
714,3.176339,0.059099,0.213051,32.000000,0.050358,10.074491,0.236365,2233.060764,124.061411
715,3.247021,0.078150,0.046820,32.000000,0.050358,9.855186,1.075556,2236.307785,124.108231
716,3.276487,0.077839,0.043630,32.000000,0.050358,9.766558,1.154212,2239.584272,124.151860
717,3.302547,0.078169,0.002056,32.000000,0.050358,9.689491,24.495986,2242.886820,124.153916
718,3.006178,0.079262,0.272313,32.000000,0.050358,10.644746,0.184926,2245.892997,124.426229
719,3.143517,0.061833,0.197985,32.000000,0.050358,10.179680,0.254352,2249.036515,124.624213
720,3.013260,0.084155,0.265481,32.000000,0.050358,10.619726,0.189685,2252.049775,124.889694
721,3.243100,0.090606,0.046178,32.000000,0.050358,9.867104,1.090527,2255.292875,124.935872
722,3.210068,0.095709,0.059804,32.000000,0.050358,9.968637,0.842047,2258.502942,124.995676
723,3.030772,0.084672,0.287096,32.000000,0.050358,10.558366,0.175404,2261.533714,125.282772
724,3.236113,0.077134,0.036998,32.000000,0.050358,9.888406,1.361079,2264.769827,125.319770
725,3.211899,0.081179,0.019732,32.000000,0.050358,9.962952,2.552102,2267.981727,125.339502
726,2.981442,0.079354,0.267910,32.000000,0.050358,10.733061,0.187965,2270.963169,125.607412
727,2.958365,0.063461,0.247684,32.000000,0.050358,10.816786,0.203315,2273.921534,125.855097
728,2.918595,0.067356,0.164970,32.000000,0.050358,10.964179,0.305254,2276.840129,126.020067
729,2.993602,0.078226,0.111298,32.000000,0.050358,10.689463,0.452459,2279.833731,126.131365
730,3.037591,0.060732,0.198076,32.000000,0.050358,10.534665,0.254235,2282.871322,126.329441
731,3.003892,0.072659,0.180627,32.000000,0.050358,10.652847,0.278794,2285.875214,126.510069
732,2.881839,0.082788,0.281074,32.000000,0.050358,11.104022,0.179162,2288.757053,126.791143
733,3.180348,0.077719,0.001768,32.000000,0.050358,10.061792,28.482252,2291.937401,126.792911
734,3.159020,0.069505,0.162775,32.000000,0.050358,10.129724,0.309372,2295.096421,126.955685
735,3.073941,0.070317,0.188104,32.000000,0.050358,10.410088,0.267712,2298.170362,127.143790
736,3.217288,0.066069,0.188539,32.000000,0.050358,9.946264,0.267095,2301.387650,127.332329
737,3.108552,0.068649,0.240145,32.000000,0.050358,10.294181,0.209698,2304.496203,127.572474
738,3.116821,0.076590,0.201657,32.000000,0.050358,10.266871,0.249720,2307.613024,127.774131
739,2.986164,0.079558,0.276328,32.000000,0.050358,10.716091,0.182239,2310.599187,128.050458
740,2.976818,0.076774,0.020318,32.000000,0.050358,10.749734,2.478471,2313.576005,128.070776
741,3.056356,0.077492,0.001785,32.000000,0.050358,10.469985,28.206780,2316.632361,128.072562
742,2.928824,0.079227,0.133780,32.000000,0.050358,10.925886,0.376423,2319.561185,128.206342
743,2.999170,0.076355,0.076774,32.000000,0.050358,10.669618,0.655923,2322.560355,128.283116
744,3.198047,0.076711,0.001807,32.000000,0.050358,10.006108,27.862346,2325.758402,128.284923
745,2.816318,0.079956,0.303257,32.000000,0.050358,11.362355,0.166057,2328.574720,128.588180
746,3.209016,0.077707,0.037034,32.000000,0.050358,9.971904,1.359785,2331.783736,128.625214
747,2.871789,0.079109,0.329940,32.000000,0.050358,11.142879,0.152627,2334.655525,128.955154
748,2.974445,0.077715,0.035864,32.000000,0.050358,10.758310,1.404137,2337.629970,128.991018
749,2.967672,0.076540,0.037949,32.000000,0.050358,10.782863,1.326997,2340.597642,129.028966
750,2.804860,0.063313,0.229136,32.000000,0.050358,11.408770,0.219772,2343.402502,129.258103
751,3.065985,0.083728,0.104602,32.000000,0.050358,10.437103,0.481425,2346.468487,129.362704
752,2.956186,0.059397,0.170824,32.000000,0.050358,10.824760,0.294794,2349.424672,129.533528
753,2.952922,0.058199,0.257722,32.000000,0.050358,10.836725,0.195396,2352.377594,129.791249
754,3.153987,0.076933,0.074008,32.000000,0.050358,10.145889,0.680434,2355.531581,129.865258
755,3.067041,0.063439,0.184988,32.000000,0.050358,10.433508,0.272221,2358.598622,130.050246
756,3.162942,0.076398,0.001933,32.000000,0.050358,10.117164,26.045818,2361.761564,130.052180
757,3.052401,0.062777,0.293789,32.000000,0.050358,10.483552,0.171408,2364.813964,130.345969
758,2.917475,0.064179,0.298224,32.000000,0.050358,10.968388,0.168859,2367.731440,130.644193
759,2.876250,0.058144,0.234354,32.000000,0.050358,11.125599,0.214879,2370.607689,130.878548
760,2.913210,0.077331,0.073115,32.000000,0.050358,10.984445,0.688751,2373.520900,130.951662
761,2.878486,0.060247,0.096328,32.000000,0.050358,11.116957,0.522777,2376.399385,131.047990
762,3.053704,0.076214,0.001870,32.000000,0.050358,10.479077,26.933981,2379.453089,131.049859
763,2.631569,0.079634,0.282474,32.000000,0.050358,12.160046,0.178274,2382.084658,131.332334
764,2.985805,0.059341,0.212338,32.000000,0.050358,10.717377,0.237158,2385.070464,131.544672
765,3.021332,0.077236,0.089647,32.000000,0.050358,10.591355,0.561733,2388.091796,131.634319
766,2.873841,0.059033,0.227511,32.000000,0.050358,11.134922,0.221342,2390.965637,131.861830
767,3.212439,0.076854,0.036376,32.000000,0.050358,9.961279,1.384360,2394.178076,131.898207
768,2.923844,0.077284,0.251925,32.000000,0.050358,10.944496,0.199892,2397.101920,132.150131
769,3.126779,0.076346,0.078001,32.000000,0.050358,10.234174,0.645602,2400.228699,132.228133
770,2.963492,0.062998,0.281009,32.000000,0.050358,10.798073,0.179204,2403.192191,132.509142
771,3.122666,0.058282,0.215018,32.000000,0.050358,10.247654,0.234203,2406.314857,132.724160
772,3.209784,0.079295,0.149325,32.000000,0.050358,9.969518,0.337236,2409.524641,132.873485
773,3.229637,0.076810,0.076607,32.000000,0.050358,9.908236,0.657349,2412.754277,132.950092
774,3.081554,0.079466,0.309162,32.000000,0.050358,10.384372,0.162885,2415.835831,133.259254
775,3.196343,0.077026,0.070653,32.000000,0.050358,10.011441,0.712748,2419.032174,133.329907
776,3.251177,0.076584,0.133881,32.000000,0.050358,9.842590,0.376138,2422.283351,133.463788
777,3.170934,0.062136,0.244271,32.000000,0.050358,10.091663,0.206156,2425.454285,133.708059
778,3.171773,0.066473,0.228656,32.000000,0.050358,10.088995,0.220233,2428.626058,133.936716
779,3.277562,0.082877,0.114919,32.000000,0.050358,9.763354,0.438201,2431.903620,134.051635
780,3.373467,0.079370,0.003912,32.000000,0.050358,9.485790,12.873518,2435.277087,134.055547
781,3.230824,0.058767,0.193055,32.000000,0.050358,9.904595,0.260847,2438.507911,134.248602
782,3.247159,0.078923,0.112844,32.000000,0.050358,9.854769,0.446261,2441.755070,134.361445
783,3.181847,0.078188,0.185001,32.000000,0.050358,10.057052,0.272202,2444.936917,134.546447
784,3.117515,0.094333,0.034671,32.000000,0.050358,10.264585,1.452438,2448.054432,134.581118
785,2.983179,0.058453,0.206395,32.000000,0.050358,10.726814,0.243988,2451.037610,134.787513
786,2.845961,0.078386,0.300715,32.000000,0.050358,11.244006,0.167460,2453.883571,135.088228
787,3.161727,0.113829,0.097979,32.000000,0.050358,10.121052,0.513965,2457.045298,135.186207
788,3.235934,0.076469,0.084167,32.000000,0.050358,9.888953,0.598311,2460.281232,135.270373
789,3.024607,0.060335,0.239921,32.000000,0.050358,10.579888,0.209893,2463.305839,135.510294
790,3.191772,0.084788,0.096580,32.000000,0.050358,10.025778,0.521411,2466.497611,135.606874
791,3.101058,0.058502,0.230668,32.000000,0.050358,10.319059,0.218313,2469.598669,135.837543
792,3.224275,0.089884,0.092105,32.000000,0.050358,9.924713,0.546742,2472.822943,135.929648
793,3.327621,0.090462,0.044217,32.000000,0.050358,9.616481,1.138876,2476.150564,135.973865
794,3.265428,0.077168,0.037602,32.000000,0.050358,9.799634,1.339223,2479.415992,136.011467
795,3.217493,0.090422,0.048530,32.000000,0.050358,9.945630,1.037660,2482.633485,136.059998
796,3.266297,0.078299,0.025197,32.000000,0.050358,9.797026,1.998571,2485.899783,136.085195
797,3.156153,0.078361,0.027673,32.000000,0.050358,10.138926,1.819764,2489.055936,136.112867
798,3.107355,0.076847,0.080920,32.000000,0.050358,10.298147,0.622318,2492.163291,136.193787
799,3.104446,0.063563,0.238245,32.000000,0.050358,10.307799,0.211370,2495.267736,136.432032
800,3.182879,0.076545,0.038931,32.000000,0.050358,10.053790,1.293514,2498.450616,136.470963
801,3.289980,0.091529,0.014507,32.000000,0.050358,9.726502,3.471342,2501.740596,136.485470
802,3.176407,0.077502,0.124414,32.000000,0.050358,10.074275,0.404761,2504.917003,136.609883
803,3.342583,0.093799,0.058488,32.000000,0.050358,9.573435,0.860996,2508.259586,136.668371
804,3.188596,0.085885,0.026495,32.000000,0.050358,10.035766,1.900632,2511.448182,136.694867
805,3.142980,0.073418,0.200604,32.000000,0.050358,10.181420,0.251032,2514.591162,136.895470
806,3.250791,0.076759,0.079716,32.000000,0.050358,9.843757,0.631713,2517.841953,136.975186
807,3.135471,0.084986,0.122981,32.000000,0.050358,10.205803,0.409477,2520.977425,137.098167
808,3.054885,0.060193,0.200306,32.000000,0.050358,10.475026,0.251404,2524.032310,137.298473
809,2.842425,0.071448,0.243698,32.000000,0.050358,11.257994,0.206640,2526.874734,137.542171
810,2.970275,0.084162,0.140767,32.000000,0.050358,10.773414,0.357739,2529.845009,137.682938
811,3.088913,0.077492,0.071111,32.000000,0.050358,10.359631,0.708155,2532.933922,137.754049
812,3.087211,0.082501,0.026386,32.000000,0.050358,10.365343,1.908508,2536.021133,137.780435
813,2.875071,0.079668,0.282294,32.000000,0.050358,11.130160,0.178388,2538.896204,138.062729
814,2.802306,0.063245,0.266383,32.000000,0.050358,11.419168,0.189043,2541.698510,138.329113
815,2.782955,0.064139,0.271424,32.000000,0.050358,11.498567,0.185532,2544.481465,138.600537
816,2.887281,0.058843,0.173941,32.000000,0.050358,11.083093,0.289511,2547.368746,138.774478
817,2.755441,0.058450,0.229841,32.000000,0.050358,11.613388,0.219098,2550.124186,139.004319
818,2.919821,0.061708,0.204203,32.000000,0.050358,10.959575,0.246607,2553.044008,139.208522
819,2.924863,0.084285,0.145519,32.000000,0.050358,10.940683,0.346057,2555.968871,139.354040
820,3.038493,0.077150,0.121010,32.000000,0.050358,10.531536,0.416146,2559.007364,139.475050
821,3.085272,0.077400,0.071926,32.000000,0.050358,10.371856,0.700131,2562.092636,139.546977
822,3.025626,0.079341,0.132298,32.000000,0.050358,10.576325,0.380640,2565.118262,139.679274
823,3.089839,0.078137,0.147106,32.000000,0.050358,10.356526,0.342324,2568.208101,139.826380
824,3.089318,0.076699,0.113159,32.000000,0.050358,10.358274,0.445020,2571.297419,139.939539
825,3.199675,0.077550,0.001682,32.000000,0.050358,10.001016,29.940193,2574.497093,139.941221
826,3.243660,0.077427,0.001763,32.000000,0.050358,9.865400,28.565961,2577.740753,139.942984
827,3.126454,0.083135,0.133351,32.000000,0.050358,10.235237,0.377634,2580.867207,140.076335
828,3.236400,0.078135,0.035823,32.000000,0.050358,9.887529,1.405755,2584.103607,140.112157
829,3.037308,0.079889,0.278604,32.000000,0.050358,10.535645,0.180750,2587.140915,140.390761
830,3.281846,0.077186,0.084104,32.000000,0.050358,9.750609,0.598757,2590.422762,140.474865
831,3.253698,0.058337,0.201784,32.000000,0.050358,9.834963,0.249563,2593.676460,140.676649
832,3.314292,0.076979,0.079302,32.000000,0.050358,9.655154,0.635014,2596.990752,140.755951
833,3.449712,0.076911,0.114365,32.000000,0.050358,9.276137,0.440327,2600.440464,140.870316
834,3.453302,0.076769,0.001944,32.000000,0.050358,9.266492,25.899085,2603.893766,140.872260
835,3.361983,0.084378,0.066734,32.000000,0.050358,9.518193,0.754608,2607.255749,140.938994
836,3.379835,0.090019,0.045837,32.000000,0.050358,9.467917,1.098635,2610.635584,140.984831
837,3.432784,0.077990,0.001783,32.000000,0.050358,9.321879,28.241376,2614.068368,140.986614
838,3.340284,0.085166,0.107571,32.000000,0.050358,9.580024,0.468136,2617.408652,141.094185
839,3.369359,0.077560,0.079117,32.000000,0.050358,9.497355,0.636496,2620.778011,141.173302
840,3.375372,0.077527,0.037344,32.000000,0.050358,9.480437,1.348472,2624.153383,141.210646
841,3.381555,0.077729,0.076996,32.000000,0.050358,9.463101,0.654034,2627.534939,141.287642
842,3.396385,0.076696,0.077395,32.000000,0.050358,9.421781,0.650660,2630.931324,141.365037
843,3.262751,0.068323,0.221430,32.000000,0.050358,9.807675,0.227421,2634.194075,141.586467
844,3.306513,0.076407,0.117618,32.000000,0.050358,9.677868,0.428147,2637.500588,141.704085
845,3.072127,0.063449,0.305004,32.000000,0.050358,10.416236,0.165105,2640.572715,142.009089
846,3.408439,0.077169,0.001885,32.000000,0.050358,9.388462,26.708364,2643.981154,142.010975
847,2.987569,0.081665,0.287054,32.000000,0.050358,10.711048,0.175430,2646.968723,142.298028
848,3.037511,0.080206,0.291501,32.000000,0.050358,10.534943,0.172753,2650.006234,142.589530
849,3.082693,0.072639,0.237877,32.000000,0.050358,10.380535,0.211697,2653.088927,142.827407
850,2.980239,0.082584,0.279748,32.000000,0.050358,10.737394,0.180011,2656.069166,143.107155
851,3.241491,0.079303,0.223166,32.000000,0.050358,9.872000,0.225652,2659.310657,143.330320
852,3.117742,0.064007,0.252902,32.000000,0.050358,10.263839,0.199120,2662.428399,143.583222
853,3.277941,0.077071,0.118714,32.000000,0.050358,9.762226,0.424193,2665.706340,143.701936
854,3.216776,0.075907,0.202870,32.000000,0.050358,9.947849,0.248227,2668.923116,143.904806
855,3.322478,0.077004,0.033097,32.000000,0.050358,9.631365,1.521528,2672.245594,143.937903
856,3.284818,0.078514,0.093807,32.000000,0.050358,9.741788,0.536822,2675.530412,144.031711
857,3.231389,0.078895,0.105135,32.000000,0.050358,9.902861,0.478984,2678.761801,144.136845
858,3.385322,0.076852,0.001842,32.000000,0.050358,9.452571,27.341751,2682.147124,144.138687
859,3.218068,0.064650,0.128903,32.000000,0.050358,9.943853,0.390665,2685.365192,144.267590
860,3.296561,0.077055,0.081201,32.000000,0.050358,9.707086,0.620164,2688.661753,144.348790
861,3.154448,0.077722,0.001768,32.000000,0.050358,10.144405,28.482075,2691.816201,144.350559
862,3.051228,0.076840,0.106570,32.000000,0.050358,10.487581,0.472533,2694.867429,144.457129
863,3.052540,0.101797,0.064853,32.000000,0.050358,10.483073,0.776486,2697.919969,144.521982
864,2.870155,0.084467,0.293805,32.000000,0.050358,11.149222,0.171399,2700.790125,144.815787
865,3.144777,0.076530,0.038172,32.000000,0.050358,10.175603,1.319240,2703.934901,144.853959
866,3.060754,0.082187,0.103160,32.000000,0.050358,10.454939,0.488153,2706.995656,144.957119
867,3.170922,0.069364,0.050825,32.000000,0.050358,10.091701,0.990800,2710.166578,145.007944
868,3.183588,0.093363,0.037159,32.000000,0.050358,10.051553,1.355210,2713.350166,145.045103
869,3.158195,0.077988,0.024082,32.000000,0.050358,10.132369,2.091103,2716.508361,145.069185
870,3.169343,0.094339,0.055792,32.000000,0.050358,10.096730,0.902592,2719.677704,145.124977
871,2.977465,0.070398,0.247178,32.000000,0.050358,10.747396,0.203731,2722.655169,145.372155
872,3.131688,0.076958,0.086962,32.000000,0.050358,10.218131,0.579081,2725.786857,145.459117
873,3.323148,0.076576,0.001734,32.000000,0.050358,9.629424,29.034486,2729.110005,145.460851
874,3.276000,0.114853,0.047460,32.000000,0.050358,9.768010,1.061059,2732.386005,145.508311
875,3.155794,0.058462,0.229180,32.000000,0.050358,10.140078,0.219731,2735.541799,145.737491
876,3.169150,0.074808,0.158128,32.000000,0.050358,10.097344,0.318463,2738.710950,145.895619
877,3.122694,0.064772,0.266770,32.000000,0.050358,10.247563,0.188768,2741.833643,146.162389
878,3.111574,0.060081,0.161339,32.000000,0.050358,10.284183,0.312124,2744.945218,146.323728
879,3.313036,0.077787,0.069298,32.000000,0.050358,9.658815,0.726686,2748.258253,146.393026
880,3.201095,0.062272,0.269194,32.000000,0.050358,9.996580,0.187069,2751.459348,146.662220
881,3.154118,0.059429,0.167232,32.000000,0.050358,10.145466,0.301126,2754.613467,146.829452
882,3.308687,0.078196,0.001813,32.000000,0.050358,9.671510,27.774338,2757.922154,146.831265
883,3.055929,0.063367,0.247038,32.000000,0.050358,10.471449,0.203846,2760.978083,147.078303
884,3.101843,0.073725,0.225280,32.000000,0.050358,10.316446,0.223534,2764.079926,147.303583
885,3.171766,0.058629,0.208838,32.000000,0.050358,10.089016,0.241133,2767.251692,147.512422
886,3.170985,0.082285,0.114964,32.000000,0.050358,10.091501,0.438033,2770.422677,147.627385
887,3.140759,0.058594,0.221459,32.000000,0.050358,10.188620,0.227391,2773.563436,147.848844
888,3.156240,0.076685,0.168257,32.000000,0.050358,10.138645,0.299291,2776.719677,148.017101
889,3.249603,0.076787,1.365523,32.000000,0.050358,9.847358,0.036878,2779.969279,149.382624
890,2.148600,0.076388,0.001818,32.000000,0.050358,14.893419,27.703166,2782.117879,149.384442
891,3.266575,0.076756,0.038967,32.000000,0.050358,9.796194,1.292309,2785.384454,149.423410
892,3.222824,0.076948,0.074907,32.000000,0.050358,9.929181,0.672271,2788.607278,149.498317
893,3.295904,0.076760,0.037206,32.000000,0.050358,9.709021,1.353494,2791.903181,149.535522
894,3.305100,0.077265,0.001714,32.000000,0.050358,9.682005,29.374909,2795.208282,149.537237
895,3.303185,0.090461,0.015415,32.000000,0.050358,9.687618,3.266904,2798.511467,149.552651
896,3.251040,0.077310,0.044853,32.000000,0.050358,9.843003,1.122718,2801.762508,149.597505
897,3.199112,0.061079,0.172242,32.000000,0.050358,10.002777,0.292367,2804.961619,149.769746
898,3.234114,0.076903,0.121766,32.000000,0.050358,9.894519,0.413563,2808.195733,149.891512
899,3.167200,0.058497,0.186602,32.000000,0.050358,10.103562,0.269867,2811.362933,150.078114
900,3.190297,0.076865,0.109773,32.000000,0.050358,10.030413,0.458747,2814.553230,150.187887
901,3.039948,0.078327,0.287267,32.000000,0.050358,10.526497,0.175300,2817.593178,150.475154
902,3.154104,0.063214,0.207889,32.000000,0.050358,10.145513,0.242234,2820.747281,150.683043
903,2.997001,0.079509,0.288639,32.000000,0.050358,10.677340,0.174466,2823.744283,150.971682
904,3.056374,0.062212,0.279278,32.000000,0.050358,10.469921,0.180314,2826.800657,151.250960
905,3.273573,0.076473,0.078536,32.000000,0.050358,9.775252,0.641204,2830.074230,151.329496
906,3.109286,0.058452,0.243194,32.000000,0.050358,10.291752,0.207068,2833.183516,151.572690
907,3.243186,0.077181,0.082591,32.000000,0.050358,9.866842,0.609727,2836.426702,151.655281
908,3.197875,0.077792,0.117134,32.000000,0.050358,10.006644,0.429915,2839.624577,151.772415
909,3.243630,0.077009,0.108977,32.000000,0.050358,9.865489,0.462095,2842.868208,151.881393
910,3.262167,0.078116,0.077484,32.000000,0.050358,9.809432,0.649913,2846.130374,151.958877
911,3.249444,0.077142,0.077234,32.000000,0.050358,9.847838,0.652017,2849.379818,152.036111
912,2.988344,0.074473,0.288149,32.000000,0.050358,10.708273,0.174763,2852.368162,152.324259
913,3.034105,0.067424,0.271678,32.000000,0.050358,10.546769,0.185359,2855.402266,152.595937
914,2.964574,0.072406,0.246818,32.000000,0.050358,10.794132,0.204028,2858.366840,152.842755
915,3.194318,0.076672,0.037440,32.000000,0.050358,10.017789,1.345037,2861.561158,152.880195
916,3.189838,0.077072,0.081982,32.000000,0.050358,10.031858,0.614252,2864.750995,152.962177
917,2.831579,0.089779,0.296479,32.000000,0.050358,11.301114,0.169853,2867.582575,153.258656
918,3.159349,0.077597,0.115318,32.000000,0.050358,10.128670,0.436686,2870.741924,153.373974
919,3.226127,0.077624,0.114587,32.000000,0.050358,9.919014,0.439473,2873.968051,153.488561
920,3.082252,0.077539,0.113141,32.000000,0.050358,10.382020,0.445089,2877.050303,153.601702
921,3.085112,0.078756,0.070504,32.000000,0.050358,10.372394,0.714254,2880.135415,153.672206
922,3.127683,0.076871,0.123972,32.000000,0.050358,10.231215,0.406204,2883.263098,153.796178
923,3.056801,0.060194,0.164131,32.000000,0.050358,10.468461,0.306814,2886.319899,153.960309
924,2.911971,0.058572,0.206450,32.000000,0.050358,10.989120,0.243923,2889.231870,154.166759
925,2.996255,0.085209,0.002014,32.000000,0.050358,10.679999,25.006502,2892.228125,154.168773
926,2.952727,0.080541,0.064835,32.000000,0.050358,10.837439,0.776710,2895.180852,154.233608
927,3.076722,0.100882,0.029578,32.000000,0.050358,10.400679,1.702532,2898.257574,154.263186
928,2.718776,0.084933,0.275885,32.000000,0.050358,11.770004,0.182532,2900.976350,154.539070
929,3.174018,0.086133,0.043559,32.000000,0.050358,10.081859,1.156071,2904.150368,154.582630
930,3.060244,0.077384,0.037694,32.000000,0.050358,10.456682,1.335980,2907.210612,154.620323
931,3.068059,0.079037,0.072241,32.000000,0.050358,10.430046,0.697086,2910.278671,154.692564
932,3.170642,0.101921,0.075301,32.000000,0.050358,10.092594,0.668755,2913.449313,154.767865
933,3.193191,0.077008,0.024997,32.000000,0.050358,10.021325,2.014532,2916.642503,154.792862
934,3.148948,0.076570,0.073845,32.000000,0.050358,10.162124,0.681944,2919.791451,154.866707
935,3.008997,0.059597,0.211877,32.000000,0.050358,10.634773,0.237675,2922.800448,155.078583
936,3.061966,0.075670,0.154046,32.000000,0.050358,10.450802,0.326902,2925.862414,155.232629
937,3.117880,0.075939,0.163459,32.000000,0.050358,10.263384,0.308077,2928.980294,155.396088
938,3.160705,0.084067,0.101892,32.000000,0.050358,10.124323,0.494227,2932.140999,155.497980
939,3.154852,0.074450,0.161375,32.000000,0.050358,10.143107,0.312054,2935.295851,155.659355
940,3.210025,0.076637,0.090016,32.000000,0.050358,9.968769,0.559429,2938.505876,155.749371
941,3.217884,0.076964,0.089738,32.000000,0.050358,9.944423,0.561163,2941.723760,155.839110
942,3.107067,0.063713,0.212900,32.000000,0.050358,10.299102,0.236532,2944.830827,156.052010
943,3.321206,0.077042,0.049586,32.000000,0.050358,9.635056,1.015567,2948.152033,156.101596
944,3.093528,0.084859,0.269165,32.000000,0.050358,10.344178,0.187089,2951.245561,156.370761
945,3.133298,0.068048,0.271539,32.000000,0.050358,10.212883,0.185453,2954.378858,156.642300
946,3.316850,0.077491,0.028628,32.000000,0.050358,9.647707,1.759070,2957.695708,156.670928
947,3.151555,0.061451,0.248960,32.000000,0.050358,10.153716,0.202273,2960.847264,156.919888
948,3.025247,0.078982,0.809650,32.000000,0.050358,10.577648,0.062197,2963.872511,157.729538
949,2.879291,0.076479,0.001789,32.000000,0.050358,11.113848,28.145989,2966.751802,157.731327
950,3.285150,0.076662,0.078472,32.000000,0.050358,9.740804,0.641733,2970.036951,157.809799
951,3.317612,0.076234,0.038200,32.000000,0.050358,9.645491,1.318258,2973.354564,157.847999
952,3.325696,0.085243,0.001885,32.000000,0.050358,9.622045,26.710489,2976.680260,157.849884
953,2.999998,0.063709,0.280710,32.000000,0.050358,10.666673,0.179395,2979.680259,158.130594
954,3.079508,0.063077,0.254767,32.000000,0.050358,10.391271,0.197663,2982.759766,158.385361
955,3.141424,0.120376,0.128218,32.000000,0.050358,10.186463,0.392752,2985.901190,158.513578
956,3.181192,0.104875,0.071771,32.000000,0.050358,10.059121,0.701649,2989.082383,158.585349
957,3.196236,0.064153,0.136768,32.000000,0.050358,10.011778,0.368198,2992.278618,158.722118
958,3.211868,0.076964,0.124415,32.000000,0.050358,9.963049,0.404756,2995.490486,158.846533
959,3.318713,0.076588,0.126452,32.000000,0.050358,9.642293,0.398235,2998.809199,158.972985
960,3.409179,0.077424,0.001750,32.000000,0.050358,9.386424,28.778495,3002.218378,158.974735
961,3.196749,0.078086,0.226992,32.000000,0.050358,10.010171,0.221849,3005.415127,159.201727
962,3.070793,0.069599,0.256974,32.000000,0.050358,10.420761,0.195965,3008.485920,159.458701
963,3.344426,0.077123,0.001788,32.000000,0.050358,9.568160,28.166581,3011.830345,159.460489
964,3.166674,0.097307,0.059671,32.000000,0.050358,10.105241,0.843927,3014.997019,159.520160
965,3.278128,0.077507,0.072620,32.000000,0.050358,9.761670,0.693443,3018.275147,159.592779
966,3.038011,0.079190,0.323977,32.000000,0.050358,10.533208,0.155436,3021.313158,159.916757
967,3.217609,0.058038,0.226746,32.000000,0.050358,9.945272,0.222089,3024.530767,160.143503
968,3.208115,0.078454,0.075668,32.000000,0.050358,9.974705,0.665507,3027.738882,160.219171
969,3.322364,0.095411,0.034588,32.000000,0.050358,9.631695,1.455929,3031.061246,160.253759
970,2.894644,0.083707,0.327045,32.000000,0.050358,11.054901,0.153978,3033.955890,160.580804
971,3.169274,0.081562,0.067969,32.000000,0.050358,10.096950,0.740890,3037.125164,160.648773
972,3.019348,0.058560,0.222485,32.000000,0.050358,10.598315,0.226342,3040.144512,160.871258
973,3.189498,0.091555,0.013480,32.000000,0.050358,10.032927,3.735842,3043.334010,160.884738
974,3.064667,0.058677,0.142893,32.000000,0.050358,10.441592,0.352416,3046.398677,161.027631
975,2.943188,0.076536,0.110254,32.000000,0.050358,10.872564,0.456745,3049.341865,161.137884
976,3.016069,0.076661,0.089559,32.000000,0.050358,10.609838,0.562284,3052.357933,161.227444
977,2.923805,0.058163,0.208194,32.000000,0.050358,10.944643,0.241879,3055.281738,161.435638
978,2.867826,0.062792,0.233874,32.000000,0.050358,11.158276,0.215320,3058.149565,161.669512
979,2.886447,0.069501,0.263750,32.000000,0.050358,11.086295,0.190930,3061.036011,161.933262
980,3.059084,0.064985,0.124936,32.000000,0.050358,10.460647,0.403069,3064.095096,162.058198
981,2.914669,0.083468,0.312275,32.000000,0.050358,10.978950,0.161261,3067.009764,162.370474
982,3.183745,0.077311,0.034405,32.000000,0.050358,10.051055,1.463688,3070.193510,162.404878
983,3.187788,0.077074,0.073502,32.000000,0.050358,10.038309,0.685119,3073.381298,162.478380
984,3.089961,0.077352,0.126257,32.000000,0.050358,10.356118,0.398852,3076.471259,162.604637
985,2.824501,0.079188,0.274074,32.000000,0.050358,11.329435,0.183738,3079.295760,162.878711
986,3.085974,0.076898,0.036278,32.000000,0.050358,10.369498,1.388096,3082.381733,162.914990
987,2.959785,0.062453,0.274446,32.000000,0.050358,10.811597,0.183489,3085.341518,163.189435
988,3.008914,0.063963,0.252187,32.000000,0.050358,10.635067,0.199685,3088.350432,163.441622
989,2.856830,0.072140,0.242870,32.000000,0.050358,11.201228,0.207345,3091.207262,163.684492
990,2.944226,0.073817,0.251173,32.000000,0.050358,10.868732,0.200491,3094.151488,163.935664
991,3.059384,0.071028,0.259028,32.000000,0.050358,10.459622,0.194411,3097.210872,164.194692
992,3.189116,0.076700,0.082015,32.000000,0.050358,10.034128,0.614004,3100.399988,164.276708
993,3.031358,0.072935,0.231292,32.000000,0.050358,10.556324,0.217724,3103.431346,164.508000
994,2.953042,0.063963,0.280727,32.000000,0.050358,10.836284,0.179384,3106.384388,164.788727
995,3.411503,0.077986,0.001846,32.000000,0.050358,9.380030,27.279292,3109.795891,164.790573
996,3.186776,0.085473,0.001852,32.000000,0.050358,10.041497,27.188008,3112.982666,164.792425
997,2.817202,0.065856,0.240483,32.000000,0.050358,11.358790,0.209402,3115.799868,165.032909
998,3.219462,0.076715,0.114019,32.000000,0.050358,9.939549,0.441663,3119.019330,165.146928
999,3.211537,0.077619,0.001798,32.000000,0.050358,9.964078,28.012920,3122.230867,165.148725
1000,3.024441,0.062618,0.246367,32.000000,0.050358,10.580467,0.204402,3125.255308,165.395092
1001,3.018071,0.058197,0.216422,32.000000,0.050358,10.602800,0.232684,3128.273379,165.611514
1002,3.229627,0.077851,0.001729,32.000000,0.050358,9.908265,29.126867,3131.503006,165.613243
1003,3.164324,0.077130,0.087533,32.000000,0.050358,10.112746,0.575299,3134.667329,165.700776
1004,3.144065,0.081736,0.102768,32.000000,0.050358,10.177907,0.490017,3137.811394,165.803543
1005,3.387316,0.093957,0.051295,32.000000,0.050358,9.447008,0.981730,3141.198710,165.854838
1006,3.151836,0.061032,0.277769,32.000000,0.050358,10.152814,0.181294,3144.350546,166.132607
1007,3.221478,0.083664,0.098951,32.000000,0.050358,9.933328,0.508916,3147.572024,166.231558
1008,3.128324,0.061136,0.221270,32.000000,0.050358,10.229120,0.227586,3150.700348,166.452828
1009,3.068864,0.070293,0.205529,32.000000,0.050358,10.427312,0.245016,3153.769212,166.658357
1010,3.111045,0.070993,0.196299,32.000000,0.050358,10.285933,0.256537,3156.880257,166.854655
1011,3.216706,0.077271,0.075140,32.000000,0.050358,9.948065,0.670188,3160.096963,166.929795
1012,3.307779,0.076435,0.001725,32.000000,0.050358,9.674165,29.185815,3163.404742,166.931521
1013,3.300184,0.076700,0.041325,32.000000,0.050358,9.696429,1.218575,3166.704926,166.972846
1014,3.273626,0.076664,0.823522,32.000000,0.050358,9.775093,0.061149,3169.978552,167.796368
1015,2.597355,0.077293,0.001810,32.000000,0.050358,12.320226,27.814823,3172.575907,167.798178
1016,3.147894,0.081689,0.138241,32.000000,0.050358,10.165526,0.364275,3175.723801,167.936419
1017,3.248764,0.076430,0.074133,32.000000,0.050358,9.849901,0.679287,3178.972564,168.010553
1018,3.189428,0.087565,0.098690,32.000000,0.050358,10.033148,0.510264,3182.161992,168.109242
1019,3.053875,0.058589,0.252910,32.000000,0.050358,10.478489,0.199113,3185.215867,168.362153
1020,3.143790,0.078678,0.110729,32.000000,0.050358,10.178796,0.454786,3188.359658,168.472881
1021,3.125998,0.079231,0.001796,32.000000,0.050358,10.236730,28.039718,3191.485656,168.474677
1022,2.869816,0.081765,0.300153,32.000000,0.050358,11.150541,0.167774,3194.355472,168.774831
1023,2.903945,0.069751,0.247882,32.000000,0.050358,11.019494,0.203153,3197.259417,169.022712
1024,3.263678,0.078533,0.070597,32.000000,0.050358,9.804888,0.713311,3200.523095,169.093310
1025,3.139456,0.057626,0.169852,32.000000,0.050358,10.192848,0.296480,3203.662551,169.263162
1026,3.071852,0.070338,0.183580,32.000000,0.050358,10.417170,0.274310,3206.734403,169.446742
1027,3.188639,0.082828,0.101201,32.000000,0.050358,10.035629,0.497600,3209.923042,169.547943
1028,3.182288,0.063119,0.171532,32.000000,0.050358,10.055658,0.293576,3213.105330,169.719476
1029,3.137547,0.076494,0.156549,32.000000,0.050358,10.199050,0.321674,3216.242877,169.876025
1030,3.102001,0.081522,0.102955,32.000000,0.050358,10.315923,0.489125,3219.344878,169.978980
1031,3.048074,0.060927,0.312951,32.000000,0.050358,10.498434,0.160913,3222.392951,170.291930
1032,3.287038,0.078029,0.034628,32.000000,0.050358,9.735207,1.454232,3225.679990,170.326559
1033,3.130068,0.061799,0.245429,32.000000,0.050358,10.223420,0.205182,3228.810058,170.571988
1034,3.295952,0.070773,0.184928,32.000000,0.050358,9.708880,0.272310,3232.106009,170.756916
1035,3.031729,0.071119,0.252045,32.000000,0.050358,10.555034,0.199797,3235.137738,171.008962
1036,3.412604,0.076191,0.041446,32.000000,0.050358,9.377003,1.215017,3238.550342,171.050408
1037,3.204217,0.078495,0.293511,32.000000,0.050358,9.986839,0.171570,3241.754559,171.343919
1038,3.268956,0.062975,0.241389,32.000000,0.050358,9.789058,0.208617,3245.023516,171.585308
1039,3.253297,0.058235,0.174885,32.000000,0.050358,9.836174,0.287949,3248.276813,171.760192
1040,3.344653,0.082286,0.062653,32.000000,0.050358,9.567509,0.803755,3251.621466,171.822845
1041,3.383294,0.077098,0.001751,32.000000,0.050358,9.458239,28.767233,3255.004760,171.824596
1042,3.202989,0.070557,0.178864,32.000000,0.050358,9.990669,0.281542,3258.207749,172.003460
1043,3.414651,0.076853,0.001829,32.000000,0.050358,9.371383,27.529005,3261.622400,172.005290
1044,3.135041,0.079064,0.288633,32.000000,0.050358,10.207201,0.174470,3264.757441,172.293923
1045,3.133118,0.061661,0.266437,32.000000,0.050358,10.213467,0.189004,3267.890559,172.560360
1046,3.393508,0.077786,0.001816,32.000000,0.050358,9.429771,27.735407,3271.284067,172.562176
1047,3.351546,0.077373,0.028561,32.000000,0.050358,9.547833,1.763153,3274.635613,172.590737
1048,3.361189,0.077166,0.001781,32.000000,0.050358,9.520441,28.267216,3277.996802,172.592518
1049,3.291087,0.076172,0.074436,32.000000,0.050358,9.723231,0.676529,3281.287889,172.666954
1050,3.133887,0.082333,0.235152,32.000000,0.050358,10.210962,0.214150,3284.421776,172.902106
1051,3.358750,0.078542,0.024912,32.000000,0.050358,9.527353,2.021438,3287.780526,172.927018
1052,3.321563,0.104199,0.085925,32.000000,0.050358,9.634019,0.586067,3291.102089,173.012943
1053,3.054159,0.083617,0.297396,32.000000,0.050358,10.477515,0.169329,3294.156248,173.310339
1054,3.297325,0.076344,0.086875,32.000000,0.050358,9.704836,0.579656,3297.453573,173.397215
1055,3.331942,0.069882,0.087132,32.000000,0.050358,9.604008,0.577951,3300.785515,173.484346
1056,3.250980,0.103844,0.075597,32.000000,0.050358,9.843187,0.666138,3304.036495,173.559943
1057,3.242057,0.108006,0.092388,32.000000,0.050358,9.870276,0.545069,3307.278552,173.652331
1058,3.223792,0.087780,0.165452,32.000000,0.050358,9.926200,0.304365,3310.502344,173.817783
1059,3.200864,0.060086,0.202674,32.000000,0.050358,9.997300,0.248467,3313.703208,174.020457
1060,3.149963,0.064507,0.241478,32.000000,0.050358,10.158851,0.208540,3316.853171,174.261935
1061,3.122131,0.057349,0.310639,32.000000,0.050358,10.249411,0.162110,3319.975302,174.572574
1062,3.129542,0.065836,0.206144,32.000000,0.050358,10.225140,0.244284,3323.104843,174.778719
1063,3.201784,0.075762,0.229462,32.000000,0.050358,9.994428,0.219460,3326.306627,175.008181
1064,3.197067,0.063402,0.203079,32.000000,0.050358,10.009175,0.247971,3329.503694,175.211260
1065,3.264474,0.076280,0.002028,32.000000,0.050358,9.802499,24.827403,3332.768167,175.213288
1066,3.195114,0.079325,0.079338,32.000000,0.050358,10.015293,0.634729,3335.963281,175.292626
1067,3.045916,0.061564,0.270712,32.000000,0.050358,10.505870,0.186020,3339.009197,175.563338
1068,3.220080,0.062028,0.194267,32.000000,0.050358,9.937641,0.259219,3342.229277,175.757605
1069,3.057427,0.070754,0.309886,32.000000,0.050358,10.466316,0.162504,3345.286705,176.067491
1070,3.010382,0.079169,0.836538,32.000000,0.050358,10.629880,0.060198,3348.297087,176.904029
1071,2.691193,0.076684,0.001830,32.000000,0.050358,11.890635,27.518024,3350.988280,176.905859
1072,3.173797,0.079806,0.059578,32.000000,0.050358,10.082561,0.845236,3354.162077,176.965437
1073,3.068084,0.057744,0.236531,32.000000,0.050358,10.429963,0.212902,3357.230161,177.201968
1074,3.044026,0.070786,0.276170,32.000000,0.050358,10.512395,0.182344,3360.274186,177.478138
1075,3.209799,0.076711,0.128173,32.000000,0.050358,9.969472,0.392889,3363.483985,177.606311
1076,3.299786,0.076737,0.035828,32.000000,0.050358,9.697598,1.405555,3366.783772,177.642139
1077,3.040679,0.063162,0.260886,32.000000,0.050358,10.523964,0.193026,3369.824451,177.903024
1078,3.029768,0.077799,0.271482,32.000000,0.050358,10.561864,0.185492,3372.854219,178.174506
1079,3.292035,0.060573,0.165627,32.000000,0.050358,9.720432,0.304044,3376.146254,178.340133
1080,3.237474,0.064196,0.161209,32.000000,0.050358,9.884250,0.312376,3379.383728,178.501342
1081,3.271982,0.076294,0.071253,32.000000,0.050358,9.780006,0.706746,3382.655710,178.572595
1082,3.308840,0.076320,0.001755,32.000000,0.050358,9.671062,28.698918,3385.964550,178.574350
1083,3.118063,0.062365,0.254459,32.000000,0.050358,10.262783,0.197901,3389.082612,178.828809
1084,3.306103,0.077268,0.001790,32.000000,0.050358,9.679069,28.128020,3392.388715,178.830599
1085,3.080887,0.084344,0.292426,32.000000,0.050358,10.386620,0.172207,3395.469602,179.123025
1086,3.080071,0.067704,0.240731,32.000000,0.050358,10.389372,0.209187,3398.549673,179.363756
1087,3.035343,0.079963,0.289224,32.000000,0.050358,10.542465,0.174114,3401.585016,179.652980
1088,3.236635,0.081495,0.108151,32.000000,0.050358,9.886812,0.465627,3404.821651,179.761130
1089,3.075648,0.062248,0.783483,32.000000,0.050358,10.404312,0.064274,3407.897298,180.544613
1090,2.834732,0.077136,0.001780,32.000000,0.050358,11.288545,28.287604,3410.732030,180.546394
1091,3.225318,0.076996,0.153974,32.000000,0.050358,9.921502,0.327055,3413.957349,180.700367
1092,3.064422,0.063568,0.277141,32.000000,0.050358,10.442426,0.181705,3417.021771,180.977508
1093,3.047510,0.068604,0.282855,32.000000,0.050358,10.500376,0.178034,3420.069281,181.260364
1094,3.115708,0.087070,0.043986,32.000000,0.050358,10.270539,1.144869,3423.184989,181.304349
1095,2.997344,0.069228,0.263038,32.000000,0.050358,10.676117,0.191447,3426.182333,181.567387
1096,3.166946,0.087981,0.094707,32.000000,0.050358,10.104373,0.531721,3429.349279,181.662094
1097,3.224487,0.075797,0.001846,32.000000,0.050358,9.924059,27.284598,3432.573766,181.663940
1098,3.229886,0.076517,0.001725,32.000000,0.050358,9.907469,29.185325,3435.803652,181.665666
1099,2.871516,0.078638,0.288914,32.000000,0.050358,11.143938,0.174301,3438.675168,181.954579
