step,read_time_sec,compute_time_sec,write_time_sec,data_read_mb,data_written_mb,read_throughput_mb_s,write_throughput_mb_s,cumulative_read_time,cumulative_write_time
1,2.640830,0.498133,0.008047,128.000000,0.196842,48.469618,24.462614,2.640830,0.008047
2,2.145691,0.500619,0.201117,128.000000,0.196842,59.654445,0.978745,4.786520,0.209164
3,2.361934,0.509958,0.001321,128.000000,0.196842,54.192870,149.041579,7.148455,0.210484
4,2.443893,0.496594,0.001420,128.000000,0.196842,52.375460,138.591593,9.592347,0.211905
5,2.324905,0.497246,0.001237,128.000000,0.196842,55.056012,159.142459,11.917252,0.213142
6,2.347778,0.501147,0.001241,128.000000,0.196842,54.519624,158.607865,14.265031,0.214383
7,2.523969,0.510618,0.001287,128.000000,0.196842,50.713777,152.955807,16.789000,0.215670
8,2.491474,0.507213,0.001288,128.000000,0.196842,51.375220,152.801928,19.280473,0.216958
9,2.282864,0.524436,0.147497,128.000000,0.196842,56.069916,1.334550,21.563338,0.364455
10,2.422252,0.504551,0.001311,128.000000,0.196842,52.843393,150.168250,23.985589,0.365766
11,2.358655,0.520809,0.001278,128.000000,0.196842,54.268208,154.056414,26.344245,0.367043
12,2.323524,0.509072,0.001266,128.000000,0.196842,55.088728,155.526071,28.667769,0.368309
13,2.387699,0.508527,0.001292,128.000000,0.196842,53.608092,152.397575,31.055468,0.369601
14,2.391915,0.516291,0.001351,128.000000,0.196842,53.513606,145.739617,33.447383,0.370951
15,2.358799,0.525313,0.001295,128.000000,0.196842,54.264895,151.991718,35.806183,0.372246
16,2.506948,0.514499,0.001202,128.000000,0.196842,51.058104,163.739611,38.313130,0.373449
17,2.495477,0.524217,0.001290,128.000000,0.196842,51.292799,152.641137,40.808607,0.374738
18,2.477679,0.521301,0.001307,128.000000,0.196842,51.661249,150.640924,43.286287,0.376045
19,2.419319,0.542315,0.001316,128.000000,0.196842,52.907456,149.568975,45.705605,0.377361
20,2.273935,0.538998,0.074348,128.000000,0.196842,56.290078,2.647595,47.979541,0.451708
21,2.444982,0.523538,0.001370,128.000000,0.196842,52.352134,143.727643,50.424522,0.453078
22,2.335951,0.531539,0.067869,128.000000,0.196842,54.795675,2.900307,52.760473,0.520947
23,2.401232,0.541768,0.001301,128.000000,0.196842,53.305968,151.271619,55.161705,0.522249
24,2.315616,0.546978,0.001341,128.000000,0.196842,55.276869,146.737281,57.477321,0.523590
25,2.247222,0.549164,0.076910,128.000000,0.196842,56.959217,2.559369,59.724543,0.600501
26,2.420134,0.533792,0.001286,128.000000,0.196842,52.889637,153.067017,62.144677,0.601787
27,2.541785,0.551320,0.001362,128.000000,0.196842,50.358321,144.547826,64.686461,0.603148
28,2.264872,0.548460,0.001491,128.000000,0.196842,56.515328,131.994135,66.951334,0.604640
29,2.379852,0.554058,0.001420,128.000000,0.196842,53.784853,138.648798,69.331186,0.606059
30,2.281500,0.538253,0.009748,128.000000,0.196842,56.103452,20.193301,71.612685,0.615807
31,2.261222,0.552606,0.043003,128.000000,0.196842,56.606569,4.577389,73.873907,0.658810
32,2.270265,0.561096,0.039572,128.000000,0.196842,56.381072,4.974317,76.144172,0.698382
33,2.328035,0.560793,0.001245,128.000000,0.196842,54.981991,158.114435,78.472207,0.699627
34,2.366854,0.545276,0.044112,128.000000,0.196842,54.080232,4.462361,80.839061,0.743739
35,2.272964,0.539573,0.068294,128.000000,0.196842,56.314129,2.882261,83.112025,0.812033
36,2.410423,0.540871,0.001285,128.000000,0.196842,53.102706,153.238488,85.522449,0.813318
37,2.174023,0.553783,0.128924,128.000000,0.196842,58.877019,1.526806,87.696472,0.942242
38,2.450381,0.541824,0.001247,128.000000,0.196842,52.236779,157.833616,90.146853,0.943489
39,2.409582,0.550618,0.001365,128.000000,0.196842,53.121237,144.179695,92.556435,0.944854
40,2.275931,0.535520,0.372065,128.000000,0.196842,56.240723,0.529053,94.832366,1.316919
41,2.450285,1.678286,0.001301,128.000000,0.196842,52.238816,151.295570,97.282651,1.318221
42,2.366346,1.688831,0.001271,128.000000,0.196842,54.091844,154.862769,99.648997,1.319492
43,2.218766,0.532068,0.154436,128.000000,0.196842,57.689720,1.274584,101.867763,1.473928
44,2.558106,0.556597,0.001380,128.000000,0.196842,50.037019,142.612505,104.425869,1.475308
45,2.288483,0.533905,0.236374,128.000000,0.196842,55.932242,0.832759,106.714352,1.711682
46,2.247328,0.553282,0.034383,128.000000,0.196842,56.956527,5.724986,108.961680,1.746065
47,2.370835,0.536322,0.001298,128.000000,0.196842,53.989418,151.641852,111.332515,1.747363
48,2.430403,0.566723,0.001298,128.000000,0.196842,52.666172,151.637062,113.762918,1.748661
49,2.426849,0.535014,0.001324,128.000000,0.196842,52.743294,148.644958,116.189767,1.749985
50,2.393007,0.536971,0.001365,128.000000,0.196842,53.489193,144.209799,118.582773,1.751350
51,2.339320,0.548695,0.006721,128.000000,0.196842,54.716756,29.286589,120.922093,1.758072
52,2.383738,0.540547,0.001304,128.000000,0.196842,53.697170,150.942995,123.305832,1.759376
53,2.343835,0.543300,0.001376,128.000000,0.196842,54.611355,143.039574,125.649667,1.760752
54,2.237513,0.546657,0.196885,128.000000,0.196842,57.206382,0.999785,127.887179,1.957636
55,2.290274,0.536761,0.001294,128.000000,0.196842,55.888518,152.071330,130.177453,1.958931
56,2.271018,0.539889,0.044686,128.000000,0.196842,56.362378,4.405041,132.448471,2.003616
57,2.317660,0.540518,0.001289,128.000000,0.196842,55.228115,152.722023,134.766131,2.004905
58,2.501778,0.539566,0.001336,128.000000,0.196842,51.163613,147.295958,137.267909,2.006242
59,2.321425,0.537508,0.001296,128.000000,0.196842,55.138553,151.861559,139.589334,2.007538
60,2.331690,0.542516,0.136480,128.000000,0.196842,54.895812,1.442279,141.921024,2.144018
61,2.254963,0.557775,0.015002,128.000000,0.196842,56.763677,13.120763,144.175987,2.159020
62,2.119224,0.540084,0.418903,128.000000,0.196842,60.399455,0.469899,146.295211,2.577924
63,2.334398,0.537519,0.001281,128.000000,0.196842,54.832134,153.698070,148.629609,2.579204
64,2.567357,0.545094,0.001364,128.000000,0.196842,49.856726,144.335315,151.196966,2.580568
65,2.468848,0.536040,0.029337,128.000000,0.196842,51.846037,6.709757,153.665814,2.609905
66,2.235050,0.542555,0.193142,128.000000,0.196842,57.269400,1.019158,155.900864,2.803047
67,2.454294,0.563491,0.001348,128.000000,0.196842,52.153494,146.078141,158.355158,2.804394
68,2.232730,0.553173,0.104517,128.000000,0.196842,57.328913,1.883352,160.587889,2.908911
69,2.163134,0.547626,0.307331,128.000000,0.196842,59.173407,0.640489,162.751022,3.216242
70,2.292091,0.539885,0.001463,128.000000,0.196842,55.844212,134.563050,165.043113,3.217705
71,2.326442,0.542389,0.130352,128.000000,0.196842,55.019648,1.510087,167.369555,3.348057
72,2.416266,0.547073,0.001285,128.000000,0.196842,52.974311,153.151811,169.785820,3.349342
73,2.260028,0.553792,0.005165,128.000000,0.196842,56.636471,38.108997,172.045848,3.354507
74,2.247393,0.541611,0.074987,128.000000,0.196842,56.954876,2.625025,174.293241,3.429494
75,2.171176,0.539381,0.211991,128.000000,0.196842,58.954223,0.928542,176.464417,3.641485
76,2.422581,0.541546,0.001303,128.000000,0.196842,52.836204,151.043530,178.886999,3.642788
77,2.356403,0.557779,0.001316,128.000000,0.196842,54.320070,149.608308,181.243402,3.644104
78,2.099568,0.556454,0.221922,128.000000,0.196842,60.964933,0.886987,183.342970,3.866026
79,2.316839,0.547633,0.027309,128.000000,0.196842,55.247696,7.207875,185.659808,3.893335
80,2.338580,0.558093,0.001326,128.000000,0.196842,54.734079,148.399315,187.998388,3.894662
81,2.392065,0.551617,0.001402,128.000000,0.196842,53.510243,140.413713,190.390453,3.896064
82,3.015245,0.538358,0.102451,128.000000,0.196842,42.450949,1.921323,193.405698,3.998515
83,2.149802,0.553845,0.258142,128.000000,0.196842,59.540379,0.762536,195.555500,4.256657
84,2.338174,0.537714,0.018789,128.000000,0.196842,54.743569,10.476206,197.893674,4.275446
85,3.062443,0.542920,0.001393,128.000000,0.196842,41.796692,141.260750,200.956117,4.276839
86,2.322171,0.550811,0.010167,128.000000,0.196842,55.120837,19.361024,203.278288,4.287006
87,2.287977,0.535836,0.091342,128.000000,0.196842,55.944625,2.155007,205.566265,4.378348
88,2.348573,0.559228,0.001308,128.000000,0.196842,54.501172,150.546450,207.914838,4.379656
89,2.363995,0.555446,0.003440,128.000000,0.196842,54.145631,57.213601,210.278833,4.383096
90,2.444496,0.534912,0.001416,128.000000,0.196842,52.362523,139.016383,212.723329,4.384512
91,2.182082,0.539136,0.240829,128.000000,0.196842,58.659561,0.817352,214.905412,4.625341
92,2.416997,0.544809,0.001288,128.000000,0.196842,52.958269,152.883578,217.322409,4.626629
93,2.379997,0.544750,0.001314,128.000000,0.196842,53.781584,149.848390,219.702406,4.627942
94,2.159951,0.566920,0.233987,128.000000,0.196842,59.260592,0.841254,221.862358,4.861929
95,2.238411,0.556219,0.127492,128.000000,0.196842,57.183430,1.543960,224.100768,4.989421
96,2.309490,0.567587,0.001294,128.000000,0.196842,55.423484,152.091187,226.410259,4.990715
97,2.344383,0.561858,0.001386,128.000000,0.196842,54.598592,142.071192,228.754641,4.992101
98,2.257711,0.540701,0.055198,128.000000,0.196842,56.694592,3.566081,231.012352,5.047299
99,2.297229,0.560383,0.021736,128.000000,0.196842,55.719309,9.056015,233.309581,5.069035
100,2.484733,0.554203,0.001430,128.000000,0.196842,51.514593,137.618297,235.794314,5.070465
101,2.288735,0.538925,0.001236,128.000000,0.196842,55.926082,159.214801,238.083049,5.071702
102,2.370749,0.554789,0.018482,128.000000,0.196842,53.991386,10.650286,240.453798,5.090184
103,2.429889,0.539696,0.001309,128.000000,0.196842,52.677297,150.379339,242.883687,5.091493
104,2.260039,0.549834,0.028667,128.000000,0.196842,56.636189,6.866521,245.143726,5.120160
105,2.348235,0.556947,0.001437,128.000000,0.196842,54.509029,136.972767,247.491961,5.121597
106,2.292735,0.543508,0.001308,128.000000,0.196842,55.828521,150.494310,249.784696,5.122905
107,2.159735,0.541005,0.256245,128.000000,0.196842,59.266531,0.768179,251.944431,5.379150
108,2.388758,0.551955,0.001297,128.000000,0.196842,53.584328,151.780411,254.333189,5.380447
109,2.385843,0.540429,0.001299,128.000000,0.196842,53.649811,151.517073,256.719032,5.381746
110,2.480714,0.541644,0.001397,128.000000,0.196842,51.598057,140.912178,259.199745,5.383143
111,2.290586,0.547648,0.036669,128.000000,0.196842,55.880897,5.368130,261.490331,5.419812
112,2.364718,0.564906,0.001313,128.000000,0.196842,54.129071,149.935136,263.855049,5.421125
113,2.253146,0.558622,0.011164,128.000000,0.196842,56.809449,17.631380,266.108196,5.432289
114,2.499209,0.545508,0.001311,128.000000,0.196842,51.216213,150.184175,268.607404,5.433600
115,2.458617,0.556122,0.001419,128.000000,0.196842,52.061788,138.718561,271.066021,5.435019
116,2.364838,0.552228,0.001232,128.000000,0.196842,54.126323,159.712930,273.430860,5.436251
117,2.473270,0.539157,0.001298,128.000000,0.196842,51.753354,151.624564,275.904129,5.437549
118,2.229363,0.555489,0.015114,128.000000,0.196842,57.415510,13.024250,278.133492,5.452663
119,2.394255,0.557835,0.001339,128.000000,0.196842,53.461311,146.981729,280.527747,5.454002
120,2.340096,0.556998,0.052151,128.000000,0.196842,54.698621,3.774448,282.867842,5.506153
121,2.396907,0.539377,0.001309,128.000000,0.196842,53.402158,150.387151,285.264749,5.507462
122,2.409249,0.554595,0.001293,128.000000,0.196842,53.128579,152.255414,287.673999,5.508755
123,2.380655,0.553137,0.023367,128.000000,0.196842,53.766711,8.423786,290.054654,5.532123
124,2.332904,0.540205,0.077209,128.000000,0.196842,54.867248,2.549484,292.387558,5.609331
125,2.164918,0.548367,0.158582,128.000000,0.196842,59.124632,1.241266,294.552476,5.767913
126,2.170626,0.535592,0.153815,128.000000,0.196842,58.969164,1.279734,296.723102,5.921728
127,2.237872,0.541404,0.076783,128.000000,0.196842,57.197196,2.563609,298.960974,5.998511
128,2.525611,0.537918,0.035042,128.000000,0.196842,50.680804,5.617366,301.486585,6.033553
129,2.197071,0.541828,0.224897,128.000000,0.196842,58.259377,0.875253,303.683656,6.258450
130,2.230731,0.528176,0.278024,128.000000,0.196842,57.380293,0.708004,305.914387,6.536474
131,2.057066,0.532591,0.299050,128.000000,0.196842,62.224548,0.658226,307.971453,6.835524
132,2.325680,0.551850,0.001292,128.000000,0.196842,55.037668,152.348154,310.297133,6.836816
133,2.228908,0.554554,0.177339,128.000000,0.196842,57.427227,1.109975,312.526041,7.014155
134,2.460283,0.555637,0.001310,128.000000,0.196842,52.026538,150.263052,314.986324,7.015465
135,2.429563,0.553892,0.001355,128.000000,0.196842,52.684371,145.319789,317.415887,7.016820
136,2.208541,0.546593,0.362038,128.000000,0.196842,57.956803,0.543706,319.624428,7.378858
137,2.339315,0.542099,0.001291,128.000000,0.196842,54.716879,152.486353,321.963743,7.380149
138,2.342762,0.532222,0.001282,128.000000,0.196842,54.636371,153.492288,324.306505,7.381431
139,2.325110,0.533829,0.001267,128.000000,0.196842,55.051164,155.408562,326.631615,7.382698
140,2.486099,0.555819,0.001411,128.000000,0.196842,51.486293,139.505156,329.117713,7.384109
141,2.429461,0.538533,0.136548,128.000000,0.196842,52.686585,1.441563,331.547174,7.520657
142,2.230446,0.532576,0.099342,128.000000,0.196842,57.387632,1.981469,333.777620,7.619998
143,2.196226,0.553838,0.206773,128.000000,0.196842,58.281785,0.951972,335.973846,7.826771
144,2.240853,0.540405,0.009191,128.000000,0.196842,57.121103,21.416474,338.214699,7.835962
145,2.309500,0.543090,0.035722,128.000000,0.196842,55.423244,5.510315,340.524200,7.871685
146,2.513635,0.541527,0.001294,128.000000,0.196842,50.922275,152.113048,343.037835,7.872979
147,2.423902,0.559409,0.001326,128.000000,0.196842,52.807419,148.398755,345.461736,7.874305
148,2.264600,0.537143,0.116310,128.000000,0.196842,56.522119,1.692386,347.726337,7.990616
149,2.425542,0.543916,0.014289,128.000000,0.196842,52.771720,13.775530,350.151878,8.004905
150,2.370733,0.562719,0.001427,128.000000,0.196842,53.991749,137.909475,352.522611,8.006332
151,2.386763,0.542044,0.031113,128.000000,0.196842,53.629128,6.326617,354.909373,8.037446
152,2.484724,0.561747,0.001380,128.000000,0.196842,51.514773,142.617981,357.394098,8.038826
153,2.231606,0.542021,0.056513,128.000000,0.196842,57.357807,3.483101,359.625703,8.095340
154,2.179537,0.564084,0.121102,128.000000,0.196842,58.728062,1.625423,361.805240,8.216442
155,2.368876,0.534128,0.001397,128.000000,0.196842,54.034064,140.926402,364.174116,8.217838
156,2.273947,0.550750,0.001276,128.000000,0.196842,56.289779,154.237966,366.448064,8.219115
157,2.318564,0.553137,0.001342,128.000000,0.196842,55.206586,146.663701,368.766628,8.220457
158,2.318959,0.555418,0.001309,128.000000,0.196842,55.197186,150.386347,371.085587,8.221766
159,2.395394,0.561224,0.112753,128.000000,0.196842,53.435886,1.745781,373.480981,8.334519
160,2.349507,0.541215,0.001329,128.000000,0.196842,54.479510,148.138204,375.830488,8.335848
161,2.401464,0.557313,0.001715,128.000000,0.196842,53.300819,114.810061,378.231952,8.337562
162,2.425934,0.555522,0.001351,128.000000,0.196842,52.763192,145.711567,380.657885,8.338913
163,2.384610,0.542319,0.001372,128.000000,0.196842,53.677540,143.457916,383.042495,8.340285
164,2.352449,0.541827,0.008168,128.000000,0.196842,54.411381,24.099023,385.394944,8.348453
165,2.453022,0.557981,0.001308,128.000000,0.196842,52.180529,150.453130,387.847967,8.349761
166,2.382493,0.537521,0.357580,128.000000,0.196842,53.725244,0.550484,390.230459,8.707342
167,2.035723,0.560950,0.001390,128.000000,0.196842,62.876931,141.646921,392.266182,8.708731
168,2.320399,0.560214,0.050826,128.000000,0.196842,55.162924,3.872854,394.586581,8.759557
169,2.210206,0.560443,0.001221,128.000000,0.196842,57.913147,161.176033,396.796787,8.760779
170,2.382525,0.557661,0.009179,128.000000,0.196842,53.724512,21.444504,399.179313,8.769958
171,2.252719,0.564727,0.214085,128.000000,0.196842,56.820216,0.919459,401.432032,8.984043
172,2.309348,0.548859,0.012354,128.000000,0.196842,55.426911,15.933620,403.741379,8.996396
173,2.503815,0.561507,0.001369,128.000000,0.196842,51.121993,143.755774,406.245194,8.997766
174,2.434941,0.547769,0.001376,128.000000,0.196842,52.567998,143.001957,408.680136,8.999142
175,2.466711,0.539732,0.001359,128.000000,0.196842,51.890953,144.848312,411.146847,9.000501
176,2.785337,0.562084,0.001303,128.000000,0.196842,45.954939,151.063815,413.932184,9.001804
177,2.112775,0.557636,0.372918,128.000000,0.196842,60.583821,0.527843,416.044960,9.374722
178,2.341719,0.552060,0.028269,128.000000,0.196842,54.660704,6.963238,418.386678,9.402991
179,2.336963,0.562135,0.051992,128.000000,0.196842,54.771946,3.786017,420.723641,9.454983
180,2.320031,0.554663,0.001325,128.000000,0.196842,55.171683,148.509597,423.043672,9.456309
181,2.363176,0.563058,0.001269,128.000000,0.196842,54.164406,155.075665,425.406847,9.457578
182,2.454815,0.551666,0.001412,128.000000,0.196842,52.142427,139.400038,427.861662,9.458990
183,2.270831,0.559127,0.042754,128.000000,0.196842,56.367035,4.604021,430.132493,9.501744
184,2.338913,0.541644,0.001281,128.000000,0.196842,54.726284,153.667713,432.471406,9.503025
185,2.383316,0.541929,0.001353,128.000000,0.196842,53.706687,145.512940,434.854722,9.504378
186,2.224043,0.548437,0.124878,128.000000,0.196842,57.552850,1.576278,437.078764,9.629256
187,2.399934,0.541019,0.047961,128.000000,0.196842,53.334801,4.104229,439.478698,9.677217
188,2.344918,0.560743,0.001355,128.000000,0.196842,54.586132,145.222977,441.823616,9.678572
189,2.287175,0.562680,0.014983,128.000000,0.196842,55.964247,13.137351,444.110791,9.693556
190,2.522859,0.545931,0.001356,128.000000,0.196842,50.736081,145.186237,446.633650,9.694911
191,2.344093,0.602149,0.001306,128.000000,0.196842,54.605336,150.732514,448.977743,9.696217
192,2.240542,0.558642,0.062537,128.000000,0.196842,57.129034,3.147603,451.218285,9.758754
193,2.326001,0.545897,0.026278,128.000000,0.196842,55.030080,7.490791,453.544286,9.785032
194,2.351854,0.549216,0.001343,128.000000,0.196842,54.425154,146.577642,455.896140,9.786375
195,2.282813,0.543926,0.053245,128.000000,0.196842,56.071174,3.696940,458.178953,9.839620
196,2.433994,0.571585,0.001327,128.000000,0.196842,52.588462,148.316348,460.612947,9.840947
197,2.391191,0.548758,0.001301,128.000000,0.196842,53.529805,151.326509,463.004138,9.842248
198,2.509672,0.548440,0.001415,128.000000,0.196842,51.002690,139.113942,465.513809,9.843663
199,2.462002,0.540718,0.001349,128.000000,0.196842,51.990203,145.875919,467.975812,9.845012
200,2.319389,0.536543,0.075557,128.000000,0.196842,55.186951,2.605228,470.295201,9.920569
201,2.440241,0.553632,0.001288,128.000000,0.196842,52.453828,152.858528,472.735442,9.921857
202,2.217523,0.543614,0.047570,128.000000,0.196842,57.722057,4.137909,474.952965,9.969427
203,2.291965,0.544503,0.035005,128.000000,0.196842,55.847264,5.623255,477.244931,10.004432
204,2.383298,0.544737,0.001305,128.000000,0.196842,53.707081,150.859472,479.628229,10.005737
205,2.225167,0.559511,0.191618,128.000000,0.196842,57.523784,1.027264,481.853396,10.197355
206,2.159613,0.559080,0.172063,128.000000,0.196842,59.269879,1.144015,484.013008,10.369417
207,2.520268,0.539624,0.001363,128.000000,0.196842,50.788246,144.471123,486.533277,10.370780
208,2.346333,0.558107,0.001273,128.000000,0.196842,54.553214,154.605149,488.879610,10.372053
209,2.329936,0.564224,0.113247,128.000000,0.196842,54.937136,1.738163,491.209545,10.485300
210,2.449326,0.556772,0.001297,128.000000,0.196842,52.259274,151.810026,493.658871,10.486597
211,2.627215,0.544873,0.001462,128.000000,0.196842,48.720786,134.652614,496.286087,10.488059
212,2.328877,0.559593,0.001376,128.000000,0.196842,54.962117,143.059430,498.614964,10.489435
213,2.616032,0.563027,0.001301,128.000000,0.196842,48.929066,151.272200,501.230996,10.490736
214,2.480971,0.567543,0.001297,128.000000,0.196842,51.592703,151.821970,503.711967,10.492033
215,2.484448,0.549100,0.013063,128.000000,0.196842,51.520499,15.068522,506.196415,10.505096
216,2.433742,0.558269,0.034911,128.000000,0.196842,52.593899,5.638388,508.630157,10.540007
217,2.336770,0.561891,0.001329,128.000000,0.196842,54.776474,148.140768,510.966927,10.541336
218,2.367709,0.542997,0.001377,128.000000,0.196842,54.060701,142.975990,513.334635,10.542712
219,2.216364,0.559168,0.097402,128.000000,0.196842,57.752257,2.020934,515.550999,10.640114
220,2.466685,0.565476,0.001297,128.000000,0.196842,51.891514,151.786263,518.017684,10.641411
221,2.369085,0.544487,0.001453,128.000000,0.196842,54.029307,135.498780,520.386768,10.642863
222,2.313327,0.563502,0.112007,128.000000,0.196842,55.331564,1.757406,522.700095,10.754871
223,2.310458,0.542976,0.048516,128.000000,0.196842,55.400282,4.057224,525.010553,10.803387
224,2.240970,0.545343,0.170602,128.000000,0.196842,57.118129,1.153811,527.251523,10.973989
225,2.657539,0.562601,0.001345,128.000000,0.196842,48.164864,146.304299,529.909062,10.975334
226,2.380303,0.558877,0.001401,128.000000,0.196842,53.774656,140.483160,532.289365,10.976735
227,2.564306,0.564518,0.001310,128.000000,0.196842,49.916049,150.249632,534.853671,10.978046
228,2.329112,0.541016,0.006429,128.000000,0.196842,54.956569,30.618103,537.182782,10.984475
229,2.239130,0.560243,0.010825,128.000000,0.196842,57.165061,18.183712,539.421912,10.995300
230,2.335965,0.567687,0.001237,128.000000,0.196842,54.795342,159.170384,541.757877,10.996536
231,2.401364,0.565711,0.001431,128.000000,0.196842,53.303049,137.549155,544.159241,10.997967
232,2.064174,0.558104,0.280681,128.000000,0.196842,62.010282,0.701303,546.223415,11.278648
233,2.305696,0.552648,0.022489,128.000000,0.196842,55.514691,8.752718,548.529111,11.301138
234,2.238961,0.563911,0.040531,128.000000,0.196842,57.169379,4.856540,550.768072,11.341669
235,2.221102,0.544051,0.197106,128.000000,0.196842,57.629058,0.998660,552.989173,11.538775
236,2.478771,0.562333,0.001386,128.000000,0.196842,51.638484,142.040436,555.467945,11.540161
237,2.220170,0.574437,0.174130,128.000000,0.196842,57.653248,1.130430,557.688115,11.714291
238,2.329790,0.547641,0.026244,128.000000,0.196842,54.940576,7.500506,560.017904,11.740535
239,2.185732,0.564131,0.094009,128.000000,0.196842,58.561630,2.093876,562.203636,11.834544
240,2.462006,0.562510,0.001298,128.000000,0.196842,51.990130,151.617907,564.665642,11.835842
241,2.285874,0.565585,0.078645,128.000000,0.196842,55.996083,2.502908,566.951516,11.914487
242,2.337869,0.560996,0.008774,128.000000,0.196842,54.750723,22.433854,569.289385,11.923262
243,2.370666,0.549248,0.001305,128.000000,0.196842,53.993268,150.803649,571.660051,11.924567
244,2.439286,0.563011,0.007033,128.000000,0.196842,52.474377,27.988117,574.099336,11.931600
245,2.260419,0.559551,0.081986,128.000000,0.196842,56.626675,2.400933,576.359755,12.013586
246,2.439369,0.560817,0.001347,128.000000,0.196842,52.472590,146.174251,578.799124,12.014933
247,2.343397,0.563005,0.001243,128.000000,0.196842,54.621550,158.336371,581.142521,12.016176
248,2.339006,0.560578,0.019589,128.000000,0.196842,54.724102,10.048784,583.481527,12.035764
249,2.333069,0.560240,0.015103,128.000000,0.196842,54.863363,13.033053,585.814596,12.050868
250,2.359106,0.564286,0.001345,128.000000,0.196842,54.257841,146.390256,588.173702,12.052212
251,2.279705,0.545462,0.132792,128.000000,0.196842,56.147621,1.482339,590.453407,12.185004
252,2.425210,0.563384,0.001380,128.000000,0.196842,52.778937,142.611885,592.878617,12.186384
253,2.279348,0.561881,0.190891,128.000000,0.196842,56.156401,1.031176,595.157965,12.377275
254,2.385670,0.559565,0.001243,128.000000,0.196842,53.653684,158.356752,597.543635,12.378518
255,2.373756,0.555314,0.001273,128.000000,0.196842,53.922977,154.671236,599.917392,12.379791
256,2.334115,0.561758,0.001336,128.000000,0.196842,54.838783,147.351420,602.251506,12.381127
257,2.400670,0.556496,0.001246,128.000000,0.196842,53.318439,157.983726,604.652177,12.382373
258,2.341020,0.544731,0.052913,128.000000,0.196842,54.677027,3.720100,606.993196,12.435286
259,2.313710,0.574551,0.040880,128.000000,0.196842,55.322411,4.815167,609.306906,12.476165
260,2.343916,0.564012,0.040723,128.000000,0.196842,54.609464,4.833725,611.650822,12.516888
261,2.362673,0.560577,0.001333,128.000000,0.196842,54.175925,147.639876,614.013495,12.518221
262,2.533901,0.557211,0.001315,128.000000,0.196842,50.514994,149.730986,616.547396,12.519536
263,2.275022,0.562530,0.078490,128.000000,0.196842,56.263201,2.507879,618.822418,12.598025
264,2.444632,0.566347,0.001322,128.000000,0.196842,52.359629,148.907635,621.267049,12.599347
265,2.252813,0.564070,0.061904,128.000000,0.196842,56.817856,3.179779,623.519862,12.661252
266,2.567944,0.560709,0.001368,128.000000,0.196842,49.845322,143.841809,626.087806,12.662620
267,2.321651,0.562851,0.142227,128.000000,0.196842,55.133168,1.383997,628.409458,12.804848
268,2.390940,0.564908,0.001295,128.000000,0.196842,53.535440,151.978809,630.800397,12.806143
269,2.223656,0.553327,0.095558,128.000000,0.196842,57.562859,2.059925,633.024054,12.901701
270,2.121514,0.550100,0.302471,128.000000,0.196842,60.334274,0.650780,635.145567,13.204172
271,2.237162,0.554871,0.143577,128.000000,0.196842,57.215340,1.370989,637.382730,13.347749
272,2.274138,0.548567,0.011275,128.000000,0.196842,56.285061,17.459019,639.656868,13.359023
273,2.273135,0.565832,0.033184,128.000000,0.196842,56.309892,5.931859,641.930003,13.392207
274,2.261010,0.564266,0.047128,128.000000,0.196842,56.611869,4.176755,644.191013,13.439335
275,2.328496,0.564474,0.080903,128.000000,0.196842,54.971095,2.433066,646.519509,13.520238
276,2.274392,0.559751,0.001357,128.000000,0.196842,56.278788,145.066827,648.793901,13.521595
277,2.231223,0.564564,0.228211,128.000000,0.196842,57.367651,0.862545,651.025124,13.749806
278,2.578855,0.564275,0.001303,128.000000,0.196842,49.634423,151.102430,653.603979,13.751108
279,2.534274,0.569715,0.001322,128.000000,0.196842,50.507559,148.886911,656.138253,13.752430
280,2.372744,0.546528,0.001284,128.000000,0.196842,53.945984,153.350229,658.510997,13.753714
281,2.340276,0.562793,0.044379,128.000000,0.196842,54.694404,4.435447,660.851273,13.798093
282,2.325105,0.562971,0.001285,128.000000,0.196842,55.051286,153.197105,663.176378,13.799378
283,2.395261,0.543944,0.001303,128.000000,0.196842,53.438855,151.054657,665.571638,13.800681
284,2.375404,0.547935,0.001342,128.000000,0.196842,53.885581,146.732797,667.947042,13.802023
285,2.385519,0.570968,0.001322,128.000000,0.196842,53.657097,148.859663,670.332561,13.803345
286,2.340690,0.567180,0.001357,128.000000,0.196842,54.684727,145.033479,672.673251,13.804703
287,2.285391,0.564909,0.114949,128.000000,0.196842,56.007926,1.712438,674.958641,13.919651
288,2.247034,0.570608,0.054811,128.000000,0.196842,56.963989,3.591294,677.205675,13.974462
289,2.471690,0.566373,0.001362,128.000000,0.196842,51.786433,144.573305,679.677365,13.975824
290,2.479393,0.555591,0.001323,128.000000,0.196842,51.625548,148.781578,682.156757,13.977147
291,2.382731,0.563523,0.001371,128.000000,0.196842,53.719862,143.613449,684.539489,13.978517
292,2.408273,0.565151,0.001317,128.000000,0.196842,53.150112,149.488668,686.947762,13.979834
293,2.406735,0.549652,0.006459,128.000000,0.196842,53.184076,30.475853,689.354498,13.986293
294,2.350889,0.562761,0.001305,128.000000,0.196842,54.447493,150.886763,691.705386,13.987597
295,2.350973,0.567978,0.001315,128.000000,0.196842,54.445534,149.638105,694.056360,13.988913
296,2.416977,0.567962,0.001372,128.000000,0.196842,52.958722,143.438368,696.473337,13.990285
297,2.381108,0.564473,0.001322,128.000000,0.196842,53.756493,148.844017,698.854444,13.991608
298,2.450667,0.563118,0.001314,128.000000,0.196842,52.230682,149.810185,701.305111,13.992922
299,2.174137,0.564728,0.218421,128.000000,0.196842,58.873924,0.901205,703.479248,14.211343
300,2.260039,0.564280,0.123485,128.000000,0.196842,56.636195,1.594064,705.739287,14.334827
301,2.435311,0.567427,0.001365,128.000000,0.196842,52.560022,144.173676,708.174598,14.336193
302,2.396333,0.568752,0.001248,128.000000,0.196842,53.414947,157.678737,710.570931,14.337441
303,2.823045,0.575711,0.001343,128.000000,0.196842,45.341110,146.527887,713.393976,14.338784
304,2.460393,0.570540,0.001297,128.000000,0.196842,52.024216,151.757476,715.854369,14.340082
305,2.390302,0.562849,0.001318,128.000000,0.196842,53.549729,149.377155,718.244671,14.341399
306,2.262874,0.565161,0.086420,128.000000,0.196842,56.565243,2.277746,720.507544,14.427819
307,2.380250,0.552452,0.007753,128.000000,0.196842,53.775856,25.389387,722.887795,14.435572
308,2.443681,0.571566,0.001367,128.000000,0.196842,52.380001,144.029152,725.331475,14.436939
309,2.350243,0.571367,0.001278,128.000000,0.196842,54.462462,154.020733,727.681718,14.438217
310,2.382717,0.567897,0.040954,128.000000,0.196842,53.720194,4.806451,730.064435,14.479170
311,2.181075,0.555380,0.095225,128.000000,0.196842,58.686670,2.067135,732.245509,14.574395
312,2.190165,0.568587,0.131287,128.000000,0.196842,58.443079,1.499327,734.435674,14.705682
313,2.308244,0.548458,0.001316,128.000000,0.196842,55.453404,149.535797,736.743919,14.706998
314,2.219481,0.567099,0.248294,128.000000,0.196842,57.671128,0.792779,738.963400,14.955292
315,2.349601,0.547442,0.001397,128.000000,0.196842,54.477340,140.859440,741.313001,14.956690
316,2.254430,0.553831,0.320434,128.000000,0.196842,56.777097,0.614298,743.567431,15.277124
317,2.242502,0.570722,0.091850,128.000000,0.196842,57.079113,2.143093,745.809933,15.368974
318,2.434340,0.548631,0.001381,128.000000,0.196842,52.580997,142.554358,748.244272,15.370354
319,2.457523,0.565126,0.001288,128.000000,0.196842,52.084963,152.886666,750.701795,15.371642
320,2.419537,0.554430,0.001388,128.000000,0.196842,52.902678,141.838500,753.121333,15.373030
321,2.218217,0.561514,0.096454,128.000000,0.196842,57.704015,2.040792,755.339549,15.469484
322,2.319380,0.552130,0.050627,128.000000,0.196842,55.187158,3.888060,757.658929,15.520111
323,2.420043,0.553231,0.001305,128.000000,0.196842,52.891633,150.845137,760.078972,15.521416
324,2.372222,0.567183,0.001327,128.000000,0.196842,53.957848,148.298358,762.451194,15.522743
325,2.350014,0.556325,0.001317,128.000000,0.196842,54.467754,149.407994,764.801208,15.524061
326,2.374680,0.560445,0.011649,128.000000,0.196842,53.902007,16.897485,767.175888,15.535710
327,2.263224,0.567085,0.021885,128.000000,0.196842,56.556485,8.994557,769.439112,15.557594
328,2.385096,0.576467,0.001297,128.000000,0.196842,53.666613,151.737939,771.824207,15.558892
329,2.395869,0.548836,0.001266,128.000000,0.196842,53.425299,155.463549,774.220076,15.560158
330,3.303614,0.564820,0.001303,128.000000,0.196842,38.745449,151.118671,777.523690,15.561460
331,2.098593,0.559004,0.361305,128.000000,0.196842,60.993253,0.544809,779.622283,15.922765
332,2.468877,0.568961,0.001371,128.000000,0.196842,51.845433,143.603914,782.091160,15.924136
333,2.365982,0.549757,0.001320,128.000000,0.196842,54.100151,149.083231,784.457142,15.925457
334,2.350966,0.570883,0.001411,128.000000,0.196842,54.445706,139.462853,786.808108,15.926868
335,2.459820,0.568311,0.001381,128.000000,0.196842,52.036327,142.485840,789.267928,15.928249
336,2.387474,0.561544,0.001412,128.000000,0.196842,53.613142,139.443489,791.655402,15.929661
337,2.482785,0.570238,0.001376,128.000000,0.196842,51.555018,143.099470,794.138187,15.931037
338,2.281175,0.566502,0.069724,128.000000,0.196842,56.111442,2.823158,796.419362,16.000761
339,2.465276,0.577070,0.001347,128.000000,0.196842,51.921173,146.137246,798.884637,16.002108
340,2.402114,0.576831,0.001324,128.000000,0.196842,53.286406,148.647652,801.286751,16.003432
341,2.462587,0.579177,0.001330,128.000000,0.196842,51.977853,148.018121,803.749338,16.004762
342,2.303276,0.558018,0.112169,128.000000,0.196842,55.573030,1.754870,806.052614,16.116931
343,2.895048,0.573683,0.001298,128.000000,0.196842,44.213426,151.622696,808.947662,16.118229
344,2.259851,0.573018,0.001328,128.000000,0.196842,56.640909,148.262725,811.207513,16.119557
345,2.353159,0.554814,0.001306,128.000000,0.196842,54.394961,150.703895,813.560672,16.120863
346,2.552766,0.553034,0.001315,128.000000,0.196842,50.141688,149.719711,816.113438,16.122178
347,2.369701,0.568681,0.012292,128.000000,0.196842,54.015259,16.013953,818.483138,16.134470
348,2.420006,0.574483,0.001325,128.000000,0.196842,52.892425,148.615554,820.903145,16.135794
349,2.376554,0.555812,0.001294,128.000000,0.196842,53.859494,152.085899,823.279699,16.137088
350,2.223536,0.570195,0.058261,128.000000,0.196842,57.565973,3.378655,825.503235,16.195349
351,2.323264,0.558693,0.001293,128.000000,0.196842,55.094907,152.185256,827.826498,16.196642
352,2.143653,0.556334,0.149044,128.000000,0.196842,59.711144,1.320696,829.970152,16.345687
353,2.338994,0.558487,0.010208,128.000000,0.196842,54.724377,19.282428,832.309146,16.355895
354,2.432149,0.565460,0.001299,128.000000,0.196842,52.628352,151.491070,834.741295,16.357194
355,2.336468,0.549991,0.001330,128.000000,0.196842,54.783553,147.982734,837.077763,16.358525
356,2.210173,0.552359,0.252801,128.000000,0.196842,57.914008,0.778646,839.287936,16.611325
357,2.385358,0.553925,0.001382,128.000000,0.196842,53.660719,142.453977,841.673294,16.612707
358,2.308161,0.553915,0.037468,128.000000,0.196842,55.455409,5.253667,843.981454,16.650175
359,2.301701,0.566167,0.001285,128.000000,0.196842,55.611043,153.151096,846.283156,16.651460
360,2.409510,0.577353,0.001320,128.000000,0.196842,53.122835,149.140613,848.692666,16.652780
361,2.276265,0.554834,0.151495,128.000000,0.196842,56.232477,1.299333,850.968930,16.804275
362,2.275514,0.557761,0.040442,128.000000,0.196842,56.251034,4.867246,853.244444,16.844717
363,2.223500,0.569239,0.117042,128.000000,0.196842,57.566895,1.681803,855.467944,16.961759
364,2.253933,0.570415,0.010393,128.000000,0.196842,56.789632,18.938996,857.721877,16.972153
365,2.210141,0.554709,0.057587,128.000000,0.196842,57.914846,3.418172,859.932018,17.029740
366,2.297856,0.574717,0.035523,128.000000,0.196842,55.704092,5.541293,862.229874,17.065262
367,2.372742,0.556837,0.001439,128.000000,0.196842,53.946036,136.811117,864.602616,17.066701
368,2.313040,0.569228,0.001372,128.000000,0.196842,55.338427,143.489289,866.915656,17.068073
369,2.376770,0.554831,0.001366,128.000000,0.196842,53.854610,144.146542,869.292426,17.069439
370,2.337038,0.555475,0.001261,128.000000,0.196842,54.770193,156.097722,871.629463,17.070700
371,2.346132,0.556917,0.022565,128.000000,0.196842,54.557879,8.723154,873.975595,17.093265
372,2.338818,0.561428,0.001404,128.000000,0.196842,54.728496,140.153277,876.314414,17.094670
373,2.503564,0.581147,0.001315,128.000000,0.196842,51.127112,149.706161,878.817978,17.095984
374,2.318814,0.564645,0.176789,128.000000,0.196842,55.200641,1.113429,881.136791,17.272774
375,2.291585,0.570330,0.057941,128.000000,0.196842,55.856533,3.397283,883.428376,17.330715
376,2.270917,0.574181,0.001254,128.000000,0.196842,56.364890,156.934528,885.699294,17.331969
377,2.360494,0.572580,0.001346,128.000000,0.196842,54.225942,146.287555,888.059787,17.333315
378,2.315547,0.558709,0.001299,128.000000,0.196842,55.278513,151.541336,890.375334,17.334614
379,2.297663,0.570977,0.047621,128.000000,0.196842,55.708778,4.133502,892.672998,17.382235
380,2.354893,0.581822,0.001313,128.000000,0.196842,54.354914,149.956953,895.027890,17.383547
381,2.418443,0.568206,0.001307,128.000000,0.196842,52.926616,150.633085,897.446333,17.384854
382,2.202013,0.577073,0.015628,128.000000,0.196842,58.128618,12.595284,899.648347,17.400482
383,2.184980,0.576135,0.409981,128.000000,0.196842,58.581763,0.480125,901.833327,17.810463
384,2.425177,0.570883,0.001295,128.000000,0.196842,52.779655,151.997586,904.258504,17.811758
385,2.339034,0.565250,0.001310,128.000000,0.196842,54.723455,150.300914,906.597538,17.813068
386,2.301480,0.571209,0.001254,128.000000,0.196842,55.616380,156.929899,908.899018,17.814322
387,2.288627,0.571828,0.123433,128.000000,0.196842,55.928736,1.594730,911.187645,17.937755
388,2.496438,0.558872,0.001305,128.000000,0.196842,51.273047,150.854732,913.684083,17.939060
389,2.315446,0.563715,0.019589,128.000000,0.196842,55.280921,10.048460,915.999529,17.958649
390,2.294929,0.581130,0.001298,128.000000,0.196842,55.775147,151.593971,918.294458,17.959948
391,2.206916,0.570244,0.315450,128.000000,0.196842,57.999495,0.624004,920.501374,18.275398
392,2.244060,0.573552,0.036678,128.000000,0.196842,57.039479,5.366736,922.745434,18.312076
393,2.263778,0.577263,0.028381,128.000000,0.196842,56.542655,6.935773,925.009211,18.340457
394,2.429670,0.571533,0.001294,128.000000,0.196842,52.682045,152.132916,927.438882,18.341751
395,2.475718,0.574732,0.001318,128.000000,0.196842,51.702183,149.349500,929.914599,18.343069
396,2.627041,0.558007,0.045397,128.000000,0.196842,48.724017,4.336046,932.541640,18.388466
397,2.296450,0.572773,0.001353,128.000000,0.196842,55.738209,145.492290,934.838090,18.389819
398,2.182876,0.580851,0.203054,128.000000,0.196842,58.638247,0.969407,937.020966,18.592873
399,2.335857,0.574572,0.001248,128.000000,0.196842,54.797867,157.708046,939.356823,18.594121
400,2.224826,0.572346,0.045295,128.000000,0.196842,57.532599,4.345763,941.581649,18.639416
401,2.460664,0.568866,0.001406,128.000000,0.196842,52.018476,140.027056,944.042313,18.640822
402,2.330752,0.558347,0.037110,128.000000,0.196842,54.917894,5.304358,946.373065,18.677931
403,2.043247,0.574250,0.357178,128.000000,0.196842,62.645381,0.551104,948.416312,19.035110
404,2.391836,0.573074,0.001307,128.000000,0.196842,53.515383,150.614183,950.808148,19.036417
405,2.374383,0.578984,0.001304,128.000000,0.196842,53.908753,150.909320,953.182530,19.037721
406,2.416148,0.560024,0.001309,128.000000,0.196842,52.976885,150.378994,955.598679,19.039030
407,2.355283,0.575158,0.001378,128.000000,0.196842,54.345915,142.847849,957.953961,19.040408
408,2.322500,0.580743,0.036244,128.000000,0.196842,55.113013,5.431057,960.276462,19.076652
409,2.500927,0.579904,0.001326,128.000000,0.196842,51.181028,148.437251,962.777389,19.077978
410,2.203341,0.560423,0.089573,128.000000,0.196842,58.093584,2.197551,964.980730,19.167551
411,2.246364,0.568797,0.050063,128.000000,0.196842,56.980967,3.931923,967.227094,19.217614
412,2.311222,0.557875,0.053056,128.000000,0.196842,55.381969,3.710056,969.538316,19.270670
413,2.157440,0.554530,0.172651,128.000000,0.196842,59.329576,1.140117,971.695756,19.443321
414,2.293176,0.561340,0.001285,128.000000,0.196842,55.817779,153.193051,973.988932,19.444606
415,2.307663,0.569765,0.089621,128.000000,0.196842,55.467376,2.196385,976.296595,19.534227
416,2.447797,0.553954,0.001316,128.000000,0.196842,52.291915,149.599780,978.744392,19.535543
417,2.231906,0.552131,0.164508,128.000000,0.196842,57.350097,1.196554,980.976297,19.700050
418,2.212622,0.558670,0.271095,128.000000,0.196842,57.849906,0.726100,983.188920,19.971145
419,2.203990,0.568795,0.272449,128.000000,0.196842,58.076482,0.722493,985.392910,20.243594
420,2.094848,0.574656,0.370092,128.000000,0.196842,61.102277,0.531874,987.487758,20.613686
421,2.317031,0.554830,0.001242,128.000000,0.196842,55.243117,158.484761,989.804789,20.614928
422,2.224750,0.570348,0.042231,128.000000,0.196842,57.534545,4.661046,992.029539,20.657160
423,2.230301,0.557014,0.034440,128.000000,0.196842,57.391351,5.715516,994.259840,20.691599
424,2.284015,0.569274,0.133522,128.000000,0.196842,56.041659,1.474233,996.543856,20.825121
425,2.143485,0.568718,0.191235,128.000000,0.196842,59.715849,1.029323,998.687340,21.016356
426,2.220971,0.553539,0.086444,128.000000,0.196842,57.632458,2.277115,1000.908311,21.102800
427,2.492460,0.570398,0.001399,128.000000,0.196842,51.354887,140.663157,1003.400771,21.104199
428,2.430338,0.571919,0.001298,128.000000,0.196842,52.667581,151.680179,1005.831108,21.105497
429,2.559213,0.583268,0.001291,128.000000,0.196842,50.015374,152.435340,1008.390322,21.106788
430,2.297048,0.557269,0.042463,128.000000,0.196842,55.723683,4.635614,1010.687370,21.149251
431,2.181494,0.556760,0.129872,128.000000,0.196842,58.675392,1.515659,1012.868864,21.279123
432,2.075793,0.577195,0.545917,128.000000,0.196842,61.663176,0.360572,1014.944657,21.825041
433,2.364707,0.571914,0.001373,128.000000,0.196842,54.129319,143.369729,1017.309364,21.826414
434,2.409497,0.577010,0.001322,128.000000,0.196842,53.123116,148.883983,1019.718862,21.827736
435,2.311612,0.572127,0.001378,128.000000,0.196842,55.372619,142.838520,1022.030473,21.829114
436,3.551097,0.559820,0.001273,128.000000,0.196842,36.045199,154.580624,1025.581570,21.830387
437,2.306599,0.570395,0.132654,128.000000,0.196842,55.492959,1.483877,1027.888169,21.963041
438,2.355954,0.576066,0.001481,128.000000,0.196842,54.330428,132.867717,1030.244124,21.964523
439,2.334363,0.575568,0.033663,128.000000,0.196842,54.832939,5.847491,1032.578487,21.998185
440,2.300048,0.582590,0.054691,128.000000,0.196842,55.651020,3.599172,1034.878534,22.052876
441,1.994412,0.583299,0.278027,128.000000,0.196842,64.179307,0.707997,1036.872947,22.330903
442,2.236433,0.572361,0.012270,128.000000,0.196842,57.233997,16.043093,1039.109380,22.343173
443,2.427549,0.577398,0.001428,128.000000,0.196842,52.728081,137.867458,1041.536929,22.344600
444,2.314152,0.571246,0.103595,128.000000,0.196842,55.311829,1.900119,1043.851081,22.448195
445,2.263825,0.573889,0.001233,128.000000,0.196842,56.541479,159.611140,1046.114906,22.449428
446,2.443003,0.559543,0.001306,128.000000,0.196842,52.394525,150.772346,1048.557909,22.450734
447,2.286154,0.568645,0.041592,128.000000,0.196842,55.989240,4.732728,1050.844063,22.492325
448,2.291966,0.572882,0.115739,128.000000,0.196842,55.847254,1.700747,1053.136029,22.608064
449,2.170598,0.554350,0.193861,128.000000,0.196842,58.969935,1.015378,1055.306626,22.801925
450,2.365949,0.566712,0.009783,128.000000,0.196842,54.100906,20.119937,1057.672576,22.811709
451,2.342498,0.569238,0.013106,128.000000,0.196842,54.642518,15.019496,1060.015074,22.824814
452,2.489462,0.571981,0.001327,128.000000,0.196842,51.416738,148.360839,1062.504535,22.826141
453,2.412647,0.572763,0.001378,128.000000,0.196842,53.053752,142.835929,1064.917183,22.827519
454,2.325976,0.559081,0.001299,128.000000,0.196842,55.030666,151.536319,1067.243159,22.828818
455,2.383292,0.574780,0.001323,128.000000,0.196842,53.707223,148.774494,1069.626451,22.830141
456,2.458820,0.558099,0.026559,128.000000,0.196842,52.057484,7.411604,1072.085271,22.856700
457,2.301676,0.558855,0.039590,128.000000,0.196842,55.611644,4.972006,1074.386947,22.896290
458,2.342016,0.555889,0.001309,128.000000,0.196842,54.653776,150.405077,1076.728963,22.897599
459,2.302391,0.557425,0.029751,128.000000,0.196842,55.594384,6.616402,1079.031354,22.927349
460,2.435616,0.581768,0.001381,128.000000,0.196842,52.553449,142.540938,1081.466969,22.928730
461,2.338831,0.567928,0.013248,128.000000,0.196842,54.728188,14.858115,1083.805801,22.941979
462,2.244064,0.571291,0.012681,128.000000,0.196842,57.039376,15.522249,1086.049865,22.954660
463,3.186747,0.580112,0.001353,128.000000,0.196842,40.166354,145.480570,1089.236611,22.956013
464,2.372732,0.554952,0.001301,128.000000,0.196842,53.946250,151.314178,1091.609343,22.957314
465,2.208000,0.562221,0.122884,128.000000,0.196842,57.971009,1.601860,1093.817344,23.080197
466,2.369497,0.577118,0.001308,128.000000,0.196842,54.019913,150.480159,1096.186840,23.081505
467,2.399745,0.565633,0.001305,128.000000,0.196842,53.339004,150.826181,1098.586585,23.082810
468,2.423231,0.577788,0.001360,128.000000,0.196842,52.822029,144.746912,1101.009817,23.084170
469,2.534640,0.562600,0.001316,128.000000,0.196842,50.500266,149.573521,1103.544457,23.085486
470,2.255595,0.574080,0.009549,128.000000,0.196842,56.747788,20.612974,1105.800051,23.095036
471,2.358050,0.558966,0.001237,128.000000,0.196842,54.282151,159.141558,1108.158101,23.096273
472,2.343935,0.559065,0.001261,128.000000,0.196842,54.609027,156.098713,1110.502036,23.097534
473,2.441179,0.579474,0.001367,128.000000,0.196842,52.433690,144.004075,1112.943214,23.098901
474,2.449750,0.567986,0.001231,128.000000,0.196842,52.250236,159.881441,1115.392964,23.100132
475,2.477249,0.574266,0.026829,128.000000,0.196842,51.670215,7.336845,1117.870213,23.126961
476,2.481969,0.574026,0.001325,128.000000,0.196842,51.571957,148.536829,1120.352182,23.128286
477,2.248576,0.576596,0.090225,128.000000,0.196842,56.924927,2.181693,1122.600758,23.218511
478,2.267030,0.560827,0.069562,128.000000,0.196842,56.461531,2.829725,1124.867788,23.288073
479,2.237662,0.564082,0.051353,128.000000,0.196842,57.202571,3.833128,1127.105450,23.339426
480,2.325059,0.562257,0.081974,128.000000,0.196842,55.052365,2.401290,1129.430509,23.421400
481,2.302425,0.578139,0.078308,128.000000,0.196842,55.593547,2.513689,1131.732934,23.499708
482,2.443462,0.585096,0.001338,128.000000,0.196842,52.384696,147.128503,1134.176396,23.501045
483,2.150394,0.568449,0.213368,128.000000,0.196842,59.523988,0.922549,1136.326789,23.714413
484,2.153051,0.572059,0.173674,128.000000,0.196842,59.450520,1.133402,1138.479840,23.888087
485,2.412109,0.585911,0.001307,128.000000,0.196842,53.065589,150.573628,1140.891950,23.889394
486,2.396203,0.591604,0.001319,128.000000,0.196842,53.417838,149.192836,1143.288153,23.890714
487,2.231858,0.580875,0.149806,128.000000,0.196842,57.351331,1.313983,1145.520011,24.040519
488,2.427525,0.575338,0.001333,128.000000,0.196842,52.728598,147.668784,1147.947536,24.041852
489,2.179468,0.584954,0.164013,128.000000,0.196842,58.729922,1.200163,1150.127004,24.205865
490,2.332389,0.575000,0.001282,128.000000,0.196842,54.879364,153.579471,1152.459392,24.207147
491,2.179338,0.569430,0.233834,128.000000,0.196842,58.733441,0.841803,1154.638730,24.440981
492,2.413089,0.577777,0.001292,128.000000,0.196842,53.044037,152.384597,1157.051819,24.442273
493,2.284190,0.565557,0.053800,128.000000,0.196842,56.037380,3.658747,1159.336009,24.496073
494,2.285946,0.586504,0.041373,128.000000,0.196842,55.994326,4.757763,1161.621955,24.537446
495,2.339504,0.586106,0.057198,128.000000,0.196842,54.712451,3.441389,1163.961459,24.594645
496,2.272172,0.583189,0.001274,128.000000,0.196842,56.333762,154.477388,1166.233631,24.595919
497,2.303877,0.591234,0.001283,128.000000,0.196842,55.558530,153.435935,1168.537508,24.597202
498,2.139990,0.570362,0.336648,128.000000,0.196842,59.813364,0.584712,1170.677498,24.933850
499,2.532844,0.575413,0.001311,128.000000,0.196842,50.536073,150.109617,1173.210342,24.935161
500,2.355899,0.592839,0.001349,128.000000,0.196842,54.331699,145.934320,1175.566241,24.936510
501,2.317550,0.581450,0.001242,128.000000,0.196842,55.230735,158.428763,1177.883791,24.937753
502,2.218228,0.584311,0.252632,128.000000,0.196842,57.703718,0.779165,1180.102019,25.190385
503,2.290851,0.581419,0.140539,128.000000,0.196842,55.874433,1.400626,1182.392870,25.330924
504,2.392779,0.582118,0.001375,128.000000,0.196842,53.494284,143.106649,1184.785649,25.332299
505,2.267581,0.567009,0.092528,128.000000,0.196842,56.447822,2.127380,1187.053230,25.424827
506,2.216713,0.576176,0.176346,128.000000,0.196842,57.743160,1.116226,1189.269943,25.601173
507,2.331961,0.585329,0.155212,128.000000,0.196842,54.889423,1.268218,1191.601904,25.756385
508,2.311713,0.572381,0.029437,128.000000,0.196842,55.370192,6.686857,1193.913617,25.785822
509,2.156585,0.582880,0.174460,128.000000,0.196842,59.353105,1.128294,1196.070202,25.960282
510,2.312647,0.587969,0.026687,128.000000,0.196842,55.347830,7.376042,1198.382849,25.986969
511,2.424113,0.566340,0.029141,128.000000,0.196842,52.802823,6.754847,1200.806962,26.016110
512,2.342775,0.575893,0.059993,128.000000,0.196842,54.636065,3.281089,1203.149737,26.076103
513,2.450437,0.580167,0.001415,128.000000,0.196842,52.235579,139.123283,1205.600174,26.077518
514,2.367201,0.576732,0.001295,128.000000,0.196842,54.072307,152.017189,1207.967374,26.078812
515,2.405758,0.571656,0.001307,128.000000,0.196842,53.205677,150.592750,1210.373133,26.080120
516,2.360443,0.584621,0.001266,128.000000,0.196842,54.227100,155.511449,1212.733576,26.081385
517,2.328689,0.578638,0.036638,128.000000,0.196842,54.966556,5.372586,1215.062265,26.118024
518,2.270013,0.589104,0.003132,128.000000,0.196842,56.387340,62.846032,1217.332278,26.121156
519,2.312935,0.579548,0.153673,128.000000,0.196842,55.340936,1.280918,1219.645213,26.274829
520,2.329598,0.577039,0.001293,128.000000,0.196842,54.945102,152.213735,1221.974811,26.276122
521,2.280801,0.590367,0.049036,128.000000,0.196842,56.120641,4.014209,1224.255612,26.325158
522,2.151491,0.586533,0.338692,128.000000,0.196842,59.493632,0.581183,1226.407102,26.663850
523,2.415148,0.630983,0.001457,128.000000,0.196842,52.998819,135.057644,1228.822251,26.665308
524,2.263542,0.571941,0.047364,128.000000,0.196842,56.548552,4.155913,1231.085792,26.712672
525,2.516850,0.590547,0.001321,128.000000,0.196842,50.857214,149.056363,1233.602643,26.713993
526,2.304401,0.572743,0.001312,128.000000,0.196842,55.545896,150.079975,1235.907043,26.715304
527,2.126576,0.575022,0.238958,128.000000,0.196842,60.190654,0.823753,1238.033619,26.954262
528,2.416353,0.582811,0.001412,128.000000,0.196842,52.972394,139.401420,1240.449972,26.955674
529,2.301348,0.570177,0.168575,128.000000,0.196842,55.619573,1.167686,1242.751320,27.124249
530,2.364134,0.587477,0.001301,128.000000,0.196842,54.142443,151.302897,1245.115454,27.125550
531,2.262686,0.571135,0.269568,128.000000,0.196842,56.569942,0.730213,1247.378140,27.395118
532,2.161020,0.586025,0.278286,128.000000,0.196842,59.231302,0.707338,1249.539160,27.673404
533,2.322817,0.568797,0.001367,128.000000,0.196842,55.105499,144.009764,1251.861977,27.674770
534,2.214004,0.585941,0.078031,128.000000,0.196842,57.813808,2.522614,1254.075981,27.752801
535,2.263542,0.577665,0.095989,128.000000,0.196842,56.548537,2.050678,1256.339523,27.848790
536,2.280171,0.588729,0.001334,128.000000,0.196842,56.136149,147.590283,1258.619694,27.850124
537,2.268807,0.584337,0.093554,128.000000,0.196842,56.417310,2.104053,1260.888501,27.943678
538,2.387754,0.571063,0.020491,128.000000,0.196842,53.606871,9.606226,1263.276255,27.964169
539,2.391270,0.585039,0.001231,128.000000,0.196842,53.528037,159.942629,1265.667525,27.965400
540,2.295151,0.567507,0.105537,128.000000,0.196842,55.769746,1.865141,1267.962676,28.070937
541,2.270877,0.581722,0.092745,128.000000,0.196842,56.365878,2.122391,1270.233554,28.163683
542,2.084203,0.586986,0.414676,128.000000,0.196842,61.414377,0.474690,1272.317756,28.578358
543,2.289220,0.586517,0.045624,128.000000,0.196842,55.914252,4.314446,1274.606976,28.623982
544,2.430247,0.584001,0.001302,128.000000,0.196842,52.669553,151.158591,1277.037222,28.625284
545,2.425113,0.588284,0.171771,128.000000,0.196842,52.781042,1.145957,1279.462335,28.797055
546,2.271165,0.572687,0.001243,128.000000,0.196842,56.358753,158.339428,1281.733500,28.798298
547,2.254133,0.584581,0.069678,128.000000,0.196842,56.784593,2.825043,1283.987632,28.867976
548,2.271489,0.575456,0.023226,128.000000,0.196842,56.350699,8.475106,1286.259122,28.891202
549,2.515546,0.593622,0.001370,128.000000,0.196842,50.883590,143.705188,1288.774667,28.892572
550,2.322306,0.581344,0.001289,128.000000,0.196842,55.117623,152.730792,1291.096974,28.893861
551,2.246347,0.573113,0.023725,128.000000,0.196842,56.981400,8.296939,1293.343321,28.917585
552,2.269867,0.588223,0.036279,128.000000,0.196842,56.390979,5.425821,1295.613187,28.953864
553,2.388845,0.585418,0.008124,128.000000,0.196842,53.582382,24.228345,1298.002032,28.961988
554,2.151548,0.582457,0.318720,128.000000,0.196842,59.492050,0.617603,1300.153580,29.280708
555,2.491186,0.588113,0.001353,128.000000,0.196842,51.381143,145.515307,1302.644766,29.282061
556,2.435575,0.577515,0.007532,128.000000,0.196842,52.554327,26.132750,1305.080341,29.289593
557,2.358684,0.570881,0.001246,128.000000,0.196842,54.267544,157.959258,1307.439026,29.290839
558,2.371498,0.588708,0.001254,128.000000,0.196842,53.974313,157.017901,1309.810524,29.292093
559,2.339302,0.585754,0.012183,128.000000,0.196842,54.717181,16.157026,1312.149826,29.304276
560,2.352349,0.567445,0.058064,128.000000,0.196842,54.413685,3.390111,1314.502175,29.362340
561,2.293246,0.583298,0.001329,128.000000,0.196842,55.816081,148.086716,1316.795421,29.363669
562,2.339892,0.570731,0.001316,128.000000,0.196842,54.703377,149.631053,1319.135313,29.364984
563,2.130086,0.579205,0.259225,128.000000,0.196842,60.091458,0.759349,1321.265400,29.624209
564,2.468873,0.582981,0.001375,128.000000,0.196842,51.845508,143.142656,1323.734273,29.625584
565,2.473365,0.581290,0.001366,128.000000,0.196842,51.751369,144.129549,1326.207638,29.626950
566,2.181301,0.571941,0.216380,128.000000,0.196842,58.680567,0.909705,1328.388939,29.843330
567,2.341342,0.568745,0.001245,128.000000,0.196842,54.669505,158.143270,1330.730281,29.844575
568,2.325415,0.576177,0.001235,128.000000,0.196842,55.043929,159.427055,1333.055696,29.845810
569,2.170662,0.582949,0.281735,128.000000,0.196842,58.968191,0.698677,1335.226358,30.127545
570,2.313690,0.580775,0.103567,128.000000,0.196842,55.322873,1.900627,1337.540049,30.231112
571,2.190314,0.590398,0.193342,128.000000,0.196842,58.439113,1.018105,1339.730362,30.424454
572,2.151053,0.583478,0.180927,128.000000,0.196842,59.505731,1.087964,1341.881416,30.605381
573,2.295897,0.585971,0.001300,128.000000,0.196842,55.751618,151.428953,1344.177313,30.606681
574,2.290991,0.578527,0.001385,128.000000,0.196842,55.871029,142.175346,1346.468304,30.608066
575,2.490019,0.589239,0.001315,128.000000,0.196842,51.405225,149.743060,1348.958323,30.609380
576,2.363513,0.589356,0.001356,128.000000,0.196842,54.156679,145.150907,1351.321836,30.610736
577,2.341737,0.574288,0.001447,128.000000,0.196842,54.660281,135.993242,1353.663573,30.612184
578,2.307043,0.589685,0.001308,128.000000,0.196842,55.482270,150.464286,1355.970616,30.613492
579,2.306992,0.575067,0.001390,128.000000,0.196842,55.483496,141.652120,1358.277608,30.614882
580,2.442905,0.588281,0.001376,128.000000,0.196842,52.396645,143.039055,1360.720513,30.616258
581,1.939566,0.589250,0.429860,128.000000,0.196842,65.994129,0.457921,1362.660079,31.046118
582,2.231211,0.587193,0.028036,128.000000,0.196842,57.367951,7.021005,1364.891290,31.074154
583,2.307901,0.584606,0.076943,128.000000,0.196842,55.461643,2.558271,1367.199192,31.151098
584,2.226115,0.583976,0.021838,128.000000,0.196842,57.499266,9.013588,1369.425307,31.172936
585,2.277984,0.585692,0.061273,128.000000,0.196842,56.190032,3.212545,1371.703291,31.234209
586,2.472657,0.586953,0.001295,128.000000,0.196842,51.766179,151.952529,1374.175948,31.235505
587,2.393195,0.583397,0.001319,128.000000,0.196842,53.484990,149.227220,1376.569143,31.236824
588,2.282882,0.587410,0.006458,128.000000,0.196842,56.069477,30.481110,1378.852025,31.243282
589,2.175290,0.582011,0.277951,128.000000,0.196842,58.842731,0.708191,1381.027315,31.521232
590,2.369243,0.595047,0.001254,128.000000,0.196842,54.025687,156.945414,1383.396558,31.522487
591,2.423245,0.587118,0.001323,128.000000,0.196842,52.821737,148.801485,1385.819803,31.523810
592,2.383908,0.583434,0.001258,128.000000,0.196842,53.693352,156.458651,1388.203711,31.525068
593,2.388007,0.585416,0.001321,128.000000,0.196842,53.601192,148.989799,1390.591717,31.526389
594,2.324583,0.585136,0.001381,128.000000,0.196842,55.063636,142.495020,1392.916300,31.527770
595,2.369269,0.583306,0.001318,128.000000,0.196842,54.025107,149.391439,1395.285569,31.529088
596,2.177684,0.572463,0.224478,128.000000,0.196842,58.778046,0.876890,1397.463253,31.753565
597,2.417420,0.574557,0.001347,128.000000,0.196842,52.949006,146.153956,1399.880673,31.754912
598,2.178146,0.573167,0.196587,128.000000,0.196842,58.765584,1.001298,1402.058819,31.951499
599,2.270404,0.591035,0.075985,128.000000,0.196842,56.377626,2.590557,1404.329223,32.027484
600,2.223297,0.585877,0.091665,128.000000,0.196842,57.572148,2.147413,1406.552521,32.119149
601,2.297860,0.570556,0.011919,128.000000,0.196842,55.704012,16.514940,1408.850380,32.131068
602,2.300969,0.586535,0.029318,128.000000,0.196842,55.628738,6.714097,1411.151349,32.160385
603,2.468221,0.588905,0.001322,128.000000,0.196842,51.859207,148.872272,1413.619570,32.161708
604,2.471133,0.585939,0.001352,128.000000,0.196842,51.798112,145.618973,1416.090703,32.163059
605,2.379184,0.587712,0.001313,128.000000,0.196842,53.799950,149.902024,1418.469887,32.164373
606,2.196568,0.577245,0.273410,128.000000,0.196842,58.272720,0.719952,1420.666455,32.437783
607,2.171087,0.573708,0.214729,128.000000,0.196842,58.956644,0.916698,1422.837542,32.652512
608,2.385662,0.572157,0.034833,128.000000,0.196842,53.653873,5.651046,1425.223204,32.687345
609,2.312158,0.592330,0.001399,128.000000,0.196842,55.359549,140.734561,1427.535362,32.688744
610,2.385761,0.583946,0.001359,128.000000,0.196842,53.651654,144.827637,1429.921122,32.690103
611,2.299521,0.581213,0.101394,128.000000,0.196842,55.663760,1.941350,1432.220644,32.791497
612,2.290268,0.590976,0.001318,128.000000,0.196842,55.888667,149.381122,1434.510911,32.792815
613,2.261243,0.587106,0.089256,128.000000,0.196842,56.606029,2.205379,1436.772154,32.882070
614,2.329526,0.577559,0.001315,128.000000,0.196842,54.946806,149.649368,1439.101680,32.883386
615,2.267358,0.572560,0.128016,128.000000,0.196842,56.453365,1.537638,1441.369038,33.011402
616,2.489343,0.576766,0.001365,128.000000,0.196842,51.419188,144.235688,1443.858381,33.012767
617,2.270863,0.569202,0.078211,128.000000,0.196842,56.366243,2.516800,1446.129244,33.090978
618,2.410609,0.586532,0.001331,128.000000,0.196842,53.098618,147.839137,1448.539853,33.092309
619,2.288034,0.573403,0.035818,128.000000,0.196842,55.943229,5.495697,1450.827887,33.128127
620,2.326569,0.567362,0.001281,128.000000,0.196842,55.016637,153.696509,1453.154456,33.129407
621,2.319379,0.582874,0.001286,128.000000,0.196842,55.187189,153.018588,1455.473835,33.130694
622,2.248167,0.588040,0.030754,128.000000,0.196842,56.935274,6.400494,1457.722002,33.161448
623,2.358264,0.586114,0.027198,128.000000,0.196842,54.277216,7.237315,1460.080265,33.188646
624,2.411619,0.595194,0.001374,128.000000,0.196842,53.076378,143.273620,1462.491884,33.190020
625,2.290650,0.584506,0.015456,128.000000,0.196842,55.879326,12.735999,1464.782535,33.205476
626,2.283258,0.585058,0.002850,128.000000,0.196842,56.060249,69.079071,1467.065793,33.208325
627,2.328460,0.580405,0.001323,128.000000,0.196842,54.971961,148.831863,1469.394252,33.209648
628,2.214468,0.576153,0.203788,128.000000,0.196842,57.801685,0.965916,1471.608721,33.413436
629,2.434045,0.586619,0.001359,128.000000,0.196842,52.587352,144.799938,1474.042766,33.414795
630,2.418930,0.588362,0.001301,128.000000,0.196842,52.915958,151.302431,1476.461696,33.416096
631,2.254191,0.575879,0.133148,128.000000,0.196842,56.783112,1.478375,1478.715887,33.549244
632,2.282583,0.575542,0.155913,128.000000,0.196842,56.076830,1.262517,1480.998470,33.705157
633,2.403773,0.583898,0.001301,128.000000,0.196842,53.249629,151.344310,1483.402243,33.706457
634,2.361603,0.594881,0.001360,128.000000,0.196842,54.200479,144.772036,1485.763845,33.707817
635,2.415904,0.588871,0.001344,128.000000,0.196842,52.982248,146.435668,1488.179749,33.709161
636,2.445037,0.578635,0.001307,128.000000,0.196842,52.350941,150.621328,1490.624786,33.710468
637,2.295190,0.579598,0.033394,128.000000,0.196842,55.768803,5.894534,1492.919976,33.743862
638,2.481928,0.570819,0.001368,128.000000,0.196842,51.572801,143.885759,1495.401905,33.745230
639,2.319472,0.572936,0.091808,128.000000,0.196842,55.184967,2.144062,1497.721377,33.837038
640,2.189982,0.584238,0.069208,128.000000,0.196842,58.447958,2.844218,1499.911359,33.906246
641,2.271678,0.567336,0.039359,128.000000,0.196842,56.346017,5.001195,1502.183037,33.945605
642,2.430020,0.574924,0.001276,128.000000,0.196842,52.674469,154.215248,1504.613057,33.946881
643,2.432439,0.572447,0.001387,128.000000,0.196842,52.622077,141.901077,1507.045496,33.948269
644,2.376202,0.586009,0.001380,128.000000,0.196842,53.867477,142.675560,1509.421698,33.949648
645,2.353918,0.571350,0.001277,128.000000,0.196842,54.377421,154.176717,1511.775616,33.950925
646,2.191377,0.574586,0.157031,128.000000,0.196842,58.410766,1.253521,1513.966993,34.107956
647,2.337649,0.571337,0.040995,128.000000,0.196842,54.755859,4.801650,1516.304642,34.148951
648,2.237630,0.569905,0.202278,128.000000,0.196842,57.203384,0.973126,1518.542272,34.351229
649,2.409247,0.584849,0.001336,128.000000,0.196842,53.128635,147.332009,1520.951519,34.352565
650,2.330714,0.591033,0.001313,128.000000,0.196842,54.918796,149.893577,1523.282233,34.353878
651,2.395903,0.567938,0.001303,128.000000,0.196842,53.424541,151.049673,1525.678136,34.355182
652,2.198357,0.590381,0.107965,128.000000,0.196842,58.225303,1.823204,1527.876493,34.463147
653,2.254800,0.586519,0.001310,128.000000,0.196842,56.767774,150.271426,1530.131293,34.464456
654,2.309910,0.583253,0.001366,128.000000,0.196842,55.413406,144.071846,1532.441203,34.465823
655,2.235058,0.572188,0.038669,128.000000,0.196842,57.269212,5.090485,1534.676261,34.504491
656,2.212198,0.567525,0.205968,128.000000,0.196842,57.861011,0.955691,1536.888459,34.710460
657,2.076052,0.583590,0.220552,128.000000,0.196842,61.655478,0.892498,1538.964511,34.931012
658,1.903102,0.583112,0.540057,128.000000,0.196842,67.258622,0.364484,1540.867613,35.471069
659,2.216858,0.583908,0.072082,128.000000,0.196842,57.739388,2.730818,1543.084471,35.543150
660,2.337794,0.578053,0.038349,128.000000,0.196842,54.752468,5.132963,1545.422265,35.581499
661,2.362247,0.587675,0.430821,128.000000,0.196842,54.185686,0.456900,1547.784512,36.012320
662,1.956150,0.569718,0.001366,128.000000,0.196842,65.434667,144.141159,1549.740662,36.013686
663,2.360853,0.580934,0.001315,128.000000,0.196842,54.217682,149.652895,1552.101515,36.015001
664,2.075809,0.586913,0.196784,128.000000,0.196842,61.662719,1.000296,1554.177324,36.211785
665,2.268841,0.580963,0.027334,128.000000,0.196842,56.416474,7.201447,1556.446165,36.239119
666,2.534561,0.566996,0.001321,128.000000,0.196842,50.501840,149.021156,1558.980726,36.240440
667,2.377591,0.574631,0.001351,128.000000,0.196842,53.836011,145.684499,1561.358317,36.241791
668,2.363316,0.583582,0.001311,128.000000,0.196842,54.161187,150.163438,1563.721633,36.243102
669,2.246826,0.580564,0.048757,128.000000,0.196842,56.969252,4.037182,1565.968459,36.291859
670,2.341066,0.587996,0.001298,128.000000,0.196842,54.675943,151.648277,1568.309525,36.293157
671,2.374293,0.577539,0.001308,128.000000,0.196842,53.910794,150.478894,1570.683817,36.294465
672,2.443065,0.573228,0.001251,128.000000,0.196842,52.393207,157.286772,1573.126882,36.295717
673,2.353976,0.574040,0.001232,128.000000,0.196842,54.376085,159.805250,1575.480858,36.296949
674,2.361952,0.588405,0.001354,128.000000,0.196842,54.192471,145.419416,1577.842810,36.298302
675,2.169646,0.580638,0.264865,128.000000,0.196842,58.995792,0.743180,1580.012456,36.563167
676,2.459197,0.569676,0.001297,128.000000,0.196842,52.049508,151.761103,1582.471653,36.564464
677,2.334730,0.573570,0.015229,128.000000,0.196842,54.824329,12.925819,1584.806383,36.579692
678,2.339875,0.584757,0.001416,128.000000,0.196842,54.703766,139.046923,1587.146259,36.581108
679,2.237379,0.588188,0.072956,128.000000,0.196842,57.209805,2.698098,1589.383637,36.654064
680,2.346927,0.595163,0.001415,128.000000,0.196842,54.539393,139.126233,1591.730565,36.655479
681,2.431749,0.592651,0.001290,128.000000,0.196842,52.637013,152.600075,1594.162314,36.656769
682,2.274541,0.590612,0.091750,128.000000,0.196842,56.275084,2.145419,1596.436855,36.748519
683,2.158074,0.586098,0.102005,128.000000,0.196842,59.312133,1.929737,1598.594930,36.850523
684,2.350172,0.574027,0.001376,128.000000,0.196842,54.464104,143.036144,1600.945101,36.851900
685,2.371144,0.585065,0.092032,128.000000,0.196842,53.982374,2.138851,1603.316246,36.943931
686,2.291688,0.579862,0.001290,128.000000,0.196842,55.854029,152.542484,1605.607933,36.945222
687,2.446423,0.590424,0.001391,128.000000,0.196842,52.321282,141.520337,1608.054357,36.946613
688,2.255197,0.582048,0.068347,128.000000,0.196842,56.757789,2.880057,1610.309554,37.014959
689,2.349076,0.585424,0.133387,128.000000,0.196842,54.489499,1.475722,1612.658630,37.148346
690,2.291765,0.584622,0.011273,128.000000,0.196842,55.852150,17.461486,1614.950395,37.159619
691,2.372728,0.573957,0.001421,128.000000,0.196842,53.946338,138.538335,1617.323123,37.161040
692,2.440332,0.584519,0.001309,128.000000,0.196842,52.451875,150.388185,1619.763456,37.162349
693,2.440266,0.571468,0.001340,128.000000,0.196842,52.453290,146.883786,1622.203722,37.163689
694,2.269052,0.586057,0.016510,128.000000,0.196842,56.411215,11.922439,1624.472774,37.180199
695,2.244825,0.586222,0.055784,128.000000,0.196842,57.020035,3.528644,1626.717599,37.235983
696,2.316832,0.584806,0.001224,128.000000,0.196842,55.247866,160.880036,1629.034431,37.237207
697,2.494779,0.586111,0.001298,128.000000,0.196842,51.307142,151.613119,1631.529210,37.238505
698,2.279881,0.568079,0.001297,128.000000,0.196842,56.143271,151.772570,1633.809092,37.239802
699,2.395020,0.587696,0.001310,128.000000,0.196842,53.444232,150.293340,1636.204112,37.241112
700,2.279478,0.582522,0.008963,128.000000,0.196842,56.153218,21.962208,1638.483589,37.250075
701,2.198095,0.576979,0.503144,128.000000,0.196842,58.232254,0.391224,1640.681684,37.753219
702,2.358399,0.576590,0.001325,128.000000,0.196842,54.274108,148.614993,1643.040083,37.754544
703,2.329994,0.590272,0.001309,128.000000,0.196842,54.935761,150.422318,1645.370077,37.755852
704,2.369419,0.581062,0.001311,128.000000,0.196842,54.021688,150.131141,1647.739496,37.757163
705,2.412084,0.573556,0.001381,128.000000,0.196842,53.066146,142.490482,1650.151580,37.758545
706,2.309071,0.575564,0.001310,128.000000,0.196842,55.433546,150.242178,1652.460651,37.759855
707,2.312974,0.576794,0.001310,128.000000,0.196842,55.340002,150.289324,1654.773625,37.761165
708,2.323383,0.574033,0.002586,128.000000,0.196842,55.092078,76.103955,1657.097008,37.763751
709,2.330481,0.576774,0.011605,128.000000,0.196842,54.924279,16.961311,1659.427489,37.775357
710,2.428420,0.571367,0.001295,128.000000,0.196842,52.709167,151.999346,1661.855909,37.776652
711,2.282368,0.569642,0.207103,128.000000,0.196842,56.082103,0.950454,1664.138277,37.983755
712,2.343103,0.572527,0.001254,128.000000,0.196842,54.628414,156.947416,1666.481380,37.985009
713,2.363690,0.578030,0.001373,128.000000,0.196842,54.152615,143.343732,1668.845070,37.986382
714,2.109345,0.574022,0.377616,128.000000,0.196842,60.682330,0.521277,1670.954416,38.363998
715,2.369419,0.586303,0.001352,128.000000,0.196842,54.021676,145.632655,1673.323835,38.365350
716,2.377458,0.573093,0.078072,128.000000,0.196842,53.839026,2.521275,1675.701293,38.443422
717,2.352566,0.572103,0.001370,128.000000,0.196842,54.408665,143.651598,1678.053859,38.444792
718,2.097872,0.583547,0.210959,128.000000,0.196842,61.014207,0.933082,1680.151731,38.655752
719,2.455529,0.586288,0.001305,128.000000,0.196842,52.127250,150.841322,1682.607261,38.657056
720,2.371185,0.574331,0.001325,128.000000,0.196842,53.981451,148.555101,1684.978446,38.658382
721,1.955090,0.596697,0.376366,128.000000,0.196842,65.470131,0.523007,1686.933536,39.034748
722,2.325779,0.585772,0.001309,128.000000,0.196842,55.035318,150.408295,1689.259315,39.036056
723,2.429623,0.573326,0.001298,128.000000,0.196842,52.683064,151.663233,1691.688938,39.037354
724,2.352789,0.587792,0.001329,128.000000,0.196842,54.403517,148.102537,1694.041727,39.038683
725,2.284331,0.593779,0.086295,128.000000,0.196842,56.033914,2.281038,1696.326058,39.124978
726,2.167301,0.585572,0.300628,128.000000,0.196842,59.059621,0.654770,1698.493360,39.425606
727,2.367228,0.575892,0.001318,128.000000,0.196842,54.071682,149.332165,1700.860588,39.426924
728,2.383571,0.587103,0.001292,128.000000,0.196842,53.700948,152.315735,1703.244158,39.428217
729,2.332804,0.574223,0.155318,128.000000,0.196842,54.869584,1.267352,1705.576962,39.583534
730,2.422886,0.586684,0.001436,128.000000,0.196842,52.829553,137.087429,1707.999849,39.584970
731,2.418060,0.572743,0.001311,128.000000,0.196842,52.935008,150.089702,1710.417908,39.586282
732,2.301933,0.572675,0.104881,128.000000,0.196842,55.605442,1.876808,1712.719841,39.691163
733,2.243053,0.582406,0.119496,128.000000,0.196842,57.065078,1.647268,1714.962894,39.810659
734,2.147737,0.580194,0.134214,128.000000,0.196842,59.597603,1.466634,1717.110632,39.944873
735,2.360761,0.584861,0.001381,128.000000,0.196842,54.219805,142.546615,1719.471393,39.946254
736,2.428028,0.575579,0.001368,128.000000,0.196842,52.717680,143.889441,1721.899421,39.947622
737,2.297990,0.583897,0.065429,128.000000,0.196842,55.700843,3.008491,1724.197411,40.013051
738,2.378809,0.583884,0.001324,128.000000,0.196842,53.808450,148.691219,1726.576220,40.014375
739,2.279918,0.584387,0.096253,128.000000,0.196842,56.142374,2.045050,1728.856137,40.110628
740,2.432978,0.586683,0.001379,128.000000,0.196842,52.610420,142.741051,1731.289115,40.112007
741,2.399857,0.582920,0.001359,128.000000,0.196842,53.336507,144.824228,1733.688973,40.113366
742,2.332224,0.570947,0.063266,128.000000,0.196842,54.883236,3.111328,1736.021197,40.176632
743,2.320262,0.584963,0.001244,128.000000,0.196842,55.166184,158.284297,1738.341459,40.177876
744,2.185861,0.591698,0.092746,128.000000,0.196842,58.558151,2.122386,1740.527320,40.270621
745,2.255217,0.581148,0.083549,128.000000,0.196842,56.757276,2.356009,1742.782537,40.354170
746,2.267973,0.581976,0.150231,128.000000,0.196842,56.438050,1.310260,1745.050511,40.504402
747,2.295430,0.584629,0.043868,128.000000,0.196842,55.762973,4.487173,1747.345941,40.548270
748,2.236325,0.583417,0.106983,128.000000,0.196842,57.236751,1.839936,1749.582266,40.655253
749,2.280355,0.593726,0.001274,128.000000,0.196842,56.131613,154.544336,1751.862621,40.656526
750,2.393372,0.574636,0.001375,128.000000,0.196842,53.481040,143.179931,1754.255993,40.657901
751,2.362035,0.571130,0.001308,128.000000,0.196842,54.190571,150.453475,1756.618027,40.659210
752,2.163878,0.573708,0.234078,128.000000,0.196842,59.153055,0.840925,1758.781905,40.893288
753,2.241268,0.571977,0.048641,128.000000,0.196842,57.110528,4.046866,1761.023173,40.941928
754,2.387259,0.572514,0.001364,128.000000,0.196842,53.617983,144.271420,1763.410432,40.943293
755,2.442960,0.591451,0.001299,128.000000,0.196842,52.395461,151.513808,1765.853392,40.944592
756,1.968546,0.575843,0.703674,128.000000,0.196842,65.022621,0.279735,1767.821937,41.648266
757,2.173966,0.597579,0.001343,128.000000,0.196842,58.878572,146.528651,1769.995903,41.649609
758,2.213375,0.575270,0.124253,128.000000,0.196842,57.830247,1.584199,1772.209278,41.773863
759,2.230796,0.584276,0.357934,128.000000,0.196842,57.378625,0.549939,1774.440074,42.131797
760,2.404839,0.588533,0.001306,128.000000,0.196842,53.226025,150.705279,1776.844912,42.133103
761,2.244507,0.583385,0.016692,128.000000,0.196842,57.028112,11.792716,1779.089419,42.149795
762,2.234679,0.586038,0.086097,128.000000,0.196842,57.278924,2.286296,1781.324098,42.235892
763,2.233553,0.586823,0.051145,128.000000,0.196842,57.307795,3.848733,1783.557651,42.287036
764,2.249242,0.586915,0.001370,128.000000,0.196842,56.908057,143.715261,1785.806893,42.288406
765,2.355247,0.580254,0.001320,128.000000,0.196842,54.346733,149.172372,1788.162141,42.289726
766,2.363622,0.583032,0.001319,128.000000,0.196842,54.154174,149.227899,1790.525763,42.291045
767,2.300624,0.571517,0.049922,128.000000,0.196842,55.637085,3.943022,1792.826387,42.340966
768,2.355688,0.582220,0.001383,128.000000,0.196842,54.336562,142.365578,1795.182075,42.342349
769,2.131770,0.584943,0.162003,128.000000,0.196842,60.044013,1.215050,1797.313844,42.504352
770,2.352665,0.581345,0.001282,128.000000,0.196842,54.406375,153.532035,1799.666510,42.505634
771,2.250488,0.577259,0.178649,128.000000,0.196842,56.876543,1.101838,1801.916998,42.684283
772,2.354168,0.581328,0.001347,128.000000,0.196842,54.371658,146.125529,1804.271166,42.685630
773,2.496578,0.590071,0.001356,128.000000,0.196842,51.270180,145.166750,1806.767744,42.686986
774,2.337972,0.586154,0.001347,128.000000,0.196842,54.748297,146.160793,1809.105716,42.688333
775,2.192351,0.582454,0.163119,128.000000,0.196842,58.384812,1.206738,1811.298067,42.851452
776,2.377709,0.592688,0.001300,128.000000,0.196842,53.833325,151.369565,1813.675776,42.852753
777,2.512465,0.589939,0.001309,128.000000,0.196842,50.945987,150.378420,1816.188241,42.854062
778,2.306451,0.587945,0.061694,128.000000,0.196842,55.496513,3.190606,1818.494692,42.915756
779,2.369442,0.585588,0.001359,128.000000,0.196842,54.021156,144.888721,1820.864135,42.917115
780,2.332390,0.576679,0.001242,128.000000,0.196842,54.879333,158.494714,1823.196524,42.918357
781,2.343473,0.580998,0.001388,128.000000,0.196842,54.619783,141.857512,1825.539998,42.919744
782,2.334889,0.593415,0.001377,128.000000,0.196842,54.820598,142.999360,1827.874886,42.921121
783,2.222684,0.585350,0.184013,128.000000,0.196842,57.588041,1.069717,1830.097570,43.105134
784,2.141924,0.581447,0.203778,128.000000,0.196842,59.759346,0.965962,1832.239495,43.308912
785,2.209942,0.571039,0.123783,128.000000,0.196842,57.920060,1.590214,1834.449437,43.432696
786,2.199268,0.586001,0.137422,128.000000,0.196842,58.201193,1.432388,1836.648705,43.570118
787,2.339330,0.584873,0.008029,128.000000,0.196842,54.716510,24.517288,1838.988035,43.578147
788,2.239590,0.572535,0.158258,128.000000,0.196842,57.153326,1.243809,1841.227625,43.736404
789,2.259654,0.589310,0.014032,128.000000,0.196842,56.645830,14.028438,1843.487279,43.750436
790,2.296106,0.589795,0.001324,128.000000,0.196842,55.746544,148.627000,1845.783386,43.751761
791,2.519535,0.574156,0.001302,128.000000,0.196842,50.803029,151.171941,1848.302921,43.753063
792,2.243113,0.584331,0.037679,128.000000,0.196842,57.063554,5.224230,1850.546033,43.790741
793,2.334429,0.586371,0.001319,128.000000,0.196842,54.831403,149.199508,1852.880462,43.792061
794,2.228116,0.574615,0.129314,128.000000,0.196842,57.447627,1.522209,1855.108579,43.921374
795,2.242245,0.589641,0.029330,128.000000,0.196842,57.085652,6.711381,1857.350823,43.950704
796,2.478468,0.579182,0.001312,128.000000,0.196842,51.644805,150.010207,1859.829291,43.952016
797,2.413538,0.583550,0.001300,128.000000,0.196842,53.034182,151.448294,1862.242829,43.953316
798,2.420263,0.568707,0.001336,128.000000,0.196842,52.886812,147.381428,1864.663092,43.954651
799,2.382103,0.582933,0.001414,128.000000,0.196842,53.734031,139.240294,1867.045195,43.956065
800,2.393363,0.587623,0.012235,128.000000,0.196842,53.481228,16.087971,1869.438558,43.968300
801,2.285599,0.585559,0.001231,128.000000,0.196842,56.002819,159.882610,1871.724158,43.969531
802,2.263400,0.573516,0.043778,128.000000,0.196842,56.552085,4.496420,1873.987558,44.013309
803,2.340901,0.585116,0.009318,128.000000,0.196842,54.679791,21.124861,1876.328459,44.022627
804,2.349048,0.587411,0.001290,128.000000,0.196842,54.490163,152.611788,1878.677507,44.023917
805,2.438061,0.584469,0.001410,128.000000,0.196842,52.500744,139.632913,1881.115568,44.025327
806,2.355896,0.570707,0.008226,128.000000,0.196842,54.331766,23.930677,1883.471464,44.033552
807,2.249403,0.584060,0.129556,128.000000,0.196842,56.903980,1.519359,1885.720867,44.163108
808,2.182847,0.578961,0.204075,128.000000,0.196842,58.639003,0.964556,1887.903715,44.367184
809,2.430936,0.590732,0.001312,128.000000,0.196842,52.654622,149.993290,1890.334650,44.368496
810,2.354581,0.586584,0.022552,128.000000,0.196842,54.362110,8.728273,1892.689232,44.391048
811,2.459898,0.584132,0.096623,128.000000,0.196842,52.034684,2.037214,1895.149129,44.487672
812,2.477547,0.575300,0.001348,128.000000,0.196842,51.663999,146.047793,1897.626677,44.489019
813,2.337562,0.571700,0.001352,128.000000,0.196842,54.757909,145.564053,1899.964238,44.490372
814,2.454963,0.586391,0.001353,128.000000,0.196842,52.139283,145.530046,1902.419201,44.491724
815,2.349459,0.571863,0.031880,128.000000,0.196842,54.480636,6.174461,1904.768660,44.523604
816,2.273877,0.583775,0.076995,128.000000,0.196842,56.291514,2.556562,1907.042537,44.600599
817,2.360068,0.587136,0.001297,128.000000,0.196842,54.235730,151.716303,1909.402605,44.601897
818,2.354282,0.584161,0.001297,128.000000,0.196842,54.369015,151.743554,1911.756887,44.603194
819,2.326255,0.592741,0.001311,128.000000,0.196842,55.024064,150.155076,1914.083142,44.604505
820,2.378729,0.571808,0.001350,128.000000,0.196842,53.810259,145.764763,1916.461871,44.605855
821,2.213988,0.582150,0.086228,128.000000,0.196842,57.814221,2.282810,1918.675859,44.692083
822,2.208687,0.574815,0.168242,128.000000,0.196842,57.952980,1.169992,1920.884546,44.860325
823,2.416442,0.578693,0.001300,128.000000,0.196842,52.970438,151.397157,1923.300988,44.861626
824,2.304580,0.570246,0.057097,128.000000,0.196842,55.541585,3.447488,1925.605568,44.918723
825,2.094686,0.584648,0.240016,128.000000,0.196842,61.107016,0.820120,1927.700253,45.158739
826,2.239960,0.570601,0.029395,128.000000,0.196842,57.143881,6.696398,1929.940213,45.188134
827,2.340501,0.584475,0.069592,128.000000,0.196842,54.689155,2.828527,1932.280714,45.257726
828,2.257432,0.583340,0.051448,128.000000,0.196842,56.701608,3.826050,1934.538146,45.309174
829,2.206997,0.593787,0.168117,128.000000,0.196842,57.997355,1.170864,1936.745143,45.477291
830,2.170158,0.570803,0.258931,128.000000,0.196842,58.981892,0.760210,1938.915300,45.736222
831,2.204063,0.570446,0.213544,128.000000,0.196842,58.074570,0.921785,1941.119363,45.949767
832,2.355774,0.583725,0.001290,128.000000,0.196842,54.334589,152.624094,1943.475137,45.951056
833,2.469958,0.586787,0.001325,128.000000,0.196842,51.822752,148.599399,1945.945095,45.952381
834,2.261343,0.579578,0.001244,128.000000,0.196842,56.603525,158.243960,1948.206438,45.953625
835,2.398447,0.589791,0.001360,128.000000,0.196842,53.367857,144.720413,1950.604885,45.954985
836,2.367774,0.584521,0.001330,128.000000,0.196842,54.059216,147.981510,1952.972659,45.956315
837,2.379771,0.576811,0.001376,128.000000,0.196842,53.786685,143.034273,1955.352430,45.957692
838,2.236598,0.578474,0.127069,128.000000,0.196842,57.229782,1.549097,1957.589028,46.084761
839,2.317877,0.573341,0.001239,128.000000,0.196842,55.222943,158.899913,1959.906905,46.085999
840,2.344731,0.574947,0.001333,128.000000,0.196842,54.590485,147.640430,1962.251636,46.087333
841,2.354293,0.579369,0.001311,128.000000,0.196842,54.368769,150.102062,1964.605929,46.088644
842,2.389599,0.574730,0.001319,128.000000,0.196842,53.565468,149.219188,1966.995528,46.089963
843,2.297870,0.588618,0.001306,128.000000,0.196842,55.703764,150.680938,1969.293398,46.091270
844,2.247306,0.593463,0.062923,128.000000,0.196842,56.957073,3.128305,1971.540704,46.154192
845,2.427151,0.589893,0.037924,128.000000,0.196842,52.736731,5.190416,1973.967855,46.192117
846,2.315661,0.573102,0.015384,128.000000,0.196842,55.275803,12.795451,1976.283516,46.207500
847,2.616741,0.571961,0.001310,128.000000,0.196842,48.915804,150.278998,1978.900257,46.208810
848,2.407050,0.581519,0.001310,128.000000,0.196842,53.177116,150.213057,1981.307307,46.210121
849,2.360095,0.581358,0.001306,128.000000,0.196842,54.235097,150.758836,1983.667403,46.211426
850,2.408149,0.592941,0.001391,128.000000,0.196842,53.152861,141.540079,1986.075552,46.212817
851,2.352928,0.578983,0.001267,128.000000,0.196842,54.400299,155.419973,1988.428480,46.214084
852,2.316212,0.582733,0.005027,128.000000,0.196842,55.262638,39.153720,1990.744692,46.219111
853,2.508285,0.587211,0.001368,128.000000,0.196842,51.030874,143.854739,1993.252978,46.220479
854,2.570352,0.588718,0.001338,128.000000,0.196842,49.798632,147.084637,1995.823329,46.221818
855,2.416173,0.588479,0.001382,128.000000,0.196842,52.976342,142.451297,1998.239502,46.223199
856,2.372933,0.584763,0.001308,128.000000,0.196842,53.941681,150.486027,2000.612435,46.224507
857,2.370541,0.566048,0.050129,128.000000,0.196842,53.996119,3.926730,2002.982976,46.274636
858,2.297869,0.589824,0.001274,128.000000,0.196842,55.703779,154.518739,2005.280845,46.275910
859,2.320696,0.584991,0.001294,128.000000,0.196842,55.155873,152.139383,2007.601541,46.277204
860,2.373401,0.570981,0.001389,128.000000,0.196842,53.931044,141.744942,2009.974942,46.278593
861,2.280899,0.572077,0.016321,128.000000,0.196842,56.118232,12.060595,2012.255841,46.294914
862,2.285970,0.573463,0.020717,128.000000,0.196842,55.993735,9.501543,2014.541811,46.315631
863,2.336530,0.590088,0.207829,128.000000,0.196842,54.782100,0.947136,2016.878340,46.523459
864,2.171475,0.568574,0.001286,128.000000,0.196842,58.946114,153.039288,2019.049815,46.524746
865,2.293266,0.572909,0.026504,128.000000,0.196842,55.815590,7.426782,2021.343081,46.551250
866,2.330610,0.584119,0.232233,128.000000,0.196842,54.921239,0.847608,2023.673691,46.783483
867,2.430054,0.571308,0.001381,128.000000,0.196842,52.673722,142.534436,2026.103746,46.784864
868,2.476318,0.589567,0.001302,128.000000,0.196842,51.689651,151.187964,2028.580063,46.786166
869,2.387897,0.590941,0.001328,128.000000,0.196842,53.603646,148.237045,2030.967961,46.787494
870,2.424452,0.586154,0.001388,128.000000,0.196842,52.795439,141.850254,2033.392413,46.788881
871,2.326680,0.585264,0.001308,128.000000,0.196842,55.014004,150.451405,2035.719093,46.790190
872,2.312936,0.575717,0.001306,128.000000,0.196842,55.340922,150.739902,2038.032029,46.791495
873,2.262601,0.586349,0.057400,128.000000,0.196842,56.572055,3.429333,2040.294630,46.848895
874,2.377875,0.585278,0.001295,128.000000,0.196842,53.829585,151.975406,2042.672504,46.850190
875,2.176999,0.586567,0.311700,128.000000,0.196842,58.796543,0.631511,2044.849503,47.161891
876,2.159281,0.576924,0.173418,128.000000,0.196842,59.279001,1.135074,2047.008784,47.335308
877,2.312877,0.583684,0.002659,128.000000,0.196842,55.342318,74.025008,2049.321661,47.337968
878,2.324832,0.577492,0.031403,128.000000,0.196842,55.057734,6.268316,2051.646494,47.369370
879,2.211496,0.586703,0.214963,128.000000,0.196842,57.879363,0.915703,2053.857990,47.584333
880,2.292426,0.585101,0.104135,128.000000,0.196842,55.836053,1.890259,2056.150416,47.688468
881,2.272309,0.579909,0.001317,128.000000,0.196842,56.330373,149.471755,2058.422724,47.689785
882,2.405988,0.585316,0.001297,128.000000,0.196842,53.200596,151.773155,2060.828712,47.691082
883,2.410307,0.574411,0.030020,128.000000,0.196842,53.105268,6.557092,2063.239019,47.721102
884,2.304266,0.589652,0.001335,128.000000,0.196842,55.549136,147.465010,2065.543286,47.722437
885,2.570592,0.574422,0.001495,128.000000,0.196842,49.793974,131.673449,2068.113878,47.723932
886,2.396828,0.584369,0.001319,128.000000,0.196842,53.403917,149.276335,2070.510706,47.725250
887,2.293501,0.587563,0.001306,128.000000,0.196842,55.809871,150.723397,2072.804207,47.726556
888,2.428108,0.580949,0.001353,128.000000,0.196842,52.715944,145.496054,2075.232315,47.727909
889,2.506767,0.592336,0.001323,128.000000,0.196842,51.061784,148.741105,2077.739082,47.729232
890,2.375286,0.573735,0.001390,128.000000,0.196842,53.888250,141.640500,2080.114368,47.730622
891,2.351573,0.576108,0.001229,128.000000,0.196842,54.431644,160.187719,2082.465941,47.731851
892,2.360068,0.572978,0.014694,128.000000,0.196842,54.235724,13.395956,2084.826009,47.746545
893,2.216359,0.586109,0.096341,128.000000,0.196842,57.752384,2.043188,2087.042368,47.842886
894,2.410509,0.587684,0.001313,128.000000,0.196842,53.100819,149.948728,2089.452877,47.844199
895,2.291829,0.569051,0.089015,128.000000,0.196842,55.850594,2.211335,2091.744706,47.933214
896,2.289287,0.576037,0.143568,128.000000,0.196842,55.912601,1.371068,2094.033993,48.076782
897,2.388846,0.584928,0.001300,128.000000,0.196842,53.582356,151.398788,2096.422839,48.078082
898,2.405917,0.584420,0.001306,128.000000,0.196842,53.202159,150.669750,2098.828756,48.079389
899,2.474450,0.595986,0.001332,128.000000,0.196842,51.728665,147.736058,2101.303206,48.080721
900,2.292949,0.583423,0.107869,128.000000,0.196842,55.823318,1.824822,2103.596155,48.188590
901,2.469852,0.588943,0.001371,128.000000,0.196842,51.824966,143.614287,2106.066007,48.189961
902,2.377708,0.593873,0.001335,128.000000,0.196842,53.833364,147.487992,2108.443715,48.191296
903,2.425662,0.593623,0.001329,128.000000,0.196842,52.769095,148.096854,2110.869377,48.192625
904,2.207041,0.569106,0.109313,128.000000,0.196842,57.996206,1.800717,2113.076418,48.301938
905,2.381285,0.591685,0.001348,128.000000,0.196842,53.752497,145.978042,2115.457703,48.303286
906,2.262912,0.583897,0.001362,128.000000,0.196842,56.564287,144.558653,2117.720614,48.304648
907,2.500842,0.591213,0.001318,128.000000,0.196842,51.182766,149.315174,2120.221456,48.305966
908,2.246214,0.573478,0.073980,128.000000,0.196842,56.984773,2.660733,2122.467670,48.379947
909,2.364762,0.583343,0.001301,128.000000,0.196842,54.128075,151.338492,2124.832432,48.381248
910,2.148205,0.572521,0.302309,128.000000,0.196842,59.584628,0.651129,2126.980637,48.683557
911,2.424207,0.572418,0.001348,128.000000,0.196842,52.800782,146.037825,2129.404844,48.684905
912,2.317237,0.638244,0.001333,128.000000,0.196842,55.238201,147.678976,2131.722081,48.686238
913,2.207269,0.585884,0.196289,128.000000,0.196842,57.990220,1.002820,2133.929349,48.882526
914,2.372501,0.589594,0.001337,128.000000,0.196842,53.951511,147.215430,2136.301850,48.883863
915,2.336431,0.576056,0.001321,128.000000,0.196842,54.784419,148.978185,2138.638281,48.885185
916,2.484114,0.583684,0.001386,128.000000,0.196842,51.527430,141.986851,2141.122395,48.886571
917,2.503203,0.592081,0.001298,128.000000,0.196842,51.134484,151.593620,2143.625598,48.887869
918,2.400667,0.589909,0.001365,128.000000,0.196842,53.318526,144.200925,2146.026264,48.889234
919,2.236957,0.573734,0.034327,128.000000,0.196842,57.220596,5.734282,2148.263221,48.923562
920,2.568790,0.582549,0.001318,128.000000,0.196842,49.828911,149.382029,2150.832011,48.924879
921,2.244261,0.568223,0.073704,128.000000,0.196842,57.034373,2.670706,2153.076272,48.998584
922,2.298088,0.587339,0.011383,128.000000,0.196842,55.698475,17.292712,2155.374360,49.009967
923,2.416127,0.581732,0.001319,128.000000,0.196842,52.977337,149.184582,2157.790487,49.011286
924,2.309373,0.583454,0.006982,128.000000,0.196842,55.426292,28.194671,2160.099860,49.018268
925,2.156669,0.574922,0.163239,128.000000,0.196842,59.350773,1.205849,2162.256530,49.181507
926,2.373595,0.574802,0.001344,128.000000,0.196842,53.926649,146.485470,2164.630124,49.182851
927,2.325455,0.584846,0.001291,128.000000,0.196842,55.042988,152.487416,2166.955580,49.184142
928,2.259244,0.586873,0.088964,128.000000,0.196842,56.656127,2.212601,2169.214823,49.273106
929,2.199466,0.588431,0.267489,128.000000,0.196842,58.195955,0.735890,2171.414289,49.540594
930,2.094895,0.583504,0.383630,128.000000,0.196842,61.100908,0.513105,2173.509184,49.924224
931,2.174314,0.583124,0.361284,128.000000,0.196842,58.869133,0.544841,2175.683498,50.285508
932,2.215153,0.591438,0.088812,128.000000,0.196842,57.783824,2.216403,2177.898651,50.374319
933,2.298818,0.585782,0.001279,128.000000,0.196842,55.680789,153.890086,2180.197469,50.375599
934,2.171023,0.584704,0.129350,128.000000,0.196842,58.958389,1.521784,2182.368492,50.504948
935,2.500339,0.595967,0.001367,128.000000,0.196842,51.193056,143.962368,2184.868831,50.506315
936,2.528008,0.591491,0.001319,128.000000,0.196842,50.632755,149.183338,2187.396839,50.507635
937,2.291718,0.582700,0.039791,128.000000,0.196842,55.853284,4.946887,2189.688557,50.547426
938,2.371176,0.577679,0.001245,128.000000,0.196842,53.981663,158.119896,2192.059733,50.548671
939,2.411957,0.590518,0.001304,128.000000,0.196842,53.068936,150.900759,2194.471690,50.549975
940,2.307579,0.585185,0.001277,128.000000,0.196842,55.469389,154.110690,2196.779269,50.551253
941,2.418969,0.576276,0.001429,128.000000,0.196842,52.915109,137.745801,2199.198238,50.552682
942,2.278232,0.586527,0.087099,128.000000,0.196842,56.183926,2.259987,2201.476469,50.639780
943,2.359276,0.588130,0.001297,128.000000,0.196842,54.253933,151.734898,2203.835745,50.641078
944,2.419421,0.584895,0.001306,128.000000,0.196842,52.905228,150.778352,2206.255166,50.642383
945,2.244184,0.584135,0.113707,128.000000,0.196842,57.036316,1.731138,2208.499350,50.756090
946,2.335114,0.592376,0.072334,128.000000,0.196842,54.815304,2.721313,2210.834465,50.828424
947,2.222576,0.582570,0.193537,128.000000,0.196842,57.590840,1.017077,2213.057040,51.021961
948,2.492202,0.589113,0.001332,128.000000,0.196842,51.360193,147.788856,2215.549243,51.023293
949,2.318073,0.575270,0.034257,128.000000,0.196842,55.218288,5.745966,2217.867315,51.057550
950,2.377480,0.575610,0.001294,128.000000,0.196842,53.838518,152.066748,2220.244795,51.058845
951,2.440974,0.586495,0.001386,128.000000,0.196842,52.438082,141.980297,2222.685769,51.060231
952,2.373745,0.579954,0.001299,128.000000,0.196842,53.923224,151.485240,2225.059515,51.061531
953,2.134193,0.591268,0.278599,128.000000,0.196842,59.975829,0.706544,2227.193708,51.340129
954,2.284984,0.586101,0.141678,128.000000,0.196842,56.017893,1.389360,2229.478692,51.481807
955,2.555681,0.594852,0.001315,128.000000,0.196842,50.084488,149.633100,2232.034374,51.483123
956,2.417520,0.580023,0.001408,128.000000,0.196842,52.946819,139.803985,2234.451894,51.484531
957,2.405117,0.583592,0.001306,128.000000,0.196842,53.219863,150.712780,2236.857011,51.485837
958,2.235445,0.587918,0.166122,128.000000,0.196842,57.259291,1.184922,2239.092456,51.651959
959,2.245600,0.585595,0.245671,128.000000,0.196842,57.000357,0.801244,2241.338056,51.897630
960,2.416697,0.579322,0.001342,128.000000,0.196842,52.964843,146.685451,2243.754753,51.898972
961,2.442290,0.582099,0.001328,128.000000,0.196842,52.409827,148.216619,2246.197043,51.900300
962,2.214682,0.574390,0.232826,128.000000,0.196842,57.796104,0.845449,2248.411725,52.133126
963,2.446355,0.586945,0.001324,128.000000,0.196842,52.322744,148.618472,2250.858080,52.134450
964,2.203514,0.585491,0.192407,128.000000,0.196842,58.089043,1.023052,2253.061594,52.326857
965,2.503875,0.573505,0.001296,128.000000,0.196842,51.120763,151.942794,2255.565469,52.328153
966,2.439032,0.586504,0.001394,128.000000,0.196842,52.479847,141.234803,2258.004500,52.329546
967,2.339133,0.572429,0.001362,128.000000,0.196842,54.721120,144.571394,2260.343634,52.330908
968,2.305199,0.584881,0.013596,128.000000,0.196842,55.526661,14.478358,2262.648833,52.344503
969,2.250060,0.580723,0.061784,128.000000,0.196842,56.887364,3.185976,2264.898893,52.406287
970,2.432428,0.602891,0.001316,128.000000,0.196842,52.622323,149.621840,2267.331321,52.407603
971,2.445444,0.587057,0.001373,128.000000,0.196842,52.342234,143.328807,2269.776765,52.408976
972,2.349757,0.576451,0.001286,128.000000,0.196842,54.473720,153.115714,2272.126522,52.410262
973,2.243785,0.587930,0.289888,128.000000,0.196842,57.046456,0.679030,2274.370307,52.700149
974,2.372900,0.583231,0.141588,128.000000,0.196842,53.942438,1.390246,2276.743207,52.841738
975,2.419955,0.571499,0.001308,128.000000,0.196842,52.893543,150.503861,2279.163162,52.843045
976,2.321531,0.570001,0.010446,128.000000,0.196842,55.136039,18.842986,2281.484693,52.853492
977,2.433007,0.574225,0.001278,128.000000,0.196842,52.609789,154.062804,2283.917700,52.854770
978,2.314113,0.574394,0.024713,128.000000,0.196842,55.312774,7.965104,2286.231813,52.879483
979,2.306598,0.578859,0.096374,128.000000,0.196842,55.492990,2.042479,2288.538410,52.975857
980,2.379064,0.594974,0.001360,128.000000,0.196842,53.802675,144.714561,2290.917474,52.977217
981,2.392402,0.584979,0.001369,128.000000,0.196842,53.502704,143.738873,2293.309877,52.978586
982,2.199693,0.584973,0.132360,128.000000,0.196842,58.189951,1.487174,2295.509569,53.110946
983,2.394235,0.588810,0.001360,128.000000,0.196842,53.461754,144.733502,2297.903804,53.112306
984,2.441275,0.578718,0.001326,128.000000,0.196842,52.431611,148.485399,2300.345079,53.113632
985,2.480675,0.579776,0.001303,128.000000,0.196842,51.598868,151.089208,2302.825754,53.114935
986,2.224568,0.582502,0.140120,128.000000,0.196842,57.539266,1.404810,2305.050322,53.255055
987,2.357709,0.571763,0.019618,128.000000,0.196842,54.290002,10.033544,2307.408030,53.274673
988,2.465120,0.587546,0.001301,128.000000,0.196842,51.924445,151.282663,2309.873151,53.275974
989,2.310292,0.584104,0.023137,128.000000,0.196842,55.404260,8.507575,2312.183442,53.299112
990,2.382452,0.574743,0.001309,128.000000,0.196842,53.726150,150.377616,2314.565895,53.300421
991,2.376244,0.588062,0.001406,128.000000,0.196842,53.866511,140.037615,2316.942139,53.301826
992,2.236415,0.584985,0.055406,128.000000,0.196842,57.234462,3.552714,2319.178554,53.357233
993,2.173808,0.584960,0.204668,128.000000,0.196842,58.882847,0.961761,2321.352362,53.561901
994,2.147722,0.586252,0.256916,128.000000,0.196842,59.598018,0.766173,2323.500084,53.818817
995,2.268452,0.575617,0.251972,128.000000,0.196842,56.426139,0.781207,2325.768537,54.070789
996,2.515015,0.589630,0.001392,128.000000,0.196842,50.894334,141.397026,2328.283551,54.072181
997,2.362177,0.569936,0.001279,128.000000,0.196842,54.187310,153.846185,2330.645728,54.073461
998,2.351340,0.572740,0.022440,128.000000,0.196842,54.437046,8.771791,2332.997068,54.095901
999,2.236933,0.580854,0.150026,128.000000,0.196842,57.221213,1.312050,2335.234001,54.245927
1000,2.084004,0.569973,0.366808,128.000000,0.196842,61.420241,0.536636,2337.318004,54.612735
1001,2.512013,0.582787,0.150169,128.000000,0.196842,50.955142,1.310805,2339.830018,54.762904
1002,2.266761,0.582025,0.014833,128.000000,0.196842,56.468250,13.270312,2342.096778,54.777737
1003,2.519595,0.585468,0.001330,128.000000,0.196842,50.801825,147.970164,2344.616373,54.779068
1004,2.347776,0.587715,0.001345,128.000000,0.196842,54.519683,146.332904,2346.964149,54.780413
1005,2.354133,0.588403,0.001251,128.000000,0.196842,54.372461,157.335174,2349.318282,54.781664
1006,2.305491,0.573938,0.001307,128.000000,0.196842,55.519617,150.614874,2351.623773,54.782971
1007,2.331772,0.586685,0.001217,128.000000,0.196842,54.893883,161.706985,2353.955545,54.784188
1008,2.351776,0.587735,0.001365,128.000000,0.196842,54.426955,144.171353,2356.307320,54.785554
1009,2.435668,0.580631,0.001286,128.000000,0.196842,52.552328,153.014782,2358.742988,54.786840
1010,2.427725,0.570951,0.001236,128.000000,0.196842,52.724254,159.227164,2361.170713,54.788076
1011,2.317796,0.575001,0.036960,128.000000,0.196842,55.224883,5.325757,2363.488509,54.825037
1012,2.279000,0.571284,0.127009,128.000000,0.196842,56.164990,1.549833,2365.767509,54.952045
1013,2.338748,0.569046,0.004541,128.000000,0.196842,54.730139,43.351878,2368.106257,54.956586
1014,2.313843,0.570544,0.001320,128.000000,0.196842,55.319215,149.147167,2370.420100,54.957906
1015,2.175188,0.585780,0.159817,128.000000,0.196842,58.845490,1.231670,2372.595288,55.117723
1016,2.296660,0.573697,0.095937,128.000000,0.196842,55.733108,2.051791,2374.891948,55.213660
1017,2.337996,0.577592,0.001304,128.000000,0.196842,54.747746,150.931305,2377.229944,55.214964
1018,2.338190,0.585318,0.001312,128.000000,0.196842,54.743210,150.063842,2379.568133,55.216276
1019,2.366430,0.572650,0.001387,128.000000,0.196842,54.089913,141.883791,2381.934564,55.217663
1020,2.468468,0.569487,0.001413,128.000000,0.196842,51.854030,139.343198,2384.403031,55.219076
1021,3.320783,0.588104,0.001440,128.000000,0.196842,38.545128,136.709164,2387.723814,55.220516
1022,2.251248,0.575539,0.094118,128.000000,0.196842,56.857360,2.091438,2389.975062,55.314634
1023,2.286595,0.581465,0.035938,128.000000,0.196842,55.978427,5.477249,2392.261657,55.350572
1024,2.223926,0.571734,0.072346,128.000000,0.196842,57.555864,2.720840,2394.485583,55.422918
1025,2.497263,0.572940,0.001354,128.000000,0.196842,51.256123,145.394926,2396.982846,55.424272
1026,2.379680,0.573687,0.028259,128.000000,0.196842,53.788756,6.965656,2399.362525,55.452531
1027,2.272033,0.571436,0.066890,128.000000,0.196842,56.337202,2.942775,2401.634559,55.519421
1028,2.373060,0.585867,0.001362,128.000000,0.196842,53.938798,144.474516,2404.007619,55.520783
1029,2.708310,0.584059,0.001323,128.000000,0.196842,47.261939,148.796199,2406.715929,55.522106
1030,2.286639,0.570776,0.055990,128.000000,0.196842,55.977354,3.515671,2409.002568,55.578096
1031,2.340123,0.594732,0.001319,128.000000,0.196842,54.697990,149.287656,2411.342691,55.579415
1032,2.409673,0.573322,0.038020,128.000000,0.196842,53.119250,5.177352,2413.752363,55.617434
1033,2.390525,0.576097,0.125251,128.000000,0.196842,53.544723,1.571579,2416.142888,55.742686
1034,2.390621,0.575983,0.001310,128.000000,0.196842,53.542579,150.255252,2418.533509,55.743996
1035,2.265908,0.584664,0.027229,128.000000,0.196842,56.489502,7.229151,2420.799417,55.771225
1036,2.441635,0.570679,0.001279,128.000000,0.196842,52.423879,153.864584,2423.241052,55.772504
1037,2.410346,0.577095,0.001382,128.000000,0.196842,53.104400,142.480065,2425.651399,55.773886
1038,2.350871,0.581945,0.001313,128.000000,0.196842,54.447915,149.913783,2428.002269,55.775199
1039,2.393148,0.583663,0.001250,128.000000,0.196842,53.486041,157.455364,2430.395417,55.776449
1040,2.463157,0.583267,0.001317,128.000000,0.196842,51.965836,149.482765,2432.858574,55.777766
1041,2.388691,0.572797,0.055623,128.000000,0.196842,53.585841,3.538892,2435.247264,55.833388
1042,2.355780,0.577125,0.001283,128.000000,0.196842,54.334454,153.448135,2437.603044,55.834671
1043,2.390848,0.584126,0.001343,128.000000,0.196842,53.537496,146.619349,2439.993892,55.836013
1044,2.374513,0.574662,0.001303,128.000000,0.196842,53.905781,151.076105,2442.368405,55.837316
1045,2.312601,0.583326,0.076330,128.000000,0.196842,55.348941,2.578846,2444.681006,55.913646
1046,2.232473,0.572865,0.172305,128.000000,0.196842,57.335524,1.142408,2446.913479,56.085951
1047,2.271368,0.586949,0.146174,128.000000,0.196842,56.353702,1.346631,2449.184847,56.232124
1048,2.285162,0.586046,0.022348,128.000000,0.196842,56.013535,8.808191,2451.470009,56.254472
1049,2.314251,0.584438,0.001290,128.000000,0.196842,55.309474,152.584460,2453.784260,56.255762
1050,2.401856,0.587798,0.001272,128.000000,0.196842,53.292122,154.746016,2456.186116,56.257034
1051,2.275553,0.576649,0.001302,128.000000,0.196842,56.250055,151.180649,2458.461669,56.258336
1052,2.469714,0.572558,0.001349,128.000000,0.196842,51.827870,145.934969,2460.931383,56.259685
1053,2.301353,0.584422,0.009463,128.000000,0.196842,55.619456,20.800321,2463.232735,56.269148
1054,2.195509,0.584645,0.095642,128.000000,0.196842,58.300821,2.058116,2465.428245,56.364790
1055,2.181738,0.588940,0.083427,128.000000,0.196842,58.668827,2.359463,2467.609983,56.448217
1056,2.212321,0.571641,0.097724,128.000000,0.196842,57.857788,2.014264,2469.822304,56.545941
1057,2.355826,0.585495,0.001320,128.000000,0.196842,54.333386,149.095879,2472.178130,56.547261
1058,2.236154,0.576402,0.159893,128.000000,0.196842,57.241132,1.231085,2474.414284,56.707155
1059,2.322605,0.569861,0.001265,128.000000,0.196842,55.110528,155.560362,2476.736889,56.708420
1060,2.116254,0.567941,0.227467,128.000000,0.196842,60.484227,0.865366,2478.853143,56.935887
1061,2.327941,0.571392,0.001395,128.000000,0.196842,54.984222,141.104605,2481.181084,56.937282
1062,2.438885,0.588094,0.001379,128.000000,0.196842,52.482989,142.729666,2483.619969,56.938661
1063,2.249720,0.571408,0.109258,128.000000,0.196842,56.895962,1.801622,2485.869690,57.047920
1064,2.347937,0.581142,0.040530,128.000000,0.196842,54.515938,4.856708,2488.217627,57.088450
1065,2.388394,0.569057,0.001256,128.000000,0.196842,53.592495,156.718248,2490.606021,57.089706
1066,2.349372,0.583625,0.001314,128.000000,0.196842,54.482638,149.832992,2492.955393,57.091019
1067,2.367318,0.585064,0.001343,128.000000,0.196842,54.069619,146.563781,2495.322712,57.092362
1068,2.091042,0.574354,0.240052,128.000000,0.196842,61.213508,0.819999,2497.413753,57.332414
1069,2.324174,0.591645,0.009346,128.000000,0.196842,55.073331,21.061298,2499.737927,57.341760
1070,2.392878,0.588489,0.145916,128.000000,0.196842,53.492077,1.349008,2502.130805,57.487676
1071,2.427846,0.589933,0.001309,128.000000,0.196842,52.721639,150.333744,2504.558651,57.488986
1072,2.216303,0.579798,0.139816,128.000000,0.196842,57.753834,1.407867,2506.774954,57.628802
1073,2.343366,0.584164,0.001282,128.000000,0.196842,54.622288,153.576236,2509.118319,57.630083
1074,2.337220,0.570663,0.004130,128.000000,0.196842,54.765924,47.662448,2511.455539,57.634213
1075,2.119495,0.575229,0.303382,128.000000,0.196842,60.391737,0.648826,2513.575035,57.937596
1076,2.368353,0.573886,0.001327,128.000000,0.196842,54.046002,148.302156,2515.943387,57.938923
1077,2.245242,0.571874,0.083703,128.000000,0.196842,57.009442,2.351681,2518.188629,58.022626
1078,2.380294,0.571155,0.001337,128.000000,0.196842,53.774868,147.177456,2520.568924,58.023963
1079,2.306499,0.570371,0.056174,128.000000,0.196842,55.495355,3.504157,2522.875423,58.080137
1080,2.484046,0.571355,0.879539,128.000000,0.196842,51.528836,0.223801,2525.359469,58.959677
1081,2.272656,0.581169,0.018630,128.000000,0.196842,56.321775,10.565912,2527.632124,58.978306
1082,2.403244,0.587459,0.004870,128.000000,0.196842,53.261352,40.418304,2530.035368,58.983177
1083,2.347358,0.585253,0.001298,128.000000,0.196842,54.529396,151.683101,2532.382726,58.984474
1084,2.369669,0.572171,0.001426,128.000000,0.196842,54.015972,138.025518,2534.752395,58.985900
1085,2.346596,0.639921,0.001321,128.000000,0.196842,54.547102,148.978636,2537.098991,58.987222
1086,2.415183,0.585237,0.001305,128.000000,0.196842,52.998047,150.817283,2539.514174,58.988527
1087,2.619031,0.576793,0.001367,128.000000,0.196842,48.873030,144.042854,2542.133206,58.989893
1088,2.493826,0.587942,0.190565,128.000000,0.196842,51.326764,1.032939,2544.627031,59.180458
1089,2.379867,0.582024,0.001303,128.000000,0.196842,53.784507,151.094543,2547.006899,59.181761
1090,2.414629,0.573231,0.001318,128.000000,0.196842,53.010214,149.343948,2549.421528,59.183079
1091,2.772658,0.590438,0.001345,128.000000,0.196842,46.165089,146.307236,2552.194186,59.184425
1092,2.267711,0.580839,0.024050,128.000000,0.196842,56.444593,8.184776,2554.461896,59.208475
1093,2.330121,0.585299,0.001230,128.000000,0.196842,54.932774,160.086104,2556.792017,59.209704
1094,2.372984,0.585236,0.001340,128.000000,0.196842,53.940524,146.857924,2559.165001,59.211044
1095,2.480411,0.587743,0.001298,128.000000,0.196842,51.604342,151.664285,2561.645413,59.212342
1096,2.514120,0.594695,0.001332,128.000000,0.196842,50.912445,147.781865,2564.159533,59.213674
1097,2.453407,0.585625,0.001295,128.000000,0.196842,52.172347,151.970478,2566.612940,59.214970
1098,2.321267,0.586176,0.018181,128.000000,0.196842,55.142311,10.826992,2568.934206,59.233150
1099,2.600465,0.572973,0.001302,128.000000,0.196842,49.221969,151.185177,2571.534671,59.234452
1100,2.145859,0.588879,0.001327,128.000000,0.196842,59.649765,148.363299,2573.680530,59.235779
