step,read_time_sec,compute_time_sec,write_time_sec,data_read_mb,data_written_mb,read_throughput_mb_s,write_throughput_mb_s,cumulative_read_time,cumulative_write_time
1,2.576707,0.102402,0.002845,32.000000,0.050358,12.418951,17.700339,2.576707,0.002845
2,2.377897,0.103067,0.123953,32.000000,0.050358,13.457271,0.406264,4.954604,0.126798
3,2.191799,0.078958,0.433081,32.000000,0.050358,14.599879,0.116278,7.146403,0.559879
4,2.202206,0.078067,0.515317,32.000000,0.050358,14.530883,0.097722,9.348609,1.075197
5,2.050972,0.075542,0.577170,32.000000,0.050358,15.602357,0.087250,11.399581,1.652367
6,2.588605,0.109915,0.232338,32.000000,0.050358,12.361871,0.216744,13.988186,1.884705
7,2.291176,0.086343,0.378252,32.000000,0.050358,13.966626,0.133133,16.279362,2.262957
8,2.287739,0.100768,0.814850,32.000000,0.050358,13.987612,0.061800,18.567101,3.077808
9,2.075887,0.103242,0.002654,32.000000,0.050358,15.415099,18.972273,20.642988,3.080462
10,2.656125,0.102305,0.001852,32.000000,0.050358,12.047628,27.193191,23.299112,3.082314
11,2.166142,0.099034,0.559928,32.000000,0.050358,14.772811,0.089936,25.465254,3.642241
12,2.116409,0.079655,0.492243,32.000000,0.050358,15.119950,0.102303,27.581663,4.134485
13,2.408691,0.092771,0.313420,32.000000,0.050358,13.285223,0.160672,29.990354,4.447905
14,2.395258,0.100416,0.090666,32.000000,0.050358,13.359731,0.555419,32.385612,4.538571
15,2.560474,0.100106,0.140417,32.000000,0.050358,12.497688,0.358630,34.946086,4.678989
16,1.999280,0.075007,0.676374,32.000000,0.050358,16.005761,0.074453,36.945366,5.355362
17,2.383346,0.100090,0.248684,32.000000,0.050358,13.426501,0.202497,39.328712,5.604047
18,2.423579,0.100251,0.144832,32.000000,0.050358,13.203612,0.347698,41.752291,5.748879
19,2.670726,0.100144,0.147261,32.000000,0.050358,11.981760,0.341963,44.423017,5.896140
20,2.344467,0.100327,0.320670,32.000000,0.050358,13.649157,0.157040,46.767484,6.216809
21,2.308149,0.100155,0.141440,32.000000,0.050358,13.863922,0.356036,49.075634,6.358250
22,2.341501,0.101877,0.275316,32.000000,0.050358,13.666445,0.182909,51.417135,6.633566
23,2.492576,0.100594,0.178701,32.000000,0.050358,12.838125,0.281799,53.909711,6.812267
24,2.269208,0.106711,0.336683,32.000000,0.050358,14.101837,0.149570,56.178919,7.148950
25,2.302191,0.103740,0.295848,32.000000,0.050358,13.899800,0.170215,58.481110,7.444798
26,2.049667,0.075553,0.559954,32.000000,0.050358,15.612292,0.089932,60.530777,8.004752
27,2.518251,0.100188,0.135973,32.000000,0.050358,12.707230,0.370352,63.049029,8.140725
28,2.340246,0.076957,0.498892,32.000000,0.050358,13.673778,0.100939,65.389274,8.639617
29,2.465320,0.100418,0.051978,32.000000,0.050358,12.980057,0.968828,67.854595,8.691595
30,2.656334,0.102864,0.010810,32.000000,0.050358,12.046679,4.658636,70.510928,8.702405
31,2.472813,0.102342,0.164999,32.000000,0.050358,12.940728,0.305202,72.983741,8.867404
32,2.417258,0.101989,0.233879,32.000000,0.050358,13.238139,0.215315,75.400999,9.101283
33,2.519782,0.111370,0.221590,32.000000,0.050358,12.699514,0.227256,77.920781,9.322873
34,2.650034,0.100188,0.294540,32.000000,0.050358,12.075315,0.170971,80.570815,9.617413
35,2.278594,0.077091,0.485703,32.000000,0.050358,14.043749,0.103680,82.849409,10.103116
36,2.294339,0.079821,0.448847,32.000000,0.050358,13.947370,0.112194,85.143748,10.551963
37,2.649012,0.103743,0.005670,32.000000,0.050358,12.079976,8.881443,87.792760,10.557633
38,2.515125,0.100519,0.080344,32.000000,0.050358,12.723025,0.626775,90.307885,10.637977
39,2.511572,0.104373,0.234902,32.000000,0.050358,12.741023,0.214378,92.819458,10.872879
40,2.499458,0.102645,0.043080,32.000000,0.050358,12.802777,1.168948,95.318916,10.915958
41,2.137278,0.086504,0.469385,32.000000,0.050358,14.972314,0.107285,97.456194,11.385343
42,2.319237,0.103871,0.122098,32.000000,0.050358,13.797642,0.412439,99.775431,11.507441
43,2.412984,0.122469,0.214789,32.000000,0.050358,13.261587,0.234452,102.188415,11.722230
44,2.446080,0.100489,0.116651,32.000000,0.050358,13.082154,0.431698,104.634495,11.838881
45,2.862702,0.109922,0.029474,32.000000,0.050358,11.178249,1.708538,107.497198,11.868355
46,2.270079,0.100693,0.309917,32.000000,0.050358,14.096424,0.162488,109.767277,12.178272
47,1.854365,0.071501,0.743485,32.000000,0.050358,17.256577,0.067732,111.621642,12.921757
48,2.195897,0.091841,0.528066,32.000000,0.050358,14.572635,0.095363,113.817539,13.449823
49,2.510575,0.102840,0.072305,32.000000,0.050358,12.746086,0.696464,116.328114,13.522128
50,2.369560,0.075238,0.473309,32.000000,0.050358,13.504618,0.106395,118.697673,13.995437
51,2.572308,0.101580,0.179880,32.000000,0.050358,12.440190,0.279952,121.269981,14.175317
52,2.638508,0.104724,0.068957,32.000000,0.050358,12.128066,0.730278,123.908489,14.244274
53,2.914187,0.100066,0.002555,32.000000,0.050358,10.980763,19.708708,126.822676,14.246829
54,2.366667,0.075834,0.429513,32.000000,0.050358,13.521123,0.117244,129.189344,14.676342
55,2.348939,0.101486,0.225774,32.000000,0.050358,13.623173,0.223045,131.538283,14.902116
56,2.510943,0.102665,0.221731,32.000000,0.050358,12.744218,0.227113,134.049225,15.123847
57,2.463211,0.107710,0.217304,32.000000,0.050358,12.991171,0.231739,136.512437,15.341151
58,2.042806,0.075271,0.617172,32.000000,0.050358,15.664725,0.081594,138.555243,15.958323
59,2.296799,0.079923,0.481570,32.000000,0.050358,13.932432,0.104570,140.852042,16.439893
60,2.481698,0.080487,0.533213,32.000000,0.050358,12.894399,0.094442,143.333740,16.973106
61,2.692527,0.102372,0.151577,32.000000,0.050358,11.884745,0.332225,146.026267,17.124683
62,2.534300,0.100123,0.062540,32.000000,0.050358,12.626761,0.805212,148.560567,17.187223
63,2.696135,0.100022,0.131190,32.000000,0.050358,11.868842,0.383854,151.256702,17.318413
64,2.340042,0.093011,0.414821,32.000000,0.050358,13.674965,0.121397,153.596744,17.733234
65,2.519980,0.108642,0.166985,32.000000,0.050358,12.698512,0.301571,156.116725,17.900219
66,2.524107,0.103002,0.176263,32.000000,0.050358,12.677751,0.285697,158.640832,18.076482
67,2.117127,0.075386,0.598759,32.000000,0.050358,15.114825,0.084104,160.757958,18.675241
68,2.446649,0.102209,0.194385,32.000000,0.050358,13.079112,0.259062,163.204608,18.869626
69,2.378934,0.100456,0.197035,32.000000,0.050358,13.451403,0.255579,165.583542,19.066661
70,2.139497,0.073938,0.749543,32.000000,0.050358,14.956787,0.067185,167.723038,19.816204
71,2.012157,0.073621,0.775184,32.000000,0.050358,15.903328,0.064962,169.735196,20.591388
72,2.485601,0.102566,0.151947,32.000000,0.050358,12.874148,0.331417,172.220797,20.743335
73,2.124233,0.077069,0.528000,32.000000,0.050358,15.064259,0.095375,174.345031,21.271335
74,2.503880,0.076167,0.515586,32.000000,0.050358,12.780167,0.097671,176.848910,21.786921
75,2.450432,0.101209,0.158167,32.000000,0.050358,13.058922,0.318384,179.299342,21.945088
76,2.528510,0.104171,0.250689,32.000000,0.050358,12.655677,0.200878,181.827852,22.195777
77,2.216251,0.077895,0.569591,32.000000,0.050358,14.438796,0.088411,184.044103,22.765368
78,2.555398,0.103266,0.036121,32.000000,0.050358,12.522510,1.394142,186.599501,22.801489
79,2.107674,0.074622,0.452491,32.000000,0.050358,15.182616,0.111290,188.707175,23.253980
80,2.448176,0.102702,0.110774,32.000000,0.050358,13.070954,0.454601,191.155351,23.364754
81,2.719569,0.100459,0.016308,32.000000,0.050358,11.766568,3.088000,193.874921,23.381061
82,2.531752,0.099994,0.129683,32.000000,0.050358,12.639470,0.388314,196.406673,23.510745
83,2.271961,0.079000,0.528413,32.000000,0.050358,14.084750,0.095300,198.678633,24.039157
84,2.433894,0.109242,0.305047,32.000000,0.050358,13.147658,0.165082,201.112527,24.344204
85,2.587142,0.102497,0.142672,32.000000,0.050358,12.368861,0.352963,203.699669,24.486876
86,2.240257,0.073712,0.511087,32.000000,0.050358,14.284077,0.098531,205.939926,24.997963
87,2.435579,0.104748,0.021044,32.000000,0.050358,13.138557,2.393021,208.375505,25.019007
88,2.173570,0.075145,0.587734,32.000000,0.050358,14.722326,0.085681,210.549075,25.606741
89,2.258435,0.077425,0.475242,32.000000,0.050358,14.169104,0.105962,212.807510,26.081984
90,1.882147,0.078527,0.859093,32.000000,0.050358,17.001864,0.058617,214.689656,26.941076
91,2.500712,0.079072,0.406189,32.000000,0.050358,12.796354,0.123976,217.190368,27.347265
92,2.370219,0.100277,0.399866,32.000000,0.050358,13.500863,0.125937,219.560587,27.747131
93,2.485325,0.100220,0.285377,32.000000,0.050358,12.875581,0.176461,222.045912,28.032508
94,2.460016,0.080159,0.451992,32.000000,0.050358,13.008043,0.111413,224.505929,28.484501
95,2.308337,0.103661,0.479413,32.000000,0.050358,13.862795,0.105041,226.814265,28.963914
96,3.826416,0.077339,0.852037,32.000000,0.050358,8.362918,0.059103,230.640681,29.815951
97,2.954393,0.102727,0.180127,32.000000,0.050358,10.831329,0.279568,233.595074,29.996078
98,2.961548,0.102462,0.158507,32.000000,0.050358,10.805160,0.317700,236.556622,30.154586
99,2.647881,0.105841,0.146824,32.000000,0.050358,12.085135,0.342982,239.204503,30.301409
100,2.259324,0.070089,0.899642,32.000000,0.050358,14.163531,0.055975,241.463827,31.201051
101,2.768816,0.084064,0.342832,32.000000,0.050358,11.557285,0.146888,244.232643,31.543883
102,2.793467,0.102989,0.411684,32.000000,0.050358,11.455297,0.122321,247.026110,31.955567
103,3.102138,0.102559,0.249420,32.000000,0.050358,10.315465,0.201899,250.128249,32.204987
104,2.486047,0.107609,0.520809,32.000000,0.050358,12.871843,0.096692,252.614295,32.725796
105,2.898937,0.102898,0.043967,32.000000,0.050358,11.038530,1.145366,255.513232,32.769763
106,2.538140,0.102290,0.170160,32.000000,0.050358,12.607658,0.295944,258.051372,32.939923
107,2.572711,0.076746,0.536029,32.000000,0.050358,12.438239,0.093946,260.624084,33.475952
108,3.265466,0.102357,0.068644,32.000000,0.050358,9.799519,0.733608,263.889550,33.544596
109,2.581720,0.071869,1.053676,32.000000,0.050358,12.394839,0.047793,266.471270,34.598272
110,2.734372,0.073421,0.907872,32.000000,0.050358,11.702868,0.055468,269.205642,35.506144
111,2.784327,0.102140,0.429558,32.000000,0.050358,11.492904,0.117232,271.989969,35.935702
112,2.801469,0.107193,0.320625,32.000000,0.050358,11.422577,0.157062,274.791438,36.256326
113,2.761137,0.104402,0.012717,32.000000,0.050358,11.589428,3.959929,277.552575,36.269043
114,2.857374,0.100483,0.283727,32.000000,0.050358,11.199095,0.177487,280.409949,36.552770
115,2.772088,0.077831,0.635121,32.000000,0.050358,11.543645,0.079289,283.182037,37.187891
116,2.628791,0.077597,0.591719,32.000000,0.050358,12.172897,0.085104,285.810828,37.779609
117,2.643878,0.073614,0.401480,32.000000,0.050358,12.103434,0.125430,288.454705,38.181089
118,3.009561,0.103381,0.172916,32.000000,0.050358,10.632779,0.291226,291.464267,38.354006
119,2.834060,0.082847,0.317664,32.000000,0.050358,11.291222,0.158525,294.298327,38.671670
120,2.507861,0.102142,0.513186,32.000000,0.050358,12.759878,0.098128,296.806187,39.184856
121,2.851853,0.100398,0.088410,32.000000,0.050358,11.220775,0.569595,299.658040,39.273265
122,2.743682,0.103510,0.175416,32.000000,0.050358,11.663158,0.287076,302.401723,39.448682
123,2.814586,0.103460,0.193111,32.000000,0.050358,11.369345,0.260772,305.216309,39.641792
124,2.845358,0.103223,0.058771,32.000000,0.050358,11.246389,0.856848,308.061666,39.700563
125,2.831888,0.100111,0.014302,32.000000,0.050358,11.299882,3.521150,310.893554,39.714865
126,2.745017,0.102766,0.060674,32.000000,0.050358,11.657489,0.829968,313.638571,39.775539
127,2.880501,0.105672,0.001933,32.000000,0.050358,11.109177,26.052704,316.519072,39.777472
128,2.564460,0.101953,0.374179,32.000000,0.050358,12.478261,0.134582,319.083532,40.151651
129,2.814230,0.101392,0.069348,32.000000,0.050358,11.370784,0.726158,321.897762,40.221000
130,2.938641,0.100037,0.110086,32.000000,0.050358,10.889388,0.457441,324.836403,40.331086
131,2.714884,0.101048,0.131971,32.000000,0.050358,11.786877,0.381583,327.551287,40.463056
132,3.644867,0.100249,0.001891,32.000000,0.050358,8.779469,26.634399,331.196154,40.464947
133,2.862346,0.100281,0.203293,32.000000,0.050358,11.179642,0.247710,334.058500,40.668240
134,2.502427,0.102731,0.405325,32.000000,0.050358,12.787586,0.124240,336.560927,41.073566
135,2.572225,0.105401,0.161894,32.000000,0.050358,12.440591,0.311054,339.133152,41.235460
136,2.724793,0.102533,0.154763,32.000000,0.050358,11.744011,0.325386,341.857945,41.390223
137,3.088082,0.099900,0.236231,32.000000,0.050358,10.362418,0.213172,344.946027,41.626454
138,2.217029,0.076452,0.717911,32.000000,0.050358,14.433728,0.070145,347.163056,42.344365
139,2.896493,0.105774,0.066989,32.000000,0.050358,11.047843,0.751735,350.059549,42.411353
140,2.561707,0.074356,0.543184,32.000000,0.050358,12.491668,0.092709,352.621257,42.954538
141,2.105515,0.076643,0.658675,32.000000,0.050358,15.198184,0.076453,354.726771,43.613213
142,2.756837,0.103212,0.125536,32.000000,0.050358,11.607507,0.401144,357.483608,43.738748
143,2.885560,0.101709,0.304451,32.000000,0.050358,11.089701,0.165405,360.369168,44.043199
144,3.045337,0.102428,0.001970,32.000000,0.050358,10.507867,25.565745,363.414506,44.045169
145,2.685233,0.094509,0.451618,32.000000,0.050358,11.917031,0.111505,366.099738,44.496787
146,2.985702,0.100294,2.403942,32.000000,0.050358,10.717747,0.020948,369.085440,46.900729
147,1.728242,0.100224,0.003814,32.000000,0.050358,18.515925,13.202257,370.813682,46.904543
148,2.419010,0.106182,0.685138,32.000000,0.050358,13.228554,0.073500,373.232692,47.589681
149,2.522120,0.073651,0.502566,32.000000,0.050358,12.687738,0.100201,375.754812,48.092247
150,3.207772,0.100437,0.148552,32.000000,0.050358,9.975771,0.338992,378.962584,48.240799
151,2.599389,0.074105,1.167070,32.000000,0.050358,12.310584,0.043149,381.561974,49.407869
152,2.604663,0.100198,0.001872,32.000000,0.050358,12.285656,26.907630,384.166637,49.409740
153,2.624947,0.102839,0.160761,32.000000,0.050358,12.190723,0.313247,386.791584,49.570501
154,2.614062,0.080984,0.601292,32.000000,0.050358,12.241484,0.083749,389.405646,50.171793
155,2.556422,0.074006,0.676486,32.000000,0.050358,12.517497,0.074440,391.962068,50.848279
156,2.828050,0.102279,0.216135,32.000000,0.050358,11.315217,0.232992,394.790118,51.064414
157,2.865775,0.102256,0.212320,32.000000,0.050358,11.166263,0.237179,397.655893,51.276734
158,2.918755,0.104354,0.225146,32.000000,0.050358,10.963579,0.223667,400.574648,51.501880
159,2.799175,0.106691,0.036182,32.000000,0.050358,11.431941,1.391793,403.373823,51.538062
160,2.384414,0.083389,0.445025,32.000000,0.050358,13.420487,0.113157,405.758237,51.983086
161,2.611029,0.094147,0.504860,32.000000,0.050358,12.255706,0.099746,408.369266,52.487946
162,2.627455,0.122583,0.287784,32.000000,0.050358,12.179088,0.174985,410.996720,52.775730
163,2.693796,0.087954,0.405147,32.000000,0.050358,11.879146,0.124295,413.690517,53.180877
164,3.032524,0.102929,0.017197,32.000000,0.050358,10.552265,2.928326,416.723041,53.198073
165,2.363520,0.094489,1.076820,32.000000,0.050358,13.539128,0.046765,419.086561,54.274894
166,2.166997,0.074574,1.013958,32.000000,0.050358,14.766977,0.049665,421.253558,55.288852
167,3.143317,0.100089,0.029874,32.000000,0.050358,10.180329,1.685664,424.396875,55.318726
168,2.672307,0.074833,0.513372,32.000000,0.050358,11.974674,0.098092,427.069182,55.832098
169,2.659271,0.100173,0.176898,32.000000,0.050358,12.033371,0.284672,429.728453,56.008996
170,2.828650,0.109052,0.443559,32.000000,0.050358,11.312818,0.113531,432.557103,56.452555
171,3.013081,0.102275,0.261071,32.000000,0.050358,10.620360,0.192889,435.570183,56.713626
172,2.417980,0.088426,0.528218,32.000000,0.050358,13.234188,0.095335,437.988163,57.241843
173,2.722184,0.106696,0.174990,32.000000,0.050358,11.755269,0.287776,440.710347,57.416833
174,2.703836,0.088322,0.551535,32.000000,0.050358,11.835039,0.091305,443.414182,57.968368
175,3.107996,0.100283,0.395502,32.000000,0.050358,10.296023,0.127326,446.522178,58.363870
176,2.421913,0.101716,0.464043,32.000000,0.050358,13.212697,0.108520,448.944091,58.827913
177,2.880470,0.078187,0.379833,32.000000,0.050358,11.109299,0.132579,451.824561,59.207746
178,2.569337,0.097980,0.318283,32.000000,0.050358,12.454576,0.158217,454.393898,59.526029
179,2.716133,0.101964,0.393988,32.000000,0.050358,11.781453,0.127816,457.110031,59.920017
180,2.491306,0.084044,0.377382,32.000000,0.050358,12.844668,0.133440,459.601337,60.297399
181,2.321047,0.074466,0.599712,32.000000,0.050358,13.786880,0.083970,461.922385,60.897110
182,3.086470,0.102770,0.027020,32.000000,0.050358,10.367830,1.863713,465.008855,60.924131
183,2.845913,0.100474,0.055139,32.000000,0.050358,11.244196,0.913296,467.854767,60.979269
184,2.490613,0.075411,0.495978,32.000000,0.050358,12.848242,0.101532,470.345381,61.475247
185,2.664447,0.100691,0.101046,32.000000,0.050358,12.009999,0.498363,473.009827,61.576294
186,2.406868,0.077812,0.481134,32.000000,0.050358,13.295288,0.104665,475.416695,62.057428
187,2.500883,0.112470,0.493907,32.000000,0.050358,12.795482,0.101958,477.917578,62.551335
188,2.264382,0.075588,0.622997,32.000000,0.050358,14.131888,0.080832,480.181960,63.174332
189,2.726451,0.105614,0.349168,32.000000,0.050358,11.736868,0.144223,482.908411,63.523500
190,2.455049,0.093336,0.500230,32.000000,0.050358,13.034363,0.100669,485.363460,64.023730
191,2.401983,0.075228,0.519544,32.000000,0.050358,13.322325,0.096927,487.765444,64.543274
192,2.544940,0.100219,0.378901,32.000000,0.050358,12.573969,0.132905,490.310384,64.922175
193,3.057848,0.100443,0.219491,32.000000,0.050358,10.464875,0.229430,493.368232,65.141666
194,2.816032,0.100858,0.260298,32.000000,0.050358,11.363508,0.193462,496.184264,65.401964
195,2.607705,0.100491,0.190269,32.000000,0.050358,12.271329,0.264666,498.791969,65.592234
196,2.673342,0.101886,0.214284,32.000000,0.050358,11.970036,0.235005,501.465311,65.806518
197,2.570020,0.104694,0.217421,32.000000,0.050358,12.451267,0.231614,504.035330,66.023939
198,2.871690,0.100118,0.063060,32.000000,0.050358,11.143264,0.798573,506.907020,66.086999
199,2.338414,0.075710,0.629875,32.000000,0.050358,13.684486,0.079949,509.245435,66.716874
200,2.691137,0.100183,0.303096,32.000000,0.050358,11.890885,0.166145,511.936572,67.019970
201,2.471927,0.076677,0.723684,32.000000,0.050358,12.945366,0.069585,514.408499,67.743654
202,2.556034,0.078998,0.450620,32.000000,0.050358,12.519393,0.111752,516.964533,68.194274
203,2.707190,0.100184,0.221017,32.000000,0.050358,11.820374,0.227846,519.671723,68.415291
204,2.751311,0.104744,0.299450,32.000000,0.050358,11.630819,0.168168,522.423034,68.714740
205,2.435847,0.076908,0.696303,32.000000,0.050358,13.137113,0.072322,524.858882,69.411044
206,2.934403,0.100260,0.096101,32.000000,0.050358,10.905113,0.524008,527.793285,69.507145
207,2.617751,0.085296,0.446909,32.000000,0.050358,12.224235,0.112680,530.411036,69.954054
208,2.638254,0.101909,0.286878,32.000000,0.050358,12.129236,0.175537,533.049289,70.240932
209,2.918134,0.102938,0.086930,32.000000,0.050358,10.965911,0.579294,535.967424,70.327862
210,2.800381,0.100098,0.211072,32.000000,0.050358,11.427018,0.238582,538.767804,70.538934
211,2.647369,0.100351,0.234201,32.000000,0.050358,12.087474,0.215020,541.415173,70.773134
212,2.802424,0.112118,0.313774,32.000000,0.050358,11.418686,0.160491,544.217597,71.086908
213,2.840818,0.103182,0.197390,32.000000,0.050358,11.264362,0.255119,547.058415,71.284298
214,2.567108,0.074562,0.530663,32.000000,0.050358,12.465389,0.094896,549.625523,71.814960
215,2.747367,0.102502,0.046697,32.000000,0.050358,11.647515,1.078386,552.372890,71.861658
216,2.578269,0.079434,0.455672,32.000000,0.050358,12.411429,0.110513,554.951159,72.317329
217,2.858134,0.101436,0.206255,32.000000,0.050358,11.196117,0.244153,557.809292,72.523584
218,2.849615,0.073443,0.525122,32.000000,0.050358,11.229589,0.095897,560.658907,73.048707
219,2.696276,0.101720,0.472823,32.000000,0.050358,11.868223,0.106505,563.355183,73.521529
220,2.575378,0.102251,0.239477,32.000000,0.050358,12.425358,0.210282,565.930561,73.761007
221,2.514441,0.073989,0.620722,32.000000,0.050358,12.726486,0.081128,568.445002,74.381728
222,2.896807,0.100166,0.030433,32.000000,0.050358,11.046645,1.654711,571.341809,74.412161
223,2.674247,0.076345,0.405963,32.000000,0.050358,11.965984,0.124045,574.016057,74.818124
224,2.686990,0.077826,0.536632,32.000000,0.050358,11.909236,0.093840,576.703047,75.354757
225,2.758619,0.105700,0.323723,32.000000,0.050358,11.600006,0.155558,579.461666,75.678479
226,2.429647,0.074854,0.553949,32.000000,0.050358,13.170639,0.090907,581.891313,76.232429
227,2.826081,0.103751,0.228502,32.000000,0.050358,11.323099,0.220383,584.717394,76.460930
228,2.297068,0.076173,0.714031,32.000000,0.050358,13.930802,0.070526,587.014462,77.174962
229,2.735295,0.102781,0.230514,32.000000,0.050358,11.698919,0.218459,589.749758,77.405475
230,2.874523,0.100238,0.214529,32.000000,0.050358,11.132281,0.234736,592.624281,77.620005
231,2.265918,0.077480,0.698138,32.000000,0.050358,14.122310,0.072132,594.890199,78.318142
232,2.547267,0.076559,0.550683,32.000000,0.050358,12.562485,0.091446,597.437466,78.868826
233,2.521648,0.102523,0.300732,32.000000,0.050358,12.690112,0.167451,599.959114,79.169558
234,2.788549,0.102543,0.303379,32.000000,0.050358,11.475501,0.165990,602.747664,79.472937
235,2.935891,0.102178,0.122298,32.000000,0.050358,10.899588,0.411763,605.683554,79.595235
236,2.723266,0.101672,0.338991,32.000000,0.050358,11.750595,0.148552,608.406821,79.934226
237,2.796378,0.102524,0.186080,32.000000,0.050358,11.443372,0.270625,611.203199,80.120306
238,2.464188,0.089465,0.539162,32.000000,0.050358,12.986021,0.093400,613.667388,80.659468
239,2.780636,0.100181,0.112281,32.000000,0.050358,11.508158,0.448499,616.448024,80.771749
240,2.667804,0.084277,0.478393,32.000000,0.050358,11.994885,0.105265,619.115827,81.250141
241,2.636962,0.075367,0.564977,32.000000,0.050358,12.135176,0.089133,621.752790,81.815118
242,2.558812,0.097580,0.449515,32.000000,0.050358,12.505806,0.112027,624.311601,82.264633
243,2.385748,0.105771,0.447652,32.000000,0.050358,13.412986,0.112493,626.697349,82.712285
244,2.790153,0.073800,0.602096,32.000000,0.050358,11.468906,0.083638,629.487502,83.314381
245,2.725042,0.100378,0.135040,32.000000,0.050358,11.742940,0.372910,632.212543,83.449421
246,2.696995,0.078311,0.350749,32.000000,0.050358,11.865055,0.143572,634.909539,83.800170
247,2.979194,0.102195,0.006297,32.000000,0.050358,10.741161,7.997307,637.888732,83.806467
248,2.494922,0.073697,0.755496,32.000000,0.050358,12.826050,0.066655,640.383655,84.561963
249,2.551533,0.081354,0.375259,32.000000,0.050358,12.541478,0.134195,642.935188,84.937222
250,2.405712,0.075864,0.689028,32.000000,0.050358,13.301676,0.073085,645.340900,85.626250
251,2.318649,0.073475,0.668761,32.000000,0.050358,13.801142,0.075300,647.659549,86.295011
252,2.597678,0.074723,0.565872,32.000000,0.050358,12.318694,0.088992,650.257227,86.860883
253,2.737979,0.102344,0.150004,32.000000,0.050358,11.687452,0.335710,652.995206,87.010887
254,2.758096,0.102728,0.248786,32.000000,0.050358,11.602206,0.202414,655.753302,87.259673
255,2.792057,0.104518,0.125859,32.000000,0.050358,11.461084,0.400112,658.545359,87.385532
256,2.565769,0.106033,0.191667,32.000000,0.050358,12.471895,0.262736,661.111128,87.577199
257,2.635770,0.077194,0.640058,32.000000,0.050358,12.140663,0.078677,663.746898,88.217257
258,2.432322,0.072206,0.757870,32.000000,0.050358,13.156155,0.066447,666.179220,88.975127
259,2.604877,0.102778,0.236456,32.000000,0.050358,12.284647,0.212969,668.784097,89.211583
260,2.605692,0.102797,0.227752,32.000000,0.050358,12.280806,0.221108,671.389790,89.439334
261,2.730641,0.102131,0.177250,32.000000,0.050358,11.718859,0.284106,674.120431,89.616585
262,3.306905,0.100143,0.001926,32.000000,0.050358,9.676721,26.141546,677.427336,89.618511
263,2.496884,0.092160,0.419850,32.000000,0.050358,12.815974,0.119942,679.924220,90.038361
264,2.541667,0.082379,0.323413,32.000000,0.050358,12.590165,0.155707,682.465886,90.361774
265,2.373408,0.087377,0.510372,32.000000,0.050358,13.482719,0.098669,684.839295,90.872146
266,2.599967,0.103453,0.072055,32.000000,0.050358,12.307849,0.698884,687.439262,90.944201
267,2.423200,0.077224,0.541625,32.000000,0.050358,13.205677,0.092976,689.862462,91.485825
268,2.867460,0.104866,0.202001,32.000000,0.050358,11.159703,0.249295,692.729922,91.687826
269,2.219495,0.076211,0.699594,32.000000,0.050358,14.417694,0.071981,694.949417,92.387421
270,2.975520,0.099964,0.264581,32.000000,0.050358,10.754424,0.190331,697.924937,92.652001
271,2.390102,0.085430,0.543753,32.000000,0.050358,13.388549,0.092612,700.315039,93.195754
272,2.533420,0.077048,0.463248,32.000000,0.050358,12.631148,0.108706,702.848459,93.659003
273,2.633590,0.127845,0.234472,32.000000,0.050358,12.150713,0.214771,705.482049,93.893475
274,2.536209,0.095182,0.400092,32.000000,0.050358,12.617255,0.125866,708.018258,94.293567
275,2.567090,0.074556,0.601993,32.000000,0.050358,12.465474,0.083652,710.585349,94.895560
276,2.607364,0.109296,0.455560,32.000000,0.050358,12.272930,0.110540,713.192713,95.351120
277,2.432470,0.072675,3.548240,32.000000,0.050358,13.155351,0.014192,715.625183,98.899360
278,3.306158,0.099978,0.379621,32.000000,0.050358,9.678907,0.132653,718.931342,99.278981
279,2.851812,0.102163,0.699582,32.000000,0.050358,11.220937,0.071983,721.783153,99.978562
280,3.100090,0.102886,0.282695,32.000000,0.050358,10.322281,0.178135,724.883244,100.261258
281,2.824183,0.082425,0.914956,32.000000,0.050358,11.330709,0.055039,727.707427,101.176214
282,2.616401,0.100092,0.308362,32.000000,0.050358,12.230541,0.163307,730.323828,101.484576
283,2.796739,0.100024,0.001853,32.000000,0.050358,11.441898,27.179717,733.120567,101.486429
284,2.687449,0.076906,0.647191,32.000000,0.050358,11.907202,0.077810,735.808016,102.133620
285,2.873177,0.105883,0.193123,32.000000,0.050358,11.137495,0.260755,738.681193,102.326743
286,2.682734,0.086692,0.817525,32.000000,0.050358,11.928130,0.061598,741.363927,103.144268
287,3.008064,0.080598,1.390067,32.000000,0.050358,10.638073,0.036227,744.371991,104.534335
288,2.628368,0.100349,0.716410,32.000000,0.050358,12.174857,0.070292,747.000358,105.250745
289,2.673223,0.099867,0.542665,32.000000,0.050358,11.970569,0.092797,749.673581,105.793410
290,3.104662,0.102258,0.001908,32.000000,0.050358,10.307081,26.399158,752.778243,105.795317
291,2.699452,0.078289,0.539969,32.000000,0.050358,11.854256,0.093261,755.477696,106.335286
292,3.031078,0.074595,0.557503,32.000000,0.050358,10.557299,0.090327,758.508774,106.892790
293,2.911780,0.076084,1.099108,32.000000,0.050358,10.989842,0.045817,761.420554,107.991898
294,2.822754,0.101720,0.592931,32.000000,0.050358,11.336446,0.084930,764.243308,108.584829
295,3.620733,0.099757,0.001880,32.000000,0.050358,8.837989,26.790420,767.864041,108.586708
296,2.853115,0.101475,0.208097,32.000000,0.050358,11.215813,0.241992,770.717156,108.794806
297,2.432529,0.074651,0.806496,32.000000,0.050358,13.155032,0.062440,773.149685,109.601301
298,2.634896,0.081673,0.524174,32.000000,0.050358,12.144690,0.096071,775.784581,110.125476
299,2.927314,0.100324,0.270069,32.000000,0.050358,10.931522,0.186463,778.711896,110.395545
300,2.599253,0.074766,0.678748,32.000000,0.050358,12.311228,0.074192,781.311149,111.074293
301,2.252426,0.077582,0.708799,32.000000,0.050358,14.206901,0.071047,783.563576,111.783092
302,2.585485,0.103536,0.287737,32.000000,0.050358,12.376787,0.175013,786.149061,112.070829
303,2.514146,0.152505,0.727893,32.000000,0.050358,12.727980,0.069183,788.663207,112.798723
304,2.776354,0.199756,0.138304,32.000000,0.050358,11.525906,0.364109,791.439561,112.937027
305,3.194623,0.204779,0.216639,32.000000,0.050358,10.016832,0.232450,794.634184,113.153666
306,2.919575,0.204579,0.044304,32.000000,0.050358,10.960498,1.136637,797.553760,113.197970
307,2.688125,0.207559,0.137595,32.000000,0.050358,11.904208,0.365987,800.241884,113.335565
308,2.469042,0.171732,0.611328,32.000000,0.050358,12.960493,0.082375,802.710926,113.946893
309,3.070461,0.200102,0.164828,32.000000,0.050358,10.421887,0.305518,805.781387,114.111721
310,2.958270,0.203911,0.222356,32.000000,0.050358,10.817131,0.226474,808.739658,114.334076
311,3.176333,0.204414,0.002023,32.000000,0.050358,10.074510,24.886567,811.915991,114.336100
312,2.590834,0.200565,0.341317,32.000000,0.050358,12.351236,0.147540,814.506825,114.677417
313,2.889403,0.173786,0.748475,32.000000,0.050358,11.074951,0.067281,817.396228,115.425891
314,2.758979,0.209769,0.021653,32.000000,0.050358,11.598493,2.325717,820.155207,115.447544
315,2.895221,0.204990,0.350776,32.000000,0.050358,11.052697,0.143561,823.050428,115.798320
316,3.235818,0.199402,0.219169,32.000000,0.050358,9.889307,0.229767,826.286247,116.017489
317,2.595415,0.151809,0.703726,32.000000,0.050358,12.329436,0.071559,828.881661,116.721215
318,3.254107,0.204289,0.001930,32.000000,0.050358,9.833728,26.095136,832.135768,116.723144
319,3.590579,0.200691,0.098284,32.000000,0.050358,8.912212,0.512372,835.726347,116.821428
320,3.046027,0.199983,0.002001,32.000000,0.050358,10.505487,25.164339,838.772374,116.823429
321,2.892000,0.207440,0.002028,32.000000,0.050358,11.065007,24.834578,841.664374,116.825457
322,2.634884,0.158332,0.505250,32.000000,0.050358,12.144747,0.099669,844.299258,117.330707
323,2.485846,0.162360,0.461295,32.000000,0.050358,12.872883,0.109166,846.785104,117.792002
324,2.623921,0.142625,0.657924,32.000000,0.050358,12.195488,0.076541,849.409025,118.449925
325,2.939289,0.210525,1.241449,32.000000,0.050358,10.886985,0.040564,852.348314,119.691375
326,2.858947,0.211251,0.143164,32.000000,0.050358,11.192933,0.351750,855.207261,119.834538
327,2.578434,0.142297,0.514684,32.000000,0.050358,12.410635,0.097842,857.785695,120.349222
328,3.144581,0.201612,0.001957,32.000000,0.050358,10.176237,25.728995,860.930276,120.351180
329,2.586192,0.208899,0.185521,32.000000,0.050358,12.373406,0.271440,863.516467,120.536700
330,2.708892,0.141623,0.837444,32.000000,0.050358,11.812947,0.060133,866.225360,121.374144
331,2.606952,0.141068,0.571163,32.000000,0.050358,12.274872,0.088167,868.832311,121.945307
332,2.640617,0.199525,0.256859,32.000000,0.050358,12.118378,0.196053,871.472929,122.202166
333,2.519546,0.140576,0.471704,32.000000,0.050358,12.700702,0.106757,873.992475,122.673870
334,2.617385,0.186899,0.429723,32.000000,0.050358,12.225941,0.117187,876.609860,123.103593
335,2.753925,0.172605,0.757628,32.000000,0.050358,11.619781,0.066468,879.363784,123.861220
336,2.493051,0.162546,1.036135,32.000000,0.050358,12.835680,0.048602,881.856835,124.897355
337,2.392269,0.165728,0.402186,32.000000,0.050358,13.376420,0.125210,884.249104,125.299541
338,2.528293,0.208327,0.734882,32.000000,0.050358,12.656760,0.068525,886.777398,126.034424
339,2.960711,0.209039,0.032928,32.000000,0.050358,10.808214,1.529309,889.738109,126.067352
340,2.739277,0.211299,0.001781,32.000000,0.050358,11.681913,28.279518,892.477386,126.069133
341,2.898035,0.239764,0.593413,32.000000,0.050358,11.041966,0.084861,895.375421,126.662546
342,2.523526,0.169982,0.494399,32.000000,0.050358,12.680668,0.101857,897.898947,127.156944
343,2.696436,0.199595,0.409996,32.000000,0.050358,11.867515,0.122825,900.595384,127.566940
344,2.419831,0.149728,0.808363,32.000000,0.050358,13.224064,0.062296,903.015215,128.375302
345,2.770497,0.202731,0.479232,32.000000,0.050358,11.550272,0.105080,905.785712,128.854534
346,2.660477,0.152892,0.516378,32.000000,0.050358,12.027917,0.097521,908.446189,129.370913
347,2.552278,0.161846,1.655527,32.000000,0.050358,12.537818,0.030418,910.998468,131.026440
348,2.850037,0.203780,0.241609,32.000000,0.050358,11.227925,0.208427,913.848505,131.268049
349,2.605739,0.158001,0.561449,32.000000,0.050358,12.280586,0.089693,916.454244,131.829498
350,2.959184,0.204526,0.377636,32.000000,0.050358,10.813791,0.133350,919.413428,132.207133
351,2.439240,0.139669,0.953567,32.000000,0.050358,13.118839,0.052810,921.852668,133.160700
352,2.737941,0.205941,0.225802,32.000000,0.050358,11.687617,0.223018,924.590609,133.386502
353,2.320798,0.148349,0.731334,32.000000,0.050358,13.788359,0.068857,926.911407,134.117836
354,2.514058,0.156707,0.645226,32.000000,0.050358,12.728425,0.078047,929.425465,134.763063
355,2.898151,0.200586,0.896569,32.000000,0.050358,11.041524,0.056167,932.323616,135.659632
356,2.498262,0.173778,0.604912,32.000000,0.050358,12.808903,0.083248,934.821878,136.264543
357,2.907551,0.214655,0.101599,32.000000,0.050358,11.005825,0.495651,937.729429,136.366143
358,2.459449,0.147884,1.121875,32.000000,0.050358,13.011044,0.044887,940.188878,137.488018
359,2.901454,0.203726,0.067228,32.000000,0.050358,11.028951,0.749059,943.090333,137.555246
360,2.678926,0.217051,0.570120,32.000000,0.050358,11.945084,0.088328,945.769259,138.125366
361,2.913699,0.209366,0.092934,32.000000,0.050358,10.982602,0.541869,948.682959,138.218300
362,2.746757,0.171579,0.424356,32.000000,0.050358,11.650101,0.118669,951.429716,138.642656
363,2.659386,0.205555,0.707902,32.000000,0.050358,12.032855,0.071137,954.089101,139.350558
364,2.732644,0.203917,0.195196,32.000000,0.050358,11.710272,0.257986,956.821745,139.545754
365,2.805617,0.203927,0.688044,32.000000,0.050358,11.405689,0.073190,959.627363,140.233798
366,2.668493,0.209813,0.514749,32.000000,0.050358,11.991786,0.097830,962.295856,140.748547
367,2.631117,0.177321,0.381190,32.000000,0.050358,12.162136,0.132107,964.926973,141.129738
368,2.710274,0.206432,0.321740,32.000000,0.050358,11.806925,0.156517,967.637246,141.451478
369,2.428497,0.136818,0.985578,32.000000,0.050358,13.176874,0.051095,970.065743,142.437056
370,2.850738,0.211309,0.541095,32.000000,0.050358,11.225162,0.093066,972.916482,142.978151
371,2.646479,0.164123,0.795650,32.000000,0.050358,12.091536,0.063291,975.562961,143.773801
372,2.686496,0.203991,0.390215,32.000000,0.050358,11.911425,0.129052,978.249457,144.164016
373,2.668636,0.205174,0.359167,32.000000,0.050358,11.991146,0.140207,980.918093,144.523183
374,2.663978,0.138562,0.581772,32.000000,0.050358,12.012111,0.086559,983.582071,145.104955
375,2.539543,0.140696,1.162949,32.000000,0.050358,12.600691,0.043302,986.121614,146.267904
376,2.953550,0.199573,0.002038,32.000000,0.050358,10.834421,24.707612,989.075164,146.269942
377,3.131734,0.199226,0.002037,32.000000,0.050358,10.217982,24.718211,992.206898,146.271979
378,2.817107,0.216348,0.339728,32.000000,0.050358,11.359172,0.148230,995.024005,146.611707
379,2.849131,0.199619,0.194010,32.000000,0.050358,11.231494,0.259563,997.873136,146.805718
380,2.899859,0.200124,0.110059,32.000000,0.050358,11.035018,0.457553,1000.772995,146.915777
381,3.543033,0.204364,0.002078,32.000000,0.050358,9.031810,24.232859,1004.316028,146.917855
382,3.697502,0.204220,0.001930,32.000000,0.050358,8.654493,26.093810,1008.013530,146.919785
383,2.847748,0.204128,0.064299,32.000000,0.050358,11.236950,0.783182,1010.861278,146.984084
384,2.537067,0.145584,1.376665,32.000000,0.050358,12.612988,0.036580,1013.398345,148.360749
385,2.887029,0.202319,0.797763,32.000000,0.050358,11.084058,0.063124,1016.285374,149.158512
386,2.543031,0.157509,0.455510,32.000000,0.050358,12.583409,0.110553,1018.828405,149.614021
387,2.987336,0.199522,0.010009,32.000000,0.050358,10.711885,5.031049,1021.815741,149.624031
388,2.913022,0.199570,0.274853,32.000000,0.050358,10.985156,0.183217,1024.728763,149.898884
389,2.879904,0.151087,2.166442,32.000000,0.050358,11.111483,0.023244,1027.608667,152.065325
390,1.953922,0.199103,0.001957,32.000000,0.050358,16.377314,25.726840,1029.562589,152.067283
391,2.368477,0.149286,1.027575,32.000000,0.050358,13.510794,0.049006,1031.931066,153.094858
392,2.762234,0.178123,0.604445,32.000000,0.050358,11.584825,0.083312,1034.693300,153.699303
393,2.642898,0.158272,0.556023,32.000000,0.050358,12.107920,0.090568,1037.336198,154.255326
394,2.653643,0.146697,0.417593,32.000000,0.050358,12.058896,0.120591,1039.989841,154.672918
395,3.083732,0.199628,0.001904,32.000000,0.050358,10.377036,26.445740,1043.073573,154.674823
396,3.006135,0.199179,0.002113,32.000000,0.050358,10.644897,23.827486,1046.079709,154.676936
397,2.742436,0.203711,0.233334,32.000000,0.050358,11.668457,0.215818,1048.822145,154.910270
398,2.635893,0.141939,0.438189,32.000000,0.050358,12.140099,0.114923,1051.458038,155.348459
399,2.164012,0.133360,0.647664,32.000000,0.050358,14.787349,0.077753,1053.622050,155.996123
400,3.140524,0.204204,0.002170,32.000000,0.050358,10.189384,23.201439,1056.762573,155.998293
401,2.496663,0.156489,0.872586,32.000000,0.050358,12.817109,0.057711,1059.259236,156.870879
402,2.636104,0.142433,0.660941,32.000000,0.050358,12.139127,0.076191,1061.895340,157.531820
403,2.996202,0.205192,0.018511,32.000000,0.050358,10.680187,2.720414,1064.891542,157.550331
404,3.117458,0.205107,0.410723,32.000000,0.050358,10.264773,0.122608,1068.009000,157.961054
405,2.324950,0.139146,0.976768,32.000000,0.050358,13.763734,0.051556,1070.333951,158.937822
406,2.191043,0.131870,1.015643,32.000000,0.050358,14.604917,0.049582,1072.524994,159.953465
407,2.634855,0.175181,0.371561,32.000000,0.050358,12.144882,0.135530,1075.159848,160.325026
408,3.016632,0.199344,0.001975,32.000000,0.050358,10.607858,25.492079,1078.176480,160.327002
409,2.536749,0.199574,0.392944,32.000000,0.050358,12.614570,0.128155,1080.713229,160.719946
410,2.642796,0.208339,0.485411,32.000000,0.050358,12.108389,0.103743,1083.356025,161.205357
411,2.567092,0.159987,1.001978,32.000000,0.050358,12.465467,0.050258,1085.923117,162.207335
412,2.690019,0.205940,0.059184,32.000000,0.050358,11.895827,0.850862,1088.613136,162.266519
413,2.917821,0.209707,0.072078,32.000000,0.050358,10.967089,0.698662,1091.530957,162.338597
414,2.594584,0.193854,0.592059,32.000000,0.050358,12.333386,0.085055,1094.125540,162.930656
415,2.713290,0.148531,0.631222,32.000000,0.050358,11.793800,0.079778,1096.838830,163.561878
416,2.802208,0.201208,0.064975,32.000000,0.050358,11.419566,0.775034,1099.641038,163.626853
417,2.677567,0.164411,0.461925,32.000000,0.050358,11.951148,0.109017,1102.318605,164.088778
418,3.037451,0.200478,0.128731,32.000000,0.050358,10.535150,0.391185,1105.356056,164.217509
419,2.902904,0.200826,0.162152,32.000000,0.050358,11.023443,0.310560,1108.258960,164.379661
420,2.938545,0.199351,0.001944,32.000000,0.050358,10.889742,25.901110,1111.197506,164.381605
421,2.922617,0.206587,0.087229,32.000000,0.050358,10.949090,0.577305,1114.120123,164.468835
422,2.983990,0.199797,0.145513,32.000000,0.050358,10.723897,0.346071,1117.104113,164.614347
423,3.175675,0.199945,0.077232,32.000000,0.050358,10.076597,0.652033,1120.279788,164.691579
424,3.021378,0.218838,0.215751,32.000000,0.050358,10.591192,0.233407,1123.301166,164.907331
425,2.762215,0.184614,1.509664,32.000000,0.050358,11.584908,0.033357,1126.063381,166.416994
426,2.355074,0.199520,0.001958,32.000000,0.050358,13.587681,25.721951,1128.418455,166.418952
427,2.544455,0.140869,0.662885,32.000000,0.050358,12.576365,0.075968,1130.962911,167.081837
428,2.607298,0.161045,0.441225,32.000000,0.050358,12.273242,0.114132,1133.570209,167.523061
429,3.010541,0.199203,0.001791,32.000000,0.050358,10.629319,28.111988,1136.580749,167.524853
430,3.118165,0.199042,0.001954,32.000000,0.050358,10.262445,25.777779,1139.698915,167.526806
431,2.703489,0.175612,0.450493,32.000000,0.050358,11.836557,0.111784,1142.402404,167.977300
432,2.970777,0.214206,0.043545,32.000000,0.050358,10.771591,1.156449,1145.373181,168.020845
433,2.501381,0.146564,0.640295,32.000000,0.050358,12.792932,0.078648,1147.874562,168.661140
434,2.838177,0.203886,1.754082,32.000000,0.050358,11.274841,0.028709,1150.712740,170.415222
435,1.939845,0.204437,0.001941,32.000000,0.050358,16.496166,25.939748,1152.652584,170.417164
436,2.633818,0.142123,0.520368,32.000000,0.050358,12.149664,0.096774,1155.286402,170.937531
437,3.067474,0.206942,0.104953,32.000000,0.050358,10.432035,0.479814,1158.353876,171.042484
438,2.907218,0.207029,0.001978,32.000000,0.050358,11.007085,25.463245,1161.261095,171.044462
439,2.873841,0.205566,0.332012,32.000000,0.050358,11.134925,0.151674,1164.134935,171.376474
440,2.731533,0.179828,0.512916,32.000000,0.050358,11.715032,0.098179,1166.866468,171.889390
441,2.248684,0.139369,0.731388,32.000000,0.050358,14.230546,0.068852,1169.115152,172.620778
442,2.314162,0.144183,0.777122,32.000000,0.050358,13.827899,0.064800,1171.429314,173.397899
443,2.621063,0.167408,1.416866,32.000000,0.050358,12.208788,0.035542,1174.050377,174.814765
444,2.573165,0.199698,0.001981,32.000000,0.050358,12.436048,25.424869,1176.623542,174.816746
445,2.824424,0.208484,0.157041,32.000000,0.050358,11.329743,0.320667,1179.447966,174.973787
446,2.698821,0.202617,0.217414,32.000000,0.050358,11.857027,0.231622,1182.146787,175.191201
447,2.937454,0.210108,0.060047,32.000000,0.050358,10.893786,0.838634,1185.084242,175.251248
448,2.589434,0.195590,0.341481,32.000000,0.050358,12.357915,0.147469,1187.673675,175.592730
449,2.976903,0.203760,0.126482,32.000000,0.050358,10.749425,0.398144,1190.650579,175.719211
450,2.862521,0.210139,0.092634,32.000000,0.050358,11.178959,0.543622,1193.513099,175.811845
451,2.857887,0.199862,0.070505,32.000000,0.050358,11.197082,0.714242,1196.370987,175.882350
452,2.803476,0.200217,0.035798,32.000000,0.050358,11.414401,1.406714,1199.174462,175.918149
453,2.860278,0.208550,0.610460,32.000000,0.050358,11.187722,0.082492,1202.034741,176.528608
454,3.004792,0.211135,0.105566,32.000000,0.050358,10.649655,0.477028,1205.039533,176.634174
455,2.463001,0.147803,0.497703,32.000000,0.050358,12.992281,0.101180,1207.502534,177.131877
456,2.597462,0.188028,0.543781,32.000000,0.050358,12.319717,0.092607,1210.099996,177.675658
457,3.111040,0.199786,0.282080,32.000000,0.050358,10.285951,0.178523,1213.211036,177.957738
458,2.689209,0.200019,0.127176,32.000000,0.050358,11.899408,0.395971,1215.900245,178.084913
459,2.771578,0.147432,0.661960,32.000000,0.050358,11.545770,0.076074,1218.671823,178.746874
460,4.019302,0.199169,0.001906,32.000000,0.050358,7.961580,26.415803,1222.691126,178.748780
461,2.814130,0.205148,0.371222,32.000000,0.050358,11.371187,0.135654,1225.505256,179.120002
462,2.862742,0.199759,0.365069,32.000000,0.050358,11.178094,0.137941,1228.367998,179.485071
463,2.634374,0.150578,0.666777,32.000000,0.050358,12.147100,0.075524,1231.002372,180.151847
464,2.889897,0.200274,0.061673,32.000000,0.050358,11.073058,0.816526,1233.892269,180.213521
465,2.640225,0.156958,0.923126,32.000000,0.050358,12.120179,0.054551,1236.532494,181.136647
466,2.510107,0.168021,0.598582,32.000000,0.050358,12.748462,0.084129,1239.042601,181.735229
467,3.011623,0.199793,0.001988,32.000000,0.050358,10.625501,25.327009,1242.054223,181.737217
468,3.083720,0.199259,0.621817,32.000000,0.050358,10.377077,0.080985,1245.137943,182.359034
469,2.432695,0.139660,1.216635,32.000000,0.050358,13.154138,0.041391,1247.570638,183.575668
470,2.875790,0.200310,0.894351,32.000000,0.050358,11.127375,0.056307,1250.446428,184.470019
471,2.478609,0.182454,0.574716,32.000000,0.050358,12.910466,0.087622,1252.925038,185.044735
472,2.738887,0.204504,0.073350,32.000000,0.050358,11.683576,0.686541,1255.663925,185.118085
473,2.733674,0.200011,0.252637,32.000000,0.050358,11.705859,0.199329,1258.397599,185.370722
474,2.628347,0.149136,0.432554,32.000000,0.050358,12.174951,0.116420,1261.025946,185.803276
475,3.092959,0.181977,0.373375,32.000000,0.050358,10.346079,0.134872,1264.118905,186.176650
476,2.552675,0.181466,0.505305,32.000000,0.050358,12.535869,0.099658,1266.671580,186.681956
477,2.796743,0.208476,0.512064,32.000000,0.050358,11.441879,0.098343,1269.468324,187.194020
478,2.920089,0.199721,0.044044,32.000000,0.050358,10.958570,1.143357,1272.388413,187.238064
479,2.678995,0.164151,0.696195,32.000000,0.050358,11.944780,0.072333,1275.067407,187.934259
480,2.621502,0.193607,0.494252,32.000000,0.050358,12.206742,0.101887,1277.688909,188.428512
481,2.652190,0.215967,0.202560,32.000000,0.050358,12.065498,0.248607,1280.341100,188.631072
482,2.855663,0.200203,0.214119,32.000000,0.050358,11.205802,0.235186,1283.196763,188.845191
483,3.240879,0.199706,0.251714,32.000000,0.050358,9.873865,0.200060,1286.437642,189.096905
484,2.578591,0.144030,0.945768,32.000000,0.050358,12.409876,0.053245,1289.016234,190.042673
485,2.488984,0.145626,0.554627,32.000000,0.050358,12.856652,0.090796,1291.505217,190.597299
486,2.609500,0.187631,0.463894,32.000000,0.050358,12.262888,0.108555,1294.114717,191.061193
487,2.401026,0.156920,0.606769,32.000000,0.050358,13.327634,0.082993,1296.515743,191.667962
488,2.963507,0.204377,0.021596,32.000000,0.050358,10.798018,2.331803,1299.479250,191.689558
489,2.885182,0.200460,0.165560,32.000000,0.050358,11.091157,0.304167,1302.364432,191.855118
490,2.714793,0.200242,0.294248,32.000000,0.050358,11.787270,0.171141,1305.079225,192.149366
491,2.771661,0.155928,0.491465,32.000000,0.050358,11.545425,0.102465,1307.850885,192.640830
492,2.942682,0.205369,0.001895,32.000000,0.050358,10.874432,26.570906,1310.793568,192.642726
493,2.467239,0.145568,1.861474,32.000000,0.050358,12.969962,0.027053,1313.260807,194.504199
494,3.070877,0.199820,0.131050,32.000000,0.050358,10.420475,0.384264,1316.331685,194.635249
495,2.534914,0.183911,1.026317,32.000000,0.050358,12.623701,0.049067,1318.866599,195.661567
496,2.909551,0.211269,0.154049,32.000000,0.050358,10.998261,0.326894,1321.776150,195.815616
497,2.590376,0.210346,0.507648,32.000000,0.050358,12.353418,0.099198,1324.366526,196.323264
498,2.612301,0.207785,0.376137,32.000000,0.050358,12.249735,0.133882,1326.978827,196.699401
499,2.801850,0.200349,0.124757,32.000000,0.050358,11.421026,0.403647,1329.780677,196.824158
500,2.883276,0.207692,0.156008,32.000000,0.050358,11.098488,0.322791,1332.663953,196.980166
501,2.864838,0.207713,0.303161,32.000000,0.050358,11.169916,0.166109,1335.528791,197.283326
502,2.882842,0.152955,0.723885,32.000000,0.050358,11.100157,0.069566,1338.411633,198.007211
503,2.682729,0.205833,0.421272,32.000000,0.050358,11.928151,0.119538,1341.094362,198.428483
504,2.691238,0.205518,0.333260,32.000000,0.050358,11.890437,0.151107,1343.785601,198.761744
505,3.143824,0.210304,0.002021,32.000000,0.050358,10.178686,24.923345,1346.929425,198.763764
506,2.807689,0.224449,0.470361,32.000000,0.050358,11.397272,0.107062,1349.737114,199.234125
507,2.600962,0.220116,0.269873,32.000000,0.050358,12.303141,0.186598,1352.338076,199.503998
508,2.791782,0.205192,0.405252,32.000000,0.050358,11.462214,0.124263,1355.129858,199.909251
509,2.613028,0.204968,0.261345,32.000000,0.050358,12.246329,0.192687,1357.742886,200.170596
510,2.609443,0.204423,0.184637,32.000000,0.050358,12.263151,0.272740,1360.352329,200.355232
511,2.313050,0.161625,0.635289,32.000000,0.050358,13.834546,0.079268,1362.665379,200.990521
512,2.462383,0.144485,0.745861,32.000000,0.050358,12.995542,0.067516,1365.127762,201.736382
513,3.141219,0.207392,1.076412,32.000000,0.050358,10.187129,0.046783,1368.268981,202.812794
514,2.799606,0.214191,0.075211,32.000000,0.050358,11.430181,0.669557,1371.068587,202.888005
515,2.962295,0.199888,0.002012,32.000000,0.050358,10.802437,25.025515,1374.030881,202.890017
516,2.843548,0.205635,0.019483,32.000000,0.050358,11.253547,2.584693,1376.874429,202.909500
517,2.893100,0.200082,0.181319,32.000000,0.050358,11.060799,0.277731,1379.767529,203.090819
518,2.662511,0.203775,0.276548,32.000000,0.050358,12.018729,0.182095,1382.430040,203.367367
519,2.834606,0.216924,0.026944,32.000000,0.050358,11.289046,1.869000,1385.264647,203.394310
520,3.204101,0.199935,0.002003,32.000000,0.050358,9.987201,25.140331,1388.468748,203.396314
521,2.676030,0.214602,0.679714,32.000000,0.050358,11.958012,0.074087,1391.144778,204.076028
522,3.025577,0.163469,0.446179,32.000000,0.050358,10.576495,0.112865,1394.170355,204.522206
523,2.819491,0.204355,0.005759,32.000000,0.050358,11.349568,8.743852,1396.989845,204.527965
524,2.909935,0.205334,0.116894,32.000000,0.050358,10.996811,0.430797,1399.899780,204.644860
525,2.618924,0.157990,0.895170,32.000000,0.050358,12.218760,0.056255,1402.518704,205.540030
526,3.045117,0.204669,0.149141,32.000000,0.050358,10.508626,0.337652,1405.563821,205.689171
527,2.966849,0.198107,1.107451,32.000000,0.050358,10.785854,0.045472,1408.530670,206.796622
528,2.828484,0.203797,0.233771,32.000000,0.050358,11.313482,0.215415,1411.359154,207.030393
529,3.267075,0.200099,0.001861,32.000000,0.050358,9.794694,27.058908,1414.626229,207.032254
530,2.620473,0.215296,0.375155,32.000000,0.050358,12.211538,0.134232,1417.246701,207.407409
531,2.887962,0.206906,0.841023,32.000000,0.050358,11.080477,0.059877,1420.134664,208.248432
532,2.750062,0.154705,0.403286,32.000000,0.050358,11.636100,0.124869,1422.884726,208.651718
533,2.894686,0.210284,0.252958,32.000000,0.050358,11.054739,0.199076,1425.779412,208.904676
534,2.789108,0.184437,0.683922,32.000000,0.050358,11.473200,0.073631,1428.568520,209.588598
535,3.114633,0.204364,0.002053,32.000000,0.050358,10.274085,24.523196,1431.683153,209.590651
536,2.804521,0.150167,0.596254,32.000000,0.050358,11.410147,0.084457,1434.487674,210.186905
537,2.998561,0.199935,0.005096,32.000000,0.050358,10.671784,9.882697,1437.486236,210.192001
538,2.559688,0.153145,0.847416,32.000000,0.050358,12.501526,0.059425,1440.045923,211.039417
539,2.736968,0.155315,0.466882,32.000000,0.050358,11.691768,0.107860,1442.782892,211.506299
540,2.838579,0.217347,0.838418,32.000000,0.050358,11.273248,0.060063,1445.621470,212.344717
541,2.544748,0.170036,0.524957,32.000000,0.050358,12.574919,0.095927,1448.166218,212.869674
542,2.516479,0.151928,0.599337,32.000000,0.050358,12.716181,0.084023,1450.682697,213.469011
543,2.757723,0.177203,0.425586,32.000000,0.050358,11.603778,0.118326,1453.440420,213.894597
544,2.847719,0.216757,0.631950,32.000000,0.050358,11.237065,0.079686,1456.288138,214.526547
545,2.835050,0.200129,0.130562,32.000000,0.050358,11.287279,0.385701,1459.123188,214.657109
546,2.772005,0.175485,0.496943,32.000000,0.050358,11.543990,0.101335,1461.895193,215.154052
547,2.622833,0.204927,0.244242,32.000000,0.050358,12.200549,0.206180,1464.518026,215.398294
548,3.151163,0.200153,0.016028,32.000000,0.050358,10.154979,3.141922,1467.669190,215.414322
549,2.554049,0.157001,1.502402,32.000000,0.050358,12.529125,0.033518,1470.223239,216.916723
550,2.889053,0.204151,0.437196,32.000000,0.050358,11.076293,0.115184,1473.112292,217.353919
551,2.844293,0.201546,0.198801,32.000000,0.050358,11.250600,0.253308,1475.956585,217.552720
552,2.855849,0.200638,0.160708,32.000000,0.050358,11.205075,0.313349,1478.812434,217.713429
553,2.845614,0.204533,0.773142,32.000000,0.050358,11.245376,0.065134,1481.658048,218.486570
554,2.792041,0.204498,0.514397,32.000000,0.050358,11.461150,0.097897,1484.450089,219.000967
555,2.642142,0.151799,0.651099,32.000000,0.050358,12.111388,0.077343,1487.092230,219.652066
556,2.519129,0.186324,1.018486,32.000000,0.050358,12.702803,0.049444,1489.611359,220.670552
557,2.712001,0.188275,0.530653,32.000000,0.050358,11.799406,0.094898,1492.323360,221.201205
558,2.618045,0.146823,0.938577,32.000000,0.050358,12.222862,0.053653,1494.941405,222.139783
559,3.847952,0.200410,0.001816,32.000000,0.050358,8.316112,27.736934,1498.789357,222.141598
560,2.626773,0.150720,0.735766,32.000000,0.050358,12.182249,0.068443,1501.416130,222.877364
561,2.607230,0.152482,0.513563,32.000000,0.050358,12.273563,0.098056,1504.023359,223.390927
562,2.912951,0.156132,0.641089,32.000000,0.050358,10.985422,0.078550,1506.936311,224.032016
563,2.573176,0.213506,0.696386,32.000000,0.050358,12.435995,0.072313,1509.509486,224.728402
564,3.310404,0.200178,0.001902,32.000000,0.050358,9.666495,26.482037,1512.819890,224.730304
565,3.142497,0.217253,0.479920,32.000000,0.050358,10.182986,0.104930,1515.962387,225.210223
566,2.615953,0.208449,0.122950,32.000000,0.050358,12.232635,0.409578,1518.578340,225.333174
567,2.836491,0.205072,0.181309,32.000000,0.050358,11.281543,0.277745,1521.414831,225.514483
568,2.585669,0.183439,0.494054,32.000000,0.050358,12.375908,0.101928,1524.000500,226.008537
569,2.872897,0.203760,0.347182,32.000000,0.050358,11.138581,0.145047,1526.873398,226.355719
570,2.697569,0.207563,0.237436,32.000000,0.050358,11.862532,0.212090,1529.570967,226.593155
571,2.760532,0.204425,0.338880,32.000000,0.050358,11.591969,0.148601,1532.331499,226.932035
572,2.658278,0.156489,1.693928,32.000000,0.050358,12.037870,0.029728,1534.989776,228.625963
573,2.284224,0.199861,0.002118,32.000000,0.050358,14.009134,23.775669,1537.274000,228.628081
574,2.536459,0.207407,0.351835,32.000000,0.050358,12.616013,0.143129,1539.810459,228.979916
575,2.722982,0.205411,0.880670,32.000000,0.050358,11.751822,0.057181,1542.533441,229.860586
576,2.493643,0.196907,0.380497,32.000000,0.050358,12.832629,0.132347,1545.027085,230.241083
577,2.771276,0.192796,0.579703,32.000000,0.050358,11.547026,0.086868,1547.798361,230.820787
578,2.495045,0.155758,0.510873,32.000000,0.050358,12.825419,0.098572,1550.293406,231.331660
579,2.545897,0.172069,0.607912,32.000000,0.050358,12.569242,0.082837,1552.839303,231.939572
580,2.830599,0.208239,0.203517,32.000000,0.050358,11.305026,0.247438,1555.669903,232.143088
581,2.825476,0.237693,0.122695,32.000000,0.050358,11.325525,0.410430,1558.495379,232.265784
582,2.209277,0.152748,0.643191,32.000000,0.050358,14.484375,0.078294,1560.704656,232.908974
583,2.732919,0.154535,0.787727,32.000000,0.050358,11.709094,0.063928,1563.437575,233.696701
584,2.492419,0.171367,0.501213,32.000000,0.050358,12.838932,0.100472,1565.929994,234.197914
585,2.794589,0.204698,0.001838,32.000000,0.050358,11.450701,27.401559,1568.724583,234.199752
586,2.657427,0.208997,1.591452,32.000000,0.050358,12.041723,0.031643,1571.382010,235.791203
587,1.951436,0.204932,0.002012,32.000000,0.050358,16.398183,25.028488,1573.333445,235.793215
588,2.719126,0.161971,0.467305,32.000000,0.050358,11.768486,0.107762,1576.052572,236.260521
589,2.835784,0.168110,0.358091,32.000000,0.050358,11.284357,0.140629,1578.888356,236.618612
590,2.718720,0.202691,0.217786,32.000000,0.050358,11.770246,0.231227,1581.607076,236.836397
591,2.919633,0.210364,0.053561,32.000000,0.050358,10.960282,0.940202,1584.526708,236.889958
592,2.762943,0.190378,0.292585,32.000000,0.050358,11.581851,0.172113,1587.289652,237.182543
593,2.258787,0.151094,1.550986,32.000000,0.050358,14.166893,0.032468,1589.548439,238.733529
594,3.129403,0.200331,0.315884,32.000000,0.050358,10.225592,0.159419,1592.677842,239.049413
595,2.710259,0.192618,0.550037,32.000000,0.050358,11.806990,0.091554,1595.388101,239.599449
596,2.854853,0.183546,0.674378,32.000000,0.050358,11.208984,0.074673,1598.242954,240.273828
597,2.772611,0.219404,0.194258,32.000000,0.050358,11.541470,0.259231,1601.015565,240.468086
598,3.060776,0.146467,0.582233,32.000000,0.050358,10.454864,0.086491,1604.076341,241.050319
599,3.246588,0.200064,0.001882,32.000000,0.050358,9.856501,26.752349,1607.322929,241.052201
600,3.216324,0.151749,0.951155,32.000000,0.050358,9.949246,0.052944,1610.539253,242.003356
601,2.646049,0.189666,0.425179,32.000000,0.050358,12.093503,0.118439,1613.185302,242.428535
602,2.562730,0.207541,0.206106,32.000000,0.050358,12.486683,0.244330,1615.748032,242.634641
603,2.216050,0.149511,1.036684,32.000000,0.050358,14.440109,0.048576,1617.964082,243.671325
604,2.910940,0.200351,0.058524,32.000000,0.050358,10.993012,0.860462,1620.875022,243.729849
605,2.648991,0.215462,0.323433,32.000000,0.050358,12.080072,0.155698,1623.524013,244.053282
606,2.981612,0.199806,0.242729,32.000000,0.050358,10.732450,0.207465,1626.505625,244.296011
607,2.713472,0.209304,0.272473,32.000000,0.050358,11.793007,0.184818,1629.219097,244.568484
608,2.485637,0.172388,0.623462,32.000000,0.050358,12.873964,0.080771,1631.704734,245.191946
609,2.782114,0.201010,0.117435,32.000000,0.050358,11.502046,0.428813,1634.486848,245.309381
610,2.702438,0.152082,0.480374,32.000000,0.050358,11.841159,0.104830,1637.189286,245.789756
611,2.919267,0.200107,0.001940,32.000000,0.050358,10.961656,25.951806,1640.108553,245.791696
612,2.699107,0.206328,0.147487,32.000000,0.050358,11.855771,0.341439,1642.807661,245.939183
613,3.141566,0.207874,0.001905,32.000000,0.050358,10.186003,26.433732,1645.949227,245.941088
614,2.765394,0.202022,0.296584,32.000000,0.050358,11.571589,0.169793,1648.714620,246.237673
615,2.721295,0.204335,0.138453,32.000000,0.050358,11.759109,0.363717,1651.435915,246.376126
616,2.730838,0.153933,0.492810,32.000000,0.050358,11.718014,0.102185,1654.166753,246.868936
617,2.611735,0.205143,0.418215,32.000000,0.050358,12.252390,0.120411,1656.778489,247.287151
618,2.955430,0.205350,0.260667,32.000000,0.050358,10.827527,0.193188,1659.733919,247.547818
619,2.842288,0.219226,0.362862,32.000000,0.050358,11.258536,0.138780,1662.576207,247.910680
620,3.183119,0.205624,0.001993,32.000000,0.050358,10.053032,25.265925,1665.759326,247.912673
621,2.694403,0.155958,0.673271,32.000000,0.050358,11.876469,0.074796,1668.453729,248.585944
622,2.590269,0.177874,0.344169,32.000000,0.050358,12.353928,0.146317,1671.043999,248.930113
623,2.481004,0.197610,1.128878,32.000000,0.050358,12.898005,0.044609,1673.525002,250.058992
624,2.857817,0.177470,0.592386,32.000000,0.050358,11.197360,0.085008,1676.382819,250.651378
625,2.666886,0.183610,0.300997,32.000000,0.050358,11.999015,0.167303,1679.049705,250.952375
626,2.598280,0.159660,0.864117,32.000000,0.050358,12.315839,0.058277,1681.647985,251.816492
627,2.687624,0.204265,0.760211,32.000000,0.050358,11.906426,0.066242,1684.335609,252.576703
628,2.847247,0.204927,1.216323,32.000000,0.050358,11.238925,0.041402,1687.182857,253.793025
629,2.603785,0.205615,0.002037,32.000000,0.050358,12.289801,24.719291,1689.786642,253.795063
630,2.902394,0.200738,0.648495,32.000000,0.050358,11.025380,0.077653,1692.689036,254.443558
631,2.727282,0.151884,0.477999,32.000000,0.050358,11.733293,0.105351,1695.416318,254.921557
632,3.632206,0.199966,0.159822,32.000000,0.050358,8.810073,0.315087,1699.048524,255.081378
633,2.274196,0.146092,1.177943,32.000000,0.050358,14.070908,0.042751,1701.322720,256.259321
634,2.917983,0.209095,0.040203,32.000000,0.050358,10.966481,1.252581,1704.240703,256.299525
635,2.654790,0.186894,0.494786,32.000000,0.050358,12.053683,0.101777,1706.895493,256.794311
636,3.035129,0.205516,0.096763,32.000000,0.050358,10.543210,0.520427,1709.930622,256.891073
637,2.620831,0.155539,0.732063,32.000000,0.050358,12.209868,0.068789,1712.551453,257.623136
638,3.109970,0.204877,0.028887,32.000000,0.050358,10.289490,1.743282,1715.661422,257.652023
639,2.750284,0.209265,0.505243,32.000000,0.050358,11.635162,0.099671,1718.411706,258.157266
640,2.654991,0.209849,0.398811,32.000000,0.050358,12.052772,0.126270,1721.066697,258.556076
641,2.838401,0.194439,0.518327,32.000000,0.050358,11.273955,0.097155,1723.905098,259.074403
642,2.980432,0.200123,0.618730,32.000000,0.050358,10.736698,0.081389,1726.885530,259.693133
643,2.411313,0.158349,1.349872,32.000000,0.050358,13.270778,0.037306,1729.296843,261.043005
644,2.887749,0.213629,0.468794,32.000000,0.050358,11.081295,0.107420,1732.184592,261.511799
645,2.692674,0.204896,0.217560,32.000000,0.050358,11.884100,0.231466,1734.877265,261.729359
646,2.630458,0.164488,0.587325,32.000000,0.050358,12.165180,0.085741,1737.507724,262.316684
647,2.264904,0.176704,0.773076,32.000000,0.050358,14.128631,0.065140,1739.772628,263.089761
648,3.013187,0.204576,0.087599,32.000000,0.050358,10.619984,0.574870,1742.785815,263.177359
649,2.411931,0.149244,0.685507,32.000000,0.050358,13.267378,0.073461,1745.197746,263.862866
650,3.238380,0.200307,0.002071,32.000000,0.050358,9.881485,24.313295,1748.436126,263.864937
651,2.638966,0.207924,0.322627,32.000000,0.050358,12.125961,0.156087,1751.075092,264.187564
652,2.935996,0.206578,0.003525,32.000000,0.050358,10.899196,14.287195,1754.011089,264.191089
653,2.727221,0.214667,0.314779,32.000000,0.050358,11.733555,0.159978,1756.738310,264.505868
654,2.870351,0.210227,0.285678,32.000000,0.050358,11.148464,0.176275,1759.608661,264.791546
655,2.745009,0.206551,0.078836,32.000000,0.050358,11.657519,0.638770,1762.353670,264.870382
656,2.444556,0.165569,0.520502,32.000000,0.050358,13.090314,0.096749,1764.798225,265.390884
657,2.643132,0.149911,0.563867,32.000000,0.050358,12.106850,0.089308,1767.441357,265.954751
658,3.507008,0.200171,0.002013,32.000000,0.050358,9.124586,25.019460,1770.948366,265.956763
659,2.516292,0.173922,0.778580,32.000000,0.050358,12.717126,0.064679,1773.464657,266.735343
660,2.873535,0.209149,0.192914,32.000000,0.050358,11.136110,0.261038,1776.338192,266.928257
661,2.972089,0.205371,0.002130,32.000000,0.050358,10.766837,23.641669,1779.310281,266.930387
662,2.536270,0.174246,0.844267,32.000000,0.050358,12.616955,0.059647,1781.846551,267.774654
663,2.795803,0.200300,0.267337,32.000000,0.050358,11.445729,0.188369,1784.642354,268.041991
664,2.335018,0.171347,0.610202,32.000000,0.050358,13.704394,0.082527,1786.977371,268.652193
665,2.489897,0.151490,0.678049,32.000000,0.050358,12.851939,0.074269,1789.467268,269.330242
666,2.737602,0.205944,0.192167,32.000000,0.050358,11.689061,0.262052,1792.204870,269.522409
667,3.860048,0.199959,0.017376,32.000000,0.050358,8.290052,2.898153,1796.064918,269.539785
668,2.829968,0.207357,0.003963,32.000000,0.050358,11.307549,12.707844,1798.894886,269.543748
669,2.662900,0.194084,0.497164,32.000000,0.050358,12.016976,0.101290,1801.557786,270.040912
670,2.557978,0.150397,0.728804,32.000000,0.050358,12.509880,0.069097,1804.115764,270.769715
671,2.679238,0.215755,0.557964,32.000000,0.050358,11.943694,0.090253,1806.795002,271.327679
672,2.857681,0.200050,0.103501,32.000000,0.050358,11.197892,0.486543,1809.652683,271.431180
673,3.744186,0.204709,0.001900,32.000000,0.050358,8.546585,26.498439,1813.396868,271.433081
674,2.871186,0.206441,0.464404,32.000000,0.050358,11.145221,0.108435,1816.268054,271.897485
675,2.705134,0.177265,0.580266,32.000000,0.050358,11.829358,0.086784,1818.973188,272.477751
676,2.709943,0.152565,0.559970,32.000000,0.050358,11.808366,0.089930,1821.683131,273.037720
677,3.965485,0.200066,0.001881,32.000000,0.050358,8.069632,26.771108,1825.648616,273.039601
678,3.021474,0.200225,0.269589,32.000000,0.050358,10.590856,0.186795,1828.670090,273.309190
679,2.882051,0.153344,0.487991,32.000000,0.050358,11.103202,0.103194,1831.552142,273.797182
680,2.309479,0.165743,0.773381,32.000000,0.050358,13.855941,0.065114,1833.861621,274.570562
681,3.041218,0.200390,0.024339,32.000000,0.050358,10.522101,2.069019,1836.902838,274.594901
682,2.509578,0.156622,0.655733,32.000000,0.050358,12.751148,0.076796,1839.412416,275.250635
683,2.536090,0.189039,0.795647,32.000000,0.050358,12.617847,0.063292,1841.948506,276.046282
684,3.036154,0.205418,0.479857,32.000000,0.050358,10.539651,0.104943,1844.984660,276.526139
685,2.535282,0.186016,0.513404,32.000000,0.050358,12.621871,0.098086,1847.519942,277.039543
686,2.533285,0.153621,0.653309,32.000000,0.050358,12.631819,0.077081,1850.053227,277.692852
687,3.065012,0.204904,0.002031,32.000000,0.050358,10.440416,24.793580,1853.118239,277.694883
688,3.456361,0.204745,0.001905,32.000000,0.050358,9.258292,26.439783,1856.574600,277.696788
689,2.589174,0.199524,0.261725,32.000000,0.050358,12.359154,0.192407,1859.163774,277.958513
690,2.413587,0.148810,0.653045,32.000000,0.050358,13.258275,0.077112,1861.577361,278.611558
691,2.852718,0.204690,0.001940,32.000000,0.050358,11.217374,25.961265,1864.430079,278.613498
692,3.021889,0.204680,0.002072,32.000000,0.050358,10.589405,24.308237,1867.451967,278.615569
693,2.764284,0.200673,0.091881,32.000000,0.050358,11.576236,0.548078,1870.216251,278.707450
694,2.689774,0.191773,0.556773,32.000000,0.050358,11.896909,0.090446,1872.906025,279.264223
695,2.500912,0.237957,0.339610,32.000000,0.050358,12.795330,0.148281,1875.406938,279.603833
696,2.704089,0.148366,0.532800,32.000000,0.050358,11.833932,0.094515,1878.111026,280.136633
697,2.600686,0.245516,1.059524,32.000000,0.050358,12.304444,0.047529,1880.711713,281.196157
698,2.753918,0.200623,0.001901,32.000000,0.050358,11.619810,26.488013,1883.465630,281.198058
699,2.734868,0.206651,0.104941,32.000000,0.050358,11.700750,0.479867,1886.200498,281.302999
700,2.668562,0.205370,0.600798,32.000000,0.050358,11.991479,0.083818,1888.869059,281.903797
701,2.782528,0.208933,0.594397,32.000000,0.050358,11.500334,0.084721,1891.651587,282.498194
702,2.886039,0.207856,0.219987,32.000000,0.050358,11.087860,0.228913,1894.537627,282.718181
703,2.325667,0.152160,0.840531,32.000000,0.050358,13.759493,0.059912,1896.863294,283.558712
704,3.057618,0.204589,0.001947,32.000000,0.050358,10.465663,25.866346,1899.920912,283.560659
705,2.733833,0.210533,0.167062,32.000000,0.050358,11.705178,0.301432,1902.654745,283.727720
706,2.671307,0.167562,0.543366,32.000000,0.050358,11.979153,0.092678,1905.326052,284.271086
707,2.817663,0.205431,0.335586,32.000000,0.050358,11.356929,0.150059,1908.143715,284.606672
708,3.543464,0.200052,0.001903,32.000000,0.050358,9.030710,26.466213,1911.687180,284.608575
709,2.951640,0.204347,0.188873,32.000000,0.050358,10.841431,0.266622,1914.638820,284.797448
710,2.899619,0.152741,1.015047,32.000000,0.050358,11.035934,0.049611,1917.538438,285.812495
711,3.324413,0.200115,0.002039,32.000000,0.050358,9.625760,24.698814,1920.862851,285.814534
712,2.831403,0.206888,0.139376,32.000000,0.050358,11.301817,0.361310,1923.694254,285.953909
713,2.199841,0.152750,0.702007,32.000000,0.050358,14.546505,0.071734,1925.894095,286.655916
714,2.492913,0.155009,0.698027,32.000000,0.050358,12.836387,0.072143,1928.387009,287.353943
715,2.659445,0.158311,0.579520,32.000000,0.050358,12.032586,0.086896,1931.046454,287.933463
716,2.761907,0.206489,0.046564,32.000000,0.050358,11.586200,1.081471,1933.808360,287.980027
717,2.606287,0.155878,0.621652,32.000000,0.050358,12.278002,0.081006,1936.414647,288.601679
718,2.957898,0.200159,0.001946,32.000000,0.050358,10.818493,25.876634,1939.372546,288.603625
719,2.752490,0.205435,0.771214,32.000000,0.050358,11.625836,0.065297,1942.125036,289.374839
720,2.790638,0.198722,0.257418,32.000000,0.050358,11.466913,0.195627,1944.915673,289.632257
721,2.670801,0.180109,0.370583,32.000000,0.050358,11.981426,0.135888,1947.586474,290.002840
722,3.045601,0.206260,0.002059,32.000000,0.050358,10.506959,24.453758,1950.632075,290.004899
723,2.611260,0.159229,0.544680,32.000000,0.050358,12.254622,0.092454,1953.243334,290.549579
724,2.744906,0.205782,0.431445,32.000000,0.050358,11.657958,0.116719,1955.988240,290.981024
725,2.977450,0.200155,0.180195,32.000000,0.050358,10.747451,0.279462,1958.965690,291.161219
726,2.778404,0.200024,0.446418,32.000000,0.050358,11.517403,0.112804,1961.744094,291.607638
727,2.952206,0.225809,0.279208,32.000000,0.050358,10.839351,0.180359,1964.696301,291.886846
728,2.803339,0.205027,0.205313,32.000000,0.050358,11.414958,0.245273,1967.499640,292.092160
729,2.508149,0.165518,0.540057,32.000000,0.050358,12.758413,0.093245,1970.007789,292.632217
730,2.597098,0.154591,0.525756,32.000000,0.050358,12.321444,0.095782,1972.604887,293.157973
731,2.746521,0.199991,0.216392,32.000000,0.050358,11.651102,0.232716,1975.351408,293.374364
732,2.754736,0.205694,0.235801,32.000000,0.050358,11.616357,0.213560,1978.106145,293.610166
733,2.828655,0.199939,0.096041,32.000000,0.050358,11.312795,0.524337,1980.934800,293.706207
734,2.616091,0.153662,0.651563,32.000000,0.050358,12.231990,0.077288,1983.550891,294.357770
735,3.224492,0.200108,0.001945,32.000000,0.050358,9.924043,25.893559,1986.775383,294.359715
736,9.219416,0.160789,66.297819,32.000000,0.050358,3.470936,0.000760,1995.994800,360.657534
737,11.436888,0.199986,0.002082,32.000000,0.050358,2.797964,24.186873,2007.431688,360.659616
738,56.455417,0.204621,3.104099,32.000000,0.050358,0.566819,0.016223,2063.887105,363.763715
739,41.877544,0.146092,22.755019,32.000000,0.050358,0.764133,0.002213,2105.764648,386.518733
740,8.717190,0.152298,6.328575,32.000000,0.050358,3.670908,0.007957,2114.481838,392.847308
741,5.715287,0.200383,1.841519,32.000000,0.050358,5.599019,0.027346,2120.197125,394.688827
742,6.363911,0.159085,31.393037,32.000000,0.050358,5.028354,0.001604,2126.561036,426.081864
743,8.342767,0.200499,7.256777,32.000000,0.050358,3.835658,0.006939,2134.903803,433.338641
744,2.778608,0.149384,3.574387,32.000000,0.050358,11.516560,0.014089,2137.682411,436.913028
745,6.859558,0.191490,29.384894,32.000000,0.050358,4.665024,0.001714,2144.541968,466.297923
746,4.901448,0.199944,0.002018,32.000000,0.050358,6.528682,24.948238,2149.443417,466.299941
747,6.211534,0.152636,4.241097,32.000000,0.050358,5.151706,0.011874,2155.654951,470.541038
748,3.368345,0.200186,0.709035,32.000000,0.050358,9.500215,0.071023,2159.023296,471.250073
749,4.281639,0.207859,0.973100,32.000000,0.050358,7.473773,0.051750,2163.304935,472.223173
750,2.602480,0.149032,1.930940,32.000000,0.050358,12.295962,0.026079,2165.907415,474.154113
751,3.762904,0.190439,2.708348,32.000000,0.050358,8.504069,0.018594,2169.670320,476.862461
752,2.872189,0.166571,0.575185,32.000000,0.050358,11.141328,0.087551,2172.542509,477.437646
753,2.564541,0.150336,1.609843,32.000000,0.050358,12.477866,0.031281,2175.107050,479.047489
754,3.343817,0.149595,2.774295,32.000000,0.050358,9.569901,0.018152,2178.450867,481.821784
755,2.952710,0.209932,0.648360,32.000000,0.050358,10.837501,0.077670,2181.403577,482.470144
756,4.055389,0.151890,0.400557,32.000000,0.050358,7.890734,0.125719,2185.458966,482.870701
757,4.551071,0.148949,3.700451,32.000000,0.050358,7.031311,0.013609,2190.010038,486.571152
758,2.456134,0.151120,0.697985,32.000000,0.050358,13.028604,0.072147,2192.466172,487.269138
759,3.220711,0.203582,0.294124,32.000000,0.050358,9.935695,0.171213,2195.686883,487.563262
760,3.058510,0.204979,0.651337,32.000000,0.050358,10.462612,0.077314,2198.745393,488.214599
761,2.764232,0.151214,0.913819,32.000000,0.050358,11.576453,0.055107,2201.509624,489.128418
762,2.762703,0.151843,1.027987,32.000000,0.050358,11.582859,0.048987,2204.272327,490.156405
763,3.901070,0.200277,0.119178,32.000000,0.050358,8.202877,0.422544,2208.173398,490.275582
764,3.277577,0.200456,1.446393,32.000000,0.050358,9.763311,0.034816,2211.450974,491.721975
765,2.852803,0.200815,1.621920,32.000000,0.050358,11.217040,0.031048,2214.303777,493.343896
766,5.135686,0.200377,0.940827,32.000000,0.050358,6.230911,0.053525,2219.439463,494.284723
767,3.137959,0.200375,0.858987,32.000000,0.050358,10.197713,0.058625,2222.577421,495.143710
768,3.054040,0.207440,0.747890,32.000000,0.050358,10.477924,0.067333,2225.631461,495.891599
769,3.145112,0.204510,0.832761,32.000000,0.050358,10.174519,0.060471,2228.776573,496.724360
770,3.536171,0.208897,0.413766,32.000000,0.050358,9.049336,0.121706,2232.312744,497.138126
771,2.472023,0.151863,1.966075,32.000000,0.050358,12.944864,0.025613,2234.784767,499.104201
772,3.357854,0.205701,0.145989,32.000000,0.050358,9.529897,0.344942,2238.142621,499.250190
773,2.681010,0.151852,1.612598,32.000000,0.050358,11.935799,0.031228,2240.823631,500.862788
774,2.820050,0.149302,6.596548,32.000000,0.050358,11.347317,0.007634,2243.643681,507.459336
775,2.322100,0.202629,0.002253,32.000000,0.050358,13.780627,22.353961,2245.965781,507.461589
776,3.278720,0.206936,0.258429,32.000000,0.050358,9.759907,0.194861,2249.244501,507.720018
777,2.748469,0.150527,2.139482,32.000000,0.050358,11.642846,0.023537,2251.992970,509.859500
778,3.235100,0.205707,0.002204,32.000000,0.050358,9.891503,22.846623,2255.228070,509.861704
779,2.955404,0.201050,0.182309,32.000000,0.050358,10.827622,0.276223,2258.183474,510.044013
780,3.353184,0.150867,1.481295,32.000000,0.050358,9.543168,0.033996,2261.536658,511.525308
781,2.892545,0.157734,1.186927,32.000000,0.050358,11.062921,0.042427,2264.429204,512.712235
782,2.833767,0.188427,1.023115,32.000000,0.050358,11.292389,0.049220,2267.262971,513.735350
783,3.126928,0.152406,0.761929,32.000000,0.050358,10.233686,0.066093,2270.389899,514.497279
784,2.877683,0.205380,0.547188,32.000000,0.050358,11.120056,0.092030,2273.267582,515.044467
785,3.006377,0.200466,0.380616,32.000000,0.050358,10.644040,0.132306,2276.273959,515.425082
786,3.118315,0.193640,0.301693,32.000000,0.050358,10.261953,0.166918,2279.392274,515.726775
787,2.635814,0.156421,0.900061,32.000000,0.050358,12.140461,0.055949,2282.028088,516.626836
788,3.652542,0.199849,0.001913,32.000000,0.050358,8.761023,26.329881,2285.680630,516.628748
789,4.223247,0.199641,0.736519,32.000000,0.050358,7.577107,0.068373,2289.903878,517.365268
790,2.985260,0.185818,0.335175,32.000000,0.050358,10.719335,0.150243,2292.889137,517.700443
791,3.662600,0.199908,1.288578,32.000000,0.050358,8.736963,0.039080,2296.551737,518.989021
792,4.407082,0.151769,2.280457,32.000000,0.050358,7.261040,0.022082,2300.958819,521.269478
793,5.065536,0.156766,1.459457,32.000000,0.050358,6.317199,0.034504,2306.024355,522.728936
794,3.668617,0.199985,0.024278,32.000000,0.050358,8.722634,2.074200,2309.692972,522.753214
795,2.598090,0.158756,1.042445,32.000000,0.050358,12.316738,0.048307,2312.291063,523.795659
796,4.194010,0.205325,0.001847,32.000000,0.050358,7.629929,27.268405,2316.485073,523.797505
797,3.204438,0.153619,0.812754,32.000000,0.050358,9.986151,0.061959,2319.689511,524.610259
798,2.324530,0.156903,1.301310,32.000000,0.050358,13.766224,0.038698,2322.014041,525.911569
799,2.444767,0.147168,0.980283,32.000000,0.050358,13.089181,0.051371,2324.458808,526.891851
800,2.807365,0.158990,0.849747,32.000000,0.050358,11.398589,0.059262,2327.266173,527.741598
801,6.012517,0.150494,1.043302,32.000000,0.050358,5.322230,0.048268,2333.278690,528.784901
802,2.857913,0.196102,0.323382,32.000000,0.050358,11.196981,0.155723,2336.136603,529.108282
803,12.286759,0.200212,1.026979,32.000000,0.050358,2.604430,0.049035,2348.423362,530.135261
804,3.188476,0.199762,0.115901,32.000000,0.050358,10.036143,0.434490,2351.611838,530.251162
805,4.649143,0.204261,0.132404,32.000000,0.050358,6.882989,0.380336,2356.260981,530.383566
806,3.488633,0.208076,0.001960,32.000000,0.050358,9.172648,25.698271,2359.749614,530.385525
807,6.492305,0.200090,0.001989,32.000000,0.050358,4.928912,25.319763,2366.241919,530.387514
808,3.402814,0.200551,0.001870,32.000000,0.050358,9.403982,26.932786,2369.644733,530.389384
809,5.630159,0.151931,3.166430,32.000000,0.050358,5.683676,0.015904,2375.274891,533.555814
810,4.877957,0.150181,5.020647,32.000000,0.050358,6.560123,0.010030,2380.152849,538.576462
811,3.050572,0.151488,0.501772,32.000000,0.050358,10.489835,0.100360,2383.203421,539.078234
812,2.552920,0.146755,1.202148,32.000000,0.050358,12.534666,0.041890,2385.756341,540.280382
813,3.375465,0.204287,0.243572,32.000000,0.050358,9.480174,0.206747,2389.131807,540.523955
814,2.866579,0.194755,0.530068,32.000000,0.050358,11.163134,0.095003,2391.998385,541.054022
815,5.967842,0.150671,7.850503,32.000000,0.050358,5.362072,0.006415,2397.966227,548.904525
816,2.330732,0.206232,0.001959,32.000000,0.050358,13.729591,25.706759,2400.296960,548.906484
817,4.143958,0.206473,0.873536,32.000000,0.050358,7.722087,0.057648,2404.440917,549.780020
818,3.413460,0.205292,0.183432,32.000000,0.050358,9.374653,0.274531,2407.854377,549.963452
819,3.331052,0.199935,2.999643,32.000000,0.050358,9.606574,0.016788,2411.185429,552.963095
820,4.164448,0.200095,0.253207,32.000000,0.050358,7.684092,0.198880,2415.349877,553.216302
821,2.938498,0.206035,0.102002,32.000000,0.050358,10.889919,0.493697,2418.288375,553.318304
822,3.777775,0.200105,0.131101,32.000000,0.050358,8.470595,0.384114,2422.066150,553.449405
823,3.212943,0.200249,0.116840,32.000000,0.050358,9.959717,0.430997,2425.279092,553.566245
824,2.686931,0.156832,1.684433,32.000000,0.050358,11.909498,0.029896,2427.966023,555.250678
825,3.816378,0.199729,0.002034,32.000000,0.050358,8.384913,24.760993,2431.782401,555.252712
826,3.459686,0.200343,0.147792,32.000000,0.050358,9.249394,0.340734,2435.242087,555.400504
827,3.519382,0.235216,0.363409,32.000000,0.050358,9.092506,0.138570,2438.761469,555.763913
828,3.419166,0.204410,0.019461,32.000000,0.050358,9.359008,2.587595,2442.180635,555.783375
829,2.819220,0.150350,0.833200,32.000000,0.050358,11.350656,0.060439,2444.999856,556.616574
830,2.941036,0.156554,0.911111,32.000000,0.050358,10.880521,0.055271,2447.940891,557.527686
831,3.784224,0.205895,0.664620,32.000000,0.050358,8.456159,0.075769,2451.725115,558.192306
832,3.031205,0.204954,11.870017,32.000000,0.050358,10.556857,0.004242,2454.756320,570.062324
833,1.866802,0.204976,0.002085,32.000000,0.050358,17.141616,24.153589,2456.623122,570.064408
834,3.902138,0.200992,0.001910,32.000000,0.050358,8.200633,26.367945,2460.525260,570.066318
835,4.510630,0.200177,0.052125,32.000000,0.050358,7.094353,0.966093,2465.035889,570.118443
836,2.560672,0.150136,1.007675,32.000000,0.050358,12.496721,0.049974,2467.596561,571.126118
837,3.993303,0.154600,1.461278,32.000000,0.050358,8.013417,0.034461,2471.589864,572.587396
838,5.668485,0.189274,1.537437,32.000000,0.050358,5.645247,0.032754,2477.258349,574.124833
839,2.869594,0.219560,5.825880,32.000000,0.050358,11.151404,0.008644,2480.127943,579.950713
840,3.018031,0.211440,0.035554,32.000000,0.050358,10.602939,1.416387,2483.145974,579.986267
841,2.405087,0.166999,6.505288,32.000000,0.050358,13.305134,0.007741,2485.551061,586.491555
842,2.604201,0.220928,0.375896,32.000000,0.050358,12.287836,0.133967,2488.155262,586.867451
843,2.912602,0.195346,0.433851,32.000000,0.050358,10.986738,0.116072,2491.067865,587.301301
844,3.973098,0.200126,0.235137,32.000000,0.050358,8.054168,0.214164,2495.040963,587.536438
845,2.977514,0.154780,2.145565,32.000000,0.050358,10.747222,0.023471,2498.018476,589.682003
846,5.688894,0.204509,0.315092,32.000000,0.050358,5.624995,0.159819,2503.707370,589.997096
847,3.075513,0.225164,0.755885,32.000000,0.050358,10.404767,0.066621,2506.782883,590.752981
848,6.488809,0.148229,1.176814,32.000000,0.050358,4.931568,0.042792,2513.271692,591.929795
849,4.267952,0.164823,0.505901,32.000000,0.050358,7.497742,0.099541,2517.539644,592.435696
850,3.365861,0.204368,0.197900,32.000000,0.050358,9.507227,0.254462,2520.905505,592.633596
851,3.524011,0.204695,0.001965,32.000000,0.050358,9.080563,25.628589,2524.429515,592.635561
852,2.903621,0.192405,0.268819,32.000000,0.050358,11.020722,0.187330,2527.333136,592.904380
853,2.522436,0.150405,2.235746,32.000000,0.050358,12.686150,0.022524,2529.855572,595.140125
854,3.806812,0.200434,0.316735,32.000000,0.050358,8.405983,0.158991,2533.662385,595.456860
855,2.964312,0.200373,5.186889,32.000000,0.050358,10.795085,0.009709,2536.626697,600.643749
856,2.969055,0.157371,0.724866,32.000000,0.050358,10.777840,0.069472,2539.595752,601.368615
857,2.630500,0.148358,2.650780,32.000000,0.050358,12.164987,0.018997,2542.226252,604.019395
858,3.380593,0.200243,0.120236,32.000000,0.050358,9.465796,0.418826,2545.606844,604.139630
859,5.125274,0.204683,0.002183,32.000000,0.050358,6.243568,23.063808,2550.732119,604.141814
860,2.727523,0.151809,2.159212,32.000000,0.050358,11.732256,0.023322,2553.459642,606.301026
861,2.740914,0.176852,0.670680,32.000000,0.050358,11.674936,0.075085,2556.200556,606.971706
862,2.918574,0.152095,0.949943,32.000000,0.050358,10.964259,0.053011,2559.119130,607.921650
863,3.307484,0.208460,0.091650,32.000000,0.050358,9.675029,0.549460,2562.426614,608.013299
864,3.058362,0.214385,0.796686,32.000000,0.050358,10.463116,0.063209,2565.484976,608.809986
865,4.051099,0.153266,1.867060,32.000000,0.050358,7.899090,0.026972,2569.536076,610.677045
866,3.342852,0.204410,0.224890,32.000000,0.050358,9.572663,0.223922,2572.878928,610.901935
867,3.646735,0.204314,2.302866,32.000000,0.050358,8.774974,0.021867,2576.525663,613.204802
868,2.968365,0.236873,0.491978,32.000000,0.050358,10.780347,0.102358,2579.494027,613.696779
869,3.334485,0.204787,0.263970,32.000000,0.050358,9.596683,0.190771,2582.828513,613.960749
870,2.986762,0.204744,0.001902,32.000000,0.050358,10.713942,26.472251,2585.815275,613.962651
871,2.898367,0.205112,0.032802,32.000000,0.050358,11.040701,1.535225,2588.713642,613.995453
872,3.087003,0.157339,1.956402,32.000000,0.050358,10.366040,0.025740,2591.800645,615.951855
873,2.537804,0.152819,1.187872,32.000000,0.050358,12.609326,0.042393,2594.338449,617.139726
874,3.389785,0.204864,0.113003,32.000000,0.050358,9.440128,0.445632,2597.728234,617.252729
875,2.787834,0.214624,0.190294,32.000000,0.050358,11.478445,0.264631,2600.516068,617.443024
876,2.484282,0.192719,5.910255,32.000000,0.050358,12.880988,0.008520,2603.000350,623.353279
877,2.900745,0.160449,1.247406,32.000000,0.050358,11.031650,0.040370,2605.901094,624.600685
878,9.096614,0.199964,0.001952,32.000000,0.050358,3.517792,25.796609,2614.997708,624.602637
879,3.404323,0.206399,0.142052,32.000000,0.050358,9.399812,0.354504,2618.402032,624.744689
880,7.778174,0.153100,4.857108,32.000000,0.050358,4.114076,0.010368,2626.180205,629.601797
881,5.872043,0.164573,3.241142,32.000000,0.050358,5.449552,0.015537,2632.052248,632.842939
882,3.809372,0.199979,0.024066,32.000000,0.050358,8.400335,2.092499,2635.861620,632.867004
883,2.627694,0.167027,0.889908,32.000000,0.050358,12.177977,0.056588,2638.489314,633.756913
884,2.886576,0.168269,1.278223,32.000000,0.050358,11.085797,0.039397,2641.375890,635.035136
885,2.868204,0.147934,1.561936,32.000000,0.050358,11.156806,0.032241,2644.244095,636.597072
886,2.866387,0.204476,0.247592,32.000000,0.050358,11.163880,0.203391,2647.110482,636.844663
887,3.391030,0.206550,0.270245,32.000000,0.050358,9.436660,0.186341,2650.501512,637.114909
888,4.470393,0.206565,0.505306,32.000000,0.050358,7.158208,0.099658,2654.971905,637.620214
889,2.505665,0.225897,1.199151,32.000000,0.050358,12.771058,0.041995,2657.477571,638.819366
890,3.171217,0.204520,0.409795,32.000000,0.050358,10.090762,0.122885,2660.648788,639.229161
891,4.617665,0.153518,1.245879,32.000000,0.050358,6.929909,0.040420,2665.266453,640.475040
892,4.980144,0.153238,3.730390,32.000000,0.050358,6.425517,0.013499,2670.246597,644.205430
893,4.950714,0.162738,1.626911,32.000000,0.050358,6.463714,0.030953,2675.197311,645.832341
894,2.753070,0.171432,0.845278,32.000000,0.050358,11.623387,0.059575,2677.950382,646.677619
895,2.923196,0.153649,0.851784,32.000000,0.050358,10.946921,0.059120,2680.873578,647.529402
896,2.774465,0.153724,0.574196,32.000000,0.050358,11.533757,0.087701,2683.648043,648.103599
897,3.644982,0.208539,3.201443,32.000000,0.050358,8.779192,0.015730,2687.293025,651.305042
898,1.951850,0.200130,0.001948,32.000000,0.050358,16.394706,25.854925,2689.244874,651.306989
899,3.395800,0.165453,0.515673,32.000000,0.050358,9.423407,0.097654,2692.640674,651.822663
900,2.573962,0.146654,1.967403,32.000000,0.050358,12.432198,0.025596,2695.214636,653.790066
901,3.537346,0.200388,0.067402,32.000000,0.050358,9.046330,0.747125,2698.751982,653.857468
902,2.636945,0.145787,1.101304,32.000000,0.050358,12.135257,0.045726,2701.388926,654.958773
903,2.750134,0.205448,0.151644,32.000000,0.050358,11.635798,0.332080,2704.139060,655.110416
904,3.983867,0.200381,0.001970,32.000000,0.050358,8.032396,25.565654,2708.122927,655.112386
905,3.992923,0.204698,0.001890,32.000000,0.050358,8.014180,26.643235,2712.115850,655.114276
906,3.059690,0.175574,1.307682,32.000000,0.050358,10.458575,0.038509,2715.175540,656.421958
907,3.254764,0.171096,0.576645,32.000000,0.050358,9.831743,0.087329,2718.430304,656.998603
908,2.814741,0.205050,0.249558,32.000000,0.050358,11.368719,0.201788,2721.245045,657.248161
909,5.299813,0.195482,0.885143,32.000000,0.050358,6.037949,0.056892,2726.544858,658.133304
910,3.251585,0.199674,0.039151,32.000000,0.050358,9.841355,1.286249,2729.796442,658.172455
911,2.950610,0.161632,0.835362,32.000000,0.050358,10.845214,0.060283,2732.747053,659.007817
912,2.974068,0.205931,3.850368,32.000000,0.050358,10.759672,0.013079,2735.721121,662.858185
913,2.754587,0.204670,0.001912,32.000000,0.050358,11.616985,26.331450,2738.475708,662.860098
914,3.245547,0.200229,0.321231,32.000000,0.050358,9.859664,0.156765,2741.721255,663.181328
915,6.045283,0.153227,0.786111,32.000000,0.050358,5.293383,0.064059,2747.766538,663.967439
916,2.969706,0.184275,0.386373,32.000000,0.050358,10.775479,0.130335,2750.736244,664.353812
917,3.195056,0.200827,1.760321,32.000000,0.050358,10.015472,0.028607,2753.931300,666.114134
918,4.335535,0.146567,1.189156,32.000000,0.050358,7.380865,0.042348,2758.266835,667.303289
919,3.291410,0.205811,1.709093,32.000000,0.050358,9.722278,0.029465,2761.558245,669.012383
920,3.535508,0.204480,0.583024,32.000000,0.050358,9.051034,0.086373,2765.093753,669.595407
921,7.875830,0.200668,0.001772,32.000000,0.050358,4.063064,28.411755,2772.969583,669.597180
922,6.993980,0.205210,0.523285,32.000000,0.050358,4.575363,0.096234,2779.963563,670.120465
923,5.779343,0.167893,1.044445,32.000000,0.050358,5.536961,0.048215,2785.742907,671.164910
924,3.386185,0.154205,1.917835,32.000000,0.050358,9.450163,0.026258,2789.129092,673.082745
925,2.666212,0.150781,1.191367,32.000000,0.050358,12.002046,0.042269,2791.795304,674.274112
926,2.780594,0.161243,4.570049,32.000000,0.050358,11.508334,0.011019,2794.575897,678.844161
927,3.771378,0.200396,0.001876,32.000000,0.050358,8.484962,26.843072,2798.347276,678.846037
928,3.038263,0.162860,0.428904,32.000000,0.050358,10.532335,0.117410,2801.385538,679.274942
929,3.717807,0.200121,0.136087,32.000000,0.050358,8.607224,0.370040,2805.103346,679.411029
930,3.087498,0.180997,0.352988,32.000000,0.050358,10.364380,0.142661,2808.190843,679.764017
931,3.545329,0.200313,0.633651,32.000000,0.050358,9.025961,0.079472,2811.736173,680.397668
932,4.268232,0.199880,0.001987,32.000000,0.050358,7.497250,25.337305,2816.004404,680.399656
933,2.841740,0.150351,0.735620,32.000000,0.050358,11.260705,0.068456,2818.846145,681.135276
934,3.509950,0.201329,0.487954,32.000000,0.050358,9.116939,0.103202,2822.356095,681.623230
935,3.874274,0.217742,3.821152,32.000000,0.050358,8.259613,0.013179,2826.230368,685.444382
936,3.083483,0.207655,0.143693,32.000000,0.050358,10.377874,0.350454,2829.313851,685.588075
937,5.307059,0.205077,0.001973,32.000000,0.050358,6.029706,25.523036,2834.620910,685.590048
938,4.740104,0.176199,1.579978,32.000000,0.050358,6.750907,0.031872,2839.361013,687.170025
939,3.494416,0.158133,0.983509,32.000000,0.050358,9.157466,0.051202,2842.855430,688.153534
940,3.647178,0.204844,0.001922,32.000000,0.050358,8.773906,26.206137,2846.502608,688.155456
941,4.257097,0.200233,0.001938,32.000000,0.050358,7.516860,25.980592,2850.759704,688.157394
942,3.679603,0.200289,0.522762,32.000000,0.050358,8.696589,0.096330,2854.439308,688.680156
943,3.697498,0.200025,0.185806,32.000000,0.050358,8.654501,0.271024,2858.136806,688.865961
944,3.110120,0.151583,5.187585,32.000000,0.050358,10.288993,0.009707,2861.246926,694.053546
945,3.025933,0.201033,0.685759,32.000000,0.050358,10.575252,0.073434,2864.272858,694.739305
946,3.014827,0.188466,0.566543,32.000000,0.050358,10.614209,0.088886,2867.287685,695.305849
947,4.220722,0.205649,2.121151,32.000000,0.050358,7.581640,0.023741,2871.508407,697.427000
948,3.379402,0.200353,0.327732,32.000000,0.050358,9.469132,0.153656,2874.887809,697.754731
949,7.958002,0.200485,2.276001,32.000000,0.050358,4.021110,0.022126,2882.845811,700.030732
950,7.481370,0.204864,9.147379,32.000000,0.050358,4.277292,0.005505,2890.327181,709.178112
951,3.002113,0.205604,0.001906,32.000000,0.050358,10.659160,26.416510,2893.329293,709.180018
952,3.507970,0.155511,0.854443,32.000000,0.050358,9.122084,0.058936,2896.837264,710.034461
953,3.666732,0.200344,0.042989,32.000000,0.050358,8.727118,1.171408,2900.503996,710.077450
954,3.596493,0.213430,0.237374,32.000000,0.050358,8.897556,0.212145,2904.100489,710.314824
955,4.080457,0.205891,0.002050,32.000000,0.050358,7.842258,24.560045,2908.180946,710.316875
956,3.635677,0.200649,0.774452,32.000000,0.050358,8.801663,0.065024,2911.816623,711.091327
957,3.221294,0.152677,0.960935,32.000000,0.050358,9.933896,0.052405,2915.037917,712.052262
958,4.277829,0.219196,0.275063,32.000000,0.050358,7.480431,0.183077,2919.315746,712.327325
959,3.459406,0.180794,1.347206,32.000000,0.050358,9.250143,0.037379,2922.775152,713.674532
960,3.117632,0.199604,0.426020,32.000000,0.050358,10.264202,0.118205,2925.892783,714.100552
961,2.987752,0.150165,0.458176,32.000000,0.050358,10.710394,0.109909,2928.880535,714.558727
962,3.490952,0.200154,0.319325,32.000000,0.050358,9.166553,0.157701,2932.371487,714.878052
963,2.948950,0.155687,0.853634,32.000000,0.050358,10.851320,0.058992,2935.320437,715.731686
964,4.324761,0.161501,1.256385,32.000000,0.050358,7.399253,0.040082,2939.645198,716.988071
965,3.135441,0.202078,1.377059,32.000000,0.050358,10.205902,0.036569,2942.780639,718.365130
966,2.684834,0.214356,0.284807,32.000000,0.050358,11.918802,0.176814,2945.465473,718.649937
967,3.181867,0.185894,0.729902,32.000000,0.050358,10.056990,0.068993,2948.647339,719.379838
968,3.314675,0.180595,0.401322,32.000000,0.050358,9.654038,0.125480,2951.962014,719.781160
969,4.839775,0.204331,0.666245,32.000000,0.050358,6.611878,0.075585,2956.801789,720.447405
970,3.236824,0.205285,0.001984,32.000000,0.050358,9.886234,25.378371,2960.038613,720.449389
971,9.373583,0.199893,0.001882,32.000000,0.050358,3.413849,26.752178,2969.412196,720.451272
972,8.740662,0.218652,0.290110,32.000000,0.050358,3.661050,0.173582,2978.152858,720.741381
973,8.526423,0.200022,0.001879,32.000000,0.050358,3.753039,26.799531,2986.679281,720.743260
974,3.015027,0.209007,0.307845,32.000000,0.050358,10.613505,0.163581,2989.694307,721.051106
975,3.025830,0.209790,0.380421,32.000000,0.050358,10.575611,0.132374,2992.720137,721.431527
976,3.334835,0.205004,0.001926,32.000000,0.050358,9.595676,26.150057,2996.054973,721.433453
977,3.363766,0.154941,1.584982,32.000000,0.050358,9.513147,0.031772,2999.418739,723.018435
978,4.596704,0.199903,0.252425,32.000000,0.050358,6.961510,0.199496,3004.015443,723.270860
979,4.577771,0.167184,1.044579,32.000000,0.050358,6.990302,0.048209,3008.593213,724.315439
980,4.522614,0.148191,2.829947,32.000000,0.050358,7.075555,0.017795,3013.115827,727.145386
981,2.705650,0.204432,0.282005,32.000000,0.050358,11.827103,0.178571,3015.821477,727.427391
982,3.912279,0.150230,2.745769,32.000000,0.050358,8.179375,0.018340,3019.733756,730.173160
983,5.313440,0.151821,6.408388,32.000000,0.050358,6.022464,0.007858,3025.047196,736.581548
984,8.434999,0.200304,0.001909,32.000000,0.050358,3.793717,26.384510,3033.482195,736.583456
985,5.202450,0.200391,0.513654,32.000000,0.050358,6.150948,0.098038,3038.684646,737.097111
986,5.804547,0.154593,1.260284,32.000000,0.050358,5.512919,0.039958,3044.489193,738.357395
987,2.746052,0.170760,0.428850,32.000000,0.050358,11.653092,0.117425,3047.235245,738.786245
988,15.395380,0.204831,0.856014,32.000000,0.050358,2.078546,0.058828,3062.630625,739.642259
989,3.917078,0.200378,0.001835,32.000000,0.050358,8.169355,27.436927,3066.547703,739.644094
990,3.484809,0.154182,0.854018,32.000000,0.050358,9.182712,0.058966,3070.032512,740.498112
991,3.631066,0.210681,1.683653,32.000000,0.050358,8.812838,0.029910,3073.663578,742.181765
992,2.959156,0.200478,0.911998,32.000000,0.050358,10.813894,0.055217,3076.622734,743.093763
993,2.639068,0.144735,5.238015,32.000000,0.050358,12.125491,0.009614,3079.261803,748.331777
994,3.179478,0.204314,0.178419,32.000000,0.050358,10.064546,0.282244,3082.441280,748.510196
995,4.131140,0.200011,0.001859,32.000000,0.050358,7.746047,27.090817,3086.572420,748.512055
996,3.474228,0.200108,0.001853,32.000000,0.050358,9.210680,27.178265,3090.046648,748.513908
997,3.257997,0.164278,1.602790,32.000000,0.050358,9.821985,0.031419,3093.304645,750.116698
998,3.079618,0.167621,1.081420,32.000000,0.050358,10.390899,0.046566,3096.384263,751.198118
999,3.580992,0.205511,0.002035,32.000000,0.050358,8.936070,24.745881,3099.965255,751.200153
1000,2.942165,0.216953,0.338022,32.000000,0.050358,10.876343,0.148978,3102.907421,751.538175
1001,2.738124,0.211576,0.422466,32.000000,0.050358,11.686834,0.119200,3105.645545,751.960641
1002,3.064185,0.154595,3.283991,32.000000,0.050358,10.443235,0.015334,3108.709729,755.244632
1003,4.742430,0.159050,2.632546,32.000000,0.050358,6.747596,0.019129,3113.452159,757.877178
1004,3.201416,0.158285,0.759718,32.000000,0.050358,9.995577,0.066285,3116.653575,758.636896
1005,3.042211,0.171619,1.891299,32.000000,0.050358,10.518665,0.026626,3119.695786,760.528195
1006,2.744211,0.200293,0.347336,32.000000,0.050358,11.660911,0.144983,3122.439997,760.875531
1007,2.792263,0.149927,1.004137,32.000000,0.050358,11.460238,0.050150,3125.232260,761.879668
1008,2.944270,0.164005,1.578382,32.000000,0.050358,10.868569,0.031905,3128.176530,763.458051
1009,3.276743,0.206170,0.281095,32.000000,0.050358,9.765794,0.179149,3131.453273,763.739146
1010,4.626873,0.218769,0.941298,32.000000,0.050358,6.916117,0.053498,3136.080147,764.680443
1011,5.340255,0.199532,11.621516,32.000000,0.050358,5.992223,0.004333,3141.420402,776.301959
1012,1.855617,0.204566,0.002081,32.000000,0.050358,17.244939,24.203368,3143.276019,776.304040
1013,3.724304,0.150949,1.216597,32.000000,0.050358,8.592209,0.041392,3147.000323,777.520637
1014,3.472226,0.165097,0.630533,32.000000,0.050358,9.215991,0.079865,3150.472548,778.151170
1015,4.957677,0.200693,0.283584,32.000000,0.050358,6.454635,0.177576,3155.430226,778.434754
1016,2.097050,0.148197,1.710362,32.000000,0.050358,15.259529,0.029443,3157.527276,780.145116
1017,3.284990,0.199941,0.184026,32.000000,0.050358,9.741277,0.273645,3160.812266,780.329142
1018,4.311568,0.194807,0.648162,32.000000,0.050358,7.421894,0.077693,3165.123834,780.977304
1019,2.789855,0.172186,0.343516,32.000000,0.050358,11.470132,0.146595,3167.913689,781.320820
1020,3.207011,0.154150,0.559594,32.000000,0.050358,9.978137,0.089990,3171.120700,781.880414
1021,4.624803,0.153409,0.826079,32.000000,0.050358,6.919213,0.060960,3175.745504,782.706492
1022,3.334370,0.206394,0.527225,32.000000,0.050358,9.597016,0.095515,3179.079873,783.233717
1023,3.347274,0.213519,0.530352,32.000000,0.050358,9.560018,0.094952,3182.427148,783.764069
1024,2.779300,0.192604,1.009965,32.000000,0.050358,11.513692,0.049861,3185.206447,784.774034
1025,7.224876,0.205384,0.195606,32.000000,0.050358,4.429142,0.257445,3192.431323,784.969640
1026,2.983361,0.150177,2.154599,32.000000,0.050358,10.726159,0.023372,3195.414684,787.124240
1027,3.191654,0.180497,2.520053,32.000000,0.050358,10.026148,0.019983,3198.606339,789.644293
1028,11.154611,0.179162,0.841254,32.000000,0.050358,2.868769,0.059860,3209.760949,790.485547
1029,5.601092,0.157365,0.814576,32.000000,0.050358,5.713172,0.061821,3215.362041,791.300124
1030,3.296263,0.166529,0.332455,32.000000,0.050358,9.707964,0.151472,3218.658304,791.632579
1031,3.320816,0.155252,5.854650,32.000000,0.050358,9.636186,0.008601,3221.979120,797.487229
1032,2.146935,0.204169,0.002084,32.000000,0.050358,14.904968,24.161655,3224.126055,797.489313
1033,2.511684,0.145802,4.404623,32.000000,0.050358,12.740454,0.011433,3226.637739,801.893936
1034,3.119186,0.156915,4.837365,32.000000,0.050358,10.259087,0.010410,3229.756925,806.731301
1035,3.498906,0.207981,0.360710,32.000000,0.050358,9.145715,0.139608,3233.255832,807.092011
1036,3.475912,0.200435,0.648117,32.000000,0.050358,9.206216,0.077699,3236.731744,807.740128
1037,2.863539,0.152650,0.516490,32.000000,0.050358,11.174983,0.097500,3239.595283,808.256617
1038,3.157474,0.206186,0.368871,32.000000,0.050358,10.134684,0.136519,3242.752757,808.625488
1039,3.089768,0.206488,0.349573,32.000000,0.050358,10.356765,0.144055,3245.842525,808.975061
1040,2.700580,0.227021,0.901586,32.000000,0.050358,11.849304,0.055855,3248.543105,809.876648
1041,2.795412,0.200307,0.935292,32.000000,0.050358,11.447330,0.053842,3251.338517,810.811940
1042,3.119216,0.204974,0.343180,32.000000,0.050358,10.258988,0.146739,3254.457733,811.155120
1043,2.875856,0.152103,6.629608,32.000000,0.050358,11.127120,0.007596,3257.333589,817.784727
1044,4.392321,0.200865,0.172980,32.000000,0.050358,7.285442,0.291119,3261.725910,817.957708
1045,3.584901,0.150345,4.818657,32.000000,0.050358,8.926327,0.010451,3265.310811,822.776365
1046,2.985451,0.155269,0.523455,32.000000,0.050358,10.718650,0.096203,3268.296262,823.299819
1047,2.554372,0.155764,0.682810,32.000000,0.050358,12.527541,0.073751,3270.850634,823.982630
1048,2.665335,0.150723,3.098427,32.000000,0.050358,12.005994,0.016253,3273.515970,827.081057
1049,3.385457,0.204454,0.658451,32.000000,0.050358,9.452194,0.076479,3276.901427,827.739507
1050,3.145168,0.200643,1.391929,32.000000,0.050358,10.174338,0.036178,3280.046595,829.131437
1051,2.638899,0.200256,0.473167,32.000000,0.050358,12.126271,0.106427,3282.685493,829.604604
1052,2.617106,0.152880,0.783531,32.000000,0.050358,12.227246,0.064270,3285.302599,830.388135
1053,3.745558,0.199986,0.227008,32.000000,0.050358,8.543454,0.221833,3289.048157,830.615143
1054,2.986000,0.212200,0.527957,32.000000,0.050358,10.716676,0.095383,3292.034158,831.143100
1055,3.006893,0.203931,0.671776,32.000000,0.050358,10.642213,0.074962,3295.041051,831.814876
1056,2.665907,0.158627,0.652260,32.000000,0.050358,12.003422,0.077205,3297.706957,832.467135
1057,3.573415,0.200982,0.169219,32.000000,0.050358,8.955020,0.297589,3301.280372,832.636354
1058,3.628200,0.205117,0.135185,32.000000,0.050358,8.819800,0.372512,3304.908572,832.771539
1059,3.309141,0.200478,0.178757,32.000000,0.050358,9.670183,0.281712,3308.217714,832.950296
1060,3.388841,0.152356,1.214278,32.000000,0.050358,9.442756,0.041471,3311.606555,834.164574
1061,2.971783,0.156727,1.778297,32.000000,0.050358,10.767948,0.028318,3314.578338,835.942870
1062,3.171112,0.206988,0.054970,32.000000,0.050358,10.091096,0.916092,3317.749450,835.997841
1063,2.845166,0.175737,0.539248,32.000000,0.050358,11.247148,0.093385,3320.594616,836.537089
1064,3.066293,0.175202,0.520351,32.000000,0.050358,10.436056,0.096777,3323.660908,837.057440
1065,2.527143,0.146079,1.296937,32.000000,0.050358,12.662519,0.038828,3326.188052,838.354377
1066,3.054647,0.205252,0.627551,32.000000,0.050358,10.475841,0.080245,3329.242699,838.981927
1067,3.467698,0.156252,0.907328,32.000000,0.050358,9.228025,0.055501,3332.710397,839.889255
1068,5.768889,0.200376,0.918740,32.000000,0.050358,5.546995,0.054812,3338.479286,840.807996
1069,3.625756,0.154995,4.454423,32.000000,0.050358,8.825747,0.011305,3342.105041,845.262418
1070,3.583853,0.200588,2.807355,32.000000,0.050358,8.928938,0.017938,3345.688894,848.069774
1071,4.361651,0.200142,0.594270,32.000000,0.050358,7.336671,0.084739,3350.050546,848.664044
1072,3.198502,0.224695,1.436169,32.000000,0.050358,10.004682,0.035064,3353.249048,850.100212
1073,3.295683,0.190565,3.021356,32.000000,0.050358,9.709673,0.016667,3356.544731,853.121568
1074,2.891180,0.164778,0.732312,32.000000,0.050358,11.068147,0.068766,3359.435910,853.853880
1075,6.590540,0.234558,0.337273,32.000000,0.050358,4.855445,0.149309,3366.026450,854.191153
1076,3.301817,0.165998,0.751443,32.000000,0.050358,9.691633,0.067015,3369.328267,854.942596
1077,3.962976,0.205498,0.002073,32.000000,0.050358,8.074740,24.289712,3373.291243,854.944669
1078,3.654675,0.204332,0.743972,32.000000,0.050358,8.755909,0.067688,3376.945917,855.688641
1079,3.067619,0.152556,3.814570,32.000000,0.050358,10.431544,0.013201,3380.013536,859.503212
1080,3.238883,0.155182,1.334122,32.000000,0.050358,9.879948,0.037746,3383.252419,860.837334
1081,3.092977,0.153782,0.828497,32.000000,0.050358,10.346020,0.060782,3386.345396,861.665831
1082,2.589330,0.147521,1.817230,32.000000,0.050358,12.358411,0.027711,3388.934726,863.483061
1083,3.955350,0.204790,0.469498,32.000000,0.050358,8.090309,0.107259,3392.890075,863.952559
1084,4.608985,0.205023,0.001921,32.000000,0.050358,6.942961,26.220424,3397.499060,863.954479
1085,3.772376,0.200711,0.001896,32.000000,0.050358,8.482717,26.555549,3401.271436,863.956375
1086,2.594305,0.185472,0.806842,32.000000,0.050358,12.334709,0.062413,3403.865742,864.763218
1087,2.828399,0.168610,0.834712,32.000000,0.050358,11.313823,0.060330,3406.694140,865.597929
1088,3.797174,0.214165,0.056090,32.000000,0.050358,8.427320,0.897798,3410.491314,865.654020
1089,5.039454,0.204309,0.081625,32.000000,0.050358,6.349895,0.616939,3415.530768,865.735645
1090,4.460739,0.155982,4.600919,32.000000,0.050358,7.173699,0.010945,3419.991507,870.336564
1091,5.059251,0.200210,0.526732,32.000000,0.050358,6.325047,0.095604,3425.050758,870.863296
1092,2.701441,0.151822,1.391606,32.000000,0.050358,11.845528,0.036187,3427.752200,872.254902
1093,3.612399,0.200356,0.606197,32.000000,0.050358,8.858380,0.083072,3431.364598,872.861098
1094,3.253780,0.200246,0.089308,32.000000,0.050358,9.834716,0.563864,3434.618378,872.950407
1095,3.760010,0.210981,2.583656,32.000000,0.050358,8.510615,0.019491,3438.378389,875.534063
1096,3.618466,0.206883,0.054879,32.000000,0.050358,8.843525,0.917623,3441.996855,875.588942
1097,3.881394,0.206923,0.002051,32.000000,0.050358,8.244460,24.547427,3445.878250,875.590993
1098,2.906463,0.182186,0.385199,32.000000,0.050358,11.009948,0.130732,3448.784712,875.976192
1099,2.645883,0.155810,0.642154,32.000000,0.050358,12.094260,0.078420,3451.430595,876.618345
