step,read_time_sec,compute_time_sec,write_time_sec,data_read_mb,data_written_mb,read_throughput_mb_s,write_throughput_mb_s,cumulative_read_time,cumulative_write_time
1,2.681367,0.147771,0.156451,64.000000,0.099186,23.868422,0.633974,2.681367,0.156451
2,2.167856,0.146285,0.312781,64.000000,0.099186,29.522255,0.317110,4.849223,0.469232
3,2.263706,0.149012,0.124958,64.000000,0.099186,28.272216,0.793752,7.112930,0.594190
4,2.086425,0.147142,0.291189,64.000000,0.099186,30.674480,0.340624,9.199354,0.885379
5,2.236696,0.151389,0.255766,64.000000,0.099186,28.613633,0.387799,11.436050,1.141146
6,2.123947,0.163112,0.187517,64.000000,0.099186,30.132578,0.528942,13.559998,1.328663
7,2.204970,0.148053,0.251173,64.000000,0.099186,29.025336,0.394890,15.764968,1.579837
8,2.374496,0.147932,0.155579,64.000000,0.099186,26.953087,0.637529,18.139464,1.735415
9,2.001868,0.149158,0.489741,64.000000,0.099186,31.970138,0.202527,20.141332,2.225156
10,2.440282,0.148731,0.347992,64.000000,0.099186,26.226481,0.285024,22.581614,2.573148
11,2.442953,0.148836,0.165526,64.000000,0.099186,26.197802,0.599217,25.024567,2.738674
12,2.061226,0.148904,0.459132,64.000000,0.099186,31.049487,0.216029,27.085792,3.197806
13,2.198376,0.147164,0.297186,64.000000,0.099186,29.112406,0.333750,29.284168,3.494992
14,2.161761,0.150249,0.336579,64.000000,0.099186,29.605499,0.294689,31.445928,3.831571
15,2.466823,0.146672,0.090618,64.000000,0.099186,25.944301,1.094547,33.912751,3.922189
16,2.264554,0.148363,0.273619,64.000000,0.099186,28.261641,0.362497,36.177305,4.195808
17,2.233022,0.147359,0.231239,64.000000,0.099186,28.660713,0.428932,38.410327,4.427047
18,2.447364,0.149918,0.197356,64.000000,0.099186,26.150582,0.502574,40.857691,4.624403
19,2.202397,0.150074,0.267245,64.000000,0.099186,29.059246,0.371143,43.060088,4.891648
20,2.421083,0.146110,0.210398,64.000000,0.099186,26.434450,0.471421,45.481171,5.102046
21,2.249628,0.146785,0.431591,64.000000,0.099186,28.449151,0.229815,47.730799,5.533637
22,1.970328,0.148060,0.520837,64.000000,0.099186,32.481902,0.190436,49.701127,6.054474
23,2.316640,0.147930,0.208032,64.000000,0.099186,27.626218,0.476782,52.017767,6.262506
24,2.181225,0.146655,0.275924,64.000000,0.099186,29.341309,0.359469,54.198992,6.538430
25,2.337720,0.148065,0.219064,64.000000,0.099186,27.377105,0.452771,56.536712,6.757494
26,2.225361,0.148794,0.314029,64.000000,0.099186,28.759375,0.315850,58.762073,7.071523
27,2.450795,0.148070,0.297771,64.000000,0.099186,26.113976,0.333095,61.212868,7.369294
28,2.031281,0.147189,0.397818,64.000000,0.099186,31.507212,0.249325,63.244149,7.767112
29,2.305990,0.149314,0.191547,64.000000,0.099186,27.753801,0.517814,65.550140,7.958659
30,2.156942,0.147701,0.244766,64.000000,0.099186,29.671635,0.405228,67.707082,8.203425
31,2.252671,0.146403,0.149017,64.000000,0.099186,28.410712,0.665600,69.959753,8.352442
32,2.265397,0.148106,0.284420,64.000000,0.099186,28.251124,0.348731,72.225150,8.636862
33,2.404851,0.149095,0.118300,64.000000,0.099186,26.612875,0.838424,74.630001,8.755162
34,2.190418,0.149771,0.496458,64.000000,0.099186,29.218169,0.199787,76.820419,9.251621
35,2.132210,0.165089,0.369633,64.000000,0.099186,30.015811,0.268336,78.952628,9.621254
36,2.290560,0.148613,0.224568,64.000000,0.099186,27.940770,0.441675,81.243188,9.845822
37,2.272361,0.151004,0.219649,64.000000,0.099186,28.164537,0.451566,83.515549,10.065470
38,2.240708,0.152125,0.187403,64.000000,0.099186,28.562402,0.529265,85.756257,10.252873
39,2.410466,0.151985,0.149470,64.000000,0.099186,26.550884,0.663585,88.166723,10.402343
40,2.202536,0.152151,0.489046,64.000000,0.099186,29.057420,0.202815,90.369258,10.891389
41,2.318113,0.150810,0.128019,64.000000,0.099186,27.608663,0.774772,92.687371,11.019409
42,2.316306,0.148686,0.001347,64.000000,0.099186,27.630202,73.627815,95.003677,11.020756
43,2.022677,0.154601,0.497101,64.000000,0.099186,31.641238,0.199529,97.026354,11.517856
44,2.343408,0.149902,0.290092,64.000000,0.099186,27.310650,0.341912,99.369762,11.807948
45,2.185757,0.149793,0.275307,64.000000,0.099186,29.280477,0.360274,101.555519,12.083255
46,2.282492,0.150671,0.223163,64.000000,0.099186,28.039529,0.444454,103.838011,12.306419
47,2.191702,0.156205,0.382423,64.000000,0.099186,29.201046,0.259362,106.029713,12.688841
48,2.253162,0.146860,0.208722,64.000000,0.099186,28.404522,0.475206,108.282876,12.897563
49,2.010367,0.147836,0.535965,64.000000,0.099186,31.834989,0.185061,110.293242,13.433528
50,2.165987,0.146323,0.412416,64.000000,0.099186,29.547736,0.240500,112.459229,13.845944
51,2.496709,0.148938,0.059284,64.000000,0.099186,25.633747,1.673071,114.955938,13.905227
52,1.897097,0.150004,0.534921,64.000000,0.099186,33.735748,0.185422,116.853035,14.440148
53,1.993317,0.157369,0.398920,64.000000,0.099186,32.107280,0.248636,118.846352,14.839068
54,2.230636,0.146434,0.380611,64.000000,0.099186,28.691374,0.260597,121.076988,15.219679
55,2.180385,0.151360,0.351623,64.000000,0.099186,29.352610,0.282080,123.257373,15.571302
56,2.536790,0.149569,0.095487,64.000000,0.099186,25.228732,1.038732,125.794163,15.666790
57,2.282311,0.148807,0.296381,64.000000,0.099186,28.041757,0.334656,128.076474,15.963171
58,2.203172,0.150242,0.361248,64.000000,0.099186,29.049025,0.274565,130.279646,16.324419
59,2.304006,0.147483,0.180327,64.000000,0.099186,27.777705,0.550032,132.583652,16.504746
60,1.991409,0.150252,0.811282,64.000000,0.099186,32.138057,0.122258,134.575061,17.316029
61,2.311480,0.149592,0.136693,64.000000,0.099186,27.687894,0.725609,136.886540,17.452722
62,2.065548,0.146354,0.516600,64.000000,0.099186,30.984520,0.191998,138.952088,17.969322
63,2.218351,0.151418,0.207561,64.000000,0.099186,28.850253,0.477863,141.170439,18.176883
64,2.046290,0.155875,0.516136,64.000000,0.099186,31.276121,0.192170,143.216729,18.693019
65,2.198370,0.146887,0.331129,64.000000,0.099186,29.112482,0.299539,145.415098,19.024148
66,1.943443,0.145623,0.572624,64.000000,0.099186,32.931248,0.173213,147.358541,19.596772
67,2.133363,0.147778,0.349830,64.000000,0.099186,29.999588,0.283526,149.491904,19.946602
68,2.260403,0.149981,0.228757,64.000000,0.099186,28.313530,0.433587,151.752307,20.175358
69,1.853028,0.198378,0.473091,64.000000,0.099186,34.538061,0.209655,153.605336,20.648449
70,2.290796,0.148992,0.089636,64.000000,0.099186,27.937892,1.106543,155.896131,20.738085
71,2.381085,0.147265,0.361736,64.000000,0.099186,26.878505,0.274195,158.277216,21.099821
72,2.301183,0.151632,0.246895,64.000000,0.099186,27.811786,0.401733,160.578399,21.346716
73,2.025123,0.150063,0.364548,64.000000,0.099186,31.603016,0.272080,162.603522,21.711264
74,2.252683,0.150909,0.165185,64.000000,0.099186,28.410567,0.600455,164.856205,21.876448
75,2.093367,0.148380,0.359999,64.000000,0.099186,30.572750,0.275517,166.949572,22.236447
76,2.229369,0.151120,0.207482,64.000000,0.099186,28.707678,0.478046,169.178941,22.443929
77,2.294185,0.152339,0.415451,64.000000,0.099186,27.896611,0.238743,171.473126,22.859380
78,1.946008,0.148620,0.523756,64.000000,0.099186,32.887839,0.189374,173.419134,23.383136
79,2.245122,0.148915,0.310178,64.000000,0.099186,28.506251,0.319771,175.664256,23.693314
80,2.435837,0.148665,0.089728,64.000000,0.099186,26.274336,1.105403,178.100093,23.783042
81,1.955678,0.143967,0.549772,64.000000,0.099186,32.725228,0.180413,180.055771,24.332814
82,2.163665,0.147807,0.364424,64.000000,0.099186,29.579443,0.272172,182.219436,24.697238
83,2.223401,0.150047,0.198564,64.000000,0.099186,28.784732,0.499517,184.442836,24.895801
84,2.108315,0.150342,0.431021,64.000000,0.099186,30.355999,0.230119,186.551151,25.326822
85,2.362258,0.149767,0.255437,64.000000,0.099186,27.092727,0.388298,188.913409,25.582260
86,1.983320,0.158570,0.481254,64.000000,0.099186,32.269118,0.206099,190.896729,26.063513
87,2.239821,0.148800,0.508156,64.000000,0.099186,28.573718,0.195188,193.136550,26.571670
88,1.986945,0.149175,0.574695,64.000000,0.099186,32.210247,0.172589,195.123495,27.146364
89,2.135056,0.159713,0.745296,64.000000,0.099186,29.975798,0.133083,197.258551,27.891661
90,2.288203,0.150357,0.216271,64.000000,0.099186,27.969548,0.458619,199.546754,28.107932
91,2.298981,0.147587,0.237846,64.000000,0.099186,27.838418,0.417017,201.845735,28.345778
92,2.262361,0.147497,0.268717,64.000000,0.099186,28.289030,0.369109,204.108096,28.614495
93,2.257375,0.150819,0.188195,64.000000,0.099186,28.351512,0.527038,206.365471,28.802690
94,2.148794,0.150830,0.606791,64.000000,0.099186,29.784147,0.163460,208.514265,29.409481
95,2.285585,0.151317,0.158484,64.000000,0.099186,28.001585,0.625842,210.799850,29.567965
96,2.023265,0.141402,1.657716,64.000000,0.099186,31.632042,0.059833,212.823115,31.225681
97,1.895449,0.145518,0.605819,64.000000,0.099186,33.765082,0.163722,214.718564,31.831501
98,2.428384,0.151103,0.106908,64.000000,0.099186,26.354972,0.927765,217.146949,31.938409
99,2.166882,0.151209,0.321132,64.000000,0.099186,29.535524,0.308863,219.313831,32.259542
100,2.462761,0.149107,0.246207,64.000000,0.099186,25.987093,0.402856,221.776592,32.505749
101,2.174441,0.149099,0.357999,64.000000,0.099186,29.432851,0.277057,223.951033,32.863748
102,2.012342,0.146917,0.516416,64.000000,0.099186,31.803743,0.192066,225.963375,33.380164
103,2.318250,0.151134,0.365218,64.000000,0.099186,27.607029,0.271580,228.281625,33.745382
104,2.159474,0.147201,0.301725,64.000000,0.099186,29.636841,0.328730,230.441099,34.047107
105,2.364557,0.147448,0.077145,64.000000,0.099186,27.066382,1.285700,232.805656,34.124253
106,2.159610,0.153823,0.299729,64.000000,0.099186,29.634986,0.330919,234.965266,34.423982
107,2.316192,0.149994,0.141069,64.000000,0.099186,27.631556,0.703103,237.281458,34.565050
108,2.134690,0.153479,0.299317,64.000000,0.099186,29.980940,0.331374,239.416148,34.864368
109,2.210633,0.150325,0.346453,64.000000,0.099186,28.950987,0.286290,241.626780,35.210821
110,2.498560,0.151069,0.001398,64.000000,0.099186,25.614759,70.941252,244.125340,35.212219
111,2.152982,0.150843,0.390662,64.000000,0.099186,29.726207,0.253892,246.278322,35.602880
112,2.335874,0.163537,0.372638,64.000000,0.099186,27.398735,0.266172,248.614197,35.975519
113,2.238356,0.159537,0.391464,64.000000,0.099186,28.592415,0.253372,250.852553,36.366983
114,2.396259,0.150967,0.131874,64.000000,0.099186,26.708303,0.752127,253.248811,36.498857
115,2.342446,0.151658,0.266289,64.000000,0.099186,27.321871,0.372475,255.591257,36.765146
116,2.124297,0.149221,0.409236,64.000000,0.099186,30.127611,0.242368,257.715554,37.174382
117,2.284456,0.150176,0.356189,64.000000,0.099186,28.015417,0.278464,260.000010,37.530571
118,2.361589,0.147725,0.165349,64.000000,0.099186,27.100399,0.599859,262.361599,37.695920
119,2.369078,0.173508,0.390710,64.000000,0.099186,27.014726,0.253861,264.730678,38.086629
120,2.285711,0.148445,0.132299,64.000000,0.099186,28.000043,0.749713,267.016388,38.218928
121,2.355971,0.150047,0.175760,64.000000,0.099186,27.165025,0.564325,269.372359,38.394688
122,2.334728,0.151089,0.206938,64.000000,0.099186,27.412188,0.479303,271.707087,38.601626
123,2.336205,0.152746,0.256732,64.000000,0.099186,27.394850,0.386341,274.043292,38.858358
124,2.255550,0.150031,0.244500,64.000000,0.099186,28.374455,0.405669,276.298842,39.102858
125,2.277983,0.150956,0.382136,64.000000,0.099186,28.095028,0.259557,278.576825,39.484993
126,2.073319,0.145772,0.606483,64.000000,0.099186,30.868383,0.163543,280.650144,40.091476
127,1.937018,0.147426,0.511310,64.000000,0.099186,33.040473,0.193984,282.587162,40.602786
128,2.314556,0.147998,0.289131,64.000000,0.099186,27.651094,0.343049,284.901718,40.891917
129,2.165675,0.145551,0.308030,64.000000,0.099186,29.551985,0.322001,287.067393,41.199947
130,2.274873,0.147661,0.352605,64.000000,0.099186,28.133443,0.281295,289.342266,41.552552
131,2.140788,0.150247,0.426171,64.000000,0.099186,29.895538,0.232737,291.483054,41.978723
132,1.938753,0.147211,0.521998,64.000000,0.099186,33.010908,0.190012,293.421807,42.500721
133,2.229690,0.148834,0.289016,64.000000,0.099186,28.703548,0.343185,295.651496,42.789737
134,2.315433,0.148018,0.316226,64.000000,0.099186,27.640613,0.313655,297.966930,43.105963
135,2.352744,0.147630,0.295002,64.000000,0.099186,27.202277,0.336221,300.319674,43.400965
136,2.300475,0.147574,0.199512,64.000000,0.099186,27.820344,0.497143,302.620149,43.600477
137,2.286715,0.147766,0.347220,64.000000,0.099186,27.987750,0.285657,304.906864,43.947697
138,2.407314,0.146859,0.216462,64.000000,0.099186,26.585644,0.458214,307.314178,44.164159
139,2.201448,0.149594,0.332687,64.000000,0.099186,29.071779,0.298136,309.515626,44.496847
140,2.389118,0.146707,0.543194,64.000000,0.099186,26.788133,0.182598,311.904743,45.040040
141,2.394215,0.148068,0.432299,64.000000,0.099186,26.731097,0.229438,314.298958,45.472339
142,2.375465,0.146022,0.254130,64.000000,0.099186,26.942092,0.390296,316.674424,45.726469
143,2.328856,0.149332,0.320357,64.000000,0.099186,27.481300,0.309610,319.003280,46.046827
144,2.180874,0.148534,0.455056,64.000000,0.099186,29.346031,0.217964,321.184154,46.501883
145,2.274754,0.146913,0.516145,64.000000,0.099186,28.134914,0.192167,323.458908,47.018028
146,1.830409,0.142293,0.816284,64.000000,0.099186,34.964861,0.121509,325.289317,47.834312
147,2.423948,0.148017,0.244376,64.000000,0.099186,26.403206,0.405874,327.713265,48.078689
148,1.971410,0.144046,0.581367,64.000000,0.099186,32.464078,0.170608,329.684675,48.660055
149,2.369645,0.149354,0.206120,64.000000,0.099186,27.008268,0.481205,332.054319,48.866175
150,2.350453,0.149318,0.347285,64.000000,0.099186,27.228799,0.285604,334.404772,49.213460
151,2.097520,0.152285,0.426042,64.000000,0.099186,30.512226,0.232808,336.502292,49.639503
152,2.054924,0.149319,0.402076,64.000000,0.099186,31.144701,0.246685,338.557216,50.041579
153,2.238667,0.148052,0.228519,64.000000,0.099186,28.588437,0.434038,340.795883,50.270098
154,2.326409,0.146682,0.470904,64.000000,0.099186,27.510210,0.210629,343.122292,50.741002
155,2.325466,0.148320,0.234121,64.000000,0.099186,27.521368,0.423653,345.447758,50.975123
156,2.310813,0.148502,0.348750,64.000000,0.099186,27.695881,0.284404,347.758571,51.323873
157,2.202315,0.147765,0.297657,64.000000,0.099186,29.060325,0.333222,349.960887,51.621530
158,2.416213,0.148308,0.170516,64.000000,0.099186,26.487731,0.581682,352.377100,51.792046
159,2.312927,0.149402,0.287006,64.000000,0.099186,27.670561,0.345589,354.690027,52.079051
160,2.312357,0.147200,0.195217,64.000000,0.099186,27.677391,0.508081,357.002384,52.274268
161,2.359138,0.148456,0.140470,64.000000,0.099186,27.128552,0.706102,359.361522,52.414738
162,2.292414,0.148956,0.186756,64.000000,0.099186,27.918171,0.531100,361.653935,52.601493
163,2.255496,0.290213,0.224210,64.000000,0.099186,28.375136,0.442379,363.909431,52.825704
164,2.200634,0.289127,0.276225,64.000000,0.099186,29.082530,0.359076,366.110065,53.101929
165,2.081352,0.292933,0.302326,64.000000,0.099186,30.749244,0.328077,368.191417,53.404254
166,2.151354,0.294123,0.230068,64.000000,0.099186,29.748712,0.431117,370.342771,53.634322
167,2.108358,0.291249,0.412193,64.000000,0.099186,30.355378,0.240630,372.451129,54.046515
168,2.397828,0.286232,0.062550,64.000000,0.099186,26.690820,1.585714,374.848957,54.109065
169,2.202965,0.289651,0.231462,64.000000,0.099186,29.051758,0.428519,377.051922,54.340527
170,2.355840,0.285915,0.099210,64.000000,0.099186,27.166528,0.999762,379.407762,54.439736
171,2.024232,0.293266,0.618107,64.000000,0.099186,31.616925,0.160467,381.431994,55.057843
172,2.153333,0.286043,0.226239,64.000000,0.099186,29.721371,0.438412,383.585327,55.284082
173,2.307173,0.287338,0.212067,64.000000,0.099186,27.739581,0.467711,385.892499,55.496149
174,2.282993,0.287713,0.100238,64.000000,0.099186,28.033379,0.989509,388.175492,55.596386
175,2.365950,0.287769,0.168646,64.000000,0.099186,27.050449,0.588130,390.541442,55.765033
176,2.882814,0.291682,0.001373,64.000000,0.099186,22.200529,72.259939,393.424256,55.766405
177,2.050128,0.301107,0.437303,64.000000,0.099186,31.217567,0.226813,395.474383,56.203709
178,2.201530,0.295508,0.384770,64.000000,0.099186,29.070694,0.257780,397.675913,56.588479
179,2.266768,0.288246,0.091492,64.000000,0.099186,28.234031,1.084090,399.942681,56.679971
180,2.180553,0.288498,0.271212,64.000000,0.099186,29.350350,0.365714,402.123235,56.951183
181,2.017871,0.283223,0.367167,64.000000,0.099186,31.716599,0.270139,404.141105,57.318350
182,2.179047,0.285523,0.250198,64.000000,0.099186,29.370632,0.396430,406.320153,57.568548
183,2.116734,0.281358,0.333034,64.000000,0.099186,30.235260,0.297825,408.436887,57.901582
184,1.942996,0.273370,0.894260,64.000000,0.099186,32.938816,0.110914,410.379883,58.795842
185,2.378162,0.282404,0.268017,64.000000,0.099186,26.911537,0.370073,412.758045,59.063859
186,2.455061,0.280777,0.063415,64.000000,0.099186,26.068603,1.564071,415.213106,59.127275
187,2.153065,0.312915,0.458439,64.000000,0.099186,29.725073,0.216356,417.366170,59.585714
188,2.316795,0.284855,0.156608,64.000000,0.099186,27.624371,0.633338,419.682965,59.742322
189,2.014352,0.287619,0.298078,64.000000,0.099186,31.771999,0.332751,421.697318,60.040401
190,2.300350,0.286862,0.206454,64.000000,0.099186,27.821849,0.480426,423.997668,60.246855
191,2.301219,0.286021,0.188423,64.000000,0.099186,27.811341,0.526401,426.298887,60.435278
192,2.282084,0.283337,0.207125,64.000000,0.099186,28.044538,0.478870,428.580972,60.642403
193,2.275960,0.279766,0.172496,64.000000,0.099186,28.120006,0.575005,430.856931,60.814899
194,2.265684,0.295080,0.234340,64.000000,0.099186,28.247543,0.423256,433.122615,61.049239
195,2.098396,0.275936,0.766799,64.000000,0.099186,30.499487,0.129351,435.221011,61.816038
196,2.249901,0.283707,0.245387,64.000000,0.099186,28.445697,0.404202,437.470912,62.061425
197,2.244823,0.281504,0.150689,64.000000,0.099186,28.510043,0.658217,439.715735,62.212114
198,2.524279,0.279094,0.206481,64.000000,0.099186,25.353771,0.480365,442.240014,62.418594
199,2.271000,0.278514,0.261822,64.000000,0.099186,28.181416,0.378830,444.511014,62.680416
200,2.495155,0.279140,0.174429,64.000000,0.099186,25.649712,0.568631,447.006169,62.854845
201,2.215812,0.279416,0.069972,64.000000,0.099186,28.883312,1.417500,449.221981,62.924818
202,2.347973,0.278458,0.207435,64.000000,0.099186,27.257554,0.478154,451.569954,63.132253
203,2.152857,0.279017,0.292593,64.000000,0.099186,29.727938,0.338990,453.722812,63.424846
204,2.298948,0.277041,0.077553,64.000000,0.099186,27.838826,1.278952,456.021759,63.502398
205,2.157205,0.276028,0.254317,64.000000,0.099186,29.668024,0.390009,458.178964,63.756715
206,2.199556,0.275716,0.154202,64.000000,0.099186,29.096777,0.643223,460.378520,63.910917
207,2.282642,0.279703,0.081150,64.000000,0.099186,28.037681,1.222260,462.661162,63.992066
208,2.233358,0.277463,0.325435,64.000000,0.099186,28.656404,0.304779,464.894520,64.317502
209,2.263138,0.285511,0.065954,64.000000,0.099186,28.279323,1.503872,467.157658,64.383455
210,2.564136,0.284862,0.001358,64.000000,0.099186,24.959673,73.022011,469.721794,64.384814
211,2.338150,0.276545,0.102037,64.000000,0.099186,27.372069,0.972059,472.059944,64.486851
212,2.113723,0.309559,0.197233,64.000000,0.099186,30.278322,0.502887,474.173667,64.684084
213,2.243552,0.278599,0.205874,64.000000,0.099186,28.526199,0.481779,476.417219,64.889958
214,2.294894,0.276768,0.200294,64.000000,0.099186,27.887998,0.495201,478.712113,65.090252
215,2.410120,0.276820,0.336611,64.000000,0.099186,26.554699,0.294660,481.122233,65.426863
216,2.293298,0.276857,0.195024,64.000000,0.099186,27.907404,0.508583,483.415531,65.621887
217,2.457474,0.278817,0.225815,64.000000,0.099186,26.043001,0.439236,485.873005,65.847702
218,2.187797,0.277183,0.135192,64.000000,0.099186,29.253177,0.733667,488.060802,65.982894
219,2.654487,0.280782,0.001377,64.000000,0.099186,24.110122,72.038569,490.715288,65.984271
220,2.398272,0.275663,0.114816,64.000000,0.099186,26.685880,0.863867,493.113560,66.099087
221,2.207330,0.283198,0.200596,64.000000,0.099186,28.994306,0.494456,495.320890,66.299684
222,2.371645,0.285984,0.017109,64.000000,0.099186,26.985494,5.797336,497.692535,66.316792
223,2.447892,0.275794,0.001362,64.000000,0.099186,26.144945,72.832464,500.140427,66.318154
224,2.231841,0.277157,0.189553,64.000000,0.099186,28.675874,0.523263,502.372268,66.507707
225,2.207113,0.277116,0.254612,64.000000,0.099186,28.997153,0.389558,504.579381,66.762319
226,2.226994,0.290165,0.135878,64.000000,0.099186,28.738289,0.729963,506.806375,66.898197
227,2.444716,0.277882,0.226804,64.000000,0.099186,26.178913,0.437321,509.251091,67.125000
228,2.312531,0.277822,0.242452,64.000000,0.099186,27.675305,0.409095,511.563622,67.367452
229,2.241880,0.288489,0.160124,64.000000,0.099186,28.547470,0.619431,513.805502,67.527577
230,2.099646,0.274058,0.326336,64.000000,0.099186,30.481324,0.303938,515.905148,67.853912
231,2.332583,0.276276,0.171961,64.000000,0.099186,27.437389,0.576794,518.237732,68.025873
232,2.396051,0.276261,0.075706,64.000000,0.099186,26.710619,1.310140,520.633783,68.101579
233,2.263716,0.274626,0.130506,64.000000,0.099186,28.272101,0.760012,522.897498,68.232085
234,2.232261,0.275266,0.311803,64.000000,0.099186,28.670489,0.318105,525.129759,68.543888
235,2.342214,0.286495,0.200022,64.000000,0.099186,27.324579,0.495875,527.471972,68.743910
236,2.304864,0.276988,0.275128,64.000000,0.099186,27.767369,0.360509,529.776836,69.019037
237,2.166457,0.289198,0.476805,64.000000,0.099186,29.541326,0.208022,531.943293,69.495842
238,2.446866,0.279086,0.008409,64.000000,0.099186,26.155911,11.795715,534.390158,69.504251
239,2.400971,0.276442,0.001362,64.000000,0.099186,26.655887,72.799107,536.791129,69.505613
240,2.303377,0.285373,0.087729,64.000000,0.099186,27.785295,1.130594,539.094506,69.593342
241,2.330546,0.279076,0.152942,64.000000,0.099186,27.461373,0.648521,541.425052,69.746284
242,2.359458,0.277749,0.110501,64.000000,0.099186,27.124875,0.897603,543.784510,69.856785
243,2.159522,0.286304,0.282388,64.000000,0.099186,29.636189,0.351239,545.944032,70.139173
244,2.301060,0.276690,0.170280,64.000000,0.099186,27.813272,0.582487,548.245091,70.309453
245,2.023530,0.275139,0.425051,64.000000,0.099186,31.627901,0.233351,550.268621,70.734504
246,2.360762,0.277234,0.168586,64.000000,0.099186,27.109895,0.588341,552.629383,70.903090
247,2.209711,0.282468,0.414716,64.000000,0.099186,28.963058,0.239166,554.839094,71.317806
248,2.231294,0.285363,0.260485,64.000000,0.099186,28.682913,0.380774,557.070388,71.578291
249,2.246228,0.275530,0.070822,64.000000,0.099186,28.492210,1.400488,559.316616,71.649114
250,2.234793,0.276541,0.295785,64.000000,0.099186,28.638004,0.335332,561.551408,71.944898
251,2.167508,0.275877,0.069253,64.000000,0.099186,29.527001,1.432236,563.718916,72.014151
252,2.419274,0.278478,0.140389,64.000000,0.099186,26.454212,0.706508,566.138190,72.154540
253,2.268001,0.284009,0.219395,64.000000,0.099186,28.218683,0.452088,568.406191,72.373935
254,2.178096,0.287417,0.340215,64.000000,0.099186,29.383461,0.291539,570.584287,72.714150
255,2.049491,0.313153,0.328092,64.000000,0.099186,31.227267,0.302312,572.633778,73.042241
256,2.421862,0.278130,0.235903,64.000000,0.099186,26.425953,0.420452,575.055640,73.278144
257,2.229602,0.278206,0.415411,64.000000,0.099186,28.704672,0.238766,577.285242,73.693555
258,2.112874,0.288083,0.187368,64.000000,0.099186,30.290500,0.529363,579.398116,73.880924
259,2.106751,0.277014,0.289245,64.000000,0.099186,30.378527,0.342914,581.504867,74.170168
260,2.234098,0.279231,0.275158,64.000000,0.099186,28.646913,0.360469,583.738965,74.445326
261,2.072135,0.277411,0.349955,64.000000,0.099186,30.886026,0.283425,585.811099,74.795281
262,2.049210,0.287889,0.307821,64.000000,0.099186,31.231543,0.322219,587.860310,75.103103
263,2.207294,0.285023,0.323994,64.000000,0.099186,28.994774,0.306135,590.067604,75.427097
264,2.180640,0.279540,0.234216,64.000000,0.099186,29.349186,0.423480,592.248244,75.661313
265,2.272868,0.277573,0.239167,64.000000,0.099186,28.158255,0.414714,594.521112,75.900480
266,2.430880,0.278536,0.132709,64.000000,0.099186,26.327909,0.747396,596.951992,76.033189
267,2.046552,0.276419,0.427053,64.000000,0.099186,31.272107,0.232257,598.998544,76.460242
268,2.375929,0.279222,0.303047,64.000000,0.099186,26.936833,0.327296,601.374473,76.763288
269,1.671283,0.271532,0.904065,64.000000,0.099186,38.293938,0.109711,603.045756,77.667353
270,2.240209,0.279262,0.415848,64.000000,0.099186,28.568768,0.238515,605.285965,78.083202
271,2.279750,0.277610,0.159720,64.000000,0.099186,28.073259,0.620999,607.565714,78.242922
272,2.370866,0.275014,0.073272,64.000000,0.099186,26.994352,1.353676,609.936581,78.316193
273,2.289174,0.292445,0.252284,64.000000,0.099186,27.957685,0.393151,612.225754,78.568478
274,2.178987,0.286147,0.502850,64.000000,0.099186,29.371451,0.197248,614.404741,79.071327
275,1.921211,0.277098,0.582917,64.000000,0.099186,33.312317,0.170155,616.325952,79.654244
276,2.096146,0.287673,0.315402,64.000000,0.099186,30.532228,0.314475,618.422098,79.969646
277,2.105372,0.286144,0.276632,64.000000,0.099186,30.398433,0.358549,620.527470,80.246278
278,1.979272,0.288850,0.406895,64.000000,0.099186,32.335122,0.243763,622.506742,80.653172
279,2.282256,0.276409,0.085399,64.000000,0.099186,28.042428,1.161446,624.788998,80.738571
280,2.294677,0.281939,0.340648,64.000000,0.099186,27.890635,0.291168,627.083675,81.079219
281,2.498447,0.277298,0.217618,64.000000,0.099186,25.615911,0.455779,629.582122,81.296838
282,2.146247,0.278064,0.195074,64.000000,0.099186,29.819494,0.508453,631.728369,81.491912
283,2.196500,0.282111,0.221366,64.000000,0.099186,29.137263,0.448064,633.924869,81.713277
284,2.282297,0.286153,0.097075,64.000000,0.099186,28.041929,1.021741,636.207166,81.810353
285,2.095386,0.281685,0.275906,64.000000,0.099186,30.543292,0.359492,638.302552,82.086259
286,2.256941,0.277259,0.130204,64.000000,0.099186,28.356973,0.761774,640.559493,82.216463
287,2.459959,0.295137,0.220393,64.000000,0.099186,26.016696,0.450041,643.019451,82.436856
288,2.273933,0.277361,0.173358,64.000000,0.099186,28.145073,0.572145,645.293384,82.610214
289,2.283113,0.280367,0.096547,64.000000,0.099186,28.031898,1.027332,647.576497,82.706761
290,2.194996,0.285372,0.159598,64.000000,0.099186,29.157235,0.621475,649.771493,82.866358
291,2.391774,0.281995,0.001304,64.000000,0.099186,26.758386,76.034327,652.163267,82.867663
292,2.226122,0.278851,0.249617,64.000000,0.099186,28.749549,0.397353,654.389388,83.117280
293,2.391341,0.279626,0.001421,64.000000,0.099186,26.763227,69.823883,656.780729,83.118700
294,2.285362,0.280631,0.151420,64.000000,0.099186,28.004316,0.655037,659.066091,83.270121
295,2.317350,0.280046,0.114688,64.000000,0.099186,27.617757,0.864830,661.383441,83.384809
296,2.089699,0.272663,2.877608,64.000000,0.099186,30.626413,0.034468,663.473141,86.262417
297,2.069535,0.305074,0.454792,64.000000,0.099186,30.924821,0.218091,665.542676,86.717209
298,2.130755,0.276738,0.558136,64.000000,0.099186,30.036302,0.177709,667.673431,87.275345
299,2.148172,0.281971,0.431135,64.000000,0.099186,29.792773,0.230058,669.821602,87.706480
300,2.356214,0.281344,0.285609,64.000000,0.099186,27.162222,0.347279,672.177816,87.992089
301,2.210228,0.279914,0.165366,64.000000,0.099186,28.956293,0.599798,674.388044,88.157455
302,2.097558,0.285731,0.386718,64.000000,0.099186,30.511670,0.256481,676.485602,88.544173
303,2.194085,0.286424,0.263170,64.000000,0.099186,29.169339,0.376889,678.679687,88.807343
304,2.513608,0.279433,0.222171,64.000000,0.099186,25.461409,0.446440,681.193295,89.029514
305,2.425192,0.296675,0.335124,64.000000,0.099186,26.389666,0.295968,683.618486,89.364638
306,2.175544,0.280369,0.206821,64.000000,0.099186,29.417926,0.479574,685.794031,89.571458
307,2.440437,0.282400,0.012243,64.000000,0.099186,26.224815,8.101714,688.234467,89.583701
308,2.292230,0.290847,0.166731,64.000000,0.099186,27.920410,0.594886,690.526697,89.750432
309,2.600428,0.287651,0.001358,64.000000,0.099186,24.611333,73.059931,693.127125,89.751790
310,2.448006,0.288586,0.191516,64.000000,0.099186,26.143729,0.517898,695.575131,89.943306
311,2.175002,0.281402,0.246154,64.000000,0.099186,29.425258,0.402943,697.750133,90.189459
312,2.466821,0.287244,0.224677,64.000000,0.099186,25.944325,0.441460,700.216954,90.414137
313,2.284820,0.279886,0.216909,64.000000,0.099186,28.010956,0.457270,702.501774,90.631046
314,2.475689,0.278078,0.216146,64.000000,0.099186,25.851390,0.458885,704.977463,90.847191
315,2.278071,0.281199,0.165720,64.000000,0.099186,28.093941,0.598515,707.255535,91.012911
316,2.285232,0.284116,0.453945,64.000000,0.099186,28.005908,0.218498,709.540767,91.466856
317,2.081260,0.282955,0.485257,64.000000,0.099186,30.750610,0.204399,711.622026,91.952113
318,2.425691,0.285091,0.019177,64.000000,0.099186,26.384237,5.172174,714.047717,91.971290
319,2.394950,0.281053,0.203816,64.000000,0.099186,26.722892,0.486644,716.442667,92.175106
320,2.231082,0.282987,0.273110,64.000000,0.099186,28.685639,0.363172,718.673749,92.448216
321,1.944703,0.296619,0.468976,64.000000,0.099186,32.909911,0.211495,720.618452,92.917192
322,2.403835,0.280304,0.703388,64.000000,0.099186,26.624128,0.141012,723.022286,93.620580
323,2.566653,0.291479,0.001431,64.000000,0.099186,24.935195,69.323714,725.588940,93.622011
324,2.546282,0.291828,0.001314,64.000000,0.099186,25.134687,75.478116,728.135222,93.623325
325,2.034406,0.285819,0.428683,64.000000,0.099186,31.458814,0.231374,730.169628,94.052008
326,2.551345,0.290317,0.001450,64.000000,0.099186,25.084806,68.391694,732.720973,94.053458
327,2.519959,0.282607,0.087704,64.000000,0.099186,25.397241,1.130912,735.240932,94.141162
328,2.057080,0.301382,0.432850,64.000000,0.099186,31.112064,0.229146,737.298012,94.574012
329,2.290284,0.289194,0.236991,64.000000,0.099186,27.944136,0.418523,739.588295,94.811003
330,2.267490,0.279672,0.784035,64.000000,0.099186,28.225042,0.126507,741.855785,95.595038
331,2.649208,0.284459,0.074637,64.000000,0.099186,24.158166,1.328916,744.504993,95.669674
332,2.470642,0.283559,0.365731,64.000000,0.099186,25.904195,0.271200,746.975635,96.035405
333,2.317406,0.290747,0.364146,64.000000,0.099186,27.617080,0.272379,749.293042,96.399551
334,2.199896,0.284722,0.398615,64.000000,0.099186,29.092289,0.248826,751.492937,96.798167
335,2.230603,0.282648,0.293508,64.000000,0.099186,28.691789,0.337933,753.723541,97.091675
336,2.397222,0.285113,0.088524,64.000000,0.099186,26.697569,1.120444,756.120763,97.180198
337,2.224526,0.284182,0.387245,64.000000,0.099186,28.770174,0.256132,758.345289,97.567443
338,2.106886,0.307803,0.327948,64.000000,0.099186,30.376587,0.302444,760.452175,97.895391
339,2.610982,0.284454,0.045890,64.000000,0.099186,24.511851,2.161403,763.063156,97.941281
340,2.157515,0.287970,0.241869,64.000000,0.099186,29.663761,0.410082,765.220671,98.183150
341,2.245980,0.286312,0.278671,64.000000,0.099186,28.495353,0.355924,767.466651,98.461821
342,2.544970,0.289614,0.001380,64.000000,0.099186,25.147645,71.862728,770.011621,98.463201
343,2.659322,0.285294,0.150976,64.000000,0.099186,24.066287,0.656966,772.670943,98.614177
344,1.995475,0.279913,0.557067,64.000000,0.099186,32.072557,0.178050,774.666419,99.171244
345,2.112589,0.294903,0.527898,64.000000,0.099186,30.294585,0.187889,776.779007,99.699142
346,2.286164,0.328411,0.396219,64.000000,0.099186,27.994492,0.250331,779.065171,100.095361
347,2.174391,0.294469,0.341781,64.000000,0.099186,29.433533,0.290203,781.239562,100.437142
348,2.313788,0.283580,0.144435,64.000000,0.099186,27.660268,0.686719,783.553350,100.581577
349,2.127369,0.292638,0.255026,64.000000,0.099186,30.084103,0.388925,785.680719,100.836603
350,2.159757,0.282942,0.295485,64.000000,0.099186,29.632968,0.335672,787.840476,101.132087
351,2.121233,0.282419,0.244633,64.000000,0.099186,30.171128,0.405447,789.961709,101.376721
352,2.165115,0.282884,0.463191,64.000000,0.099186,29.559626,0.214136,792.126825,101.839912
353,2.079245,0.284085,0.575092,64.000000,0.099186,30.780400,0.172470,794.206070,102.415004
354,1.927901,0.286351,0.315928,64.000000,0.099186,33.196725,0.313951,796.133971,102.730932
355,2.277151,0.282031,0.089351,64.000000,0.099186,28.105301,1.110066,798.411121,102.820284
356,2.404679,0.283669,0.264913,64.000000,0.099186,26.614774,0.374410,800.815801,103.085197
357,2.510819,0.281521,0.022403,64.000000,0.099186,25.489688,4.427398,803.326620,103.107599
358,2.353590,0.284463,0.069052,64.000000,0.099186,27.192499,1.436391,805.680210,103.176652
359,2.409072,0.284485,0.031173,64.000000,0.099186,26.566242,3.181770,808.089283,103.207825
360,2.207510,0.284953,0.297567,64.000000,0.099186,28.991945,0.333323,810.296793,103.505392
361,2.153238,0.282555,0.575946,64.000000,0.099186,29.722682,0.172214,812.450030,104.081337
362,2.324503,0.281712,0.206412,64.000000,0.099186,27.532765,0.480523,814.774534,104.287750
363,2.408982,0.283779,0.057576,64.000000,0.099186,26.567235,1.722683,817.183516,104.345326
364,2.292735,0.287648,0.116166,64.000000,0.099186,27.914255,0.853829,819.476251,104.461492
365,1.878036,0.279690,0.643927,64.000000,0.099186,34.078156,0.154033,821.354287,105.105419
366,2.413255,0.340885,0.354810,64.000000,0.099186,26.520203,0.279546,823.767542,105.460229
367,2.368894,0.282968,0.171605,64.000000,0.099186,27.016825,0.577989,826.136436,105.631835
368,2.276415,0.283707,0.148564,64.000000,0.099186,28.114378,0.667631,828.412851,105.780399
369,2.128570,0.288379,0.187659,64.000000,0.099186,30.067131,0.528543,830.541421,105.968058
370,2.090711,0.281979,0.550195,64.000000,0.099186,30.611601,0.180274,832.632132,106.518253
371,2.283450,0.291394,0.140440,64.000000,0.099186,28.027766,0.706254,834.915582,106.658692
372,2.247842,0.291650,0.454862,64.000000,0.099186,28.471747,0.218057,837.163424,107.113554
373,2.307762,0.286245,0.278316,64.000000,0.099186,27.732500,0.356379,839.471186,107.391870
374,2.150409,0.280569,0.762543,64.000000,0.099186,29.761781,0.130073,841.621595,108.154413
375,2.550854,0.285580,0.001361,64.000000,0.099186,25.089636,72.872971,844.172449,108.155774
376,1.921106,0.275007,0.657367,64.000000,0.099186,33.314143,0.150884,846.093555,108.813141
377,2.369559,0.283383,0.254010,64.000000,0.099186,27.009245,0.390481,848.463114,109.067151
378,2.215720,0.284151,0.186525,64.000000,0.099186,28.884517,0.531756,850.678834,109.253677
379,2.541711,0.283467,0.407833,64.000000,0.099186,25.179886,0.243202,853.220545,109.661510
380,2.655895,0.287598,0.001331,64.000000,0.099186,24.097342,74.539861,855.876440,109.662840
381,2.110352,0.293968,0.750473,64.000000,0.099186,30.326691,0.132165,857.986792,110.413314
382,2.552011,0.304091,0.549259,64.000000,0.099186,25.078265,0.180581,860.538803,110.962573
383,2.290431,0.284442,0.161467,64.000000,0.099186,27.942339,0.614279,862.829234,111.124040
384,1.834387,0.279092,0.620990,64.000000,0.099186,34.889040,0.159722,864.663621,111.745030
385,2.284325,0.283740,0.218557,64.000000,0.099186,28.017025,0.453821,866.947946,111.963587
386,2.222387,0.285940,0.230554,64.000000,0.099186,28.797861,0.430207,869.170333,112.194141
387,1.984442,0.284174,0.498082,64.000000,0.099186,32.250886,0.199136,871.154775,112.692222
388,2.484761,0.292893,0.031838,64.000000,0.099186,25.757004,3.115285,873.639536,112.724061
389,2.051532,0.295377,0.510200,64.000000,0.099186,31.196197,0.194406,875.691068,113.234261
390,2.236392,0.291168,0.195857,64.000000,0.099186,28.617521,0.506420,877.927460,113.430118
391,2.153966,0.309280,0.377901,64.000000,0.099186,29.712637,0.262466,880.081426,113.808019
392,2.021288,0.285630,0.366239,64.000000,0.099186,31.662985,0.270823,882.102714,114.174258
393,2.018896,0.285667,0.314670,64.000000,0.099186,31.700487,0.315206,884.121610,114.488928
394,2.202774,0.285767,0.191715,64.000000,0.099186,29.054277,0.517361,886.324384,114.680643
395,2.040290,0.296459,0.459543,64.000000,0.099186,31.368091,0.215836,888.364674,115.140186
396,2.291946,0.295595,0.116847,64.000000,0.099186,27.923870,0.848856,890.656620,115.257033
397,2.040619,0.304927,0.375559,64.000000,0.099186,31.363038,0.264102,892.697238,115.632592
398,2.552162,0.287910,0.163148,64.000000,0.099186,25.076782,0.607950,895.249400,115.795740
399,1.991900,0.289810,0.506499,64.000000,0.099186,32.130122,0.195827,897.241300,116.302239
400,2.409334,0.287907,0.026834,64.000000,0.099186,26.563361,3.696279,899.650634,116.329073
401,2.317818,0.294439,0.335741,64.000000,0.099186,27.612181,0.295424,901.968451,116.664813
402,2.450456,0.285597,0.120410,64.000000,0.099186,26.117585,0.823737,904.418908,116.785223
403,2.299864,0.292224,0.325647,64.000000,0.099186,27.827734,0.304581,906.718772,117.110870
404,2.353361,0.285662,0.246477,64.000000,0.099186,27.195153,0.402415,909.072132,117.357347
405,2.129242,0.296783,0.373634,64.000000,0.099186,30.057649,0.265463,911.201374,117.730982
406,2.296208,0.285806,0.235551,64.000000,0.099186,27.872037,0.421080,913.497582,117.966533
407,2.256965,0.292759,0.351216,64.000000,0.099186,28.356666,0.282407,915.754547,118.317750
408,2.142565,0.287972,0.219650,64.000000,0.099186,29.870737,0.451563,917.897112,118.537400
409,2.331685,0.284215,0.013159,64.000000,0.099186,27.447966,7.537607,920.228797,118.550559
410,2.089234,0.288173,0.423922,64.000000,0.099186,30.633233,0.233972,922.318031,118.974481
411,2.222565,0.299944,0.260185,64.000000,0.099186,28.795565,0.381213,924.540596,119.234666
412,2.361378,0.293732,0.024976,64.000000,0.099186,27.102818,3.971238,926.901974,119.259642
413,2.271065,0.288275,0.278202,64.000000,0.099186,28.180617,0.356525,929.173038,119.537844
414,2.170911,0.286847,0.231719,64.000000,0.099186,29.480714,0.428044,931.343949,119.769563
415,2.330960,0.293036,0.036606,64.000000,0.099186,27.456494,2.709565,933.674909,119.806169
416,2.253160,0.288578,0.190701,64.000000,0.099186,28.404552,0.520113,935.928069,119.996870
417,2.452108,0.295465,0.064812,64.000000,0.099186,26.099993,1.530369,938.380177,120.061682
418,2.213649,0.289752,0.270949,64.000000,0.099186,28.911543,0.366069,940.593826,120.332630
419,2.430352,0.300535,0.276537,64.000000,0.099186,26.333631,0.358671,943.024178,120.609167
420,2.457748,0.293411,0.001372,64.000000,0.099186,26.040099,72.284005,945.481926,120.610540
421,2.349124,0.293610,0.370583,64.000000,0.099186,27.244202,0.267648,947.831050,120.981123
422,2.103658,0.293888,0.236757,64.000000,0.099186,30.423199,0.418936,949.934708,121.217879
423,2.358690,0.287345,0.098039,64.000000,0.099186,27.133710,1.011699,952.293397,121.315918
424,2.365194,0.295732,0.002211,64.000000,0.099186,27.059086,44.865535,954.658592,121.318129
425,2.013873,0.305578,0.417419,64.000000,0.099186,31.779555,0.237617,956.672465,121.735548
426,2.233818,0.296226,0.198642,64.000000,0.099186,28.650494,0.499321,958.906284,121.934190
427,2.391449,0.297562,0.060606,64.000000,0.099186,26.762016,1.636560,961.297733,121.994796
428,2.143706,0.290190,0.262285,64.000000,0.099186,29.854845,0.378160,963.441438,122.257082
429,1.873490,0.282731,0.805223,64.000000,0.099186,34.160841,0.123178,965.314929,123.062305
430,2.380076,0.296498,0.076107,64.000000,0.099186,26.889895,1.303243,967.695005,123.138412
431,1.912324,0.296365,0.602477,64.000000,0.099186,33.467124,0.164630,969.607329,123.740889
432,2.739717,0.295050,0.001390,64.000000,0.099186,23.360078,71.365676,972.347046,123.742278
433,2.314885,0.290255,0.115278,64.000000,0.099186,27.647157,0.860407,974.661932,123.857556
434,2.138510,0.299506,0.302130,64.000000,0.099186,29.927372,0.328289,976.800442,124.159686
435,2.466493,0.296285,0.147918,64.000000,0.099186,25.947776,0.670546,979.266935,124.307604
436,2.665301,0.293382,0.001403,64.000000,0.099186,24.012300,70.694050,981.932235,124.309007
437,2.468622,0.295072,0.378226,64.000000,0.099186,25.925398,0.262240,984.400857,124.687233
438,2.250341,0.301621,0.263078,64.000000,0.099186,28.440134,0.377021,986.651198,124.950311
439,2.325699,0.296020,0.152998,64.000000,0.099186,27.518613,0.648283,988.976897,125.103309
440,2.431282,0.288448,0.264407,64.000000,0.099186,26.323563,0.375126,991.408179,125.367716
441,2.240749,0.290566,0.380218,64.000000,0.099186,28.561878,0.260866,993.648928,125.747934
442,2.040534,0.289844,0.330627,64.000000,0.099186,31.364331,0.299993,995.689462,126.078561
443,2.185646,0.290898,0.195516,64.000000,0.099186,29.281956,0.507303,997.875108,126.274077
444,2.216269,0.291678,0.376059,64.000000,0.099186,28.877355,0.263751,1000.091378,126.650136
445,2.318856,0.287453,0.366981,64.000000,0.099186,27.599818,0.270275,1002.410234,127.017117
446,2.399892,0.295132,0.177440,64.000000,0.099186,26.667864,0.558982,1004.810126,127.194558
447,2.136171,0.289526,0.194378,64.000000,0.099186,29.960148,0.510274,1006.946297,127.388936
448,2.582098,0.287584,0.091910,64.000000,0.099186,24.786049,1.079170,1009.528395,127.480845
449,2.379896,0.288784,0.128782,64.000000,0.099186,26.891933,0.770185,1011.908291,127.609627
450,2.400770,0.292897,0.032128,64.000000,0.099186,26.658119,3.087179,1014.309060,127.641756
451,2.201578,0.291887,0.269315,64.000000,0.099186,29.070059,0.368289,1016.510638,127.911071
452,2.504043,0.294136,0.044242,64.000000,0.099186,25.558668,2.241885,1019.014681,127.955313
453,2.165885,0.291989,0.208278,64.000000,0.099186,29.549118,0.476219,1021.180566,128.163591
454,2.261180,0.291900,0.158846,64.000000,0.099186,28.303810,0.624418,1023.441746,128.322437
455,2.272777,0.293185,0.175526,64.000000,0.099186,28.159383,0.565079,1025.714523,128.497963
456,2.071091,0.290288,0.524256,64.000000,0.099186,30.901581,0.189194,1027.785615,129.022218
457,2.518170,0.296016,0.288534,64.000000,0.099186,25.415284,0.343758,1030.303784,129.310753
458,2.345324,0.295482,0.201056,64.000000,0.099186,27.288345,0.493325,1032.649108,129.511809
459,2.513273,0.303876,0.402298,64.000000,0.099186,25.464801,0.246548,1035.162381,129.914107
460,2.253672,0.307101,0.191004,64.000000,0.099186,28.398104,0.519288,1037.416053,130.105110
461,2.144439,0.302142,0.335231,64.000000,0.099186,29.844633,0.295874,1039.560492,130.440341
462,2.127684,0.330358,0.375339,64.000000,0.099186,30.079653,0.264257,1041.688176,130.815681
463,2.182777,0.296456,0.577540,64.000000,0.099186,29.320442,0.171739,1043.870953,131.393221
464,2.393530,0.295293,0.072251,64.000000,0.099186,26.738748,1.372793,1046.264484,131.465472
465,2.489881,0.294659,0.214104,64.000000,0.099186,25.704037,0.463260,1048.754365,131.679576
466,2.515122,0.292532,0.001352,64.000000,0.099186,25.446081,73.361950,1051.269487,131.680928
467,2.340136,0.291331,0.134264,64.000000,0.099186,27.348833,0.738736,1053.609623,131.815192
468,2.542608,0.296709,0.246867,64.000000,0.099186,25.171004,0.401778,1056.152231,132.062060
469,2.063294,0.292378,0.549072,64.000000,0.099186,31.018366,0.180643,1058.215525,132.611132
470,2.415613,0.300313,0.230355,64.000000,0.099186,26.494315,0.430578,1060.631138,132.841488
471,2.314934,0.296131,0.191030,64.000000,0.099186,27.646577,0.519216,1062.946072,133.032518
472,2.514433,0.300097,0.013441,64.000000,0.099186,25.453057,7.379204,1065.460504,133.045959
473,2.292716,0.295282,0.268008,64.000000,0.099186,27.914489,0.370085,1067.753221,133.313967
474,2.583725,0.291072,0.104669,64.000000,0.099186,24.770440,0.947611,1070.336945,133.418637
475,2.141289,0.301703,0.293623,64.000000,0.099186,29.888540,0.337800,1072.478234,133.712260
476,2.334933,0.291602,0.080259,64.000000,0.099186,27.409786,1.235826,1074.813167,133.792519
477,2.302374,0.293859,0.149592,64.000000,0.099186,27.797395,0.663043,1077.115541,133.942111
478,2.018388,0.294964,0.630549,64.000000,0.099186,31.708478,0.157301,1079.133928,134.572660
479,2.284501,0.295578,0.282293,64.000000,0.099186,28.014870,0.351358,1081.418429,134.854953
480,2.202104,0.295909,0.089374,64.000000,0.099186,29.063119,1.109790,1083.620533,134.944327
481,2.307304,0.296615,0.078029,64.000000,0.099186,27.737995,1.271144,1085.927838,135.022355
482,2.368835,0.291989,0.486374,64.000000,0.099186,27.017496,0.203929,1088.296673,135.508729
483,2.439645,0.299726,0.327520,64.000000,0.099186,26.233322,0.302840,1090.736318,135.836249
484,2.665433,0.295064,0.022005,64.000000,0.099186,24.011108,4.507473,1093.401751,135.858254
485,2.303826,0.295818,0.233572,64.000000,0.099186,27.779872,0.424649,1095.705578,136.091826
486,2.365636,0.301033,0.023171,64.000000,0.099186,27.054038,4.280585,1098.071213,136.114997
487,2.116469,0.290035,0.671801,64.000000,0.099186,30.239039,0.147642,1100.187683,136.786797
488,2.107875,0.295540,0.439555,64.000000,0.099186,30.362338,0.225651,1102.295557,137.226352
489,2.656634,0.299567,0.001426,64.000000,0.099186,24.090634,69.531273,1104.952191,137.227779
490,2.269047,0.297252,0.172151,64.000000,0.099186,28.205668,0.576158,1107.221239,137.399930
491,2.167137,0.306578,0.295826,64.000000,0.099186,29.532054,0.335285,1109.388376,137.695755
492,2.060476,0.294183,0.393234,64.000000,0.099186,31.060784,0.252232,1111.448852,138.088989
493,2.365925,0.298803,0.084811,64.000000,0.099186,27.050729,1.169500,1113.814777,138.173800
494,2.335154,0.294672,0.194380,64.000000,0.099186,27.407185,0.510268,1116.149931,138.368180
495,2.236420,0.297942,0.118161,64.000000,0.099186,28.617160,0.839416,1118.386351,138.486340
496,2.380923,0.296829,0.189228,64.000000,0.099186,26.880330,0.524161,1120.767274,138.675568
497,2.339173,0.298402,0.001339,64.000000,0.099186,27.360099,74.068777,1123.106447,138.676907
498,2.088025,0.298163,0.259702,64.000000,0.099186,30.650974,0.381922,1125.194472,138.936609
499,2.454138,0.297097,0.001449,64.000000,0.099186,26.078403,68.472383,1127.648610,138.938058
500,2.003111,0.298672,0.512490,64.000000,0.099186,31.950304,0.193537,1129.651721,139.450548
501,2.280544,0.299295,0.308823,64.000000,0.099186,28.063485,0.321174,1131.932265,139.759370
502,2.119141,0.305588,0.180563,64.000000,0.099186,30.200922,0.549315,1134.051405,139.939933
503,2.135687,0.297022,0.526611,64.000000,0.099186,29.966944,0.188348,1136.187092,140.466544
504,2.552683,0.304056,0.379332,64.000000,0.099186,25.071663,0.261475,1138.739774,140.845876
505,2.430880,0.300656,0.001354,64.000000,0.099186,26.327914,73.273286,1141.170654,140.847230
506,2.595416,0.295609,0.161050,64.000000,0.099186,24.658862,0.615872,1143.766070,141.008280
507,2.683718,0.309914,0.369698,64.000000,0.099186,23.847514,0.268289,1146.449788,141.377978
508,2.331051,0.297952,0.130396,64.000000,0.099186,27.455421,0.760652,1148.780840,141.508374
509,1.787980,0.302189,0.597177,64.000000,0.099186,35.794582,0.166091,1150.568820,142.105551
510,2.230120,0.305245,0.180638,64.000000,0.099186,28.698007,0.549087,1152.798940,142.286189
511,2.376061,0.299987,0.199888,64.000000,0.099186,26.935339,0.496207,1155.175000,142.486077
512,2.141962,0.297961,0.310190,64.000000,0.099186,29.879151,0.319758,1157.316962,142.796268
513,2.177307,0.296449,0.267894,64.000000,0.099186,29.394115,0.370244,1159.494269,143.064161
514,2.199292,0.293793,0.309049,64.000000,0.099186,29.100268,0.320939,1161.693561,143.373210
515,2.434939,0.303657,0.019274,64.000000,0.099186,26.284024,5.146069,1164.128501,143.392485
516,1.844301,0.294839,0.783686,64.000000,0.099186,34.701493,0.126563,1165.972802,144.176171
517,2.353881,0.296607,0.049417,64.000000,0.099186,27.189141,2.007127,1168.326682,144.225588
518,1.890132,0.289085,0.833399,64.000000,0.099186,33.860075,0.119014,1170.216814,145.058987
519,2.002679,0.297613,0.623763,64.000000,0.099186,31.957195,0.159012,1172.219493,145.682750
520,2.132199,0.295878,0.323980,64.000000,0.099186,30.015955,0.306148,1174.351692,146.006730
521,2.475689,0.299239,0.045936,64.000000,0.099186,25.851393,2.159218,1176.827381,146.052666
522,2.397883,0.296070,0.471355,64.000000,0.099186,26.690209,0.210427,1179.225264,146.524021
523,2.407144,0.302813,0.021466,64.000000,0.099186,26.587524,4.620574,1181.632408,146.545487
524,2.171837,0.296626,0.219463,64.000000,0.099186,29.468148,0.451947,1183.804245,146.764951
525,2.117973,0.294873,0.459878,64.000000,0.099186,30.217572,0.215679,1185.922218,147.224829
526,2.172730,0.293764,0.154414,64.000000,0.099186,29.456025,0.642337,1188.094948,147.379243
527,2.281973,0.296181,0.253084,64.000000,0.099186,28.045904,0.391909,1190.376921,147.632327
528,2.123266,0.298734,0.345689,64.000000,0.099186,30.142244,0.286922,1192.500187,147.978016
529,2.277111,0.311451,0.275678,64.000000,0.099186,28.105788,0.359790,1194.777298,148.253693
530,2.272682,0.297065,0.257981,64.000000,0.099186,28.160561,0.384470,1197.049980,148.511674
531,2.367752,0.296855,0.366587,64.000000,0.099186,27.029862,0.270566,1199.417732,148.878261
532,2.440451,0.302007,0.001370,64.000000,0.099186,26.224666,72.397072,1201.858182,148.879631
533,2.127187,0.296790,0.251279,64.000000,0.099186,30.086684,0.394724,1203.985369,149.130910
534,2.121739,0.295992,0.333130,64.000000,0.099186,30.163930,0.297739,1206.107108,149.464041
535,2.279729,0.296484,0.211088,64.000000,0.099186,28.073514,0.469879,1208.386837,149.675129
536,2.563685,0.299269,0.001331,64.000000,0.099186,24.964069,74.509623,1210.950522,149.676460
537,2.220494,0.293282,0.125969,64.000000,0.099186,28.822411,0.787386,1213.171016,149.802429
538,2.329069,0.299090,0.293139,64.000000,0.099186,27.478796,0.338358,1215.500085,150.095568
539,2.301243,0.297197,0.337694,64.000000,0.099186,27.811057,0.293715,1217.801328,150.433262
540,2.229222,0.295833,0.882609,64.000000,0.099186,28.709561,0.112378,1220.030550,151.315870
541,1.967081,0.289455,0.832251,64.000000,0.099186,32.535524,0.119178,1221.997631,152.148121
542,2.178647,0.292153,0.353993,64.000000,0.099186,29.376036,0.280191,1224.176278,152.502114
543,2.189124,0.298946,0.375531,64.000000,0.099186,29.235442,0.264122,1226.365401,152.877646
544,2.344907,0.295360,0.299793,64.000000,0.099186,27.293193,0.330849,1228.710308,153.177438
545,2.556698,0.294363,0.232881,64.000000,0.099186,25.032283,0.425908,1231.267007,153.410320
546,2.311184,0.298159,0.117675,64.000000,0.099186,27.691432,0.842881,1233.578191,153.527995
547,2.276477,0.296390,0.116378,64.000000,0.099186,28.113613,0.852275,1235.854668,153.644372
548,2.106920,0.294125,0.316240,64.000000,0.099186,30.376088,0.313641,1237.961589,153.960612
549,2.466900,0.297620,0.091060,64.000000,0.099186,25.943490,1.089240,1240.428489,154.051672
550,2.188059,0.296769,0.247703,64.000000,0.099186,29.249674,0.400423,1242.616547,154.299375
551,2.052181,0.288431,1.018861,64.000000,0.099186,31.186334,0.097350,1244.668728,155.318235
552,1.740775,0.297146,0.237287,64.000000,0.099186,36.765232,0.418000,1246.409503,155.555522
553,2.629871,0.305542,0.001332,64.000000,0.099186,24.335793,74.441790,1249.039374,155.556855
554,2.083877,0.293901,0.347239,64.000000,0.099186,30.711985,0.285642,1251.123251,155.904093
555,2.063689,0.295855,0.355734,64.000000,0.099186,31.012432,0.278821,1253.186940,156.259827
556,2.075064,0.298528,0.262234,64.000000,0.099186,30.842429,0.378234,1255.262004,156.522061
557,2.241947,0.305251,0.371580,64.000000,0.099186,28.546619,0.266930,1257.503950,156.893642
558,2.257010,0.301686,0.147214,64.000000,0.099186,28.356106,0.673753,1259.760960,157.040856
559,2.382389,0.308237,0.402636,64.000000,0.099186,26.863796,0.246341,1262.143348,157.443492
560,2.210585,0.323725,0.483286,64.000000,0.099186,28.951615,0.205232,1264.353933,157.926779
561,2.854107,0.299221,0.208012,64.000000,0.099186,22.423827,0.476827,1267.208040,158.134791
562,2.215991,0.290418,0.570344,64.000000,0.099186,28.880986,0.173905,1269.424031,158.705135
563,2.181189,0.296890,0.280355,64.000000,0.099186,29.341790,0.353787,1271.605220,158.985490
564,2.281571,0.296258,0.528603,64.000000,0.099186,28.050842,0.187638,1273.886792,159.514092
565,2.929707,0.301113,0.001452,64.000000,0.099186,21.845187,68.326584,1276.816499,159.515544
566,2.301240,0.305091,0.482817,64.000000,0.099186,27.811096,0.205432,1279.117739,159.998361
567,2.744184,0.305030,0.095729,64.000000,0.099186,23.322053,1.036107,1281.861923,160.094091
568,2.229455,0.334212,0.473320,64.000000,0.099186,28.706568,0.209554,1284.091378,160.567411
569,2.550458,0.294987,0.115548,64.000000,0.099186,25.093535,0.858397,1286.641835,160.682958
570,2.315064,0.303704,0.445873,64.000000,0.099186,27.645027,0.222453,1288.956899,161.128831
571,2.525952,0.299051,0.278537,64.000000,0.099186,25.336982,0.356096,1291.482851,161.407368
572,2.094248,0.300911,0.666290,64.000000,0.099186,30.559902,0.148863,1293.577099,162.073658
573,2.120664,0.305691,0.378036,64.000000,0.099186,30.179234,0.262372,1295.697762,162.451694
574,2.092743,0.301258,0.353190,64.000000,0.099186,30.581867,0.280829,1297.790506,162.804884
575,2.794052,0.299023,0.001440,64.000000,0.099186,22.905798,68.896208,1300.584558,162.806324
576,1.598924,0.287542,0.893992,64.000000,0.099186,40.026926,0.110947,1302.183482,163.700316
577,2.620316,0.298324,0.001384,64.000000,0.099186,24.424538,71.667439,1304.803797,163.701700
578,2.352887,0.303188,0.062878,64.000000,0.099186,27.200622,1.577438,1307.156685,163.764578
579,2.186786,0.297021,0.160621,64.000000,0.099186,29.266689,0.617514,1309.343471,163.925199
580,2.253159,0.297826,0.364662,64.000000,0.099186,28.404564,0.271994,1311.596630,164.289862
581,2.156774,0.298909,0.389085,64.000000,0.099186,29.673953,0.254921,1313.753404,164.678947
582,2.361800,0.299695,0.137636,64.000000,0.099186,27.097973,0.720642,1316.115204,164.816582
583,2.310920,0.304042,0.364470,64.000000,0.099186,27.694593,0.272137,1318.426124,165.181053
584,2.244607,0.297701,0.235740,64.000000,0.099186,28.512790,0.420743,1320.670731,165.416792
585,2.260889,0.297902,0.320434,64.000000,0.099186,28.307443,0.309537,1322.931621,165.737226
586,2.265431,0.302341,0.272611,64.000000,0.099186,28.250694,0.363836,1325.197052,166.009837
587,2.221466,0.299616,0.111599,64.000000,0.099186,28.809802,0.888769,1327.418518,166.121437
588,2.338067,0.300374,0.139632,64.000000,0.099186,27.373042,0.710340,1329.756585,166.261068
589,2.310602,0.294463,0.136375,64.000000,0.099186,27.698408,0.727302,1332.067187,166.397443
590,2.146820,0.295298,0.280682,64.000000,0.099186,29.811536,0.353374,1334.214007,166.678126
591,2.155886,0.296557,0.290021,64.000000,0.099186,29.686174,0.341996,1336.369892,166.968147
592,2.324165,0.298040,0.092766,64.000000,0.099186,27.536774,1.069202,1338.694057,167.060913
593,2.181507,0.297091,0.189151,64.000000,0.099186,29.337522,0.524373,1340.875564,167.250064
594,2.209927,0.300418,0.420100,64.000000,0.099186,28.960236,0.236101,1343.085491,167.670164
595,2.299595,0.302600,0.290234,64.000000,0.099186,27.830986,0.341745,1345.385086,167.960398
596,2.230256,0.302332,0.232463,64.000000,0.099186,28.696252,0.426674,1347.615342,168.192861
597,1.802925,0.294356,0.791487,64.000000,0.099186,35.497863,0.125316,1349.418268,168.984347
598,2.259534,0.297169,0.070973,64.000000,0.099186,28.324420,1.397521,1351.677802,169.055320
599,2.398984,0.295822,0.069847,64.000000,0.099186,26.677958,1.420043,1354.076786,169.125167
600,2.333766,0.297413,0.311328,64.000000,0.099186,27.423487,0.318590,1356.410552,169.436495
601,2.025323,0.296199,0.496369,64.000000,0.099186,31.599905,0.199823,1358.435875,169.932864
602,2.299974,0.293570,0.339813,64.000000,0.099186,27.826398,0.291884,1360.735849,170.272677
603,2.193277,0.294053,0.394105,64.000000,0.099186,29.180083,0.251674,1362.929126,170.666782
604,2.555819,0.301980,0.001332,64.000000,0.099186,25.040898,74.454307,1365.484945,170.668114
605,2.488860,0.300173,0.001375,64.000000,0.099186,25.714581,72.145463,1367.973805,170.669489
606,2.104994,0.298114,0.434525,64.000000,0.099186,30.403887,0.228263,1370.078799,171.104014
607,2.620069,0.302911,0.001359,64.000000,0.099186,24.426841,72.999493,1372.698868,171.105372
608,2.426684,0.297244,0.436799,64.000000,0.099186,26.373439,0.227075,1375.125552,171.542171
609,2.194130,0.303581,0.162894,64.000000,0.099186,29.168730,0.608898,1377.319682,171.705066
610,2.284817,0.296429,0.228418,64.000000,0.099186,28.010992,0.434229,1379.604499,171.933484
611,1.815620,0.296802,0.696702,64.000000,0.099186,35.249664,0.142365,1381.420119,172.630187
612,2.193789,0.307841,0.625681,64.000000,0.099186,29.173268,0.158525,1383.613909,173.255868
613,2.318615,0.308087,0.082210,64.000000,0.099186,27.602680,1.206488,1385.932524,173.338078
614,2.242032,0.302212,0.196532,64.000000,0.099186,28.545535,0.504681,1388.174556,173.534611
615,2.457466,0.302692,0.307717,64.000000,0.099186,26.043086,0.322328,1390.632022,173.842328
616,2.432663,0.301764,0.147036,64.000000,0.099186,26.308623,0.674569,1393.064685,173.989364
617,2.275358,0.320272,0.367227,64.000000,0.099186,28.127438,0.270094,1395.340043,174.356591
618,2.312086,0.296079,0.199223,64.000000,0.099186,27.680633,0.497864,1397.652129,174.555814
619,2.379272,0.298363,0.053911,64.000000,0.099186,26.898980,1.839808,1400.031401,174.609725
620,2.438601,0.297791,0.001422,64.000000,0.099186,26.244559,69.750279,1402.470002,174.611147
621,2.353301,0.313065,0.338045,64.000000,0.099186,27.195846,0.293411,1404.823302,174.949192
622,2.312923,0.304808,0.051667,64.000000,0.099186,27.670615,1.919733,1407.136225,175.000858
623,2.371264,0.299458,0.045321,64.000000,0.099186,26.989829,2.188534,1409.507489,175.046179
624,2.507881,0.300620,0.001390,64.000000,0.099186,25.519548,71.340319,1412.015370,175.047569
625,2.512002,0.299622,0.001418,64.000000,0.099186,25.477687,69.966968,1414.527372,175.048987
626,2.336235,0.297030,0.100155,64.000000,0.099186,27.394507,0.990329,1416.863607,175.149141
627,2.342651,0.298921,1.164807,64.000000,0.099186,27.319477,0.085152,1419.206258,176.313948
628,2.039939,0.302838,0.001365,64.000000,0.099186,31.373489,72.645866,1421.246197,176.315313
629,2.572812,0.305111,0.001400,64.000000,0.099186,24.875502,70.856415,1423.819009,176.316713
630,2.396186,0.298553,0.123957,64.000000,0.099186,26.709117,0.800164,1426.215195,176.440670
631,2.347955,0.297210,0.339747,64.000000,0.099186,27.257768,0.291941,1428.563149,176.780417
632,2.048680,0.299699,0.548306,64.000000,0.099186,31.239629,0.180895,1430.611829,177.328723
633,2.258705,0.299467,0.329316,64.000000,0.099186,28.334821,0.301188,1432.870534,177.658039
634,2.264070,0.295970,0.250829,64.000000,0.099186,28.267676,0.395433,1435.134604,177.908867
635,2.111323,0.298056,0.365215,64.000000,0.099186,30.312745,0.271583,1437.245928,178.274082
636,2.364533,0.299105,0.270786,64.000000,0.099186,27.066661,0.366289,1439.610460,178.544868
637,2.176396,0.301089,0.241807,64.000000,0.099186,29.406407,0.410186,1441.786856,178.786675
638,2.483659,0.297189,0.140596,64.000000,0.099186,25.768431,0.705466,1444.270516,178.927271
639,2.335702,0.303213,0.282582,64.000000,0.099186,27.400760,0.350999,1446.606217,179.209854
640,1.743717,0.298910,0.778779,64.000000,0.099186,36.703199,0.127361,1448.349935,179.988633
641,2.134365,0.302011,0.357521,64.000000,0.099186,29.985505,0.277427,1450.484299,180.346153
642,2.526620,0.298271,0.070774,64.000000,0.099186,25.330287,1.401439,1453.010919,180.416928
643,2.401815,0.300540,0.231385,64.000000,0.099186,26.646512,0.428662,1455.412734,180.648313
644,2.402432,0.298487,0.195478,64.000000,0.099186,26.639672,0.507403,1457.815166,180.843790
645,2.769445,0.294952,0.028161,64.000000,0.099186,23.109320,3.522155,1460.584611,180.871951
646,1.941217,0.306160,0.504542,64.000000,0.099186,32.969005,0.196586,1462.525829,181.376493
647,2.510915,0.297633,0.106876,64.000000,0.099186,25.488714,0.928050,1465.036744,181.483369
648,2.293046,0.300199,0.182366,64.000000,0.099186,27.910478,0.543883,1467.329789,181.665735
649,2.268367,0.293956,0.284087,64.000000,0.099186,28.214132,0.349139,1469.598156,181.949822
650,2.096206,0.296669,0.398209,64.000000,0.099186,30.531347,0.249080,1471.694362,182.348031
651,2.051844,0.303123,0.227699,64.000000,0.099186,31.191456,0.435601,1473.746206,182.575730
652,2.133964,0.298748,0.431005,64.000000,0.099186,29.991134,0.230127,1475.880170,183.006735
653,2.433407,0.295826,0.014009,64.000000,0.099186,26.300577,7.080293,1478.313577,183.020744
654,2.256150,0.288744,0.616063,64.000000,0.099186,28.366909,0.161000,1480.569727,183.636807
655,2.117576,0.297228,0.291250,64.000000,0.099186,30.223239,0.340552,1482.687303,183.928057
656,2.582887,0.298565,0.001374,64.000000,0.099186,24.778479,72.176806,1485.270189,183.929431
657,2.207834,0.297971,0.238705,64.000000,0.099186,28.987687,0.415516,1487.478023,184.168136
658,2.968992,0.298521,0.081157,64.000000,0.099186,21.556135,1.222152,1490.447016,184.249293
659,2.661255,0.299552,0.001359,64.000000,0.099186,24.048800,72.999600,1493.108271,184.250652
660,2.173790,0.297944,0.353787,64.000000,0.099186,29.441663,0.280355,1495.282061,184.604439
661,1.965643,0.294294,0.739716,64.000000,0.099186,32.559321,0.134087,1497.247704,185.344155
662,2.251247,0.297623,0.321412,64.000000,0.099186,28.428688,0.308594,1499.498951,185.665567
663,3.247274,0.303808,0.001376,64.000000,0.099186,19.708840,72.094649,1502.746225,185.666943
664,2.168154,0.296552,0.241816,64.000000,0.099186,29.518195,0.410171,1504.914380,185.908759
665,2.533635,0.297385,0.001458,64.000000,0.099186,25.260150,68.029188,1507.448015,185.910217
666,2.690201,0.300221,0.069702,64.000000,0.099186,23.790040,1.422991,1510.138216,185.979919
667,2.511384,0.297478,0.130724,64.000000,0.099186,25.483956,0.758745,1512.649600,186.110643
668,2.636278,0.299341,0.001435,64.000000,0.099186,24.276651,69.098660,1515.285878,186.112079
669,2.353210,0.300486,0.285000,64.000000,0.099186,27.196891,0.348021,1517.639088,186.397079
670,2.335719,0.295453,0.111646,64.000000,0.099186,27.400556,0.888400,1519.974807,186.508724
671,2.576407,0.304582,0.111188,64.000000,0.099186,24.840794,0.892055,1522.551214,186.619912
672,2.368128,0.304905,0.030157,64.000000,0.099186,27.025568,3.289019,1524.919342,186.650069
673,2.219997,0.301912,0.245038,64.000000,0.099186,28.828874,0.404778,1527.139339,186.895107
674,2.151054,0.295942,0.472973,64.000000,0.099186,29.752859,0.209707,1529.290392,187.368081
675,2.385860,0.299184,0.151290,64.000000,0.099186,26.824714,0.655602,1531.676252,187.519370
676,2.289096,0.296972,0.107063,64.000000,0.099186,27.958633,0.926423,1533.965348,187.626434
677,2.470467,0.295901,0.069023,64.000000,0.099186,25.906029,1.436998,1536.435816,187.695457
678,2.100218,0.294357,0.386573,64.000000,0.099186,30.473028,0.256578,1538.536033,188.082030
679,2.183615,0.292665,0.283115,64.000000,0.099186,29.309200,0.350338,1540.719648,188.365145
680,2.373788,0.303038,0.090455,64.000000,0.099186,26.961123,1.096518,1543.093437,188.455600
681,2.444044,0.295159,0.394479,64.000000,0.099186,26.186112,0.251436,1545.537480,188.850079
682,2.333154,0.292234,0.448676,64.000000,0.099186,27.430682,0.221064,1547.870634,189.298755
683,2.104918,0.291275,0.466886,64.000000,0.099186,30.404988,0.212442,1549.975552,189.765641
684,2.440969,0.297543,0.270527,64.000000,0.099186,26.219097,0.366640,1552.416521,190.036167
685,2.196736,0.300644,0.314359,64.000000,0.099186,29.134127,0.315518,1554.613257,190.350526
686,2.498909,0.321009,0.454495,64.000000,0.099186,25.611173,0.218233,1557.112167,190.805022
687,2.244647,0.301036,0.156204,64.000000,0.099186,28.512284,0.634975,1559.356813,190.961226
688,2.334745,0.306165,0.052466,64.000000,0.099186,27.411988,1.890484,1561.691558,191.013692
689,2.428156,0.303360,0.118253,64.000000,0.099186,26.357446,0.838763,1564.119714,191.131945
690,1.839813,0.296754,0.745441,64.000000,0.099186,34.786143,0.133057,1565.959527,191.877386
691,2.224689,0.296882,0.283005,64.000000,0.099186,28.768064,0.350474,1568.184217,192.160391
692,2.528817,0.294937,0.006288,64.000000,0.099186,25.308275,15.774360,1570.713034,192.166679
693,2.400666,0.298267,0.208769,64.000000,0.099186,26.659271,0.475100,1573.113700,192.375448
694,2.418389,0.296243,0.079110,64.000000,0.099186,26.463901,1.253779,1575.532088,192.454557
695,2.435726,0.295496,0.074529,64.000000,0.099186,26.275529,1.330845,1577.967815,192.529086
696,2.664882,0.303637,0.001370,64.000000,0.099186,24.016070,72.388777,1580.632697,192.530456
697,2.077538,0.301915,0.406757,64.000000,0.099186,30.805691,0.243846,1582.710235,192.937212
698,2.584294,0.300569,0.001378,64.000000,0.099186,24.764988,71.970093,1585.294529,192.938591
699,2.300524,0.305887,0.228561,64.000000,0.099186,27.819746,0.433959,1587.595053,193.167151
700,2.280018,0.294822,0.255068,64.000000,0.099186,28.069956,0.388861,1589.875071,193.422219
701,2.338134,0.293938,0.540075,64.000000,0.099186,27.372255,0.183652,1592.213205,193.962294
702,2.159491,0.297540,0.440801,64.000000,0.099186,29.636614,0.225013,1594.372696,194.403095
703,2.084794,0.296275,0.302106,64.000000,0.099186,30.698477,0.328315,1596.457490,194.705202
704,2.071831,0.292412,0.523018,64.000000,0.099186,30.890544,0.189642,1598.529321,195.228220
705,2.226560,0.301357,0.127215,64.000000,0.099186,28.743895,0.779674,1600.755881,195.355434
706,2.370257,0.297948,0.105928,64.000000,0.099186,27.001290,0.936348,1603.126138,195.461363
707,2.229561,0.297064,0.329835,64.000000,0.099186,28.705203,0.300714,1605.355699,195.791198
708,2.134500,0.301503,0.373811,64.000000,0.099186,29.983605,0.265337,1607.490199,196.165009
709,2.314719,0.291784,0.155156,64.000000,0.099186,27.649149,0.639266,1609.804918,196.320165
710,2.375747,0.302517,0.054199,64.000000,0.099186,26.938898,1.830043,1612.180664,196.374363
711,2.117232,0.306321,0.261830,64.000000,0.099186,30.228141,0.378818,1614.297897,196.636193
712,2.363683,0.305804,0.275926,64.000000,0.099186,27.076388,0.359466,1616.661580,196.912120
713,2.418996,0.298692,0.303283,64.000000,0.099186,26.457253,0.327041,1619.080576,197.215402
714,2.413639,0.297176,0.313976,64.000000,0.099186,26.515981,0.315903,1621.494215,197.529378
715,2.272850,0.297272,0.415700,64.000000,0.099186,28.158474,0.238600,1623.767065,197.945079
716,2.607658,0.298532,0.001362,64.000000,0.099186,24.543096,72.828078,1626.374723,197.946441
717,2.219116,0.293386,0.300516,64.000000,0.099186,28.840310,0.330052,1628.593840,198.246957
718,2.011147,0.296868,0.537129,64.000000,0.099186,31.822644,0.184659,1630.604986,198.784086
719,2.293153,0.298066,0.145763,64.000000,0.099186,27.909165,0.680460,1632.898140,198.929849
720,2.304683,0.287946,1.220686,64.000000,0.099186,27.769543,0.081254,1635.202823,200.150535
721,2.142982,0.287505,0.889583,64.000000,0.099186,29.864930,0.111497,1637.345805,201.040118
722,2.297528,0.298769,0.130724,64.000000,0.099186,27.856024,0.758745,1639.643333,201.170842
723,2.140014,0.296875,0.524223,64.000000,0.099186,29.906345,0.189206,1641.783347,201.695064
724,2.373311,0.298396,0.031405,64.000000,0.099186,26.966546,3.158297,1644.156658,201.726469
725,1.947920,0.298973,0.629579,64.000000,0.099186,32.855559,0.157543,1646.104578,202.356049
726,2.598255,0.304350,0.028804,64.000000,0.099186,24.631914,3.443507,1648.702833,202.384852
727,2.455241,0.299632,0.230526,64.000000,0.099186,26.066684,0.430260,1651.158074,202.615378
728,2.149944,0.312125,0.331554,64.000000,0.099186,29.768213,0.299155,1653.308019,202.946932
729,2.458114,0.297289,0.223601,64.000000,0.099186,26.036217,0.443584,1655.766133,203.170533
730,2.380437,0.304142,0.384277,64.000000,0.099186,26.885823,0.258111,1658.146570,203.554810
731,2.228758,0.321839,0.316400,64.000000,0.099186,28.715540,0.313482,1660.375328,203.871210
732,2.346009,0.302828,0.162541,64.000000,0.099186,27.280369,0.610221,1662.721337,204.033751
733,2.147627,0.293600,0.427856,64.000000,0.099186,29.800331,0.231821,1664.868965,204.461607
734,2.383136,0.301951,0.438182,64.000000,0.099186,26.855366,0.226358,1667.252101,204.899789
735,2.247653,0.298668,0.092400,64.000000,0.099186,28.474150,1.073441,1669.499754,204.992189
736,2.379639,0.296854,0.260766,64.000000,0.099186,26.894835,0.380364,1671.879393,205.252955
737,2.305093,0.302163,0.145202,64.000000,0.099186,27.764611,0.683089,1674.184485,205.398157
738,2.823239,0.369269,0.014855,64.000000,0.099186,22.669002,6.677113,1677.007724,205.413012
739,2.701253,0.298761,0.175561,64.000000,0.099186,23.692704,0.564965,1679.708977,205.588573
740,2.391198,0.297804,0.062905,64.000000,0.099186,26.764824,1.576757,1682.100176,205.651478
741,2.376185,0.302207,0.157935,64.000000,0.099186,26.933935,0.628018,1684.476360,205.809413
742,2.189933,0.298035,0.279571,64.000000,0.099186,29.224632,0.354779,1686.666294,206.088984
743,2.154424,0.300999,0.337981,64.000000,0.099186,29.706311,0.293466,1688.820718,206.426965
744,2.156589,0.296569,0.473114,64.000000,0.099186,29.676487,0.209645,1690.977307,206.900078
745,2.407005,0.296336,0.172177,64.000000,0.099186,26.589062,0.576070,1693.384312,207.072255
746,2.360885,0.298797,0.285558,64.000000,0.099186,27.108475,0.347340,1695.745198,207.357813
747,2.666577,0.301596,0.006446,64.000000,0.099186,24.000803,15.386805,1698.411775,207.364260
748,2.024562,0.311739,0.487133,64.000000,0.099186,31.611780,0.203612,1700.436337,207.851392
749,2.478943,0.302930,0.205349,64.000000,0.099186,25.817452,0.483011,1702.915280,208.056742
750,2.269860,0.297783,0.130762,64.000000,0.099186,28.195568,0.758521,1705.185140,208.187504
751,2.143145,0.309126,0.275538,64.000000,0.099186,29.862653,0.359972,1707.328285,208.463041
752,2.078191,0.297794,0.231655,64.000000,0.099186,30.796018,0.428163,1709.406476,208.694696
753,2.080086,0.295064,0.469872,64.000000,0.099186,30.767953,0.211091,1711.486563,209.164568
754,2.074225,0.295306,0.351985,64.000000,0.099186,30.854891,0.281790,1713.560788,209.516553
755,2.397967,0.294453,0.137143,64.000000,0.099186,26.689279,0.723230,1715.958755,209.653696
756,2.368596,0.302587,0.339848,64.000000,0.099186,27.020224,0.291854,1718.327351,209.993543
757,2.015956,0.300042,0.530867,64.000000,0.099186,31.746726,0.186838,1720.343307,210.524410
758,2.605447,0.298114,0.290259,64.000000,0.099186,24.563927,0.341715,1722.948753,210.814669
759,2.230424,0.297389,0.431049,64.000000,0.099186,28.694099,0.230104,1725.179177,211.245718
760,2.277224,0.297388,0.099684,64.000000,0.099186,28.104395,0.995005,1727.456401,211.345402
761,2.619977,0.295449,0.001695,64.000000,0.099186,24.427694,58.532735,1730.076378,211.347097
762,2.303262,0.296360,0.067678,64.000000,0.099186,27.786676,1.465552,1732.379640,211.414775
763,2.172604,0.299958,0.442184,64.000000,0.099186,29.457736,0.224309,1734.552245,211.856959
764,2.290083,0.298167,0.094075,64.000000,0.099186,27.946584,1.054330,1736.842328,211.951034
765,2.213189,0.309046,0.299657,64.000000,0.099186,28.917553,0.330998,1739.055516,212.250692
766,2.710728,0.297679,0.001423,64.000000,0.099186,23.609896,69.686474,1741.766244,212.252115
767,2.177597,0.296527,0.431619,64.000000,0.099186,29.390198,0.229800,1743.943841,212.683733
768,2.171007,0.298411,0.683340,64.000000,0.099186,29.479401,0.145149,1746.114848,213.367073
769,2.362236,0.302567,0.309035,64.000000,0.099186,27.092980,0.320954,1748.477084,213.676108
770,2.227193,0.295122,0.159551,64.000000,0.099186,28.735727,0.621659,1750.704276,213.835659
771,2.558639,0.297561,0.130407,64.000000,0.099186,25.013297,0.760590,1753.262916,213.966065
772,2.276290,0.296601,0.158365,64.000000,0.099186,28.115931,0.626314,1755.539205,214.124430
773,2.300686,0.310770,0.403239,64.000000,0.099186,27.817785,0.245973,1757.839891,214.527669
774,2.258875,0.301052,0.386510,64.000000,0.099186,28.332690,0.256619,1760.098766,214.914179
775,2.448759,0.301300,0.001382,64.000000,0.099186,26.135688,71.772870,1762.547525,214.915561
776,2.371716,0.295868,0.080086,64.000000,0.099186,26.984685,1.238491,1764.919241,214.995647
777,2.517375,0.298981,0.004852,64.000000,0.099186,25.423308,20.443662,1767.436616,215.000499
778,2.491232,0.298949,0.036371,64.000000,0.099186,25.690102,2.727093,1769.927848,215.036870
779,2.289408,0.302173,0.212975,64.000000,0.099186,27.954823,0.465717,1772.217256,215.249844
780,2.291269,0.301322,0.173234,64.000000,0.099186,27.932118,0.572555,1774.508525,215.423078
781,2.300593,0.295996,0.172349,64.000000,0.099186,27.818920,0.575494,1776.809118,215.595428
782,2.626237,0.301931,0.001358,64.000000,0.099186,24.369466,73.055250,1779.435355,215.596785
783,2.109777,0.297104,0.675203,64.000000,0.099186,30.334966,0.146898,1781.545131,216.271989
784,1.828411,0.296243,0.870431,64.000000,0.099186,35.003065,0.113950,1783.373543,217.142419
785,2.191827,0.296243,0.304513,64.000000,0.099186,29.199382,0.325720,1785.565370,217.446932
786,2.221038,0.306815,0.617165,64.000000,0.099186,28.815353,0.160712,1787.786408,218.064097
787,2.082847,0.295133,0.366695,64.000000,0.099186,30.727174,0.270486,1789.869255,218.430792
788,2.184794,0.294078,0.604882,64.000000,0.099186,29.293384,0.163976,1792.054049,219.035674
789,2.360935,0.296729,0.091672,64.000000,0.099186,27.107899,1.081961,1794.414984,219.127347
790,2.528540,0.308154,0.001379,64.000000,0.099186,25.311049,71.938669,1796.943524,219.128725
791,2.596765,0.305799,0.001442,64.000000,0.099186,24.646051,68.790750,1799.540289,219.130167
792,2.029036,0.304927,0.423843,64.000000,0.099186,31.542077,0.234015,1801.569325,219.554011
793,2.353671,0.297714,0.133937,64.000000,0.099186,27.191566,0.740542,1803.922996,219.687948
794,2.191617,0.293281,0.239324,64.000000,0.099186,29.202181,0.414443,1806.114613,219.927271
795,2.223899,0.295922,0.267535,64.000000,0.099186,28.778285,0.370740,1808.338512,220.194807
796,2.233305,0.296591,0.198917,64.000000,0.099186,28.657084,0.498630,1810.571817,220.393723
797,2.501539,0.296688,0.001376,64.000000,0.099186,25.584248,72.063744,1813.073356,220.395100
798,2.215048,0.295079,0.271511,64.000000,0.099186,28.893273,0.365310,1815.288404,220.666611
799,2.323491,0.317734,0.252338,64.000000,0.099186,27.544756,0.393067,1817.611896,220.918949
800,2.426605,0.307761,0.333941,64.000000,0.099186,26.374300,0.297016,1820.038500,221.252890
801,2.399034,0.299773,0.213046,64.000000,0.099186,26.677408,0.465561,1822.437534,221.465937
802,2.788063,0.302763,0.297618,64.000000,0.099186,22.955004,0.333266,1825.225597,221.763554
803,2.527435,0.304847,0.001416,64.000000,0.099186,25.322114,70.063987,1827.753032,221.764970
804,2.208008,0.305152,0.142081,64.000000,0.099186,28.985400,0.698096,1829.961040,221.907051
805,2.200576,0.297426,0.377413,64.000000,0.099186,29.083294,0.262805,1832.161616,222.284463
806,2.347260,0.296428,0.290225,64.000000,0.099186,27.265836,0.341755,1834.508876,222.574688
807,2.299702,0.296257,0.275822,64.000000,0.099186,27.829692,0.359601,1836.808578,222.850511
808,2.228733,0.298698,0.201383,64.000000,0.099186,28.715872,0.492525,1839.037311,223.051893
809,2.266542,0.302074,0.226565,64.000000,0.099186,28.236841,0.437782,1841.303853,223.278458
810,3.280465,0.304088,0.001423,64.000000,0.099186,19.509429,69.710816,1844.584318,223.279881
811,2.347673,0.298600,0.208597,64.000000,0.099186,27.261037,0.475491,1846.931991,223.488477
812,2.344690,0.297190,0.057447,64.000000,0.099186,27.295718,1.726556,1849.276682,223.545925
813,2.487910,0.296797,0.078319,64.000000,0.099186,25.724403,1.266440,1851.764592,223.624243
814,2.445060,0.295236,0.277991,64.000000,0.099186,26.175227,0.356796,1854.209652,223.902234
815,2.342206,0.298138,0.097385,64.000000,0.099186,27.324667,1.018495,1856.551858,223.999619
816,2.273262,0.294989,0.417516,64.000000,0.099186,28.153378,0.237562,1858.825120,224.417135
817,2.070799,0.291898,0.485946,64.000000,0.099186,30.905950,0.204109,1860.895918,224.903081
818,2.233087,0.307267,0.518112,64.000000,0.099186,28.659875,0.191437,1863.129005,225.421194
819,1.922032,0.294456,0.504542,64.000000,0.099186,33.298086,0.196586,1865.051038,225.925736
820,2.285683,0.303986,0.250031,64.000000,0.099186,28.000385,0.396695,1867.336721,226.175766
821,2.529091,0.295893,0.034846,64.000000,0.099186,25.305531,2.846447,1869.865812,226.210612
822,2.551952,0.302970,0.111451,64.000000,0.099186,25.078841,0.889949,1872.417764,226.322063
823,2.089731,0.295829,0.681266,64.000000,0.099186,30.625951,0.145591,1874.507495,227.003329
824,2.590858,0.298047,0.001370,64.000000,0.099186,24.702237,72.382332,1877.098353,227.004699
825,2.367082,0.298710,0.240215,64.000000,0.099186,27.037504,0.412904,1879.465436,227.244915
826,1.992706,0.316703,0.463522,64.000000,0.099186,32.117132,0.213983,1881.458142,227.708437
827,2.607749,0.297115,0.001394,64.000000,0.099186,24.542240,71.161994,1884.065891,227.709831
828,2.532651,0.304660,0.137637,64.000000,0.099186,25.269965,0.720635,1886.598542,227.847467
829,2.684754,0.295190,0.508470,64.000000,0.099186,23.838311,0.195068,1889.283296,228.355937
830,2.184338,0.300015,0.306904,64.000000,0.099186,29.299492,0.323183,1891.467634,228.662841
831,2.562992,0.300002,0.001507,64.000000,0.099186,24.970811,65.808258,1894.030626,228.664348
832,2.517267,0.304747,0.001389,64.000000,0.099186,25.424401,71.401844,1896.547893,228.665737
833,2.017575,0.291472,0.449697,64.000000,0.099186,31.721244,0.220562,1898.565468,229.115434
834,2.448814,0.301080,0.085865,64.000000,0.099186,26.135097,1.155137,1901.014283,229.201299
835,2.359987,0.295289,0.053293,64.000000,0.099186,27.118789,1.861131,1903.374270,229.254593
836,2.557109,0.297031,0.113499,64.000000,0.099186,25.028262,0.873891,1905.931379,229.368092
837,2.168602,0.297744,0.331421,64.000000,0.099186,29.512095,0.299275,1908.099982,229.699513
838,2.514619,0.298475,0.056217,64.000000,0.099186,25.451176,1.764341,1910.614601,229.755730
839,2.512912,0.303268,0.257327,64.000000,0.099186,25.468458,0.385447,1913.127513,230.013057
840,1.886784,0.296492,0.480301,64.000000,0.099186,33.920158,0.206508,1915.014296,230.493358
841,2.115065,0.304017,0.372090,64.000000,0.099186,30.259124,0.266565,1917.129361,230.865448
842,2.329231,0.301985,0.492043,64.000000,0.099186,27.476877,0.201580,1919.458592,231.357491
843,2.313438,0.301456,0.204131,64.000000,0.099186,27.664458,0.485893,1921.772030,231.561622
844,2.628965,0.304041,0.208608,64.000000,0.099186,24.344179,0.475465,1924.400995,231.770230
845,2.258773,0.293843,0.223570,64.000000,0.099186,28.333970,0.443645,1926.659768,231.993800
846,2.273307,0.296806,0.113000,64.000000,0.099186,28.152825,0.877750,1928.933074,232.106800
847,2.781794,0.312646,0.320089,64.000000,0.099186,23.006738,0.309870,1931.714868,232.426889
848,1.846514,0.295019,0.641682,64.000000,0.099186,34.659902,0.154572,1933.561382,233.068571
849,2.203135,0.301747,0.116242,64.000000,0.099186,29.049511,0.853268,1935.764517,233.184814
850,2.275188,0.293322,0.153597,64.000000,0.099186,28.129544,0.645753,1938.039705,233.338411
851,2.279150,0.293915,0.228005,64.000000,0.099186,28.080648,0.435017,1940.318855,233.566416
852,2.398213,0.306036,0.030615,64.000000,0.099186,26.686532,3.239760,1942.717069,233.597031
853,2.425137,0.298379,0.063909,64.000000,0.099186,26.390264,1.551976,1945.142205,233.660940
854,2.275311,0.300369,0.306382,64.000000,0.099186,28.128024,0.323733,1947.417516,233.967322
855,2.549782,0.294070,0.176805,64.000000,0.099186,25.100182,0.560990,1949.967299,234.144127
856,2.351851,0.305634,0.046109,64.000000,0.099186,27.212606,2.151132,1952.319150,234.190236
857,2.145510,0.301651,0.244727,64.000000,0.099186,29.829734,0.405292,1954.464660,234.434963
858,2.302653,0.296923,0.217791,64.000000,0.099186,27.794028,0.455418,1956.767313,234.652755
859,2.314347,0.300548,0.185014,64.000000,0.099186,27.653590,0.536101,1959.081660,234.837768
860,2.273459,0.299594,0.051129,64.000000,0.099186,28.150937,1.939930,1961.355119,234.888897
861,2.212708,0.295384,0.246771,64.000000,0.099186,28.923829,0.401935,1963.567827,235.135668
862,2.386173,0.302132,0.033820,64.000000,0.099186,26.821192,2.932743,1965.954000,235.169488
863,2.231785,0.296881,0.216854,64.000000,0.099186,28.676599,0.457386,1968.185785,235.386342
864,2.170756,0.303325,0.317663,64.000000,0.099186,29.482817,0.312237,1970.356541,235.704005
865,2.333741,0.297396,0.146469,64.000000,0.099186,27.423777,0.677182,1972.690282,235.850473
866,2.064901,0.291167,1.246536,64.000000,0.099186,30.994222,0.079569,1974.755183,237.097009
867,2.210444,0.299869,0.538646,64.000000,0.099186,28.953457,0.184139,1976.965628,237.635656
868,2.286441,0.304148,0.294515,64.000000,0.099186,27.991099,0.336777,1979.252069,237.930171
869,2.495365,0.301330,0.081412,64.000000,0.099186,25.647550,1.218326,1981.747434,238.011583
870,2.486056,0.297107,0.193656,64.000000,0.099186,25.743590,0.512177,1984.233489,238.205238
871,2.380899,0.295130,0.055165,64.000000,0.099186,26.880602,1.798001,1986.614389,238.260403
872,2.360573,0.296510,0.184377,64.000000,0.099186,27.112060,0.537952,1988.974962,238.444779
873,2.396496,0.301277,0.146687,64.000000,0.099186,26.705655,0.676176,1991.371458,238.591466
874,2.620282,0.299810,0.230636,64.000000,0.099186,24.424849,0.430054,1993.991740,238.822102
875,2.420670,0.300417,0.061090,64.000000,0.099186,26.438963,1.623613,1996.412410,238.883192
876,2.163738,0.296029,0.242822,64.000000,0.099186,29.578442,0.408473,1998.576148,239.126014
877,2.281980,0.298441,0.097153,64.000000,0.099186,28.045816,1.020926,2000.858128,239.223166
878,2.288287,0.297932,0.529158,64.000000,0.099186,27.968517,0.187441,2003.146416,239.752324
879,2.259770,0.301198,0.448796,64.000000,0.099186,28.321461,0.221005,2005.406186,240.201120
880,2.533113,0.302180,0.309651,64.000000,0.099186,25.265353,0.320315,2007.939299,240.510771
881,2.248239,0.297739,0.233215,64.000000,0.099186,28.466728,0.425298,2010.187538,240.743986
882,2.878443,0.295101,0.174655,64.000000,0.099186,22.234244,0.567897,2013.065981,240.918641
883,2.414135,0.299628,0.156408,64.000000,0.099186,26.510529,0.634150,2015.480116,241.075049
884,2.208962,0.297502,0.189281,64.000000,0.099186,28.972885,0.524014,2017.689078,241.264330
885,2.260913,0.297807,0.129368,64.000000,0.099186,28.307153,0.766698,2019.949990,241.393698
886,2.431495,0.297444,0.167709,64.000000,0.099186,26.321257,0.591416,2022.381485,241.561407
887,2.323996,0.300613,0.079074,64.000000,0.099186,27.538774,1.254351,2024.705481,241.640481
888,2.333503,0.298569,0.001266,64.000000,0.099186,27.426575,78.315863,2027.038984,241.641747
889,2.169664,0.316280,0.358880,64.000000,0.099186,29.497649,0.276377,2029.208649,242.000627
890,2.096416,0.304578,0.520212,64.000000,0.099186,30.528299,0.190665,2031.305064,242.520838
891,2.348265,0.294088,0.284442,64.000000,0.099186,27.254164,0.348704,2033.653329,242.805280
892,2.318728,0.296319,0.260299,64.000000,0.099186,27.601341,0.381046,2035.972057,243.065579
893,2.200604,0.295481,0.240328,64.000000,0.099186,29.082923,0.412710,2038.172661,243.305908
894,2.293787,0.301193,0.070255,64.000000,0.099186,27.901454,1.411802,2040.466449,243.376163
895,2.526474,0.299417,0.101457,64.000000,0.099186,25.331747,0.977618,2042.992923,243.477619
896,2.192894,0.301067,0.440455,64.000000,0.099186,29.185172,0.225190,2045.185817,243.918074
897,2.528326,0.297078,0.050877,64.000000,0.099186,25.313192,1.949535,2047.714143,243.968951
898,2.093144,0.308445,0.311542,64.000000,0.099186,30.576009,0.318371,2049.807287,244.280493
899,2.103261,0.298530,0.778325,64.000000,0.099186,30.428935,0.127435,2051.910549,245.058817
900,2.295375,0.306197,0.250519,64.000000,0.099186,27.882154,0.395921,2054.205924,245.309337
901,2.219926,0.334838,0.310506,64.000000,0.099186,28.829796,0.319433,2056.425849,245.619843
902,2.367682,0.301421,0.045264,64.000000,0.099186,27.030654,2.191266,2058.793531,245.665107
903,2.044309,0.289189,0.627345,64.000000,0.099186,31.306422,0.158104,2060.837840,246.292452
904,2.392016,0.298028,0.300310,64.000000,0.099186,26.755679,0.330278,2063.229856,246.592762
905,2.278287,0.301203,0.242197,64.000000,0.099186,28.091285,0.409525,2065.508143,246.834959
906,2.369285,0.295416,0.071120,64.000000,0.099186,27.012365,1.394636,2067.877428,246.906079
907,2.066114,0.308353,0.611288,64.000000,0.099186,30.976027,0.162257,2069.943542,247.517367
908,2.287277,0.306394,0.264144,64.000000,0.099186,27.980868,0.375499,2072.230819,247.781511
909,2.419115,0.299697,0.167164,64.000000,0.099186,26.455951,0.593347,2074.649934,247.948675
910,1.934043,0.292598,0.386914,64.000000,0.099186,33.091298,0.256351,2076.583978,248.335589
911,2.145718,0.298149,0.245219,64.000000,0.099186,29.826851,0.404478,2078.729695,248.580808
912,2.439754,0.301561,0.001444,64.000000,0.099186,26.232150,68.685330,2081.169450,248.582252
913,2.151556,0.303969,0.433760,64.000000,0.099186,29.745908,0.228666,2083.321006,249.016012
914,2.217284,0.301927,0.197813,64.000000,0.099186,28.864139,0.501412,2085.538290,249.213825
915,2.802514,0.310299,0.001380,64.000000,0.099186,22.836642,71.880800,2088.340804,249.215205
916,2.378848,0.295007,0.065809,64.000000,0.099186,26.903781,1.507170,2090.719652,249.281014
917,2.515630,0.300189,0.001480,64.000000,0.099186,25.440943,67.029441,2093.235282,249.282494
918,2.281232,0.299711,0.133673,64.000000,0.099186,28.055017,0.742005,2095.516513,249.416167
919,2.401586,0.299634,0.128227,64.000000,0.099186,26.649053,0.773517,2097.918100,249.544394
920,2.282128,0.298578,0.518594,64.000000,0.099186,28.043995,0.191260,2100.200228,250.062988
921,1.993462,0.301908,0.668327,64.000000,0.099186,32.104955,0.148409,2102.193690,250.731315
922,2.202014,0.305268,0.213139,64.000000,0.099186,29.064308,0.465359,2104.395703,250.944454
923,2.301594,0.304573,0.182363,64.000000,0.099186,27.806812,0.543892,2106.697298,251.126817
924,2.143660,0.302301,0.349694,64.000000,0.099186,29.855479,0.283637,2108.840958,251.476511
925,2.158032,0.315062,0.367237,64.000000,0.099186,29.656645,0.270087,2110.998990,251.843748
926,2.382509,0.297545,0.048499,64.000000,0.099186,26.862442,2.045132,2113.381499,251.892247
927,2.315910,0.294259,0.158900,64.000000,0.099186,27.634931,0.624202,2115.697408,252.051147
928,2.272477,0.295531,0.227398,64.000000,0.099186,28.163097,0.436178,2117.969886,252.278545
929,2.279888,0.384850,0.247412,64.000000,0.099186,28.071559,0.400894,2120.249773,252.525957
930,2.184635,0.304110,0.491216,64.000000,0.099186,29.295517,0.201919,2122.434408,253.017173
931,2.277852,0.300191,0.398122,64.000000,0.099186,28.096649,0.249135,2124.712260,253.415296
932,2.603789,0.303489,0.172397,64.000000,0.099186,24.579569,0.575334,2127.316048,253.587693
933,2.077260,0.295961,0.335374,64.000000,0.099186,30.809823,0.295747,2129.393308,253.923067
934,2.357389,0.301621,0.270666,64.000000,0.099186,27.148683,0.366451,2131.750697,254.193733
935,2.268439,0.301553,0.091135,64.000000,0.099186,28.213238,1.088342,2134.019135,254.284868
936,2.069088,0.299631,0.772006,64.000000,0.099186,30.931499,0.128478,2136.088223,255.056875
937,2.118983,0.311869,0.411256,64.000000,0.099186,30.203166,0.241178,2138.207207,255.468130
938,2.228854,0.295714,0.381411,64.000000,0.099186,28.714304,0.260050,2140.436061,255.849542
939,2.287766,0.298424,0.406000,64.000000,0.099186,27.974891,0.244300,2142.723827,256.255541
940,2.300440,0.301172,0.281636,64.000000,0.099186,27.820760,0.352178,2145.024267,256.537178
941,2.550786,0.299388,0.120542,64.000000,0.099186,25.090308,0.822833,2147.575053,256.657720
942,2.410980,0.314146,0.147783,64.000000,0.099186,26.545227,0.671159,2149.986032,256.805503
943,2.297989,0.295409,0.218460,64.000000,0.099186,27.850432,0.454024,2152.284022,257.023962
944,2.241794,0.299310,0.142120,64.000000,0.099186,28.548563,0.697905,2154.525816,257.166082
945,2.088256,0.337488,0.343784,64.000000,0.099186,30.647590,0.288513,2156.614072,257.509866
946,2.351015,0.299147,0.229128,64.000000,0.099186,27.222282,0.432885,2158.965087,257.738993
947,2.189204,0.286424,0.859625,64.000000,0.099186,29.234375,0.115383,2161.154290,258.598618
948,2.203336,0.296125,0.226148,64.000000,0.099186,29.046866,0.438589,2163.357626,258.824766
949,2.206306,0.296187,0.189132,64.000000,0.099186,29.007760,0.524426,2165.563932,259.013898
950,2.409713,0.297269,0.404541,64.000000,0.099186,26.559184,0.245181,2167.973645,259.418439
951,2.225783,0.302240,0.238711,64.000000,0.099186,28.753927,0.415506,2170.199428,259.657151
952,2.389133,0.303481,0.035577,64.000000,0.099186,26.787958,2.787917,2172.588561,259.692728
953,2.315506,0.294506,0.162774,64.000000,0.099186,27.639742,0.609347,2174.904068,259.855502
954,2.296812,0.295448,0.202110,64.000000,0.099186,27.864707,0.490753,2177.200880,260.057611
955,2.897626,0.299804,0.001379,64.000000,0.099186,22.087045,71.928548,2180.098506,260.058990
956,2.215553,0.298384,0.612613,64.000000,0.099186,28.886691,0.161906,2182.314059,260.671604
957,2.297358,0.307624,0.171772,64.000000,0.099186,27.858084,0.577427,2184.611418,260.843376
958,2.122245,0.298312,0.359500,64.000000,0.099186,30.156741,0.275900,2186.733663,261.202876
959,2.787025,0.299076,0.159405,64.000000,0.099186,22.963552,0.622225,2189.520688,261.362281
960,2.341146,0.305155,0.156174,64.000000,0.099186,27.337042,0.635099,2191.861834,261.518455
961,2.279625,0.297973,0.246552,64.000000,0.099186,28.074788,0.402292,2194.141459,261.765007
962,2.453770,0.300986,0.127025,64.000000,0.099186,26.082314,0.780838,2196.595229,261.892032
963,2.307119,0.296717,0.331403,64.000000,0.099186,27.740222,0.299291,2198.902349,262.223435
964,2.191580,0.317589,0.362172,64.000000,0.099186,29.202677,0.273864,2201.093928,262.585607
965,2.407354,0.300613,0.335658,64.000000,0.099186,26.585209,0.295497,2203.501282,262.921265
966,2.199677,0.298270,0.294369,64.000000,0.099186,29.095182,0.336944,2205.700959,263.215634
967,2.271755,0.302082,0.290448,64.000000,0.099186,28.172049,0.341493,2207.972714,263.506083
968,2.296734,0.297355,0.084763,64.000000,0.099186,27.865652,1.170163,2210.269449,263.590845
969,2.302208,0.297775,0.321939,64.000000,0.099186,27.799397,0.308089,2212.571657,263.912784
970,2.251879,0.306143,0.243851,64.000000,0.099186,28.420712,0.406748,2214.823536,264.156635
971,2.352498,0.300441,0.323180,64.000000,0.099186,27.205121,0.306906,2217.176034,264.479815
972,2.290656,0.297573,0.356645,64.000000,0.099186,27.939595,0.278109,2219.466690,264.836460
973,2.798333,0.298740,0.001361,64.000000,0.099186,22.870757,72.873399,2222.265023,264.837821
974,2.424692,0.296194,0.446325,64.000000,0.099186,26.395102,0.222228,2224.689715,265.284146
975,2.210699,0.299408,0.212298,64.000000,0.099186,28.950121,0.467202,2226.900414,265.496444
976,2.337354,0.296923,0.097540,64.000000,0.099186,27.381385,1.016873,2229.237769,265.593984
977,2.456982,0.303295,0.001392,64.000000,0.099186,26.048218,71.231703,2231.694751,265.595376
978,1.959856,0.294983,0.723733,64.000000,0.099186,32.655452,0.137048,2233.654607,266.319109
979,2.362356,0.297714,0.524557,64.000000,0.099186,27.091594,0.189085,2236.016963,266.843665
980,2.489457,0.301014,0.141979,64.000000,0.099186,25.708413,0.698594,2238.506421,266.985645
981,2.087778,0.299726,0.586455,64.000000,0.099186,30.654605,0.169128,2240.594198,267.572100
982,2.269430,0.295084,0.185598,64.000000,0.099186,28.200916,0.534412,2242.863628,267.757698
983,2.514533,0.295706,0.001374,64.000000,0.099186,25.452047,72.177593,2245.378161,267.759073
984,2.520517,0.301826,0.046745,64.000000,0.099186,25.391618,2.121848,2247.898678,267.805818
985,2.437233,0.313550,0.274167,64.000000,0.099186,26.259288,0.361772,2250.335911,268.079985
986,2.586926,0.296223,0.398978,64.000000,0.099186,24.739785,0.248600,2252.922837,268.478963
987,2.257925,0.300769,0.180052,64.000000,0.099186,28.344613,0.550874,2255.180761,268.659015
988,2.523087,0.298306,0.200065,64.000000,0.099186,25.365750,0.495767,2257.703849,268.859080
989,2.261632,0.298366,0.150932,64.000000,0.099186,28.298144,0.657155,2259.965481,269.010012
990,2.219359,0.296648,0.345937,64.000000,0.099186,28.837158,0.286716,2262.184840,269.355950
991,2.171939,0.298555,0.596674,64.000000,0.099186,29.466752,0.166231,2264.356779,269.952623
992,2.488904,0.297279,0.244378,64.000000,0.099186,25.714130,0.405871,2266.845683,270.197002
993,2.854103,0.299871,0.001441,64.000000,0.099186,22.423861,68.820869,2269.699786,270.198443
994,1.877083,0.297557,0.871383,64.000000,0.099186,34.095456,0.113826,2271.576869,271.069826
995,2.331077,0.300601,0.211840,64.000000,0.099186,27.455116,0.468212,2273.907946,271.281666
996,2.672333,0.296518,0.001315,64.000000,0.099186,23.949112,75.455034,2276.580279,271.282981
997,2.494207,0.297953,0.222145,64.000000,0.099186,25.659454,0.446492,2279.074487,271.505126
998,2.492363,0.297832,0.411966,64.000000,0.099186,25.678446,0.240762,2281.566849,271.917092
999,2.289011,0.299777,0.125566,64.000000,0.099186,27.959667,0.789913,2283.855861,272.042657
1000,2.294147,0.299699,0.377947,64.000000,0.099186,27.897084,0.262433,2286.150007,272.420604
1001,2.313879,0.301550,0.198836,64.000000,0.099186,27.659185,0.498832,2288.463886,272.619441
1002,2.324949,0.300891,0.503667,64.000000,0.099186,27.527482,0.196928,2290.788835,273.123108
1003,2.200247,0.301084,0.554527,64.000000,0.099186,29.087648,0.178866,2292.989082,273.677635
1004,2.364473,0.293968,0.242105,64.000000,0.099186,27.067345,0.409682,2295.353555,273.919740
1005,2.591026,0.297388,0.001343,64.000000,0.099186,24.700636,73.832466,2297.944581,273.921083
1006,2.439476,0.376349,0.312079,64.000000,0.099186,26.235144,0.317824,2300.384057,274.233162
1007,2.297465,0.299012,0.054039,64.000000,0.099186,27.856793,1.835463,2302.681522,274.287201
1008,2.642824,0.299367,0.075839,64.000000,0.099186,24.216521,1.307842,2305.324346,274.363040
1009,2.293620,0.296325,0.088101,64.000000,0.099186,27.903483,1.125822,2307.617966,274.451141
1010,2.353145,0.300531,0.514435,64.000000,0.099186,27.197646,0.192806,2309.971111,274.965576
1011,2.360614,0.304318,0.222756,64.000000,0.099186,27.111591,0.445267,2312.331725,275.188332
1012,2.525269,0.301774,0.122569,64.000000,0.099186,25.343839,0.809224,2314.856994,275.310901
1013,2.346161,0.304477,0.165415,64.000000,0.099186,27.278603,0.599618,2317.203155,275.476316
1014,2.559247,0.298494,0.164722,64.000000,0.099186,25.007354,0.602141,2319.762402,275.641038
1015,2.070416,0.311382,0.267891,64.000000,0.099186,30.911665,0.370247,2321.832818,275.908929
1016,2.893724,0.302518,0.001366,64.000000,0.099186,22.116830,72.624217,2324.726542,275.910295
1017,1.996277,0.294003,0.700981,64.000000,0.099186,32.059679,0.141496,2326.722819,276.611276
1018,2.466441,0.302445,0.078177,64.000000,0.099186,25.948317,1.268738,2329.189260,276.689453
1019,2.215021,0.317806,0.282130,64.000000,0.099186,28.893636,0.351561,2331.404280,276.971583
1020,2.399132,0.300051,0.069564,64.000000,0.099186,26.676319,1.425830,2333.803412,277.041147
1021,2.142950,0.297708,0.404124,64.000000,0.099186,29.865373,0.245434,2335.946362,277.445271
1022,2.047979,0.300703,0.450441,64.000000,0.099186,31.250322,0.220197,2337.994341,277.895712
1023,1.958026,0.294747,0.606369,64.000000,0.099186,32.685981,0.163574,2339.952367,278.502081
1024,2.339173,0.297760,0.141017,64.000000,0.099186,27.360096,0.703363,2342.291540,278.643098
1025,2.145371,0.312201,0.178592,64.000000,0.099186,29.831676,0.555377,2344.436911,278.821690
1026,1.774693,0.291256,0.659607,64.000000,0.099186,36.062576,0.150371,2346.211604,279.481297
1027,2.184175,0.294769,0.196741,64.000000,0.099186,29.301676,0.504144,2348.395779,279.678038
1028,2.214378,0.298564,0.211894,64.000000,0.099186,28.902018,0.468093,2350.610157,279.889932
1029,2.437328,0.299290,0.112055,64.000000,0.099186,26.258258,0.885157,2353.047486,280.001987
1030,2.316172,0.302734,0.112447,64.000000,0.099186,27.631803,0.882067,2355.363657,280.114434
1031,2.402812,0.298771,0.244247,64.000000,0.099186,26.635461,0.406088,2357.766469,280.358681
1032,2.264770,0.300754,0.270023,64.000000,0.099186,28.258942,0.367325,2360.031239,280.628704
1033,2.482053,0.296585,0.113138,64.000000,0.099186,25.785108,0.876681,2362.513292,280.741842
1034,2.178944,0.308027,0.406211,64.000000,0.099186,29.372030,0.244174,2364.692235,281.148052
1035,2.443967,0.295513,0.200366,64.000000,0.099186,26.186935,0.495024,2367.136202,281.348418
1036,2.073699,0.303528,0.315786,64.000000,0.099186,30.862719,0.314093,2369.209902,281.664204
1037,2.228882,0.309376,0.444622,64.000000,0.099186,28.713952,0.223079,2371.438783,282.108825
1038,2.468563,0.299623,0.001387,64.000000,0.099186,25.926018,71.534137,2373.907346,282.110212
1039,2.191257,0.295631,0.556293,64.000000,0.099186,29.206983,0.178298,2376.098603,282.666505
1040,1.998594,0.299914,0.001325,64.000000,0.099186,32.022505,74.849407,2378.097197,282.667831
1041,2.471055,0.301361,0.218474,64.000000,0.099186,25.899870,0.453994,2380.568252,282.886305
1042,2.323805,0.298905,0.122430,64.000000,0.099186,27.541039,0.810147,2382.892057,283.008734
1043,2.395776,0.294797,0.297629,64.000000,0.099186,26.713685,0.333254,2385.287833,283.306363
1044,2.231205,0.297057,0.170257,64.000000,0.099186,28.684053,0.582567,2387.519038,283.476620
1045,2.332094,0.297307,0.172633,64.000000,0.099186,27.443144,0.574549,2389.851132,283.649253
1046,2.007010,0.299560,0.623538,64.000000,0.099186,31.888227,0.159070,2391.858142,284.272791
1047,2.330123,0.296090,0.334036,64.000000,0.099186,27.466359,0.296932,2394.188265,284.606827
1048,2.249360,0.295666,0.344051,64.000000,0.099186,28.452541,0.288289,2396.437625,284.950877
1049,2.334448,0.297181,0.094506,64.000000,0.099186,27.415480,1.049518,2398.772073,285.045384
1050,2.295090,0.302297,0.200972,64.000000,0.099186,27.885620,0.493530,2401.067162,285.246356
1051,2.131795,0.301873,0.364657,64.000000,0.099186,30.021646,0.271998,2403.198958,285.611013
1052,2.259383,0.303841,0.126129,64.000000,0.099186,28.326317,0.786387,2405.458341,285.737141
1053,2.115626,0.305010,0.204354,64.000000,0.099186,30.251087,0.485363,2407.573967,285.941495
1054,2.993745,0.301819,0.115474,64.000000,0.099186,21.377909,0.858948,2410.567712,286.056969
1055,2.269746,0.297338,0.159062,64.000000,0.099186,28.196987,0.623567,2412.837458,286.216031
1056,1.960780,0.296016,0.440183,64.000000,0.099186,32.640075,0.225329,2414.798237,286.656214
1057,2.396359,0.297938,0.119512,64.000000,0.099186,26.707181,0.829924,2417.194597,286.775726
1058,2.204846,0.297631,0.322384,64.000000,0.099186,29.026976,0.307664,2419.399442,287.098111
1059,2.255756,0.299704,0.402459,64.000000,0.099186,28.371863,0.246450,2421.655198,287.500570
1060,2.223097,0.298379,0.090860,64.000000,0.099186,28.788662,1.091640,2423.878296,287.591429
1061,2.125950,0.295321,0.267990,64.000000,0.099186,30.104182,0.370111,2426.004246,287.859419
1062,2.313680,0.300065,0.100183,64.000000,0.099186,27.661557,0.990052,2428.317926,287.959602
1063,1.882720,0.300436,0.639110,64.000000,0.099186,33.993377,0.155194,2430.200646,288.598712
1064,2.448434,0.300674,0.001418,64.000000,0.099186,26.139157,69.951967,2432.649080,288.600130
1065,2.289747,0.294901,0.042965,64.000000,0.099186,27.950688,2.308554,2434.938827,288.643094
1066,2.265460,0.294481,0.120822,64.000000,0.099186,28.250337,0.820929,2437.204287,288.763916
1067,2.107685,0.301840,0.429949,64.000000,0.099186,30.365067,0.230693,2439.311972,289.193865
1068,2.099676,0.319182,0.409314,64.000000,0.099186,30.480888,0.242322,2441.411648,289.603179
1069,2.390841,0.300417,0.148984,64.000000,0.099186,26.768822,0.665749,2443.802489,289.752163
1070,2.287397,0.301570,0.086468,64.000000,0.099186,27.979405,1.147083,2446.089886,289.838631
1071,2.288278,0.300673,0.267801,64.000000,0.099186,27.968626,0.370372,2448.378164,290.106432
1072,2.281542,0.297868,0.220048,64.000000,0.099186,28.051205,0.450746,2450.659706,290.326480
1073,2.515126,0.297581,0.001359,64.000000,0.099186,25.446038,72.989179,2453.174832,290.327839
1074,2.540214,0.296894,0.001365,64.000000,0.099186,25.194724,72.662471,2455.715047,290.329204
1075,2.034007,0.294171,0.472741,64.000000,0.099186,31.464978,0.209810,2457.749054,290.801945
1076,2.319310,0.296334,0.152260,64.000000,0.099186,27.594418,0.651425,2460.068364,290.954205
1077,2.261001,0.295775,0.182908,64.000000,0.099186,28.306045,0.542272,2462.329365,291.137113
1078,2.554669,0.299174,0.001443,64.000000,0.099186,25.052167,68.715546,2464.884034,291.138556
1079,2.183309,0.306394,0.256129,64.000000,0.099186,29.313299,0.387250,2467.067344,291.394685
1080,2.212213,0.302573,1.127233,64.000000,0.099186,28.930312,0.087991,2469.279556,292.521918
1081,2.517999,0.293490,0.074035,64.000000,0.099186,25.417005,1.339715,2471.797556,292.595953
1082,2.278430,0.301142,0.372302,64.000000,0.099186,28.089512,0.266412,2474.075986,292.968255
1083,2.248856,0.316015,0.356180,64.000000,0.099186,28.458911,0.278472,2476.324842,293.324435
1084,2.168866,0.295075,0.234945,64.000000,0.099186,29.508505,0.422166,2478.493708,293.559380
1085,2.204248,0.298369,0.449618,64.000000,0.099186,29.034845,0.220600,2480.697956,294.008998
1086,2.105262,0.294483,0.496726,64.000000,0.099186,30.400011,0.199679,2482.803219,294.505725
1087,2.525389,0.295634,0.249565,64.000000,0.099186,25.342632,0.397436,2485.328608,294.755289
1088,2.450513,0.295000,0.269724,64.000000,0.099186,26.116977,0.367731,2487.779121,295.025013
1089,2.429082,0.295681,0.109933,64.000000,0.099186,26.347406,0.902243,2490.208203,295.134946
1090,2.151970,0.296084,0.415101,64.000000,0.099186,29.740191,0.238944,2492.360173,295.550047
1091,2.389626,0.299829,0.184804,64.000000,0.099186,26.782435,0.536709,2494.749799,295.734851
1092,2.056302,0.299111,0.591894,64.000000,0.099186,31.123832,0.167574,2496.806101,296.326745
1093,2.491699,0.303557,0.164311,64.000000,0.099186,25.685283,0.603648,2499.297800,296.491056
1094,2.284614,0.295501,0.202170,64.000000,0.099186,28.013482,0.490606,2501.582414,296.693226
1095,2.394495,0.296565,0.113498,64.000000,0.099186,26.727968,0.873898,2503.976910,296.806725
1096,2.086006,0.297282,0.386321,64.000000,0.099186,30.680641,0.256745,2506.062916,297.193045
1097,2.475460,0.297302,0.156437,64.000000,0.099186,25.853783,0.634033,2508.538375,297.349482
1098,2.424876,0.300056,0.054942,64.000000,0.099186,26.393107,1.805292,2510.963251,297.404424
1099,2.336393,0.295100,0.159169,64.000000,0.099186,27.392657,0.623147,2513.299643,297.563593
1100,2.073854,0.301217,0.129685,64.000000,0.099186,30.860420,0.764820,2515.373497,297.693279
